Player,Nation,Pos,Squad,Comp,Age,Born,MP,Starts,Min,90s,Gls,Ast,G+A,G-PK,PK,PKatt,CrdY,CrdR,G+A-PK,Rk_stats_shooting,Nation_stats_shooting,Pos_stats_shooting,Comp_stats_shooting,Age_stats_shooting,Born_stats_shooting,90s_stats_shooting,Gls_stats_shooting,Sh,SoT,SoT%,Sh/90,SoT/90,G/Sh,G/SoT,PK_stats_shooting,PKatt_stats_shooting,Rk_stats_playing_time,Nation_stats_playing_time,Pos_stats_playing_time,Comp_stats_playing_time,Age_stats_playing_time,Born_stats_playing_time,MP_stats_playing_time,Min_stats_playing_time,Mn/MP,Min%,90s_stats_playing_time,Starts_stats_playing_time,Mn/Start,Compl,Subs,Mn/Sub,unSub,PPM,onG,onGA,+/-,+/-90,On-Off,Rk_stats_misc,Nation_stats_misc,Pos_stats_misc,Comp_stats_misc,Age_stats_misc,Born_stats_misc,90s_stats_misc,CrdY_stats_misc,CrdR_stats_misc,2CrdY,Fls,Fld,Off,Crs,Int,TklW,OG
Himad Abdelli,dz ALG,MF,Angers,fr Ligue 1,26.0,1999.0,13,11,943,10.5,2,0,2,0,2,2,1,0,0.0,5,dz ALG,MF,fr Ligue 1,26-120,1999.0,10.5,2,11,5,45.5,1.05,0.48,0.0,0.0,2,2,7,dz ALG,MF,fr Ligue 1,26-120,1999.0,13,943,73,40.3,10.5,11,81.0,4,2,25.0,0,1.38,12,13,-1,-0.1,0.42,5,dz ALG,MF,fr Ligue 1,26-120,1999.0,10.5,1,0,0,16,12,1,9,13,17,0
Salis Abdul Samed,gh GHA,MF,Nice,fr Ligue 1,25.0,2000.0,14,9,663,7.4,0,0,0,0,0,0,3,0,0.0,7,gh GHA,MF,fr Ligue 1,25-356,2000.0,7.4,0,0,0,,0.0,0.0,,,0,0,9,gh GHA,MF,fr Ligue 1,25-356,2000.0,14,663,47,28.3,7.4,9,64.0,1,5,17.0,9,1.14,13,15,-2,-0.27,0.48,7,gh GHA,MF,fr Ligue 1,25-356,2000.0,7.4,3,0,0,14,7,0,1,9,7,0
Saud Abdulhamid,sa KSA,MF,Lens,fr Ligue 1,26.0,1999.0,19,9,918,10.2,1,2,3,1,0,0,2,0,0.29,8,sa KSA,MF,fr Ligue 1,26-242,1999.0,10.2,1,5,2,40.0,0.49,0.2,0.2,0.5,0,0,10,sa KSA,MF,fr Ligue 1,26-242,1999.0,19,918,48,39.2,10.2,9,85.0,5,10,16.0,6,1.84,20,11,9,0.88,-0.19,8,sa KSA,MF,fr Ligue 1,26-242,1999.0,10.2,2,0,0,17,9,1,30,5,19,0
Tay Abed,il ISR,MF,Levante,es La Liga,22.0,2004.0,2,0,23,0.3,0,0,0,0,0,0,0,0,0.0,9,il ISR,MF,es La Liga,22-009,2004.0,0.3,0,0,0,,0.0,0.0,,,0,0,11,il ISR,MF,es La Liga,22-009,2004.0,2,23,12,0.9,0.3,0,,0,2,12.0,6,0.5,0,1,-1,-3.91,-3.37,9,il ISR,MF,es La Liga,22-009,2004.0,0.3,0,0,0,0,1,0,1,1,1,0
Laurent Abergel,fr FRA,MF,Lorient,fr Ligue 1,33.0,1993.0,23,23,1982,22.0,1,0,1,1,0,0,6,0,0.05,10,fr FRA,MF,fr Ligue 1,33-044,1993.0,22.0,1,20,5,25.0,0.91,0.23,0.05,0.2,0,0,12,fr FRA,MF,fr Ligue 1,33-044,1993.0,23,1982,86,84.7,22.0,23,86.0,17,0,,0,1.39,32,36,-4,-0.18,-0.43,10,fr FRA,MF,fr Ligue 1,33-044,1993.0,22.0,6,0,0,23,23,0,9,25,22,0
Zakaria Aboukhlal,ma MAR,MF,Torino,it Serie A,26.0,2000.0,15,6,511,5.7,0,0,0,0,0,0,4,0,0.0,13,ma MAR,MF,it Serie A,26-027,2000.0,5.7,0,7,2,28.6,1.23,0.35,0.0,0.0,0,0,15,ma MAR,MF,it Serie A,26-027,2000.0,15,511,34,19.6,5.7,6,59.0,0,9,18.0,5,0.53,2,11,-9,-1.59,-1.2,13,ma MAR,MF,it Serie A,26-027,2000.0,5.7,4,0,0,12,11,7,18,1,12,0
Abdel Abqar,ma MAR,DF,Getafe,es La Liga,27.0,1999.0,16,12,1003,11.1,0,2,2,0,0,0,7,1,0.18,14,ma MAR,DF,es La Liga,27-007,1999.0,11.1,0,7,1,14.3,0.63,0.09,0.0,0.0,0,0,16,ma MAR,DF,es La Liga,27-007,1999.0,16,1003,63,39.8,11.1,12,74.0,5,4,30.0,0,1.25,13,12,1,0.09,0.56,14,ma MAR,DF,es La Liga,27-007,1999.0,11.1,7,1,0,22,28,1,1,15,15,0
Francis Abu,gh GHA,MF,Toulouse,fr Ligue 1,24.0,2001.0,8,7,526,5.8,0,0,0,0,0,0,2,0,0.0,16,gh GHA,MF,fr Ligue 1,24-324,2001.0,5.8,0,6,0,0.0,1.03,0.0,0.0,,0,0,19,gh GHA,MF,fr Ligue 1,24-324,2001.0,8,526,66,22.5,5.8,7,69.0,1,1,45.0,1,1.13,10,7,3,0.51,0.41,16,gh GHA,MF,fr Ligue 1,24-324,2001.0,5.8,2,0,0,5,4,0,0,8,12,0
Mathieu Acapandié,mg MAD,DF,Nantes,fr Ligue 1,21.0,2004.0,1,0,13,0.1,0,0,0,0,0,0,0,0,0.0,18,mg MAD,DF,fr Ligue 1,21-093,2004.0,0.1,0,0,0,,0.0,0.0,,,0,0,21,mg MAD,DF,fr Ligue 1,21-093,2004.0,1,13,13,0.6,0.1,0,,0,1,13.0,1,0.0,0,1,-1,-6.92,-6.16,18,mg MAD,DF,fr Ligue 1,21-093,2004.0,0.1,0,0,0,0,0,0,1,0,0,0
Francesco Acerbi,it ITA,DF,Inter,it Serie A,38.0,1988.0,13,11,973,10.8,0,1,1,0,0,0,2,0,0.09,19,it ITA,DF,it Serie A,38-035,1988.0,10.8,0,3,1,33.3,0.28,0.09,0.0,0.0,0,0,22,it ITA,DF,it Serie A,38-035,1988.0,13,973,75,37.3,10.8,11,87.0,8,2,10.0,14,2.08,21,11,10,0.92,-0.83,19,it ITA,DF,it Serie A,38-035,1988.0,10.8,2,0,0,11,10,2,1,15,8,0
Ragnar Ache,de GER,FW,Köln,de Bundesliga,27.0,1998.0,25,14,1436,16.0,5,3,8,5,0,0,2,0,0.5,20,de GER,FW,de Bundesliga,27-232,1998.0,16.0,5,43,16,37.2,2.69,1.0,0.12,0.31,0,0,23,de GER,FW,de Bundesliga,27-232,1998.0,25,1436,57,61.4,16.0,14,80.0,3,11,29.0,0,0.96,22,32,-10,-0.63,-0.73,20,de GER,FW,de Bundesliga,27-232,1998.0,16.0,2,0,0,14,26,9,1,3,7,0
Akor Adams,ng NGA,FW,Sevilla,es La Liga,26.0,2000.0,23,16,1519,16.9,7,3,10,5,2,2,1,0,0.47,22,ng NGA,FW,es La Liga,26-047,2000.0,16.9,7,50,26,52.0,2.96,1.54,0.1,0.19,2,2,26,ng NGA,FW,es La Liga,26-047,2000.0,23,1519,66,60.3,16.9,16,84.0,11,7,25.0,0,1.17,25,30,-5,-0.3,0.15,22,ng NGA,FW,es La Liga,26-047,2000.0,16.9,1,0,0,23,8,35,13,0,2,0
Che Adams,sct SCO,FW,Torino,it Serie A,29.0,1996.0,26,16,1539,17.1,4,2,6,4,0,0,0,0,0.35,23,sct SCO,FW,it Serie A,29-247,1996.0,17.1,4,44,13,29.5,2.57,0.76,0.09,0.31,0,0,27,sct SCO,FW,it Serie A,29-247,1996.0,26,1539,59,59.0,17.1,16,76.0,3,10,32.0,1,1.15,20,27,-7,-0.41,0.52,23,sct SCO,FW,it Serie A,29-247,1996.0,17.1,0,0,0,14,14,8,11,1,7,0
Junior Adamu,at AUT,FW,Freiburg,de Bundesliga,24.0,2001.0,9,7,446,5.0,1,1,2,1,0,0,1,0,0.4,25,at AUT,FW,de Bundesliga,24-284,2001.0,5.0,1,8,3,37.5,1.61,0.61,0.13,0.33,0,0,29,at AUT,FW,de Bundesliga,24-284,2001.0,9,446,50,19.1,5.0,7,61.0,0,2,9.0,10,1.44,7,4,3,0.61,1.03,25,at AUT,FW,de Bundesliga,24-284,2001.0,5.0,1,0,0,10,9,6,2,5,6,0
Jayden Addai,nl NED,MF,Como,it Serie A,20.0,2005.0,12,7,686,7.6,3,0,3,3,0,0,4,0,0.39,27,nl NED,MF,it Serie A,20-203,2005.0,7.6,3,13,6,46.2,1.71,0.79,0.23,0.5,0,0,31,nl NED,MF,it Serie A,20-203,2005.0,12,686,57,26.3,7.6,7,75.0,2,5,32.0,6,1.25,11,6,5,0.66,-0.33,27,nl NED,MF,it Serie A,20-203,2005.0,7.6,4,0,0,13,14,2,10,2,2,0
Nathaniel Adjei,gh GHA,DF,Lorient,fr Ligue 1,23.0,2002.0,8,2,223,2.5,0,0,0,0,0,0,0,0,0.0,31,gh GHA,DF,fr Ligue 1,23-208,2002.0,2.5,0,0,0,,0.0,0.0,,,0,0,36,gh GHA,DF,fr Ligue 1,23-208,2002.0,8,223,28,9.5,2.5,2,90.0,2,6,7.0,10,2.13,3,3,0,0.0,0.13,31,gh GHA,DF,fr Ligue 1,23-208,2002.0,2.5,0,0,0,3,1,0,0,2,4,0
Jonas Adjetey,gh GHA,DF,Wolfsburg,de Bundesliga,22.0,2003.0,4,1,137,1.5,0,0,0,0,0,0,1,0,0.0,32,gh GHA,DF,de Bundesliga,22-094,2003.0,1.5,0,3,0,0.0,1.97,0.0,0.0,,0,0,37,gh GHA,DF,de Bundesliga,22-094,2003.0,4,137,34,5.9,1.5,1,90.0,1,3,16.0,2,0.25,1,3,-2,-1.31,-0.54,32,gh GHA,DF,de Bundesliga,22-094,2003.0,1.5,1,0,0,4,0,0,4,1,1,0
Vasilije Adžić,me MNE,MF,Juventus,it Serie A,19.0,2006.0,10,1,171,1.9,1,0,1,1,0,0,0,0,0.53,34,me MNE,MF,it Serie A,19-309,2006.0,1.9,1,6,4,66.7,3.16,2.11,0.17,0.25,0,0,40,me MNE,MF,it Serie A,19-309,2006.0,10,171,17,6.6,1.9,1,57.0,0,9,13.0,19,1.6,2,3,-1,-0.53,-1.41,34,me MNE,MF,it Serie A,19-309,2006.0,1.9,0,0,0,3,2,0,4,3,2,0
Michel Aebischer,ch SUI,MF,Pisa,it Serie A,29.0,1997.0,28,26,2292,25.5,1,1,2,1,0,0,5,0,0.08,35,ch SUI,MF,it Serie A,29-070,1997.0,25.5,1,13,2,15.4,0.51,0.08,0.08,0.5,0,0,41,ch SUI,MF,it Serie A,29-070,1997.0,28,2292,82,87.8,25.5,26,85.0,19,2,45.0,0,0.64,20,35,-15,-0.59,2.52,35,ch SUI,MF,it Serie A,29-070,1997.0,25.5,5,0,0,29,31,0,30,26,34,0
David Affengruber,at AUT,DF,Elche,es La Liga,24.0,2001.0,26,23,2082,23.1,0,0,0,0,0,0,6,1,0.0,36,at AUT,DF,es La Liga,24-363,2001.0,23.1,0,8,2,25.0,0.35,0.09,0.0,0.0,0,0,42,at AUT,DF,es La Liga,24-363,2001.0,26,2082,80,82.6,23.1,23,87.0,18,3,31.0,0,0.92,33,38,-5,-0.22,0.61,36,at AUT,DF,es La Liga,24-363,2001.0,23.1,6,1,0,26,27,2,4,38,32,0
Oladapo Afolayan,eng ENG,MF,St Pauli,de Bundesliga,28.0,1998.0,7,1,150,1.7,0,0,0,0,0,0,1,0,0.0,37,eng ENG,MF,de Bundesliga,28-033,1998.0,1.7,0,4,2,50.0,2.4,1.2,0.0,0.0,0,0,43,eng ENG,MF,de Bundesliga,28-033,1998.0,7,150,21,6.4,1.7,1,45.0,0,6,18.0,5,0.57,1,3,-2,-1.2,-0.5,37,eng ENG,MF,de Bundesliga,28-033,1998.0,1.7,1,0,0,2,6,0,10,0,2,0
Lucien Agoume,fr FRA,MF,Sevilla,es La Liga,24.0,2002.0,25,23,2012,22.4,1,2,3,1,0,0,9,0,0.13,40,fr FRA,MF,es La Liga,24-036,2002.0,22.4,1,12,2,16.7,0.54,0.09,0.08,0.5,0,0,46,fr FRA,MF,es La Liga,24-036,2002.0,25,2012,80,79.8,22.4,23,86.0,15,2,21.0,1,1.12,32,37,-5,-0.22,0.66,40,fr FRA,MF,es La Liga,24-036,2002.0,22.4,9,0,0,43,12,6,15,34,25,0
Diego Aguado,es ESP,DF,Real Madrid,es La Liga,19.0,2007.0,1,0,30,0.3,0,0,0,0,0,0,0,0,0.0,42,es ESP,DF,es La Liga,19-038,2007.0,0.3,0,0,0,,0.0,0.0,,,0,0,49,es ESP,DF,es La Liga,19-038,2007.0,1,30,30,1.2,0.3,0,,0,1,30.0,2,3.0,2,1,1,3.0,1.73,42,es ESP,DF,es La Liga,19-038,2007.0,0.3,0,0,0,0,0,0,0,0,1,0
Marc Aguado,es ESP,MF,Elche,es La Liga,26.0,2000.0,27,22,1855,20.6,1,1,2,1,0,0,2,0,0.1,43,es ESP,MF,es La Liga,26-023,2000.0,20.6,1,2,1,50.0,0.1,0.05,0.5,1.0,0,0,50,es ESP,MF,es La Liga,26-023,2000.0,27,1855,69,73.6,20.6,22,79.0,7,5,21.0,0,0.93,24,30,-6,-0.29,0.11,43,es ESP,MF,es La Liga,26-023,2000.0,20.6,2,0,0,18,21,0,2,34,21,0
Pablo Agudín,es ESP,MF,Oviedo,es La Liga,18.0,2007.0,4,0,70,0.8,0,0,0,0,0,0,0,0,0.0,44,es ESP,MF,es La Liga,18-129,2007.0,0.8,0,2,0,0.0,2.57,0.0,0.0,,0,0,51,es ESP,MF,es La Liga,18-129,2007.0,4,70,18,2.8,0.8,0,,0,4,18.0,14,0.5,0,1,-1,-1.29,-0.37,44,es ESP,MF,es La Liga,18-129,2007.0,0.8,0,0,0,1,1,0,0,0,0,0
Nayef Aguerd,ma MAR,DF,Marseille,fr Ligue 1,29.0,1996.0,16,16,1396,15.5,1,0,1,1,0,0,4,0,0.06,45,ma MAR,DF,fr Ligue 1,29-352,1996.0,15.5,1,10,2,20.0,0.64,0.13,0.1,0.5,0,0,52,ma MAR,DF,fr Ligue 1,29-352,1996.0,16,1396,87,59.7,15.5,16,87.0,13,0,,1,1.94,33,17,16,1.03,0.65,45,ma MAR,DF,fr Ligue 1,29-352,1996.0,15.5,4,0,0,21,6,0,2,21,16,0
Ruben Aguilar,fr FRA,MF,Lens,fr Ligue 1,32.0,1993.0,21,18,1503,16.7,2,2,4,2,0,0,5,1,0.24,47,fr FRA,MF,fr Ligue 1,32-325,1993.0,16.7,2,13,3,23.1,0.78,0.18,0.15,0.67,0,0,54,fr FRA,MF,fr Ligue 1,32-325,1993.0,21,1503,72,64.2,16.7,18,80.0,6,3,22.0,0,2.19,28,17,11,0.66,-0.95,47,fr FRA,MF,fr Ligue 1,32-325,1993.0,16.7,5,1,1,23,10,5,79,21,22,0
Naouirou Ahamada,fr FRA,MF,Auxerre,fr Ligue 1,23.0,2002.0,8,5,364,4.0,0,0,0,0,0,0,0,0,0.0,48,fr FRA,MF,fr Ligue 1,23-353,2002.0,4.0,0,4,0,0.0,0.99,0.0,0.0,,0,0,58,fr FRA,MF,fr Ligue 1,23-353,2002.0,8,364,46,15.6,4.0,5,65.0,0,3,14.0,1,0.75,2,5,-3,-0.74,-0.1,48,fr FRA,MF,fr Ligue 1,23-353,2002.0,4.0,0,0,0,4,5,1,2,1,6,0
Honest Ahanor,it ITA,DF,Atalanta,it Serie A,18.0,2008.0,16,12,1015,11.3,0,0,0,0,0,0,1,1,0.0,49,it ITA,DF,it Serie A,18-022,2008.0,11.3,0,10,2,20.0,0.89,0.18,0.0,0.0,0,0,59,it ITA,DF,it Serie A,18-022,2008.0,16,1015,63,38.9,11.3,12,70.0,7,4,43.0,11,1.88,16,11,5,0.44,-0.01,49,it ITA,DF,it Serie A,18-022,2008.0,11.3,1,1,0,16,21,0,1,15,14,0
Lucas Ahijado,es ESP,DF,Oviedo,es La Liga,31.0,1995.0,15,10,972,10.8,0,1,1,0,0,0,2,0,0.09,50,es ESP,DF,es La Liga,31-046,1995.0,10.8,0,8,2,25.0,0.74,0.19,0.0,0.0,0,0,60,es ESP,DF,es La Liga,31-046,1995.0,15,972,65,38.6,10.8,10,83.0,7,5,29.0,8,0.6,8,20,-12,-1.11,-0.3,50,es ESP,DF,es La Liga,31-046,1995.0,10.8,2,0,0,10,3,2,15,15,27,0
Joseph Aidoo,gh GHA,DF,Celta Vigo,es La Liga,30.0,1995.0,5,4,378,4.2,0,0,0,0,0,0,0,0,0.0,51,gh GHA,DF,es La Liga,30-169,1995.0,4.2,0,2,0,0.0,0.48,0.0,0.0,,0,0,62,gh GHA,DF,es La Liga,30-169,1995.0,5,378,76,15.0,4.2,4,90.0,4,1,18.0,12,3.0,11,4,7,1.67,1.67,51,gh GHA,DF,es La Liga,30-169,1995.0,4.2,0,0,0,2,1,0,0,6,2,0
Abdelhamid Ait Boudlal,ma MAR,DF,Rennes,fr Ligue 1,19.0,2006.0,13,10,773,8.6,2,1,3,2,0,0,2,1,0.35,53,ma MAR,DF,fr Ligue 1,19-335,2006.0,8.6,2,4,2,50.0,0.47,0.23,0.5,1.0,0,0,65,ma MAR,DF,fr Ligue 1,19-335,2006.0,13,773,59,33.0,8.6,10,73.0,7,3,13.0,4,1.69,17,15,2,0.23,0.0,53,ma MAR,DF,fr Ligue 1,19-335,2006.0,8.6,2,1,0,6,3,0,2,6,8,0
Junior Ajayi,ci CIV,FW,Hellas Verona,it Serie A,21.0,2004.0,1,0,1,0.0,0,0,0,0,0,0,0,0,0.0,56,ci CIV,FW,it Serie A,21-157,2004.0,0.0,0,0,0,,0.0,0.0,,,0,0,68,ci CIV,FW,it Serie A,21-157,2004.0,1,1,1,0.0,0.0,0,,0,1,1.0,15,1.0,0,0,0,0.0,1.0,56,ci CIV,FW,it Serie A,21-157,2004.0,0.0,0,0,0,0,0,0,0,0,0,0
Ludovic Ajorque,fr FRA,FW,Brest,fr Ligue 1,32.0,1994.0,25,25,2190,24.3,7,7,14,7,0,0,9,1,0.58,58,fr FRA,FW,fr Ligue 1,32-020,1994.0,24.3,7,43,15,34.9,1.77,0.62,0.16,0.47,0,0,70,fr FRA,FW,fr Ligue 1,32-020,1994.0,25,2190,88,93.6,24.3,25,88.0,21,0,,0,1.44,32,33,-1,-0.04,0.56,58,fr FRA,FW,fr Ligue 1,32-020,1994.0,24.3,9,1,0,50,47,9,8,9,12,0
Manuel Akanji,ch SUI,DF,Inter,it Serie A,30.0,1995.0,27,25,2281,25.3,2,0,2,2,0,0,3,0,0.08,59,ch SUI,DF,it Serie A,30-241,1995.0,25.3,2,20,5,25.0,0.79,0.2,0.1,0.4,0,0,74,ch SUI,DF,it Serie A,30-241,1995.0,27,2281,84,87.4,25.3,25,90.0,24,2,21.0,0,2.41,56,18,38,1.5,0.41,59,ch SUI,DF,it Serie A,30-241,1995.0,25.3,3,0,0,23,12,1,3,32,20,0
Ilias Akhomach,ma MAR,MF,Villarreal,es La Liga,21.0,2004.0,9,2,188,2.1,0,0,0,0,0,0,0,0,0.0,61,ma MAR,MF,es La Liga,21-335,2004.0,2.1,0,6,2,33.3,2.87,0.96,0.0,0.0,0,0,78,ma MAR,MF,es La Liga,21-335,2004.0,9,188,21,7.5,2.1,2,45.0,0,7,14.0,5,2.78,2,3,-1,-0.48,-1.21,61,ma MAR,MF,es La Liga,21-335,2004.0,2.1,0,0,0,9,7,0,9,0,4,0
Ilias Akhomach,ma MAR,MF,Rayo Vallecano,es La Liga,21.0,2004.0,8,5,520,5.8,0,0,0,0,0,0,2,0,0.0,62,ma MAR,MF,es La Liga,21-335,2004.0,5.8,0,14,4,28.6,2.42,0.69,0.0,0.0,0,0,79,ma MAR,MF,es La Liga,21-335,2004.0,8,520,65,20.6,5.8,5,79.0,0,3,41.0,0,1.25,10,5,5,0.87,1.36,62,ma MAR,MF,es La Liga,21-335,2004.0,5.8,2,0,0,9,23,1,19,2,9,0
Ebenezer Akinsanmiro,ng NGA,MF,Pisa,it Serie A,21.0,2004.0,15,9,953,10.6,0,1,1,0,0,0,2,0,0.09,63,ng NGA,MF,it Serie A,21-112,2004.0,10.6,0,11,3,27.3,1.04,0.28,0.0,0.0,0,0,80,ng NGA,MF,it Serie A,21-112,2004.0,15,953,64,36.5,10.6,9,84.0,7,6,33.0,6,0.8,7,16,-9,-0.85,0.07,63,ng NGA,MF,it Serie A,21-112,2004.0,10.6,2,0,0,24,20,1,9,14,16,0
Clément Akpa,ci CIV,DF,Auxerre,fr Ligue 1,24.0,2001.0,22,21,1814,20.2,0,0,0,0,0,0,4,1,0.0,65,ci CIV,DF,fr Ligue 1,24-113,2001.0,20.2,0,6,0,0.0,0.3,0.0,0.0,,0,0,82,ci CIV,DF,fr Ligue 1,24-113,2001.0,22,1814,82,77.5,20.2,21,85.0,18,1,26.0,2,0.77,13,27,-14,-0.69,-0.18,65,ci CIV,DF,fr Ligue 1,24-113,2001.0,20.2,4,1,1,11,30,1,29,23,18,2
Jean-Daniel Akpa-Akpro,ci CIV,MF,Hellas Verona,it Serie A,33.0,1992.0,13,9,826,9.2,1,0,1,1,0,0,7,0,0.11,66,ci CIV,MF,it Serie A,33-157,1992.0,9.2,1,8,3,37.5,0.87,0.33,0.13,0.33,0,0,83,ci CIV,MF,it Serie A,33-157,1992.0,13,826,64,31.6,9.2,9,72.0,3,4,44.0,1,0.62,7,10,-3,-0.33,0.98,66,ci CIV,MF,it Serie A,33-157,1992.0,9.2,7,0,0,26,4,0,9,16,22,0
Kevin Akpoguma,ng NGA,DF,Hoffenheim,de Bundesliga,30.0,1995.0,5,1,43,0.5,0,0,0,0,0,0,0,1,0.0,67,ng NGA,DF,de Bundesliga,30-332,1995.0,0.5,0,0,0,,0.0,0.0,,,0,0,84,ng NGA,DF,de Bundesliga,30-332,1995.0,5,43,9,1.8,0.5,1,16.0,0,4,7.0,14,1.8,0,1,-1,-2.09,-2.92,67,ng NGA,DF,de Bundesliga,30-332,1995.0,0.5,0,1,0,1,0,0,0,1,1,0
David Alaba,at AUT,DF,Real Madrid,es La Liga,33.0,1992.0,8,3,247,2.7,0,0,0,0,0,0,1,0,0.0,68,at AUT,DF,es La Liga,33-266,1992.0,2.7,0,3,1,33.3,1.09,0.36,0.0,0.0,0,0,85,at AUT,DF,es La Liga,33-266,1992.0,8,247,31,9.8,2.7,3,63.0,1,5,12.0,11,2.25,2,3,-1,-0.36,-1.83,68,at AUT,DF,es La Liga,33-266,1992.0,2.7,1,0,0,1,0,0,0,0,4,0
Agustín Albarracín,uy URU,FW,Cagliari,it Serie A,20.0,2005.0,1,0,15,0.2,0,0,0,0,0,0,0,0,0.0,69,uy URU,FW,it Serie A,20-200,2005.0,0.2,0,0,0,,0.0,0.0,,,0,0,87,uy URU,FW,it Serie A,20-200,2005.0,1,15,15,0.6,0.2,0,,0,1,15.0,6,0.0,0,0,0,0.0,0.35,69,uy URU,FW,it Serie A,20-200,2005.0,0.2,0,0,0,0,2,0,1,0,0,0
Raúl Albiol,es ESP,DF,Pisa,it Serie A,40.0,1985.0,7,4,410,4.6,0,1,1,0,0,0,1,0,0.22,70,es ESP,DF,it Serie A,40-194,1985.0,4.6,0,1,0,0.0,0.22,0.0,0.0,,0,0,89,es ESP,DF,it Serie A,40-194,1985.0,7,410,59,15.7,4.6,4,69.0,1,3,45.0,12,1.0,4,6,-2,-0.44,0.54,70,es ESP,DF,it Serie A,40-194,1985.0,4.6,1,0,0,6,2,0,1,5,3,0
Alexandre Alemão,br BRA,FW,Rayo Vallecano,es La Liga,27.0,1998.0,17,7,708,7.9,1,0,1,1,0,0,1,0,0.13,73,br BRA,FW,es La Liga,27-350,1998.0,7.9,1,14,6,42.9,1.78,0.76,0.07,0.17,0,0,93,br BRA,FW,es La Liga,27-350,1998.0,17,708,42,28.1,7.9,7,73.0,0,10,20.0,4,1.12,5,10,-5,-0.64,-0.59,73,br BRA,FW,es La Liga,27-350,1998.0,7.9,1,0,0,13,16,0,3,1,1,0
Carles Aleñá,es ESP,MF,Alavés,es La Liga,28.0,1998.0,28,21,1761,19.6,0,4,4,0,0,0,4,0,0.2,74,es ESP,MF,es La Liga,28-071,1998.0,19.6,0,24,5,20.8,1.23,0.26,0.0,0.0,0,0,95,es ESP,MF,es La Liga,28-071,1998.0,28,1761,63,69.9,19.6,21,75.0,4,7,26.0,0,1.0,18,27,-9,-0.46,-0.1,74,es ESP,MF,es La Liga,28-071,1998.0,19.6,4,0,0,34,29,0,96,12,24,0
Alfon,es ESP,FW,Villarreal,es La Liga,26.0,1999.0,3,0,45,0.5,0,0,0,0,0,0,0,0,0.0,76,es ESP,FW,es La Liga,26-317,1999.0,0.5,0,0,0,,0.0,0.0,,,0,0,100,es ESP,FW,es La Liga,26-317,1999.0,3,45,15,1.8,0.5,0,,0,3,15.0,1,2.0,0,2,-2,-4.0,-4.73,76,es ESP,FW,es La Liga,26-317,1999.0,0.5,0,0,0,2,0,1,0,0,0,0
Alfon,es ESP,MF,Sevilla,es La Liga,26.0,1999.0,10,4,312,3.5,1,0,1,1,0,0,0,0,0.29,77,es ESP,MF,es La Liga,26-317,1999.0,3.5,1,11,7,63.6,3.17,2.02,0.09,0.14,0,0,101,es ESP,MF,es La Liga,26-317,1999.0,10,312,31,12.4,3.5,4,56.0,1,6,15.0,1,1.1,5,6,-1,-0.29,0.08,77,es ESP,MF,es La Liga,26-317,1999.0,3.5,0,0,0,3,6,0,4,1,0,0
Jim Allevinah,ga GAB,MF,Angers,fr Ligue 1,31.0,1995.0,6,0,133,1.5,1,0,1,1,0,0,0,0,0.68,80,ga GAB,MF,fr Ligue 1,31-018,1995.0,1.5,1,5,1,20.0,3.38,0.68,0.2,1.0,0,0,105,ga GAB,MF,fr Ligue 1,31-018,1995.0,6,133,22,5.7,1.5,0,,0,6,22.0,1,1.33,1,1,0,0.0,0.37,80,ga GAB,MF,fr Ligue 1,31-018,1995.0,1.5,0,0,0,0,4,1,1,0,1,0
Thiago Almada,ar ARG,MF,Atlético Madrid,es La Liga,24.0,2001.0,20,11,910,10.1,3,1,4,3,0,0,1,0,0.4,82,ar ARG,MF,es La Liga,24-325,2001.0,10.1,3,17,10,58.8,1.68,0.99,0.18,0.3,0,0,107,ar ARG,MF,es La Liga,24-325,2001.0,20,910,46,36.1,10.1,11,64.0,1,9,22.0,3,1.95,14,11,3,0.3,-0.77,82,ar ARG,MF,es La Liga,24-325,2001.0,10.1,1,0,0,7,12,2,23,6,12,0
Pontus Almqvist,se SWE,MF,Parma,it Serie A,26.0,1999.0,9,4,400,4.4,0,0,0,0,0,0,0,0,0.0,84,se SWE,MF,it Serie A,26-250,1999.0,4.4,0,3,2,66.7,0.68,0.45,0.0,0.0,0,0,109,se SWE,MF,it Serie A,26-250,1999.0,9,400,44,15.3,4.4,4,66.0,0,5,28.0,8,0.44,1,4,-3,-0.68,-0.19,84,se SWE,MF,it Serie A,26-250,1999.0,4.4,0,0,0,6,12,0,6,5,6,0
Marcos Alonso,es ESP,DF,Celta Vigo,es La Liga,35.0,1990.0,24,23,2063,22.9,1,0,1,0,1,1,3,0,0.0,85,es ESP,DF,es La Liga,35-079,1990.0,22.9,1,21,3,14.3,0.92,0.13,0.0,0.0,1,1,110,es ESP,DF,es La Liga,35-079,1990.0,24,2063,86,81.9,22.9,23,88.0,21,1,33.0,0,1.46,31,25,6,0.26,0.06,85,es ESP,DF,es La Liga,35-079,1990.0,22.9,3,0,0,16,15,0,13,25,18,0
Adrià Altimira,es ESP,DF,Villarreal,es La Liga,24.0,2001.0,1,0,9,0.1,0,0,0,0,0,0,0,0,0.0,86,es ESP,DF,es La Liga,24-354,2001.0,0.1,0,0,0,,0.0,0.0,,,0,0,111,es ESP,DF,es La Liga,24-354,2001.0,1,9,9,0.4,0.1,0,,0,1,9.0,15,0.0,0,0,0,0.0,-0.65,86,es ESP,DF,es La Liga,24-354,2001.0,0.1,0,0,0,0,0,0,0,0,1,0
Sergi Altimira,es ESP,MF,Real Betis,es La Liga,24.0,2001.0,19,10,918,10.2,1,1,2,1,0,0,2,0,0.2,87,es ESP,MF,es La Liga,24-204,2001.0,10.2,1,4,1,25.0,0.39,0.1,0.25,1.0,0,0,112,es ESP,MF,es La Liga,24-204,2001.0,19,918,48,36.4,10.2,10,74.0,5,9,20.0,8,1.58,10,18,-8,-0.78,-1.68,87,es ESP,MF,es La Liga,24-204,2001.0,10.2,2,0,0,10,14,0,3,15,26,0
Carlos Álvarez,es ESP,MF,Levante,es La Liga,22.0,2003.0,26,22,1786,19.8,3,1,4,3,0,0,3,0,0.2,88,es ESP,MF,es La Liga,22-223,2003.0,19.8,3,27,10,37.0,1.36,0.5,0.11,0.3,0,0,115,es ESP,MF,es La Liga,22-223,2003.0,26,1786,69,70.9,19.8,22,78.0,7,4,18.0,0,0.81,18,35,-17,-0.86,-0.98,88,es ESP,MF,es La Liga,22-223,2003.0,19.8,3,0,0,21,45,2,46,13,13,0
Julián Álvarez,ar ARG,FW,Atlético Madrid,es La Liga,26.0,2000.0,28,21,1805,20.1,8,3,11,6,2,3,2,0,0.45,90,ar ARG,FW,es La Liga,26-045,2000.0,20.1,8,49,25,51.0,2.44,1.25,0.12,0.24,2,3,118,ar ARG,FW,es La Liga,26-045,2000.0,28,1805,64,71.6,20.1,21,73.0,5,7,38.0,0,2.04,33,17,16,0.8,0.04,90,ar ARG,FW,es La Liga,26-045,2000.0,20.1,2,0,0,13,18,2,86,2,11,0
Skelly Alvero,fr FRA,MF,Werder Bremen,de Bundesliga,23.0,2002.0,2,0,34,0.4,0,0,0,0,0,0,0,0,0.0,91,fr FRA,MF,de Bundesliga,23-317,2002.0,0.4,0,0,0,,0.0,0.0,,,0,0,119,fr FRA,MF,de Bundesliga,23-317,2002.0,2,34,17,1.5,0.4,0,,0,2,17.0,15,2.0,2,0,2,5.29,6.07,91,fr FRA,MF,de Bundesliga,23-317,2002.0,0.4,0,0,0,0,1,0,0,1,0,0
Giuseppe Ambrosino,it ITA,FW,Napoli,it Serie A,22.0,2003.0,3,0,38,0.4,0,0,0,0,0,0,0,0,0.0,94,it ITA,FW,it Serie A,22-188,2003.0,0.4,0,0,0,,0.0,0.0,,,0,0,122,it ITA,FW,it Serie A,22-188,2003.0,3,38,13,1.5,0.4,0,,0,3,13.0,17,2.0,1,0,1,2.37,1.88,94,it ITA,FW,it Serie A,22-188,2003.0,0.4,0,0,0,1,1,0,0,0,0,0
Aurele Amenda,ch SUI,DF,Eintracht Frankfurt,de Bundesliga,22.0,2003.0,16,10,967,10.7,0,0,0,0,0,0,3,0,0.0,95,ch SUI,DF,de Bundesliga,22-229,2003.0,10.7,0,5,1,20.0,0.47,0.09,0.0,0.0,0,0,123,ch SUI,DF,de Bundesliga,22-229,2003.0,16,967,60,41.3,10.7,10,90.0,10,6,11.0,7,1.38,16,18,-2,-0.19,-0.32,95,ch SUI,DF,de Bundesliga,22-229,2003.0,10.7,3,0,0,11,6,0,1,20,6,1
Kelvin Amian,fr FRA,DF,Nantes,fr Ligue 1,28.0,1998.0,21,21,1870,20.8,0,1,1,0,0,0,3,0,0.05,96,fr FRA,DF,fr Ligue 1,28-037,1998.0,20.8,0,10,2,20.0,0.48,0.1,0.0,0.0,0,0,124,fr FRA,DF,fr Ligue 1,28-037,1998.0,21,1870,89,83.1,20.8,21,89.0,20,0,,2,0.67,19,37,-18,-0.87,-0.39,96,fr FRA,DF,fr Ligue 1,28-037,1998.0,20.8,3,0,0,22,17,2,29,8,18,0
Nadiem Amiri,de GER,MF,Mainz 05,de Bundesliga,29.0,1996.0,20,19,1646,18.3,10,2,12,3,7,7,6,0,0.27,99,de GER,MF,de Bundesliga,29-141,1996.0,18.3,10,39,15,38.5,2.13,0.82,0.08,0.2,7,7,127,de GER,MF,de Bundesliga,29-141,1996.0,20,1646,82,70.3,18.3,19,85.0,11,1,26.0,0,1.05,23,27,-4,-0.22,0.56,99,de GER,MF,de Bundesliga,29-141,1996.0,18.3,6,0,0,17,20,3,104,14,16,0
Amorim,br BRA,MF,Genoa,it Serie A,20.0,2005.0,4,0,93,1.0,0,0,0,0,0,0,0,0,0.0,101,br BRA,MF,it Serie A,20-303,2005.0,1.0,0,1,0,0.0,0.97,0.0,0.0,,0,0,131,br BRA,MF,it Serie A,20-303,2005.0,4,93,23,3.6,1.0,0,,0,4,23.0,2,1.75,2,1,1,0.97,1.15,101,br BRA,MF,it Serie A,20-303,2005.0,1.0,0,0,0,3,4,0,3,2,1,0
Mathis Amougou,fr FRA,MF,Strasbourg,fr Ligue 1,20.0,2006.0,9,2,272,3.0,0,0,0,0,0,0,1,0,0.0,102,fr FRA,MF,fr Ligue 1,20-058,2006.0,3.0,0,2,1,50.0,0.66,0.33,0.0,0.0,0,0,132,fr FRA,MF,fr Ligue 1,20-058,2006.0,9,272,30,11.6,3.0,2,58.0,0,7,22.0,12,1.44,3,6,-3,-0.99,-1.51,102,fr FRA,MF,fr Ligue 1,20-058,2006.0,3.0,1,0,0,2,3,0,0,1,5,0
Sofyan Amrabat,ma MAR,MF,Real Betis,es La Liga,29.0,1996.0,8,6,603,6.7,0,0,0,0,0,0,3,0,0.0,105,ma MAR,MF,es La Liga,29-208,1996.0,6.7,0,4,1,25.0,0.6,0.15,0.0,0.0,0,0,135,ma MAR,MF,es La Liga,29-208,1996.0,8,603,75,23.9,6.7,6,90.0,6,2,32.0,1,1.63,13,6,7,1.04,1.0,105,ma MAR,MF,es La Liga,29-208,1996.0,6.7,3,0,0,10,13,0,3,6,6,0
Tomoya Ando,jp JPN,DF,St Pauli,de Bundesliga,27.0,1999.0,8,7,632,7.0,0,0,0,0,0,0,1,0,0.0,108,jp JPN,DF,de Bundesliga,27-066,1999.0,7.0,0,1,0,0.0,0.14,0.0,0.0,,0,0,138,jp JPN,DF,de Bundesliga,27-066,1999.0,8,632,79,27.0,7.0,7,86.0,6,1,27.0,2,1.0,7,12,-5,-0.71,0.03,108,jp JPN,DF,de Bundesliga,27-066,1999.0,7.0,1,0,0,6,4,0,3,11,10,0
Benjamin André,fr FRA,MF,Lille,fr Ligue 1,35.0,1990.0,20,20,1789,19.9,2,1,3,2,0,0,7,0,0.15,111,fr FRA,MF,fr Ligue 1,35-226,1990.0,19.9,2,22,4,18.2,1.11,0.2,0.09,0.5,0,0,141,fr FRA,MF,fr Ligue 1,35-226,1990.0,20,1789,89,76.5,19.9,20,89.0,18,0,,0,1.9,32,17,15,0.75,2.06,111,fr FRA,MF,fr Ligue 1,35-226,1990.0,19.9,7,0,0,31,31,2,14,25,30,0
Manuel Ángel,es ESP,MF,Real Madrid,es La Liga,22.0,2004.0,2,0,29,0.3,0,0,0,0,0,0,0,0,0.0,113,es ESP,MF,es La Liga,22-002,2004.0,0.3,0,1,0,0.0,3.1,0.0,0.0,,0,0,144,es ESP,MF,es La Liga,22-002,2004.0,2,29,15,1.2,0.3,0,,0,2,15.0,1,3.0,3,1,2,6.21,4.98,113,es ESP,MF,es La Liga,22-002,2004.0,0.3,0,0,0,0,2,0,0,0,2,1
Miguel Ángel Rubio,es ESP,DF,Espanyol,es La Liga,28.0,1998.0,10,1,192,2.1,1,0,1,1,0,0,0,0,0.47,114,es ESP,DF,es La Liga,28-006,1998.0,2.1,1,2,1,50.0,0.94,0.47,0.5,1.0,0,0,145,es ESP,DF,es La Liga,28-006,1998.0,10,192,19,7.6,2.1,1,90.0,1,9,11.0,18,1.4,4,5,-1,-0.47,-0.24,114,es ESP,DF,es La Liga,28-006,1998.0,2.1,0,0,0,0,1,0,0,0,0,0
Miguel Ángel Sierra,es ESP,FW,Sevilla,es La Liga,21.0,2004.0,4,0,62,0.7,0,0,0,0,0,0,0,0,0.0,115,es ESP,FW,es La Liga,21-246,2004.0,0.7,0,4,1,25.0,5.81,1.45,0.0,0.0,0,0,146,es ESP,FW,es La Liga,21-246,2004.0,4,62,16,2.5,0.7,0,,0,4,16.0,11,1.0,3,1,2,2.9,3.34,115,es ESP,FW,es La Liga,21-246,2004.0,0.7,0,0,0,1,3,0,4,0,1,0
Angeliño,es ESP,MF,Roma,it Serie A,29.0,1997.0,5,5,387,4.3,0,0,0,0,0,0,1,0,0.0,116,es ESP,MF,it Serie A,29-072,1997.0,4.3,0,4,2,50.0,0.93,0.47,0.0,0.0,0,0,147,es ESP,MF,it Serie A,29-072,1997.0,5,387,77,14.8,4.3,5,77.0,0,0,,13,2.4,4,1,3,0.7,0.17,116,es ESP,MF,it Serie A,29-072,1997.0,4.3,1,0,0,4,2,0,14,3,6,0
Samuele Angori,it ITA,MF,Pisa,it Serie A,22.0,2003.0,26,22,1852,20.6,0,1,1,0,0,0,1,0,0.05,117,it ITA,MF,it Serie A,22-161,2003.0,20.6,0,8,1,12.5,0.39,0.05,0.0,0.0,0,0,150,it ITA,MF,it Serie A,22-161,2003.0,26,1852,71,71.0,20.6,22,79.0,12,4,30.0,3,0.5,16,32,-16,-0.78,0.41,117,it ITA,MF,it Serie A,22-161,2003.0,20.6,1,0,0,11,41,2,125,19,20,0
Faustino Anjorin,eng ENG,MF,Torino,it Serie A,24.0,2001.0,13,1,255,2.8,0,0,0,0,0,0,1,0,0.0,119,eng ENG,MF,it Serie A,24-114,2001.0,2.8,0,4,1,25.0,1.41,0.35,0.0,0.0,0,0,152,eng ENG,MF,it Serie A,24-114,2001.0,13,255,20,9.8,2.8,1,58.0,0,12,16.0,11,0.85,5,7,-2,-0.71,-0.09,119,eng ENG,MF,it Serie A,24-114,2001.0,2.8,1,0,0,7,1,1,1,6,4,0
Aaron Anselmino,ar ARG,DF,Dortmund,de Bundesliga,20.0,2005.0,6,4,368,4.1,1,0,1,1,0,0,0,0,0.24,121,ar ARG,DF,de Bundesliga,20-322,2005.0,4.1,1,1,1,100.0,0.24,0.24,1.0,1.0,0,0,155,ar ARG,DF,de Bundesliga,20-322,2005.0,6,368,61,15.7,4.1,4,86.0,3,2,12.0,2,2.67,8,2,6,1.47,0.42,121,ar ARG,DF,de Bundesliga,20-322,2005.0,4.1,0,0,0,6,3,0,2,7,8,0
Aaron Anselmino,ar ARG,DF,Strasbourg,fr Ligue 1,20.0,2005.0,2,0,2,0.0,0,0,0,0,0,0,0,0,0.0,122,ar ARG,DF,fr Ligue 1,20-322,2005.0,0.0,0,0,0,,0.0,0.0,,,0,0,156,ar ARG,DF,fr Ligue 1,20-322,2005.0,2,2,1,0.1,0.0,0,,0,2,1.0,0,2.0,0,0,0,0.0,-0.35,122,ar ARG,DF,fr Ligue 1,20-322,2005.0,0.0,0,0,0,0,0,0,0,1,0,0
Andrés Antañón,,MF,Celta Vigo,es La Liga,,,1,0,18,0.2,0,0,0,0,0,0,0,0,0.0,123,,MF,es La Liga,,,0.2,0,0,0,,0.0,0.0,,,0,0,157,,MF,es La Liga,,,1,18,18,0.7,0.2,0,,0,1,18.0,0,3.0,0,0,0,0.0,-0.25,123,,MF,es La Liga,,,0.2,0,0,0,1,0,0,0,0,0,0
Waldemar Anton,de GER,DF,Dortmund,de Bundesliga,29.0,1996.0,24,24,2160,24.0,2,0,2,2,0,0,3,0,0.08,125,de GER,DF,de Bundesliga,29-240,1996.0,24.0,2,12,4,33.3,0.5,0.17,0.17,0.5,0,0,159,de GER,DF,de Bundesliga,29-240,1996.0,24,2160,90,92.3,24.0,24,90.0,24,0,,0,2.25,52,25,27,1.13,0.13,125,de GER,DF,de Bundesliga,29-240,1996.0,24.0,3,0,0,20,13,0,7,18,24,0
Kyllian Antonio,fr FRA,DF,Lens,fr Ligue 1,18.0,2008.0,2,1,121,1.3,0,0,0,0,0,0,1,0,0.0,126,fr FRA,DF,fr Ligue 1,18-072,2008.0,1.3,0,1,0,0.0,0.74,0.0,0.0,,0,0,160,fr FRA,DF,fr Ligue 1,18-072,2008.0,2,121,61,5.2,1.3,1,90.0,1,1,31.0,4,3.0,2,0,2,1.49,0.51,126,fr FRA,DF,fr Ligue 1,18-072,2008.0,1.3,1,0,0,1,4,0,1,5,3,0
Antoniu,es ESP,MF,Espanyol,es La Liga,23.0,2002.0,8,1,115,1.3,0,0,0,0,0,0,1,0,0.0,127,es ESP,MF,es La Liga,23-193,2002.0,1.3,0,3,0,0.0,2.35,0.0,0.0,,0,0,161,es ESP,MF,es La Liga,23-193,2002.0,8,115,14,4.6,1.3,1,45.0,0,7,10.0,18,1.0,3,3,0,0.0,0.26,127,es ESP,MF,es La Liga,23-193,2002.0,1.3,1,0,0,5,3,0,2,0,1,0
Youssef El-Arabi,ma MAR,FW,Nantes,fr Ligue 1,39.0,1987.0,22,11,917,10.2,3,0,3,3,0,1,0,0,0.29,129,ma MAR,FW,fr Ligue 1,39-042,1987.0,10.2,3,15,9,60.0,1.47,0.88,0.2,0.33,0,1,163,ma MAR,FW,fr Ligue 1,39-042,1987.0,22,917,42,40.8,10.2,11,69.0,1,11,14.0,3,0.64,12,13,-1,-0.1,1.18,129,ma MAR,FW,fr Ligue 1,39-042,1987.0,10.2,0,0,0,21,22,9,2,4,9,0
Mauro Arambarri,uy URU,MF,Getafe,es La Liga,30.0,1995.0,28,28,2456,27.3,5,2,7,3,2,2,4,0,0.18,130,uy URU,MF,es La Liga,30-168,1995.0,27.3,5,47,15,31.9,1.72,0.55,0.06,0.2,2,2,164,uy URU,MF,es La Liga,30-168,1995.0,28,2456,88,97.5,27.3,28,88.0,24,0,,0,1.25,23,30,-7,-0.26,-0.26,130,uy URU,MF,es La Liga,30-168,1995.0,27.3,4,0,0,40,51,1,9,16,38,0
Jon Aramburu,ve VEN,DF,Real Sociedad,es La Liga,23.0,2002.0,26,24,2141,23.8,1,0,1,1,0,0,8,0,0.04,131,ve VEN,DF,es La Liga,23-237,2002.0,23.8,1,16,5,31.3,0.67,0.21,0.06,0.2,0,0,165,ve VEN,DF,es La Liga,23-237,2002.0,26,2141,82,85.0,23.8,24,87.0,19,2,30.0,0,1.42,34,35,-1,-0.04,-0.52,131,ve VEN,DF,es La Liga,23-237,2002.0,23.8,8,0,0,54,32,2,42,34,52,0
Juan Arango,ve VEN,MF,Girona,es La Liga,19.0,2006.0,2,0,18,0.2,0,0,0,0,0,0,1,0,0.0,132,ve VEN,MF,es La Liga,19-289,2006.0,0.2,0,0,0,,0.0,0.0,,,0,0,166,ve VEN,MF,es La Liga,19-289,2006.0,2,18,9,0.7,0.2,0,,0,2,9.0,6,0.5,1,0,1,5.0,5.47,132,ve VEN,MF,es La Liga,19-289,2006.0,0.2,1,0,0,1,0,0,0,0,0,0
Ronald Araújo,uy URU,DF,Barcelona,es La Liga,27.0,1999.0,17,7,739,8.2,2,0,2,2,0,0,2,0,0.24,133,uy URU,DF,es La Liga,27-010,1999.0,8.2,2,8,4,50.0,0.97,0.49,0.25,0.5,0,0,168,uy URU,DF,es La Liga,27-010,1999.0,17,739,43,29.3,8.2,7,81.0,5,10,17.0,5,2.47,23,11,12,1.46,-0.41,133,uy URU,DF,es La Liga,27-010,1999.0,8.2,2,0,0,15,1,0,3,8,6,0
Carlens Arcus,ht HAI,DF,Angers,fr Ligue 1,29.0,1996.0,24,24,2009,22.3,0,3,3,0,0,0,6,0,0.13,134,ht HAI,DF,fr Ligue 1,29-262,1996.0,22.3,0,9,1,11.1,0.4,0.04,0.0,0.0,0,0,170,ht HAI,DF,fr Ligue 1,29-262,1996.0,24,2009,84,85.9,22.3,24,84.0,17,0,,1,1.21,19,27,-8,-0.36,-0.09,134,ht HAI,DF,fr Ligue 1,29-262,1996.0,22.3,6,0,0,31,16,0,38,29,28,0
Antonio Arena,it ITA,FW,Roma,it Serie A,17.0,2009.0,1,0,7,0.1,0,0,0,0,0,0,0,0,0.0,135,it ITA,FW,it Serie A,17-035,2009.0,0.1,0,0,0,,0.0,0.0,,,0,0,171,it ITA,FW,it Serie A,17-035,2009.0,1,7,7,0.3,0.1,0,,0,1,7.0,7,3.0,0,0,0,0.0,-0.55,135,it ITA,FW,it Serie A,17-035,2009.0,0.1,0,0,0,0,0,0,0,0,0,0
Jesús Areso,es ESP,DF,Athletic Club,es La Liga,26.0,1999.0,23,13,1391,15.5,0,1,1,0,0,0,3,0,0.06,137,es ESP,DF,es La Liga,26-258,1999.0,15.5,0,3,0,0.0,0.19,0.0,0.0,,0,0,173,es ESP,DF,es La Liga,26-258,1999.0,23,1391,60,55.2,15.5,13,84.0,7,10,30.0,5,1.13,15,21,-6,-0.39,-0.07,137,es ESP,DF,es La Liga,26-258,1999.0,15.5,3,0,0,18,5,1,81,19,15,0
Jeremy Arévalo,ec ECU,FW,Stuttgart,de Bundesliga,20.0,2005.0,5,0,29,0.3,0,0,0,0,0,0,0,0,0.0,138,ec ECU,FW,de Bundesliga,20-363,2005.0,0.3,0,3,1,33.3,9.31,3.1,0.0,0.0,0,0,174,ec ECU,FW,de Bundesliga,20-363,2005.0,5,29,6,1.2,0.3,0,,0,5,6.0,2,1.6,2,1,1,3.1,2.48,138,ec ECU,FW,de Bundesliga,20-363,2005.0,0.3,0,0,0,0,2,0,0,0,0,0
Iñigo Arguibide,es ESP,DF,Osasuna,es La Liga,20.0,2005.0,6,2,187,2.1,0,0,0,0,0,0,0,1,0.0,140,es ESP,DF,es La Liga,20-332,2005.0,2.1,0,0,0,,0.0,0.0,,,0,0,176,es ESP,DF,es La Liga,20-332,2005.0,6,187,31,7.4,2.1,2,68.0,0,4,13.0,11,1.67,6,1,5,2.41,2.68,140,es ESP,DF,es La Liga,20-332,2005.0,2.1,0,1,0,3,0,0,5,1,3,0
Juan Arizala,co COL,MF,Udinese,it Serie A,20.0,2005.0,3,0,47,0.5,0,0,0,0,0,0,0,0,0.0,142,co COL,MF,it Serie A,20-158,2005.0,0.5,0,1,1,100.0,1.91,1.91,0.0,0.0,0,0,178,co COL,MF,it Serie A,20-158,2005.0,3,47,16,1.8,0.5,0,,0,3,16.0,5,0.33,0,0,0,0.0,0.32,142,co COL,MF,it Serie A,20-158,2005.0,0.5,0,0,0,0,0,0,0,0,2,0
Maximilian Arnold,de GER,MF,Wolfsburg,de Bundesliga,31.0,1994.0,21,20,1814,20.2,1,4,5,1,0,0,5,0,0.25,145,de GER,MF,de Bundesliga,31-294,1994.0,20.2,1,11,5,45.5,0.55,0.25,0.09,0.2,0,0,182,de GER,MF,de Bundesliga,31-294,1994.0,21,1814,86,77.5,20.2,20,90.0,20,1,14.0,1,0.95,30,40,-10,-0.5,1.39,145,de GER,MF,de Bundesliga,31-294,1994.0,20.2,5,0,0,17,25,0,79,24,15,0
Love Arrhov,se SWE,FW,Eintracht Frankfurt,de Bundesliga,17.0,2008.0,3,0,19,0.2,0,0,0,0,0,0,1,0,0.0,147,se SWE,FW,de Bundesliga,17-304,2008.0,0.2,0,0,0,,0.0,0.0,,,0,0,184,se SWE,FW,de Bundesliga,17-304,2008.0,3,19,6,0.8,0.2,0,,0,3,6.0,3,2.33,0,0,0,0.0,0.0,147,se SWE,FW,de Bundesliga,17-304,2008.0,0.2,1,0,0,2,0,0,0,0,0,0
Kervin Arriaga,hn HON,MF,Levante,es La Liga,28.0,1998.0,19,12,1151,12.8,1,1,2,1,0,0,6,1,0.16,148,hn HON,MF,es La Liga,28-071,1998.0,12.8,1,9,3,33.3,0.7,0.23,0.11,0.33,0,0,185,hn HON,MF,es La Liga,28-071,1998.0,19,1151,61,45.7,12.8,12,83.0,8,7,23.0,3,0.84,13,23,-10,-0.78,-0.39,148,hn HON,MF,es La Liga,28-071,1998.0,12.8,6,1,1,19,17,1,4,11,18,0
Arthur,br BRA,MF,Leverkusen,de Bundesliga,23.0,2003.0,16,13,1048,11.6,1,3,4,1,0,0,2,0,0.34,149,br BRA,MF,de Bundesliga,23-000,2003.0,11.6,1,10,2,20.0,0.86,0.17,0.1,0.5,0,0,187,br BRA,MF,de Bundesliga,23-000,2003.0,16,1048,66,44.8,11.6,13,73.0,7,3,32.0,3,1.81,23,16,7,0.6,-0.03,149,br BRA,MF,de Bundesliga,23-000,2003.0,11.6,2,0,0,17,9,3,29,18,11,0
Raúl Asencio,es ESP,DF,Real Madrid,es La Liga,23.0,2003.0,19,14,1348,15.0,2,0,2,2,0,0,3,0,0.13,151,es ESP,DF,es La Liga,23-032,2003.0,15.0,2,13,4,30.8,0.87,0.27,0.15,0.5,0,0,190,es ESP,DF,es La Liga,23-032,2003.0,19,1348,71,53.5,15.0,14,84.0,10,5,34.0,6,2.32,30,12,18,1.2,-0.18,151,es ESP,DF,es La Liga,23-032,2003.0,15.0,3,0,0,15,17,0,1,8,10,0
Kristjan Asllani,al ALB,MF,Torino,it Serie A,24.0,2002.0,15,13,1129,12.5,0,0,0,0,0,1,3,0,0.0,153,al ALB,MF,it Serie A,24-008,2002.0,12.5,0,20,4,20.0,1.59,0.32,0.0,0.0,0,1,192,al ALB,MF,it Serie A,24-008,2002.0,15,1129,75,43.3,12.5,13,82.0,5,2,29.0,4,1.27,13,20,-7,-0.56,0.11,153,al ALB,MF,it Serie A,24-008,2002.0,12.5,3,0,0,7,14,0,52,12,14,0
Joel Asoro,se SWE,FW,Metz,fr Ligue 1,26.0,1999.0,8,2,227,2.5,0,0,0,0,0,0,0,0,0.0,154,se SWE,FW,fr Ligue 1,26-324,1999.0,2.5,0,4,1,25.0,1.59,0.4,0.0,0.0,0,0,193,se SWE,FW,fr Ligue 1,26-324,1999.0,8,227,28,9.7,2.5,2,61.0,0,6,18.0,3,0.88,2,5,-3,-1.19,0.17,154,se SWE,FW,fr Ligue 1,26-324,1999.0,2.5,0,0,0,2,1,2,1,0,0,0
Dehmaine Assoumani,fr FRA,MF,Nantes,fr Ligue 1,20.0,2005.0,21,11,980,10.9,0,0,0,0,0,0,4,0,0.0,158,fr FRA,MF,fr Ligue 1,20-334,2005.0,10.9,0,19,4,21.1,1.74,0.37,0.0,0.0,0,0,197,fr FRA,MF,fr Ligue 1,20-334,2005.0,21,980,47,43.6,10.9,11,71.0,1,10,19.0,0,0.81,11,15,-4,-0.37,0.77,158,fr FRA,MF,fr Ligue 1,20-334,2005.0,10.9,4,0,0,19,15,0,65,13,16,0
Lander Astiazaran,es ESP,MF,Real Sociedad,es La Liga,19.0,2006.0,1,0,1,0.0,0,0,0,0,0,0,0,0,0.0,159,es ESP,MF,es La Liga,19-344,2006.0,0.0,0,1,0,0.0,90.0,0.0,0.0,,0,0,198,es ESP,MF,es La Liga,19-344,2006.0,1,1,1,0.0,0.0,0,,0,1,1.0,0,1.0,0,1,-1,-90.0,-90.07,159,es ESP,MF,es La Liga,19-344,2006.0,0.0,0,0,0,0,0,0,0,1,0,0
Otavio Ataide,br BRA,DF,Paris FC,fr Ligue 1,23.0,2002.0,20,19,1721,19.1,0,0,0,0,0,0,6,1,0.0,160,br BRA,DF,fr Ligue 1,23-330,2002.0,19.1,0,11,2,18.2,0.58,0.1,0.0,0.0,0,0,199,br BRA,DF,fr Ligue 1,23-330,2002.0,20,1721,86,73.5,19.1,19,88.0,16,1,45.0,2,1.15,22,28,-6,-0.31,0.56,160,br BRA,DF,fr Ligue 1,23-330,2002.0,19.1,6,1,0,21,28,1,5,25,24,0
Zachary Athekame,ch SUI,MF,Milan,it Serie A,21.0,2004.0,19,4,454,5.0,1,1,2,1,0,0,3,0,0.4,161,ch SUI,MF,it Serie A,21-094,2004.0,5.0,1,6,2,33.3,1.19,0.4,0.17,0.5,0,0,200,ch SUI,MF,it Serie A,21-094,2004.0,19,454,24,17.4,5.0,4,63.0,0,15,13.0,7,1.95,10,5,5,0.99,0.24,161,ch SUI,MF,it Serie A,21-094,2004.0,5.0,3,0,0,11,5,1,30,4,4,0
Arthur Atta,fr FRA,MF,Udinese,it Serie A,23.0,2003.0,23,20,1805,20.1,2,3,5,2,0,0,3,0,0.25,162,fr FRA,MF,it Serie A,23-062,2003.0,20.1,2,43,14,32.6,2.14,0.7,0.05,0.14,0,0,201,fr FRA,MF,it Serie A,23-062,2003.0,23,1805,78,69.2,20.1,20,86.0,13,3,31.0,0,1.26,21,30,-9,-0.45,-0.45,162,fr FRA,MF,it Serie A,23-062,2003.0,20.1,3,0,0,17,26,5,45,16,9,0
Pierre-Emerick Aubameyang,ga GAB,FW,Marseille,fr Ligue 1,36.0,1989.0,23,16,1488,16.5,8,5,13,8,0,0,1,0,0.79,164,ga GAB,FW,fr Ligue 1,36-272,1989.0,16.5,8,37,21,56.8,2.24,1.27,0.22,0.38,0,0,203,ga GAB,FW,fr Ligue 1,36-272,1989.0,23,1488,65,63.6,16.5,16,80.0,4,7,31.0,3,1.87,35,17,18,1.09,0.88,164,ga GAB,FW,fr Ligue 1,36-272,1989.0,16.5,1,0,0,15,14,6,21,6,5,0
Yann Aurel Bisseck,de GER,DF,Inter,it Serie A,25.0,2000.0,18,16,1476,16.4,2,1,3,2,0,0,2,0,0.18,167,de GER,DF,it Serie A,25-108,2000.0,16.4,2,21,9,42.9,1.28,0.55,0.1,0.22,0,0,206,de GER,DF,it Serie A,25-108,2000.0,18,1476,82,56.6,16.4,16,89.0,15,2,24.0,11,2.44,39,13,26,1.59,0.32,167,de GER,DF,it Serie A,25-108,2000.0,16.4,2,0,0,18,11,3,11,16,13,0
Leon Avdullahu,xk KVX,MF,Hoffenheim,de Bundesliga,22.0,2004.0,26,26,2264,25.2,0,1,1,0,0,0,4,0,0.04,168,xk KVX,MF,de Bundesliga,22-022,2004.0,25.2,0,12,2,16.7,0.48,0.08,0.0,0.0,0,0,208,xk KVX,MF,de Bundesliga,22-022,2004.0,26,2264,87,96.8,25.2,26,87.0,21,0,,0,1.92,53,32,21,0.83,2.02,168,xk KVX,MF,de Bundesliga,22-022,2004.0,25.2,4,0,0,21,10,1,13,23,26,0
Ezequiel Ávila,ar ARG,FW,Real Betis,es La Liga,32.0,1994.0,11,3,319,3.5,1,0,1,0,1,1,3,0,0.0,169,ar ARG,FW,es La Liga,32-039,1994.0,3.5,1,7,2,28.6,1.97,0.56,0.0,0.0,1,1,209,ar ARG,FW,es La Liga,32-039,1994.0,11,319,29,12.7,3.5,3,76.0,1,8,12.0,13,1.58,7,5,2,0.56,0.32,169,ar ARG,FW,es La Liga,32-039,1994.0,3.5,3,0,0,5,7,2,10,3,1,0
Arthur Avom,cm CMR,MF,Lorient,fr Ligue 1,21.0,2004.0,23,17,1624,18.0,1,1,2,1,0,0,3,0,0.11,170,cm CMR,MF,fr Ligue 1,21-092,2004.0,18.0,1,16,3,18.8,0.89,0.17,0.06,0.33,0,0,210,cm CMR,MF,fr Ligue 1,21-092,2004.0,23,1624,71,69.4,18.0,17,87.0,13,6,25.0,1,1.39,23,23,0,0.0,0.38,170,cm CMR,MF,fr Ligue 1,21-092,2004.0,18.0,3,0,0,15,33,0,35,20,26,1
Chidozie Awaziem,ng NGA,DF,Nantes,fr Ligue 1,29.0,1997.0,21,21,1859,20.7,1,1,2,1,0,0,7,0,0.1,171,ng NGA,DF,fr Ligue 1,29-075,1997.0,20.7,1,9,4,44.4,0.44,0.19,0.11,0.25,0,0,211,ng NGA,DF,fr Ligue 1,29-075,1997.0,21,1859,89,82.6,20.7,21,89.0,19,0,,2,0.67,17,36,-19,-0.92,-0.69,171,ng NGA,DF,fr Ligue 1,29-075,1997.0,20.7,7,0,0,18,19,1,2,18,15,1
Neil El Aynaoui,ma MAR,MF,Roma,it Serie A,24.0,2001.0,18,4,607,6.7,0,1,1,0,0,0,4,0,0.15,174,ma MAR,MF,it Serie A,24-258,2001.0,6.7,0,4,3,75.0,0.59,0.44,0.0,0.0,0,0,214,ma MAR,MF,it Serie A,24-258,2001.0,18,607,34,23.3,6.7,4,66.0,1,14,25.0,4,1.78,9,9,0,0.0,-0.72,174,ma MAR,MF,it Serie A,24-258,2001.0,6.7,4,0,0,14,5,2,9,13,7,0
César Azpilicueta,es ESP,DF,Sevilla,es La Liga,36.0,1989.0,14,14,997,11.1,0,1,1,0,0,0,4,0,0.09,175,es ESP,DF,es La Liga,36-201,1989.0,11.1,0,0,0,,0.0,0.0,,,0,0,218,es ESP,DF,es La Liga,36-201,1989.0,14,997,71,39.6,11.1,14,71.0,8,0,,1,1.29,15,13,2,0.18,0.89,175,es ESP,DF,es La Liga,36-201,1989.0,11.1,4,0,0,22,8,1,11,22,16,0
Loïc Bade,fr FRA,DF,Leverkusen,de Bundesliga,25.0,2000.0,19,16,1377,15.3,0,0,0,0,0,0,4,0,0.0,178,fr FRA,DF,de Bundesliga,25-340,2000.0,15.3,0,9,3,33.3,0.59,0.2,0.0,0.0,0,0,223,fr FRA,DF,de Bundesliga,25-340,2000.0,19,1377,72,58.8,15.3,16,81.0,12,3,26.0,1,1.74,29,19,10,0.65,0.09,178,fr FRA,DF,de Bundesliga,25-340,2000.0,15.3,4,0,0,8,4,0,3,20,16,1
Alex Baena,es ESP,MF,Atlético Madrid,es La Liga,24.0,2001.0,19,14,1051,11.7,2,2,4,2,0,0,3,0,0.34,180,es ESP,MF,es La Liga,24-240,2001.0,11.7,2,20,5,25.0,1.71,0.43,0.1,0.4,0,0,225,es ESP,MF,es La Liga,24-240,2001.0,19,1051,55,41.7,11.7,14,66.0,2,5,24.0,2,2.05,18,6,12,1.03,0.41,180,es ESP,MF,es La Liga,24-240,2001.0,11.7,3,0,0,20,20,7,92,9,7,0
Samson Baidoo,at AUT,DF,Lens,fr Ligue 1,21.0,2004.0,18,17,1544,17.2,2,1,3,2,0,0,2,0,0.17,181,at AUT,DF,fr Ligue 1,21-351,2004.0,17.2,2,15,4,26.7,0.87,0.23,0.13,0.5,0,0,228,at AUT,DF,fr Ligue 1,21-351,2004.0,18,1544,86,66.0,17.2,17,88.0,16,1,45.0,1,2.39,32,12,20,1.17,0.49,181,at AUT,DF,fr Ligue 1,21-351,2004.0,17.2,2,0,0,17,5,1,0,24,18,0
Leon Bailey,jm JAM,FW,Roma,it Serie A,28.0,1997.0,7,1,186,2.1,0,0,0,0,0,0,0,0,0.0,183,jm JAM,FW,it Serie A,28-220,1997.0,2.1,0,3,1,33.3,1.45,0.48,0.0,0.0,0,0,230,jm JAM,FW,it Serie A,28-220,1997.0,7,186,27,7.1,2.1,1,49.0,0,6,23.0,1,1.29,1,1,0,0.0,-0.59,183,jm JAM,FW,it Serie A,28-220,1997.0,2.1,0,0,0,2,1,1,14,0,0,0
Eric Bailly,ci CIV,DF,Oviedo,es La Liga,31.0,1994.0,8,8,683,7.6,1,0,1,1,0,0,1,0,0.13,184,ci CIV,DF,es La Liga,31-339,1994.0,7.6,1,4,1,25.0,0.53,0.13,0.25,1.0,0,0,231,ci CIV,DF,es La Liga,31-339,1994.0,8,683,85,27.1,7.6,8,85.0,7,0,,13,0.75,6,12,-6,-0.79,0.19,184,ci CIV,DF,es La Liga,31-339,1994.0,7.6,1,0,0,9,6,0,0,10,4,0
Theo Bair,ca CAN,FW,Auxerre,fr Ligue 1,26.0,1999.0,2,0,10,0.1,0,0,0,0,0,0,0,0,0.0,185,ca CAN,FW,fr Ligue 1,26-202,1999.0,0.1,0,0,0,,0.0,0.0,,,0,0,232,ca CAN,FW,fr Ligue 1,26-202,1999.0,2,10,5,0.4,0.1,0,,0,2,5.0,1,1.5,0,0,0,0.0,0.66,185,ca CAN,FW,fr Ligue 1,26-202,1999.0,0.1,0,0,0,0,0,0,0,0,0,0
Cédric Bakambu,cd COD,FW,Real Betis,es La Liga,34.0,1991.0,14,4,405,4.5,3,0,3,3,0,0,0,0,0.67,186,cd COD,FW,es La Liga,34-340,1991.0,4.5,3,19,9,47.4,4.22,2.0,0.16,0.33,0,0,234,cd COD,FW,es La Liga,34-340,1991.0,14,405,29,16.1,4.5,4,72.0,0,10,12.0,9,1.29,5,6,-1,-0.22,-0.61,186,cd COD,FW,es La Liga,34-340,1991.0,4.5,0,0,0,5,9,7,2,1,2,0
Darryl Bakola,fr FRA,MF,Marseille,fr Ligue 1,18.0,2007.0,8,0,75,0.8,0,0,0,0,0,0,0,0,0.0,188,fr FRA,MF,fr Ligue 1,18-107,2007.0,0.8,0,2,1,50.0,2.4,1.2,0.0,0.0,0,0,238,fr FRA,MF,fr Ligue 1,18-107,2007.0,8,75,9,3.2,0.8,0,,0,8,9.0,6,1.88,4,4,0,0.0,-0.79,188,fr FRA,MF,fr Ligue 1,18-107,2007.0,0.8,0,0,0,4,4,0,1,0,1,0
Darryl Bakola,fr FRA,MF,Sassuolo,it Serie A,18.0,2007.0,2,0,12,0.1,0,0,0,0,0,0,0,0,0.0,189,fr FRA,MF,it Serie A,18-107,2007.0,0.1,0,0,0,,0.0,0.0,,,0,0,239,fr FRA,MF,it Serie A,18-107,2007.0,2,12,6,0.5,0.1,0,,0,2,6.0,4,0.0,0,1,-1,-7.5,-7.4,189,fr FRA,MF,it Serie A,18-107,2007.0,0.1,0,0,0,0,1,0,0,0,0,0
Ridle Baku,de GER,DF,RB Leipzig,de Bundesliga,27.0,1998.0,24,21,1887,21.0,1,3,4,1,0,0,3,0,0.19,190,de GER,DF,de Bundesliga,27-343,1998.0,21.0,1,22,3,13.6,1.05,0.14,0.05,0.33,0,0,240,de GER,DF,de Bundesliga,27-343,1998.0,24,1887,79,80.6,21.0,21,86.0,11,3,25.0,0,1.83,35,27,8,0.38,-0.61,190,de GER,DF,de Bundesliga,27-343,1998.0,21.0,3,0,0,20,16,0,42,19,30,0
Tommaso Baldanzi,it ITA,MF,Genoa,it Serie A,22.0,2003.0,3,2,148,1.6,0,0,0,0,0,0,0,0,0.0,193,it ITA,MF,it Serie A,22-359,2003.0,1.6,0,1,1,100.0,0.61,0.61,0.0,0.0,0,0,245,it ITA,MF,it Serie A,22-359,2003.0,3,148,49,5.7,1.6,2,65.0,0,1,19.0,1,1.33,2,1,1,0.61,0.79,193,it ITA,MF,it Serie A,22-359,2003.0,1.6,0,0,0,1,2,0,5,0,2,0
Alejandro Balde,es ESP,DF,Barcelona,es La Liga,22.0,2003.0,21,18,1513,16.8,0,2,2,0,0,0,2,0,0.12,195,es ESP,DF,es La Liga,22-150,2003.0,16.8,0,8,1,12.5,0.48,0.06,0.0,0.0,0,0,247,es ESP,DF,es La Liga,22-150,2003.0,21,1513,72,60.0,16.8,18,78.0,7,3,35.0,1,2.33,43,18,25,1.49,-0.66,195,es ESP,DF,es La Liga,22-150,2003.0,16.8,2,0,0,12,22,4,20,6,17,0
Fabio Baldé,pt POR,FW,Hamburger SV,de Bundesliga,20.0,2005.0,12,2,314,3.5,0,1,1,0,0,0,1,0,0.29,196,pt POR,FW,de Bundesliga,20-240,2005.0,3.5,0,5,3,60.0,1.43,0.86,0.0,0.0,0,0,248,pt POR,FW,de Bundesliga,20-240,2005.0,12,314,26,13.4,3.5,2,73.0,0,10,17.0,3,1.46,5,7,-2,-0.57,-0.31,196,pt POR,FW,de Bundesliga,20-240,2005.0,3.5,1,0,0,4,2,0,12,0,5,0
Leonardo Balerdi,ar ARG,DF,Marseille,fr Ligue 1,27.0,1999.0,18,14,1360,15.1,0,1,1,0,0,0,4,0,0.07,198,ar ARG,DF,fr Ligue 1,27-050,1999.0,15.1,0,11,3,27.3,0.73,0.2,0.0,0.0,0,0,251,ar ARG,DF,fr Ligue 1,27-050,1999.0,18,1360,76,58.1,15.1,14,89.0,13,4,29.0,1,1.94,36,23,13,0.86,0.22,198,ar ARG,DF,fr Ligue 1,27-050,1999.0,15.1,4,0,0,16,18,0,1,16,18,0
Carlos Ballestero,es ESP,DF,Alavés,es La Liga,21.0,2004.0,1,0,1,0.0,0,0,0,0,0,0,0,0,0.0,200,es ESP,DF,es La Liga,21-327,2004.0,0.0,0,0,0,,0.0,0.0,,,0,0,253,es ESP,DF,es La Liga,21-327,2004.0,1,1,1,0.0,0.0,0,,0,1,1.0,8,1.0,0,1,-1,-90.0,-89.61,200,es ESP,DF,es La Liga,21-327,2004.0,0.0,0,0,0,0,0,0,0,0,0,0
Iván Balliu,al ALB,DF,Rayo Vallecano,es La Liga,34.0,1992.0,11,3,333,3.7,0,0,0,0,0,0,3,0,0.0,201,al ALB,DF,es La Liga,34-075,1992.0,3.7,0,2,0,0.0,0.54,0.0,0.0,,0,0,255,al ALB,DF,es La Liga,34-075,1992.0,11,333,30,13.2,3.7,3,66.0,1,8,17.0,14,1.18,4,5,-1,-0.27,-0.06,201,al ALB,DF,es La Liga,34-075,1992.0,3.7,3,0,0,6,3,0,8,4,4,0
Folarin Balogun,us USA,FW,Monaco,fr Ligue 1,24.0,2001.0,22,18,1548,17.2,8,4,12,7,1,1,4,1,0.64,203,us USA,FW,fr Ligue 1,24-257,2001.0,17.2,8,52,23,44.2,3.02,1.34,0.13,0.3,1,1,258,us USA,FW,fr Ligue 1,24-257,2001.0,22,1548,70,66.2,17.2,18,77.0,5,4,41.0,1,1.68,28,22,6,0.35,0.12,203,us USA,FW,fr Ligue 1,24-257,2001.0,17.2,4,1,0,30,29,11,11,3,6,0
Abdoulaye Bamba,ci CIV,DF,Angers,fr Ligue 1,35.0,1990.0,3,1,101,1.1,0,0,0,0,0,0,0,0,0.0,204,ci CIV,DF,fr Ligue 1,35-326,1990.0,1.1,0,1,1,100.0,0.89,0.89,0.0,0.0,0,0,259,ci CIV,DF,fr Ligue 1,35-326,1990.0,3,101,34,4.3,1.1,1,90.0,1,2,6.0,18,1.33,2,2,0,0.0,0.36,204,ci CIV,DF,fr Ligue 1,35-326,1990.0,1.1,0,0,0,1,1,0,1,2,1,0
Aladji Bamba,fr FRA,MF,Monaco,fr Ligue 1,19.0,2006.0,11,6,450,5.0,0,0,0,0,0,0,2,0,0.0,205,fr FRA,MF,fr Ligue 1,19-246,2006.0,5.0,0,0,0,,0.0,0.0,,,0,0,260,fr FRA,MF,fr Ligue 1,19-246,2006.0,11,450,41,19.2,5.0,6,60.0,0,5,18.0,7,2.64,11,4,7,1.4,1.35,205,fr FRA,MF,fr Ligue 1,19-246,2006.0,5.0,2,0,0,13,9,0,3,4,15,0
Mohamed Bamba,ci CIV,FW,Lorient,fr Ligue 1,24.0,2001.0,18,7,682,7.6,1,2,3,1,0,1,3,0,0.4,206,ci CIV,FW,fr Ligue 1,24-097,2001.0,7.6,1,13,6,46.2,1.72,0.79,0.08,0.17,0,1,261,ci CIV,FW,fr Ligue 1,24-097,2001.0,18,682,38,29.1,7.6,7,64.0,0,11,21.0,6,1.06,11,16,-5,-0.66,-0.77,206,ci CIV,FW,fr Ligue 1,24-097,2001.0,7.6,3,0,0,17,8,12,3,2,2,0
Noahkai Banks,us USA,DF,Augsburg,de Bundesliga,19.0,2006.0,21,19,1650,18.3,1,1,2,1,0,0,8,0,0.11,208,us USA,DF,de Bundesliga,19-106,2006.0,18.3,1,9,5,55.6,0.49,0.27,0.11,0.2,0,0,263,us USA,DF,de Bundesliga,19-106,2006.0,21,1650,79,70.5,18.3,19,85.0,14,2,17.0,4,1.19,22,27,-5,-0.27,0.9,208,us USA,DF,de Bundesliga,19-106,2006.0,18.3,8,0,0,29,18,3,3,17,25,0
Ezechiel Banzuzi,nl NED,MF,RB Leipzig,de Bundesliga,21.0,2005.0,22,2,537,6.0,0,1,1,0,0,0,3,0,0.17,209,nl NED,MF,de Bundesliga,21-029,2005.0,6.0,0,12,3,25.0,2.01,0.5,0.0,0.0,0,0,265,nl NED,MF,de Bundesliga,21-029,2005.0,22,537,24,22.9,6.0,2,65.0,0,20,20.0,2,1.95,5,9,-4,-0.67,-1.52,209,nl NED,MF,de Bundesliga,21-029,2005.0,6.0,3,0,0,13,5,0,5,6,10,0
Tommaso Barbieri,it ITA,MF,Cremonese,it Serie A,23.0,2002.0,21,16,1444,16.0,0,1,1,0,0,0,5,0,0.06,210,it ITA,MF,it Serie A,23-203,2002.0,16.0,0,12,1,8.3,0.75,0.06,0.0,0.0,0,0,267,it ITA,MF,it Serie A,23-203,2002.0,21,1444,69,55.3,16.0,16,83.0,9,5,24.0,4,0.71,13,24,-11,-0.69,0.09,210,it ITA,MF,it Serie A,23-203,2002.0,16.0,5,0,0,32,23,1,65,13,22,0
Valentín Barco,ar ARG,MF,Strasbourg,fr Ligue 1,21.0,2004.0,23,21,1898,21.1,1,4,5,1,0,0,4,1,0.24,211,ar ARG,MF,fr Ligue 1,21-237,2004.0,21.1,1,21,6,28.6,1.0,0.28,0.05,0.17,0,0,268,ar ARG,MF,fr Ligue 1,21-237,2004.0,23,1898,83,81.1,21.1,21,87.0,17,2,38.0,0,1.61,38,25,13,0.62,1.43,211,ar ARG,MF,fr Ligue 1,21-237,2004.0,21.1,4,1,0,21,57,1,94,12,32,0
Bradley Barcola,fr FRA,FW,Paris Saint-Germain,fr Ligue 1,23.0,2002.0,22,15,1324,14.7,10,1,11,10,0,0,2,0,0.75,212,fr FRA,FW,fr Ligue 1,23-196,2002.0,14.7,10,55,25,45.5,3.74,1.7,0.18,0.4,0,0,269,fr FRA,FW,fr Ligue 1,23-196,2002.0,22,1324,60,58.8,14.7,15,74.0,5,7,31.0,2,2.45,34,11,23,1.56,0.69,212,fr FRA,FW,fr Ligue 1,23-196,2002.0,14.7,2,0,0,16,8,4,20,11,12,0
Nicolò Barella,it ITA,MF,Inter,it Serie A,29.0,1997.0,26,23,1904,21.2,1,6,7,1,0,0,5,0,0.33,215,it ITA,MF,it Serie A,29-038,1997.0,21.2,1,27,3,11.1,1.28,0.14,0.04,0.33,0,0,272,it ITA,MF,it Serie A,29-038,1997.0,26,1904,73,73.0,21.2,23,79.0,9,3,29.0,0,2.27,42,15,27,1.28,-0.64,215,it ITA,MF,it Serie A,29-038,1997.0,21.2,5,0,0,27,19,3,83,5,25,0
Kike Barja,es ESP,MF,Osasuna,es La Liga,28.0,1997.0,18,1,245,2.7,1,1,2,1,0,0,2,0,0.73,216,es ESP,MF,es La Liga,28-350,1997.0,2.7,1,3,1,33.3,1.1,0.37,0.33,1.0,0,0,275,es ESP,MF,es La Liga,28-350,1997.0,18,245,14,9.7,2.7,1,53.0,0,17,11.0,10,0.78,11,4,7,2.57,2.93,216,es ESP,MF,es La Liga,28-350,1997.0,2.7,2,0,0,6,4,0,36,0,2,0
Pablo Barrios,es ESP,MF,Atlético Madrid,es La Liga,22.0,2003.0,21,19,1575,17.5,1,1,2,1,0,0,0,0,0.11,221,es ESP,MF,es La Liga,22-275,2003.0,17.5,1,21,6,28.6,1.2,0.34,0.05,0.17,0,0,280,es ESP,MF,es La Liga,22-275,2003.0,21,1575,75,62.5,17.5,19,79.0,13,2,37.0,0,2.0,28,14,14,0.8,0.04,221,es ESP,MF,es La Liga,22-275,2003.0,17.5,0,0,0,12,21,0,27,23,15,0
Marc Bartra,es ESP,DF,Real Betis,es La Liga,35.0,1991.0,22,18,1767,19.6,1,0,1,1,0,0,3,0,0.05,224,es ESP,DF,es La Liga,35-061,1991.0,19.6,1,14,5,35.7,0.71,0.25,0.07,0.2,0,0,285,es ESP,DF,es La Liga,35-061,1991.0,22,1767,80,70.1,19.6,18,88.0,17,4,45.0,3,1.55,26,26,0,0.0,-0.96,224,es ESP,DF,es La Liga,35-061,1991.0,19.6,3,0,0,13,10,0,2,27,17,1
Federico Baschirotto,it ITA,DF,Cremonese,it Serie A,29.0,1996.0,25,25,2250,25.0,2,0,2,2,0,0,2,0,0.08,225,it ITA,DF,it Serie A,29-178,1996.0,25.0,2,12,5,41.7,0.48,0.2,0.17,0.4,0,0,286,it ITA,DF,it Serie A,29-178,1996.0,25,2250,90,86.2,25.0,25,90.0,25,0,,0,0.96,21,33,-12,-0.48,1.77,225,it ITA,DF,it Serie A,29-178,1996.0,25.0,2,0,0,40,9,1,5,20,13,0
Toma Bašić,hr CRO,MF,Lazio,it Serie A,29.0,1996.0,16,16,1170,13.0,1,2,3,1,0,0,0,1,0.23,226,hr CRO,MF,it Serie A,29-112,1996.0,13.0,1,26,9,34.6,2.0,0.69,0.04,0.11,0,0,287,hr CRO,MF,it Serie A,29-112,1996.0,16,1170,73,44.8,13.0,16,73.0,5,0,,2,1.56,13,9,4,0.31,0.5,226,hr CRO,MF,it Serie A,29-112,1996.0,13.0,0,1,0,15,14,0,33,7,12,0
Alessandro Bastoni,it ITA,DF,Inter,it Serie A,26.0,1999.0,24,24,2009,22.3,1,4,5,1,0,0,6,0,0.22,228,it ITA,DF,it Serie A,26-338,1999.0,22.3,1,16,7,43.8,0.72,0.31,0.06,0.14,0,0,289,it ITA,DF,it Serie A,26-338,1999.0,24,2009,84,77.0,22.3,24,84.0,16,0,,4,2.29,54,18,36,1.61,0.71,228,it ITA,DF,it Serie A,26-338,1999.0,22.3,6,0,0,40,18,0,76,20,34,0
Michy Batshuayi,be BEL,FW,Eintracht Frankfurt,de Bundesliga,32.0,1993.0,6,1,139,1.5,1,0,1,0,1,1,0,0,0.0,230,be BEL,FW,de Bundesliga,32-166,1993.0,1.5,1,5,1,20.0,3.24,0.65,0.0,0.0,1,1,292,be BEL,FW,de Bundesliga,32-166,1993.0,6,139,23,5.9,1.5,1,45.0,0,5,19.0,5,0.83,3,5,-2,-1.29,-1.38,230,be BEL,FW,de Bundesliga,32-166,1993.0,1.5,0,0,0,2,1,1,0,0,1,0
Elias Baum,de GER,DF,Eintracht Frankfurt,de Bundesliga,20.0,2005.0,3,0,38,0.4,0,0,0,0,0,0,0,0,0.0,233,de GER,DF,de Bundesliga,20-142,2005.0,0.4,0,0,0,,0.0,0.0,,,0,0,295,de GER,DF,de Bundesliga,20-142,2005.0,3,38,13,1.6,0.4,0,,0,3,13.0,8,1.33,1,0,1,2.37,2.41,233,de GER,DF,de Bundesliga,20-142,2005.0,0.4,0,0,0,2,0,0,3,0,0,0
Christoph Baumgartner,at AUT,MF,RB Leipzig,de Bundesliga,26.0,1999.0,25,24,2065,22.9,10,6,16,10,0,1,6,0,0.7,235,at AUT,MF,de Bundesliga,26-228,1999.0,22.9,10,59,24,40.7,2.57,1.05,0.17,0.42,0,1,297,at AUT,MF,de Bundesliga,26-228,1999.0,25,2065,83,88.2,22.9,24,85.0,11,1,22.0,0,1.88,45,26,19,0.83,2.79,235,at AUT,MF,de Bundesliga,26-228,1999.0,22.9,6,0,0,47,26,3,4,15,27,0
Vakoun Bayo,ci CIV,FW,Udinese,it Serie A,29.0,1997.0,13,4,424,4.7,0,1,1,0,0,0,0,0,0.21,237,ci CIV,FW,it Serie A,29-066,1997.0,4.7,0,12,1,8.3,2.55,0.21,0.0,0.0,0,0,300,ci CIV,FW,it Serie A,29-066,1997.0,13,424,33,16.2,4.7,4,63.0,0,9,19.0,7,1.15,6,10,-4,-0.85,-0.64,237,ci CIV,FW,it Serie A,29-066,1997.0,4.7,0,0,0,13,5,5,1,0,1,0
Samu Becerra,es ESP,MF,Rayo Vallecano,es La Liga,20.0,2006.0,3,0,12,0.1,0,0,0,0,0,0,0,0,0.0,239,es ESP,MF,es La Liga,20-075,2006.0,0.1,0,0,0,,0.0,0.0,,,0,0,303,es ESP,MF,es La Liga,20-075,2006.0,3,12,4,0.5,0.1,0,,0,3,4.0,15,0.33,0,0,0,0.0,0.22,239,es ESP,MF,es La Liga,20-075,2006.0,0.1,0,0,0,1,0,0,2,0,0,0
Adrian Beck,de GER,MF,Heidenheim,de Bundesliga,28.0,1997.0,19,8,769,8.5,1,0,1,1,0,0,0,0,0.12,240,de GER,MF,de Bundesliga,28-281,1997.0,8.5,1,10,4,40.0,1.17,0.47,0.1,0.25,0,0,304,de GER,MF,de Bundesliga,28-281,1997.0,19,769,40,32.9,8.5,8,67.0,1,11,21.0,5,0.53,5,20,-15,-1.76,-0.67,240,de GER,MF,de Bundesliga,28-281,1997.0,8.5,0,0,0,11,13,1,9,3,15,0
Sheraldo Becker,sr SUR,FW,Mainz 05,de Bundesliga,31.0,1995.0,6,3,331,3.7,1,1,2,1,0,0,1,0,0.54,242,sr SUR,FW,de Bundesliga,31-036,1995.0,3.7,1,8,4,50.0,2.18,1.09,0.13,0.25,0,0,306,sr SUR,FW,de Bundesliga,31-036,1995.0,6,331,55,14.1,3.7,3,76.0,0,3,35.0,0,1.5,5,2,3,0.82,1.4,242,sr SUR,FW,de Bundesliga,31-036,1995.0,3.7,1,0,0,6,0,5,16,1,0,0
Donny van de Beek,nl NED,MF,Girona,es La Liga,28.0,1997.0,2,1,41,0.5,0,0,0,0,0,0,0,0,0.0,243,nl NED,MF,es La Liga,28-333,1997.0,0.5,0,2,1,50.0,4.39,2.2,0.0,0.0,0,0,308,nl NED,MF,es La Liga,28-333,1997.0,2,41,21,1.6,0.5,1,32.0,0,1,9.0,1,1.0,1,1,0,0.0,0.44,243,nl NED,MF,es La Liga,28-333,1997.0,0.5,0,0,0,0,0,1,0,0,0,0
Tjaš Begić,si SVN,MF,Parma,it Serie A,22.0,2003.0,1,0,1,0.0,0,0,0,0,0,0,0,0,0.0,244,si SVN,MF,it Serie A,22-260,2003.0,0.0,0,0,0,,0.0,0.0,,,0,0,309,si SVN,MF,it Serie A,22-260,2003.0,1,1,1,0.0,0.0,0,,0,1,1.0,15,0.0,0,0,0,0.0,0.52,244,si SVN,MF,it Serie A,22-260,2003.0,0.0,0,0,0,0,0,0,0,0,0,0
Ismael Bekhoucha,ma MAR,DF,Getafe,es La Liga,21.0,2004.0,4,1,122,1.4,0,1,1,0,0,0,2,0,0.74,247,ma MAR,DF,es La Liga,21-117,2004.0,1.4,0,1,0,0.0,0.74,0.0,0.0,,0,0,313,ma MAR,DF,es La Liga,21-117,2004.0,4,122,31,4.8,1.4,1,90.0,1,3,11.0,7,2.25,3,1,2,1.48,1.81,247,ma MAR,DF,es La Liga,21-117,2004.0,1.4,2,0,0,7,3,0,4,2,5,0
Reda Belahyane,ma MAR,MF,Lazio,it Serie A,21.0,2004.0,12,4,519,5.8,0,1,1,0,0,0,1,1,0.17,248,ma MAR,MF,it Serie A,21-289,2004.0,5.8,0,1,1,100.0,0.17,0.17,0.0,0.0,0,0,314,ma MAR,MF,it Serie A,21-289,2004.0,12,519,43,19.9,5.8,4,79.0,3,8,26.0,16,1.08,3,9,-6,-1.04,-1.34,248,ma MAR,MF,it Serie A,21-289,2004.0,5.8,1,1,0,11,3,0,1,2,5,0
Rafik Belghali,dz ALG,MF,Hellas Verona,it Serie A,23.0,2002.0,17,13,1169,13.0,2,0,2,2,0,0,5,0,0.15,249,dz ALG,MF,it Serie A,23-283,2002.0,13.0,2,10,4,40.0,0.77,0.31,0.2,0.5,0,0,317,dz ALG,MF,it Serie A,23-283,2002.0,17,1169,69,44.8,13.0,13,81.0,8,4,29.0,1,0.71,13,19,-6,-0.46,0.97,249,dz ALG,MF,it Serie A,23-283,2002.0,13.0,5,0,0,16,5,4,40,11,8,0
Haris Belkebla,dz ALG,MF,Angers,fr Ligue 1,32.0,1994.0,25,25,2176,24.2,0,0,0,0,0,0,7,0,0.0,250,dz ALG,MF,fr Ligue 1,32-048,1994.0,24.2,0,4,0,0.0,0.17,0.0,0.0,,0,0,318,dz ALG,MF,fr Ligue 1,32-048,1994.0,25,2176,87,93.0,24.2,25,87.0,21,0,,0,1.16,22,32,-10,-0.41,-0.96,250,dz ALG,MF,fr Ligue 1,32-048,1994.0,24.2,7,0,0,17,43,0,3,21,32,0
Yassin Belkhdim,fr FRA,MF,Angers,fr Ligue 1,24.0,2002.0,25,24,1957,21.7,2,2,4,2,0,0,4,0,0.18,251,fr FRA,MF,fr Ligue 1,24-031,2002.0,21.7,2,28,12,42.9,1.29,0.55,0.07,0.17,0,0,319,fr FRA,MF,fr Ligue 1,24-031,2002.0,25,1957,78,83.6,21.7,24,80.0,10,1,30.0,0,1.28,16,27,-11,-0.51,-0.98,251,fr FRA,MF,fr Ligue 1,24-031,2002.0,21.7,4,0,0,26,26,2,37,29,39,0
Stefan Bell,de GER,DF,Mainz 05,de Bundesliga,34.0,1991.0,18,13,1039,11.5,2,1,3,2,0,0,4,0,0.26,252,de GER,DF,de Bundesliga,34-205,1991.0,11.5,2,12,5,41.7,1.04,0.43,0.17,0.4,0,0,320,de GER,DF,de Bundesliga,34-205,1991.0,18,1039,58,44.4,11.5,13,71.0,6,5,24.0,4,1.06,18,21,-3,-0.26,0.22,252,de GER,DF,de Bundesliga,34-205,1991.0,11.5,4,0,0,15,8,1,1,19,6,0
Armel Bella Kotchap,de GER,DF,Hellas Verona,it Serie A,24.0,2001.0,17,13,1264,14.0,0,0,0,0,0,0,3,0,0.0,253,de GER,DF,it Serie A,24-096,2001.0,14.0,0,3,0,0.0,0.21,0.0,0.0,,0,0,321,de GER,DF,it Serie A,24-096,2001.0,17,1264,74,48.4,14.0,13,86.0,10,4,37.0,3,0.59,13,26,-13,-0.93,0.14,253,de GER,DF,it Serie A,24-096,2001.0,14.0,3,0,0,22,15,0,1,29,10,0
Raoul Bellanova,it ITA,MF,Atalanta,it Serie A,25.0,2000.0,18,12,1162,12.9,0,1,1,0,0,0,1,0,0.08,254,it ITA,MF,it Serie A,25-304,2000.0,12.9,0,13,5,38.5,1.01,0.39,0.0,0.0,0,0,322,it ITA,MF,it Serie A,25-304,2000.0,18,1162,65,44.5,12.9,12,81.0,9,6,33.0,1,1.39,15,19,-4,-0.31,-1.37,254,it ITA,MF,it Serie A,25-304,2000.0,12.9,1,0,0,2,9,2,78,8,8,0
Héctor Bellerín,es ESP,DF,Real Betis,es La Liga,30.0,1995.0,17,13,1171,13.0,1,2,3,1,0,0,1,0,0.23,256,es ESP,DF,es La Liga,30-363,1995.0,13.0,1,4,4,100.0,0.31,0.31,0.25,0.25,0,0,324,es ESP,DF,es La Liga,30-363,1995.0,17,1171,69,46.5,13.0,13,84.0,9,4,21.0,3,1.53,21,18,3,0.23,-0.1,256,es ESP,DF,es La Liga,30-363,1995.0,13.0,1,0,0,11,2,1,23,8,7,0
Jobe Bellingham,eng ENG,MF,Dortmund,de Bundesliga,20.0,2005.0,24,12,1124,12.5,0,1,1,0,0,0,1,1,0.08,257,eng ENG,MF,de Bundesliga,20-175,2005.0,12.5,0,13,4,30.8,1.04,0.32,0.0,0.0,0,0,325,eng ENG,MF,de Bundesliga,20-175,2005.0,24,1124,47,48.0,12.5,12,79.0,8,12,15.0,0,2.25,30,14,16,1.28,0.32,257,eng ENG,MF,de Bundesliga,20-175,2005.0,12.5,1,1,0,9,17,0,5,35,14,0
Jude Bellingham,eng ENG,MF,Real Madrid,es La Liga,22.0,2003.0,18,15,1291,14.3,4,3,7,4,0,0,1,0,0.49,258,eng ENG,MF,es La Liga,22-261,2003.0,14.3,4,36,19,52.8,2.51,1.32,0.11,0.21,0,0,326,eng ENG,MF,es La Liga,22-261,2003.0,18,1291,72,51.2,14.3,15,83.0,11,3,16.0,0,2.33,30,13,17,1.19,-0.21,258,eng ENG,MF,es La Liga,22-261,2003.0,14.3,1,0,0,27,34,1,9,12,31,0
Jeanuël Belocian,fr FRA,DF,Leverkusen,de Bundesliga,21.0,2005.0,8,3,292,3.2,0,0,0,0,0,0,0,0,0.0,260,fr FRA,DF,de Bundesliga,21-028,2005.0,3.2,0,1,0,0.0,0.31,0.0,0.0,,0,0,328,fr FRA,DF,de Bundesliga,21-028,2005.0,8,292,37,12.5,3.2,3,73.0,1,5,14.0,8,2.25,3,8,-5,-1.54,-2.46,260,fr FRA,DF,de Bundesliga,21-028,2005.0,3.2,0,0,0,5,5,0,4,2,2,0
Andrea Belotti,it ITA,FW,Cagliari,it Serie A,32.0,1993.0,3,3,188,2.1,2,0,2,1,1,1,0,0,0.48,261,it ITA,FW,it Serie A,32-087,1993.0,2.1,2,6,4,66.7,2.87,1.91,0.17,0.25,1,1,329,it ITA,FW,it Serie A,32-087,1993.0,3,188,63,7.2,2.1,3,63.0,0,0,,0,2.0,3,2,1,0.48,0.89,261,it ITA,FW,it Serie A,32-087,1993.0,2.1,0,0,0,3,7,3,1,3,0,0
Fran Beltrán,es ESP,MF,Girona,es La Liga,27.0,1999.0,8,6,506,5.6,1,0,1,1,0,0,2,0,0.18,262,es ESP,MF,es La Liga,27-042,1999.0,5.6,1,6,2,33.3,1.07,0.36,0.17,0.5,0,0,330,es ESP,MF,es La Liga,27-042,1999.0,8,506,63,20.1,5.6,6,76.0,2,2,27.0,0,1.25,6,6,0,0.0,0.54,262,es ESP,MF,es La Liga,27-042,1999.0,5.6,2,0,0,5,5,0,3,3,7,0
Fran Beltrán,es ESP,MF,Celta Vigo,es La Liga,27.0,1999.0,10,7,528,5.9,0,0,0,0,0,0,0,0,0.0,263,es ESP,MF,es La Liga,27-042,1999.0,5.9,0,6,1,16.7,1.02,0.17,0.0,0.0,0,0,331,es ESP,MF,es La Liga,27-042,1999.0,10,528,53,21.0,5.9,7,71.0,2,3,10.0,9,1.4,4,6,-2,-0.34,-0.75,263,es ESP,MF,es La Liga,27-042,1999.0,5.9,0,0,0,10,3,0,2,8,5,0
Lucas Beltrán,ar ARG,FW,Valencia,es La Liga,24.0,2001.0,22,13,1109,12.3,1,2,3,1,0,0,0,0,0.24,264,ar ARG,FW,es La Liga,24-353,2001.0,12.3,1,28,8,28.6,2.27,0.65,0.04,0.13,0,0,332,ar ARG,FW,es La Liga,24-353,2001.0,22,1109,50,44.0,12.3,13,70.0,2,9,23.0,0,1.0,14,17,-3,-0.24,0.33,264,ar ARG,FW,es La Liga,24-353,2001.0,12.3,0,0,0,21,35,3,10,4,8,0
Eliesse Ben Seghir,ma MAR,MF,Monaco,fr Ligue 1,21.0,2005.0,2,0,45,0.5,0,0,0,0,0,0,0,0,0.0,265,ma MAR,MF,fr Ligue 1,21-029,2005.0,0.5,0,1,0,0.0,2.0,0.0,0.0,,0,0,333,ma MAR,MF,fr Ligue 1,21-029,2005.0,2,45,23,1.9,0.5,0,,0,2,23.0,0,1.5,1,2,-1,-2.0,-2.35,265,ma MAR,MF,fr Ligue 1,21-029,2005.0,0.5,0,0,0,1,1,0,1,0,0,0
Eliesse Ben Seghir,ma MAR,MF,Leverkusen,de Bundesliga,21.0,2005.0,7,2,199,2.2,0,0,0,0,0,0,2,0,0.0,266,ma MAR,MF,de Bundesliga,21-029,2005.0,2.2,0,4,1,25.0,1.81,0.45,0.0,0.0,0,0,334,ma MAR,MF,de Bundesliga,21-029,2005.0,7,199,28,8.5,2.2,2,65.0,0,5,14.0,5,1.86,3,2,1,0.45,-0.18,266,ma MAR,MF,de Bundesliga,21-029,2005.0,2.2,2,0,0,3,5,0,6,1,1,0
Carlos Benavídez,uy URU,DF,Alavés,es La Liga,27.0,1998.0,9,3,242,2.7,0,0,0,0,0,0,2,1,0.0,267,uy URU,DF,es La Liga,27-352,1998.0,2.7,0,3,2,66.7,1.12,0.74,0.0,0.0,0,0,336,uy URU,DF,es La Liga,27-352,1998.0,9,242,27,9.6,2.7,3,55.0,1,6,13.0,14,1.56,5,4,1,0.37,0.89,267,uy URU,DF,es La Liga,27-352,1998.0,2.7,2,1,1,7,2,0,0,3,5,0
Adrian Benedyczak,pl POL,FW,Parma,it Serie A,25.0,2000.0,14,5,490,5.4,1,1,2,0,1,1,1,0,0.18,268,pl POL,FW,it Serie A,25-113,2000.0,5.4,1,8,3,37.5,1.47,0.55,0.0,0.0,1,1,338,pl POL,FW,it Serie A,25-113,2000.0,14,490,35,18.8,5.4,5,68.0,0,9,17.0,7,1.21,6,7,-1,-0.18,0.41,268,pl POL,FW,it Serie A,25-113,2000.0,5.4,1,0,0,9,6,1,10,1,6,0
Iker Benito,es ESP,MF,Osasuna,es La Liga,23.0,2002.0,5,1,150,1.7,1,0,1,1,0,0,1,0,0.6,271,es ESP,MF,es La Liga,23-219,2002.0,1.7,1,2,1,50.0,1.2,0.6,0.5,1.0,0,0,341,es ESP,MF,es La Liga,23-219,2002.0,5,150,30,6.0,1.7,1,71.0,0,4,20.0,3,0.8,2,1,1,0.6,0.71,271,es ESP,MF,es La Liga,23-219,2002.0,1.7,1,0,0,3,3,0,5,2,0,0
Mohamed Benoit Dao,fr FRA,FW,Paris FC,fr Ligue 1,19.0,2007.0,1,0,2,0.0,0,0,0,0,0,0,0,0,0.0,272,fr FRA,FW,fr Ligue 1,19-043,2007.0,0.0,0,0,0,,0.0,0.0,,,0,0,345,fr FRA,FW,fr Ligue 1,19-043,2007.0,1,2,2,0.1,0.0,0,,0,1,2.0,0,0.0,0,0,0,0.0,0.46,272,fr FRA,FW,fr Ligue 1,19-043,2007.0,0.0,0,0,0,0,0,0,1,0,0,0
Ramy Bensebaini,dz ALG,DF,Dortmund,de Bundesliga,30.0,1995.0,16,12,1166,13.0,2,0,2,2,0,0,5,0,0.15,273,dz ALG,DF,de Bundesliga,30-335,1995.0,13.0,2,10,4,40.0,0.77,0.31,0.2,0.5,0,0,346,dz ALG,DF,de Bundesliga,30-335,1995.0,16,1166,73,49.8,13.0,12,89.0,11,4,24.0,4,2.13,25,11,14,1.08,-0.07,273,dz ALG,DF,de Bundesliga,30-335,1995.0,13.0,5,0,0,26,11,1,7,11,10,0
Nabil Bentaleb,dz ALG,MF,Lille,fr Ligue 1,31.0,1994.0,21,9,927,10.3,2,2,4,1,1,1,3,0,0.29,274,dz ALG,MF,fr Ligue 1,31-113,1994.0,10.3,2,16,5,31.3,1.55,0.49,0.06,0.2,1,1,347,dz ALG,MF,fr Ligue 1,31-113,1994.0,21,927,44,39.6,10.3,9,84.0,6,12,15.0,1,1.9,20,17,3,0.29,0.04,274,dz ALG,MF,fr Ligue 1,31-113,1994.0,10.3,3,0,0,9,15,0,16,7,4,0
Lucas Beraldo,br BRA,DF,Paris Saint-Germain,fr Ligue 1,22.0,2003.0,11,10,823,9.1,1,0,1,1,0,0,1,0,0.11,276,br BRA,DF,fr Ligue 1,22-113,2003.0,9.1,1,3,1,33.3,0.33,0.11,0.33,1.0,0,0,351,br BRA,DF,fr Ligue 1,22-113,2003.0,11,823,75,36.6,9.1,10,82.0,7,1,1.0,13,2.45,20,8,12,1.31,0.05,276,br BRA,DF,fr Ligue 1,22-113,2003.0,9.1,1,0,0,12,2,0,0,8,7,0
Domenico Berardi,it ITA,FW,Sassuolo,it Serie A,31.0,1994.0,19,18,1488,16.5,7,3,10,5,2,3,2,0,0.48,277,it ITA,FW,it Serie A,31-228,1994.0,16.5,7,29,15,51.7,1.75,0.91,0.17,0.33,2,3,352,it ITA,FW,it Serie A,31-228,1994.0,19,1488,78,57.0,16.5,18,81.0,7,1,32.0,0,1.37,24,22,2,0.12,0.6,277,it ITA,FW,it Serie A,31-228,1994.0,16.5,2,0,0,25,30,10,44,17,17,0
Yuri Berchiche,es ESP,DF,Athletic Club,es La Liga,36.0,1990.0,24,23,2023,22.5,0,3,3,0,0,0,3,0,0.13,278,es ESP,DF,es La Liga,36-035,1990.0,22.5,0,15,3,20.0,0.67,0.13,0.0,0.0,0,0,353,es ESP,DF,es La Liga,36-035,1990.0,24,2023,84,80.3,22.5,23,86.0,21,1,45.0,2,1.42,26,29,-3,-0.13,1.13,278,es ESP,DF,es La Liga,36-035,1990.0,22.5,3,0,0,19,28,1,45,28,22,0
Álex Berenguer,es ESP,MF,Athletic Club,es La Liga,30.0,1995.0,23,20,1672,18.6,2,3,5,2,0,0,4,0,0.27,279,es ESP,MF,es La Liga,30-256,1995.0,18.6,2,34,18,52.9,1.83,0.97,0.06,0.11,0,0,355,es ESP,MF,es La Liga,30-256,1995.0,23,1672,73,66.3,18.6,20,78.0,8,3,40.0,0,1.0,18,23,-5,-0.27,0.26,279,es ESP,MF,es La Liga,30-256,1995.0,18.6,4,0,0,19,35,6,160,10,12,1
Medon Berisha,al ALB,MF,Lecce,it Serie A,22.0,2003.0,13,12,871,9.7,2,3,5,2,0,0,0,0,0.52,283,al ALB,MF,it Serie A,22-147,2003.0,9.7,2,24,5,20.8,2.48,0.52,0.08,0.4,0,0,359,al ALB,MF,it Serie A,22-147,2003.0,13,871,67,33.4,9.7,12,70.0,1,1,28.0,2,1.23,7,10,-3,-0.31,0.47,283,al ALB,MF,it Serie A,22-147,2003.0,9.7,0,0,0,11,10,1,58,5,12,0
Anthony Bermont,fr FRA,FW,Lens,fr Ligue 1,21.0,2005.0,9,0,92,1.0,0,0,0,0,0,0,0,0,0.0,284,fr FRA,FW,fr Ligue 1,21-035,2005.0,1.0,0,3,1,33.3,2.93,0.98,0.0,0.0,0,0,360,fr FRA,FW,fr Ligue 1,21-035,2005.0,9,92,10,3.9,1.0,0,,0,9,10.0,10,1.33,4,0,4,3.91,3.03,284,fr FRA,FW,fr Ligue 1,21-035,2005.0,1.0,0,0,0,2,0,0,11,3,0,0
Adrian Bernabe,es ESP,MF,Parma,it Serie A,24.0,2001.0,27,26,2109,23.4,3,1,4,3,0,0,0,0,0.17,285,es ESP,MF,it Serie A,24-295,2001.0,23.4,3,46,11,23.9,1.96,0.47,0.07,0.27,0,0,361,es ESP,MF,it Serie A,24-295,2001.0,27,2109,78,80.8,23.4,26,80.0,6,1,32.0,0,1.22,17,30,-13,-0.55,-0.2,285,es ESP,MF,it Serie A,24-295,2001.0,23.4,0,0,0,13,48,1,79,13,20,0
Marc Bernal,es ESP,MF,Barcelona,es La Liga,18.0,2007.0,15,5,449,5.0,2,1,3,2,0,0,3,0,0.6,286,es ESP,MF,es La Liga,18-295,2007.0,5.0,2,5,2,40.0,1.0,0.4,0.4,1.0,0,0,362,es ESP,MF,es La Liga,18-295,2007.0,15,449,30,17.8,5.0,5,57.0,0,10,16.0,10,2.8,15,6,9,1.8,0.07,286,es ESP,MF,es La Liga,18-295,2007.0,5.0,3,0,0,10,6,0,1,6,9,0
Gabin Bernardeau,fr FRA,MF,Nice,fr Ligue 1,20.0,2006.0,4,1,95,1.1,0,0,0,0,0,0,0,0,0.0,287,fr FRA,MF,fr Ligue 1,20-052,2006.0,1.1,0,3,1,33.3,2.84,0.95,0.0,0.0,0,0,363,fr FRA,MF,fr Ligue 1,20-052,2006.0,4,95,24,4.1,1.1,1,63.0,0,3,11.0,6,1.25,1,1,0,0.0,0.64,287,fr FRA,MF,fr Ligue 1,20-052,2006.0,1.1,0,0,0,1,3,1,5,0,4,0
Bernardo,br BRA,DF,Hoffenheim,de Bundesliga,30.0,1995.0,21,20,1773,19.7,0,0,0,0,0,0,6,0,0.0,289,br BRA,DF,de Bundesliga,30-307,1995.0,19.7,0,7,0,0.0,0.36,0.0,0.0,,0,0,365,br BRA,DF,de Bundesliga,30-307,1995.0,21,1773,84,75.8,19.7,20,88.0,15,1,17.0,1,1.9,39,24,15,0.76,-0.03,289,br BRA,DF,de Bundesliga,30-307,1995.0,19.7,6,0,0,34,9,2,14,29,33,0
Lorenzo Bernasconi,it ITA,MF,Atalanta,it Serie A,22.0,2003.0,19,14,1265,14.1,0,3,3,0,0,0,3,0,0.21,290,it ITA,MF,it Serie A,22-121,2003.0,14.1,0,9,1,11.1,0.64,0.07,0.0,0.0,0,0,366,it ITA,MF,it Serie A,22-121,2003.0,19,1265,67,48.5,14.1,14,82.0,10,5,23.0,10,1.95,18,8,10,0.71,0.51,290,it ITA,MF,it Serie A,22-121,2003.0,14.1,3,0,0,8,4,2,95,10,15,0
Antoine Bernede,fr FRA,MF,Hellas Verona,it Serie A,26.0,1999.0,24,22,1801,20.0,1,2,3,1,0,0,1,0,0.15,291,fr FRA,MF,it Serie A,26-295,1999.0,20.0,1,16,3,18.8,0.8,0.15,0.06,0.33,0,0,367,fr FRA,MF,it Serie A,26-295,1999.0,24,1801,75,69.0,20.0,22,78.0,10,2,41.0,0,0.63,16,34,-18,-0.9,0.32,291,fr FRA,MF,it Serie A,26-295,1999.0,20.0,1,0,0,46,16,0,21,12,31,0
Jan-Niklas Beste,de GER,MF,Freiburg,de Bundesliga,27.0,1999.0,20,15,1301,14.5,1,2,3,1,0,0,5,0,0.21,293,de GER,MF,de Bundesliga,27-072,1999.0,14.5,1,20,11,55.0,1.38,0.76,0.05,0.09,0,0,369,de GER,MF,de Bundesliga,27-072,1999.0,20,1301,65,55.6,14.5,15,81.0,5,5,18.0,1,1.5,25,20,5,0.35,1.3,293,de GER,MF,de Bundesliga,27-072,1999.0,14.5,5,0,0,13,26,4,87,14,16,0
Sam Beukema,nl NED,DF,Napoli,it Serie A,27.0,1998.0,17,14,1232,13.7,2,0,2,2,0,0,2,0,0.15,295,nl NED,DF,it Serie A,27-120,1998.0,13.7,2,6,3,50.0,0.44,0.22,0.33,0.67,0,0,373,nl NED,DF,it Serie A,27-120,1998.0,17,1232,72,47.2,13.7,14,85.0,11,3,16.0,9,2.06,24,17,7,0.51,-0.01,295,nl NED,DF,it Serie A,27-120,1998.0,13.7,2,0,0,14,4,0,5,11,14,0
Matteo Bianchetti,it ITA,DF,Cremonese,it Serie A,33.0,1993.0,21,20,1674,18.6,0,2,2,0,0,0,3,0,0.11,296,it ITA,DF,it Serie A,33-000,1993.0,18.6,0,6,1,16.7,0.32,0.05,0.0,0.0,0,0,375,it ITA,DF,it Serie A,33-000,1993.0,21,1674,80,64.1,18.6,20,82.0,12,1,30.0,5,1.05,19,29,-10,-0.54,0.52,296,it ITA,DF,it Serie A,33-000,1993.0,18.6,3,0,0,22,13,0,6,11,25,0
Mika Biereth,dk DEN,FW,Monaco,fr Ligue 1,23.0,2003.0,24,12,1004,11.2,2,2,4,2,0,0,0,0,0.36,297,dk DEN,FW,fr Ligue 1,23-037,2003.0,11.2,2,19,7,36.8,1.7,0.63,0.11,0.29,0,0,376,dk DEN,FW,fr Ligue 1,23-037,2003.0,24,1004,42,42.9,11.2,12,67.0,1,12,16.0,2,1.63,18,20,-2,-0.18,-0.85,297,dk DEN,FW,fr Ligue 1,23-037,2003.0,11.2,0,0,0,16,14,8,9,0,7,0
Pedro Bigas,es ESP,DF,Elche,es La Liga,35.0,1990.0,20,18,1476,16.4,0,2,2,0,0,0,3,0,0.12,298,es ESP,DF,es La Liga,35-183,1990.0,16.4,0,7,1,14.3,0.43,0.06,0.0,0.0,0,0,377,es ESP,DF,es La Liga,35-183,1990.0,20,1476,74,58.6,16.4,18,80.0,9,2,18.0,5,1.1,22,23,-1,-0.06,0.63,298,es ESP,DF,es La Liga,35-183,1990.0,16.4,3,0,0,16,16,0,20,24,15,0
Leonardo Bittencourt,de GER,MF,Werder Bremen,de Bundesliga,32.0,1993.0,12,2,343,3.8,0,1,1,0,0,0,3,0,0.26,305,de GER,MF,de Bundesliga,32-088,1993.0,3.8,0,4,0,0.0,1.05,0.0,0.0,,0,0,385,de GER,MF,de Bundesliga,32-088,1993.0,12,343,29,14.7,3.8,2,72.0,0,10,20.0,7,1.17,11,11,0,0.0,0.81,305,de GER,MF,de Bundesliga,32-088,1993.0,3.8,3,0,0,5,6,0,2,5,4,0
Emmanuel Biumla,fr FRA,DF,Angers,fr Ligue 1,20.0,2005.0,5,2,234,2.6,0,0,0,0,0,0,0,0,0.0,306,fr FRA,DF,fr Ligue 1,20-313,2005.0,2.6,0,0,0,,0.0,0.0,,,0,0,386,fr FRA,DF,fr Ligue 1,20-313,2005.0,5,234,47,10.0,2.6,2,59.0,0,3,39.0,12,0.6,0,6,-6,-2.31,-2.18,306,fr FRA,DF,fr Ligue 1,20-313,2005.0,2.6,0,0,0,2,4,0,0,2,3,0
Antonio Blanco,es ESP,MF,Alavés,es La Liga,25.0,2000.0,26,26,2226,24.7,1,1,2,1,0,0,6,0,0.08,308,es ESP,MF,es La Liga,25-237,2000.0,24.7,1,29,11,37.9,1.17,0.44,0.03,0.09,0,0,389,es ESP,MF,es La Liga,25-237,2000.0,26,2226,86,88.3,24.7,26,86.0,19,0,,1,0.92,19,34,-15,-0.61,-1.52,308,es ESP,MF,es La Liga,25-237,2000.0,24.7,6,0,0,51,27,2,24,42,42,0
Daley Blind,nl NED,DF,Girona,es La Liga,36.0,1990.0,26,25,2212,24.6,0,0,0,0,0,0,1,0,0.0,311,nl NED,DF,es La Liga,36-008,1990.0,24.6,0,3,1,33.3,0.12,0.04,0.0,0.0,0,0,395,nl NED,DF,es La Liga,36-008,1990.0,26,2212,85,87.8,24.6,25,87.0,23,1,27.0,0,1.23,26,38,-12,-0.49,-0.49,311,nl NED,DF,es La Liga,36-008,1990.0,24.6,1,0,0,13,11,0,11,34,30,0
Adam Boayar,ma MAR,MF,Elche,es La Liga,20.0,2005.0,7,0,104,1.2,1,0,1,1,0,0,0,0,0.87,312,ma MAR,MF,es La Liga,20-155,2005.0,1.2,1,5,2,40.0,4.33,1.73,0.2,0.5,0,0,396,ma MAR,MF,es La Liga,20-155,2005.0,7,104,15,4.1,1.2,0,,0,7,15.0,16,0.57,4,5,-1,-0.87,-0.57,312,ma MAR,MF,es La Liga,20-155,2005.0,1.2,0,0,0,0,1,1,2,1,2,0
Ben Bobzien,de GER,FW,Mainz 05,de Bundesliga,22.0,2003.0,1,0,9,0.1,0,0,0,0,0,0,0,0,0.0,315,de GER,FW,de Bundesliga,22-322,2003.0,0.1,0,0,0,,0.0,0.0,,,0,0,399,de GER,FW,de Bundesliga,22-322,2003.0,1,9,9,0.4,0.1,0,,0,1,9.0,12,1.0,1,0,1,10.0,10.42,315,de GER,FW,de Bundesliga,22-322,2003.0,0.1,0,0,0,0,0,0,1,0,2,0
Sacha Boey,fr FRA,DF,Bayern Munich,de Bundesliga,25.0,2000.0,9,5,463,5.1,0,0,0,0,0,0,1,0,0.0,317,fr FRA,DF,de Bundesliga,25-185,2000.0,5.1,0,6,0,0.0,1.17,0.0,0.0,,0,0,401,fr FRA,DF,de Bundesliga,25-185,2000.0,9,463,51,19.8,5.1,5,78.0,1,4,18.0,4,3.0,14,3,11,2.14,-0.59,317,fr FRA,DF,de Bundesliga,25-185,2000.0,5.1,1,0,0,10,8,0,6,7,4,0
Jeremie Boga,ci CIV,MF,Juventus,it Serie A,29.0,1997.0,6,1,200,2.2,3,0,3,3,0,0,0,0,1.35,319,ci CIV,MF,it Serie A,29-073,1997.0,2.2,3,11,6,54.5,4.95,2.7,0.27,0.5,0,0,403,ci CIV,MF,it Serie A,29-073,1997.0,6,200,33,7.7,2.2,1,78.0,0,5,24.0,0,1.33,9,3,6,2.7,2.07,319,ci CIV,MF,it Serie A,29-073,1997.0,2.2,0,0,0,1,3,1,11,1,2,0
Dmytro Bohdanov,ua UKR,MF,Union Berlin,de Bundesliga,19.0,2007.0,1,0,1,0.0,0,0,0,0,0,0,0,0,0.0,322,ua UKR,MF,de Bundesliga,19-011,2007.0,0.0,0,0,0,,0.0,0.0,,,0,0,406,ua UKR,MF,de Bundesliga,19-011,2007.0,1,1,1,0.0,0.0,0,,0,1,1.0,6,0.0,0,0,0,0.0,0.42,322,ua UKR,MF,de Bundesliga,19-011,2007.0,0.0,0,0,0,0,0,0,0,0,0,0
Adama Boiro,es ESP,DF,Athletic Club,es La Liga,23.0,2002.0,9,6,595,6.6,0,0,0,0,0,0,1,0,0.0,323,es ESP,DF,es La Liga,23-268,2002.0,6.6,0,1,0,0.0,0.15,0.0,0.0,,0,0,407,es ESP,DF,es La Liga,23-268,2002.0,9,595,66,23.6,6.6,6,80.0,4,3,38.0,19,0.67,5,13,-8,-1.21,-1.12,323,es ESP,DF,es La Liga,23-268,2002.0,6.6,1,0,0,4,7,0,15,14,7,0
Morgan Bokelé Mputu,cm CMR,MF,Metz,fr Ligue 1,22.0,2004.0,10,1,227,2.5,0,0,0,0,0,0,0,0,0.0,324,cm CMR,MF,fr Ligue 1,22-004,2004.0,2.5,0,3,1,33.3,1.19,0.4,0.0,0.0,0,0,408,cm CMR,MF,fr Ligue 1,22-004,2004.0,10,227,23,9.7,2.5,1,80.0,0,9,16.0,7,0.5,4,7,-3,-1.19,0.17,324,cm CMR,MF,fr Ligue 1,22-004,2004.0,2.5,0,0,0,2,8,0,5,1,4,0
Hugo Bolin,se SWE,MF,Gladbach,de Bundesliga,22.0,2003.0,6,3,275,3.1,0,0,0,0,0,0,0,0,0.0,325,se SWE,MF,de Bundesliga,22-236,2003.0,3.1,0,4,0,0.0,1.31,0.0,0.0,,0,0,409,se SWE,MF,de Bundesliga,22-236,2003.0,6,275,46,11.8,3.1,3,73.0,0,3,19.0,0,1.17,3,6,-3,-0.98,-0.55,325,se SWE,MF,de Bundesliga,22-236,2003.0,3.1,0,0,0,1,7,1,8,1,0,0
Daniel Boloca,ro ROU,MF,Sassuolo,it Serie A,27.0,1998.0,2,2,135,1.5,0,0,0,0,0,0,0,0,0.0,326,ro ROU,MF,it Serie A,27-085,1998.0,1.5,0,2,0,0.0,1.33,0.0,0.0,,0,0,410,ro ROU,MF,it Serie A,27-085,1998.0,2,135,68,5.2,1.5,2,68.0,1,0,,5,0.0,0,4,-4,-2.67,-2.67,326,ro ROU,MF,it Serie A,27-085,1998.0,1.5,0,0,0,0,1,0,1,2,2,0
Moïse Bombito,ca CAN,DF,Nice,fr Ligue 1,25.0,2000.0,2,2,145,1.6,0,0,0,0,0,0,1,0,0.0,327,ca CAN,DF,fr Ligue 1,25-352,2000.0,1.6,0,0,0,,0.0,0.0,,,0,0,413,ca CAN,DF,fr Ligue 1,25-352,2000.0,2,145,73,6.2,1.6,2,73.0,1,0,,1,1.0,3,3,0,0.0,0.66,327,ca CAN,DF,fr Ligue 1,25-352,2000.0,1.6,1,0,0,3,1,0,0,2,1,0
Federico Bonazzoli,it ITA,FW,Cremonese,it Serie A,28.0,1997.0,26,22,1761,19.6,6,1,7,5,1,1,3,0,0.31,328,it ITA,FW,it Serie A,28-300,1997.0,19.6,6,51,18,35.3,2.61,0.92,0.1,0.28,1,1,416,it ITA,FW,it Serie A,28-300,1997.0,26,1761,68,67.5,19.6,22,76.0,6,4,24.0,2,0.73,15,32,-17,-0.87,-0.44,328,it ITA,FW,it Serie A,28-300,1997.0,19.6,3,0,0,17,51,4,18,9,9,0
Warren Bondo,fr FRA,MF,Cremonese,it Serie A,22.0,2003.0,22,19,1475,16.4,0,0,0,0,0,0,5,0,0.0,329,fr FRA,MF,it Serie A,22-183,2003.0,16.4,0,5,0,0.0,0.31,0.0,0.0,,0,0,417,fr FRA,MF,it Serie A,22-183,2003.0,22,1475,67,56.5,16.4,19,73.0,7,3,30.0,2,1.0,15,25,-10,-0.61,0.26,329,fr FRA,MF,it Serie A,22-183,2003.0,16.4,5,0,0,33,28,0,2,9,13,0
Victor Boniface,ng NGA,FW,Werder Bremen,de Bundesliga,25.0,2000.0,11,2,333,3.7,0,2,2,0,0,0,1,0,0.54,331,ng NGA,FW,de Bundesliga,25-084,2000.0,3.7,0,16,6,37.5,4.32,1.62,0.0,0.0,0,0,420,ng NGA,FW,de Bundesliga,25-084,2000.0,11,333,30,14.2,3.7,2,74.0,0,9,21.0,0,1.36,5,8,-3,-0.81,-0.14,331,ng NGA,FW,de Bundesliga,25-084,2000.0,3.7,1,0,0,1,6,3,2,0,1,0
Rahim Bonkano,ne NIG,DF,Oviedo,es La Liga,24.0,2002.0,19,15,1414,15.7,0,0,0,0,0,0,1,0,0.0,332,ne NIG,DF,es La Liga,24-075,2002.0,15.7,0,2,0,0.0,0.13,0.0,0.0,,0,0,421,ne NIG,DF,es La Liga,24-075,2002.0,19,1414,74,56.1,15.7,15,88.0,13,4,23.0,7,0.68,9,26,-17,-1.08,-0.35,332,ne NIG,DF,es La Liga,24-075,2002.0,15.7,1,0,0,7,6,7,56,20,15,0
Ange-Yoan Bonny,fr FRA,FW,Inter,it Serie A,22.0,2003.0,24,8,786,8.7,5,3,8,5,0,0,0,0,0.92,333,fr FRA,FW,it Serie A,22-143,2003.0,8.7,5,19,8,42.1,2.18,0.92,0.26,0.63,0,0,422,fr FRA,FW,it Serie A,22-143,2003.0,24,786,33,30.1,8.7,8,68.0,1,16,15.0,2,2.21,24,8,16,1.83,0.55,333,fr FRA,FW,it Serie A,22-143,2003.0,8.7,0,0,0,14,17,8,1,1,6,0
Thiago Borbas,uy URU,FW,Oviedo,es La Liga,23.0,2002.0,5,0,49,0.5,0,0,0,0,0,0,1,0,0.0,334,uy URU,FW,es La Liga,23-344,2002.0,0.5,0,3,1,33.3,5.51,1.84,0.0,0.0,0,0,424,uy URU,FW,es La Liga,23-344,2002.0,5,49,10,1.9,0.5,0,,0,5,10.0,3,0.4,1,3,-2,-3.67,-2.8,334,uy URU,FW,es La Liga,23-344,2002.0,0.5,1,0,0,2,2,0,0,0,0,0
Gennaro Borrelli,it ITA,FW,Cagliari,it Serie A,26.0,2000.0,22,10,1038,11.5,3,1,4,3,0,0,3,0,0.35,336,it ITA,FW,it Serie A,26-007,2000.0,11.5,3,22,6,27.3,1.91,0.52,0.14,0.5,0,0,426,it ITA,FW,it Serie A,26-007,2000.0,22,1038,47,39.8,11.5,10,76.0,3,12,23.0,1,1.14,14,21,-7,-0.61,-0.44,336,it ITA,FW,it Serie A,26-007,2000.0,11.5,3,0,0,40,41,5,2,3,6,0
Sebastián Boselli,uy URU,DF,Getafe,es La Liga,22.0,2003.0,5,1,124,1.4,0,0,0,0,0,0,0,0,0.0,338,uy URU,DF,es La Liga,22-103,2003.0,1.4,0,2,1,50.0,1.45,0.73,0.0,0.0,0,0,428,uy URU,DF,es La Liga,22-103,2003.0,5,124,25,4.9,1.4,1,90.0,1,4,9.0,3,2.2,1,1,0,0.0,0.26,338,uy URU,DF,es La Liga,22-103,2003.0,1.4,0,0,0,1,0,0,1,0,5,0
Ayyoub Bouaddi,fr FRA,MF,Lille,fr Ligue 1,18.0,2007.0,23,21,1756,19.5,0,1,1,0,0,0,5,1,0.05,340,fr FRA,MF,fr Ligue 1,18-166,2007.0,19.5,0,14,4,28.6,0.72,0.21,0.0,0.0,0,0,431,fr FRA,MF,fr Ligue 1,18-166,2007.0,23,1756,76,75.0,19.5,21,82.0,12,2,14.0,1,1.52,22,22,0,0.0,-1.08,340,fr FRA,MF,fr Ligue 1,18-166,2007.0,19.5,5,1,0,30,18,0,14,22,32,0
Badredine Bouanani,dz ALG,MF,Nice,fr Ligue 1,21.0,2004.0,2,1,93,1.0,0,0,0,0,0,0,0,0,0.0,341,dz ALG,MF,fr Ligue 1,21-099,2004.0,1.0,0,1,0,0.0,0.97,0.0,0.0,,0,0,432,dz ALG,MF,fr Ligue 1,21-099,2004.0,2,93,47,4.0,1.0,1,75.0,0,1,18.0,0,1.5,1,0,1,0.97,1.65,341,dz ALG,MF,fr Ligue 1,21-099,2004.0,1.0,0,0,0,0,2,0,5,1,0,0
Badredine Bouanani,dz ALG,MF,Stuttgart,de Bundesliga,21.0,2004.0,12,5,444,4.9,0,0,0,0,0,0,1,0,0.0,342,dz ALG,MF,de Bundesliga,21-099,2004.0,4.9,0,13,2,15.4,2.64,0.41,0.0,0.0,0,0,433,dz ALG,MF,de Bundesliga,21-099,2004.0,12,444,37,19.0,4.9,5,72.0,1,7,12.0,11,2.0,12,5,7,1.42,0.94,342,dz ALG,MF,de Bundesliga,21-099,2004.0,4.9,1,0,0,1,6,1,19,4,3,0
Kaïl Boudache,fr FRA,FW,Nice,fr Ligue 1,19.0,2006.0,7,1,354,3.9,1,0,1,1,0,0,1,0,0.25,343,fr FRA,FW,fr Ligue 1,19-275,2006.0,3.9,1,9,2,22.2,2.29,0.51,0.11,0.5,0,0,435,fr FRA,FW,fr Ligue 1,19-275,2006.0,7,354,51,15.1,3.9,1,62.0,0,6,49.0,1,0.86,3,6,-3,-0.76,-0.17,343,fr FRA,FW,fr Ligue 1,19-275,2006.0,3.9,1,0,0,2,4,0,7,5,6,0
Hicham Boudaoui,dz ALG,MF,Nice,fr Ligue 1,26.0,1999.0,18,12,1110,12.3,1,2,3,1,0,0,4,0,0.24,344,dz ALG,MF,fr Ligue 1,26-175,1999.0,12.3,1,19,8,42.1,1.54,0.65,0.05,0.13,0,0,436,dz ALG,MF,fr Ligue 1,26-175,1999.0,18,1110,62,47.4,12.3,12,81.0,7,6,24.0,1,1.06,15,21,-6,-0.49,0.25,344,dz ALG,MF,fr Ligue 1,26-175,1999.0,12.3,4,0,0,12,24,1,14,13,10,0
Justin Bourgault,fr FRA,FW,Brest,fr Ligue 1,20.0,2005.0,1,0,16,0.2,0,0,0,0,0,0,0,0,0.0,346,fr FRA,FW,fr Ligue 1,20-184,2005.0,0.2,0,1,0,0.0,5.63,0.0,0.0,,0,0,439,fr FRA,FW,fr Ligue 1,20-184,2005.0,1,16,16,0.7,0.2,0,,0,1,16.0,9,0.0,0,2,-2,-11.25,-11.25,346,fr FRA,FW,fr Ligue 1,20-184,2005.0,0.2,0,0,0,0,0,0,0,1,0,0
Kieron Bowie,sct SCO,FW,Hellas Verona,it Serie A,23.0,2002.0,6,6,493,5.5,1,0,1,1,0,0,1,0,0.18,348,sct SCO,FW,it Serie A,23-177,2002.0,5.5,1,10,2,20.0,1.83,0.37,0.1,0.5,0,0,443,sct SCO,FW,it Serie A,23-177,2002.0,6,493,82,18.9,5.5,6,82.0,3,0,,0,0.67,4,9,-5,-0.91,0.11,348,sct SCO,FW,it Serie A,23-177,2002.0,5.5,1,0,0,14,12,1,4,0,1,0
Lucas Boyé,ar ARG,FW,Alavés,es La Liga,30.0,1996.0,22,18,1712,19.0,9,1,10,7,2,2,4,1,0.42,349,ar ARG,FW,es La Liga,30-017,1996.0,19.0,9,54,18,33.3,2.84,0.95,0.13,0.39,2,2,444,ar ARG,FW,es La Liga,30-017,1996.0,22,1712,78,67.9,19.0,18,87.0,15,4,35.0,0,1.09,21,26,-5,-0.26,0.52,349,ar ARG,FW,es La Liga,30-017,1996.0,19.0,4,1,1,51,31,9,9,7,24,0
Enzo Boyomo,cm CMR,DF,Osasuna,es La Liga,24.0,2001.0,21,20,1732,19.2,1,1,2,1,0,0,4,0,0.1,350,cm CMR,DF,es La Liga,24-161,2001.0,19.2,1,4,1,25.0,0.21,0.05,0.25,1.0,0,0,445,cm CMR,DF,es La Liga,24-161,2001.0,21,1732,82,68.7,19.2,20,86.0,16,1,18.0,2,1.19,22,25,-3,-0.16,-0.27,350,cm CMR,DF,es La Liga,24-161,2001.0,19.2,4,0,0,24,3,0,7,11,27,0
Rosen Bozhinov,bg BUL,DF,Pisa,it Serie A,21.0,2005.0,5,4,339,3.8,0,0,0,0,0,0,1,0,0.0,351,bg BUL,DF,it Serie A,21-053,2005.0,3.8,0,1,1,100.0,0.27,0.27,0.0,0.0,0,0,446,bg BUL,DF,it Serie A,21-053,2005.0,5,339,68,13.0,3.8,4,85.0,3,1,1.0,4,0.4,2,6,-4,-1.06,-0.19,351,bg BUL,DF,it Serie A,21-053,2005.0,3.8,1,0,0,8,1,1,1,8,2,0
Domagoj Bradarić,hr CRO,MF,Hellas Verona,it Serie A,26.0,1999.0,23,21,1784,19.8,0,0,0,0,0,0,2,0,0.0,352,hr CRO,MF,it Serie A,26-097,1999.0,19.8,0,9,5,55.6,0.45,0.25,0.0,0.0,0,0,447,hr CRO,MF,it Serie A,26-097,1999.0,23,1784,78,68.4,19.8,21,82.0,12,2,34.0,3,0.48,15,35,-20,-1.01,-0.03,352,hr CRO,MF,it Serie A,26-097,1999.0,19.8,2,0,0,8,9,2,84,9,18,0
Lilian Brassier,fr FRA,DF,Rennes,fr Ligue 1,26.0,1999.0,21,19,1710,19.0,0,1,1,0,0,0,1,0,0.05,357,fr FRA,DF,fr Ligue 1,26-135,1999.0,19.0,0,6,0,0.0,0.32,0.0,0.0,,0,0,453,fr FRA,DF,fr Ligue 1,26-135,1999.0,21,1710,81,73.1,19.0,19,86.0,16,2,36.0,3,1.67,34,26,8,0.42,0.71,357,fr FRA,DF,fr Ligue 1,26-135,1999.0,19.0,1,0,0,21,16,0,23,31,11,0
Iker Bravo,es ESP,FW,Udinese,it Serie A,21.0,2005.0,8,3,206,2.3,1,0,1,1,0,0,1,0,0.44,358,es ESP,FW,it Serie A,21-063,2005.0,2.3,1,4,1,25.0,1.75,0.44,0.25,1.0,0,0,454,es ESP,FW,it Serie A,21-063,2005.0,8,206,26,7.9,2.3,3,55.0,0,5,8.0,7,1.38,2,2,0,0.0,0.34,358,es ESP,FW,it Serie A,21-063,2005.0,2.3,1,0,0,3,1,0,4,0,1,0
Gleison Bremer,br BRA,DF,Juventus,it Serie A,28.0,1997.0,18,17,1451,16.1,3,3,6,3,0,0,2,0,0.37,360,br BRA,DF,it Serie A,28-364,1997.0,16.1,3,11,5,45.5,0.68,0.31,0.27,0.6,0,0,457,br BRA,DF,it Serie A,28-364,1997.0,18,1451,81,55.6,16.1,17,84.0,12,1,15.0,1,2.22,37,15,22,1.36,1.29,360,br BRA,DF,it Serie A,28-364,1997.0,16.1,2,0,0,14,8,0,1,18,11,0
Marco Brescianini,it ITA,MF,Fiorentina,it Serie A,26.0,2000.0,10,6,538,6.0,1,0,1,1,0,0,0,0,0.17,361,it ITA,MF,it Serie A,26-056,2000.0,6.0,1,9,2,22.2,1.51,0.33,0.11,0.5,0,0,458,it ITA,MF,it Serie A,26-056,2000.0,10,538,54,20.6,6.0,6,76.0,3,4,21.0,0,1.5,12,8,4,0.67,1.23,361,it ITA,MF,it Serie A,26-056,2000.0,6.0,0,0,0,6,8,0,9,1,2,0
Marco Brescianini,it ITA,MF,Atalanta,it Serie A,26.0,2000.0,9,0,182,2.0,1,0,1,1,0,0,1,0,0.49,362,it ITA,MF,it Serie A,26-056,2000.0,2.0,1,3,2,66.7,1.48,0.99,0.33,0.5,0,0,459,it ITA,MF,it Serie A,26-056,2000.0,9,182,20,7.0,2.0,0,,0,9,20.0,10,1.56,5,1,4,1.98,1.64,362,it ITA,MF,it Serie A,26-056,2000.0,2.0,1,0,0,4,2,0,6,2,8,0
Marius Broholm,no NOR,MF,Lille,fr Ligue 1,21.0,2004.0,11,3,279,3.1,1,1,2,0,1,1,0,0,0.32,366,no NOR,MF,fr Ligue 1,21-081,2004.0,3.1,1,4,3,75.0,1.29,0.97,0.0,0.0,1,1,466,no NOR,MF,fr Ligue 1,21-081,2004.0,11,279,25,11.9,3.1,3,53.0,0,8,15.0,5,1.0,8,7,1,0.32,0.06,366,no NOR,MF,fr Ligue 1,21-081,2004.0,3.1,0,0,0,4,8,0,14,2,6,0
Paris Brunner,de GER,FW,Monaco,fr Ligue 1,20.0,2006.0,6,1,117,1.3,0,0,0,0,0,0,1,0,0.0,371,de GER,FW,fr Ligue 1,20-030,2006.0,1.3,0,2,0,0.0,1.54,0.0,0.0,,0,0,471,de GER,FW,fr Ligue 1,20-030,2006.0,6,117,20,5.0,1.3,1,45.0,0,5,14.0,10,2.0,3,2,1,0.77,0.49,371,de GER,FW,fr Ligue 1,20-030,2006.0,1.3,1,0,0,8,1,1,1,1,2,0
Tajon Buchanan,ca CAN,MF,Villarreal,es La Liga,27.0,1999.0,26,17,1506,16.7,6,1,7,6,0,0,7,0,0.42,373,ca CAN,MF,es La Liga,27-037,1999.0,16.7,6,22,9,40.9,1.31,0.54,0.27,0.67,0,0,473,ca CAN,MF,es La Liga,27-037,1999.0,26,1506,58,59.8,16.7,17,75.0,5,9,26.0,1,1.88,29,15,14,0.84,0.48,373,ca CAN,MF,es La Liga,27-037,1999.0,16.7,7,0,0,17,33,7,26,21,17,0
Ante Budimir,hr CRO,FW,Osasuna,es La Liga,34.0,1991.0,27,25,2112,23.5,13,0,13,9,4,5,1,0,0.38,374,hr CRO,FW,es La Liga,34-238,1991.0,23.5,13,71,26,36.6,3.03,1.11,0.13,0.35,4,5,474,hr CRO,FW,es La Liga,34-238,1991.0,27,2112,78,83.8,23.5,25,83.0,13,2,22.0,0,1.26,24,27,-3,-0.13,-0.35,374,hr CRO,FW,es La Liga,34-238,1991.0,23.5,1,0,0,38,31,17,3,3,12,0
Manu Bueno,es ESP,MF,Sevilla,es La Liga,21.0,2004.0,5,0,94,1.0,0,0,0,0,0,0,0,0,0.0,377,es ESP,MF,es La Liga,21-233,2004.0,1.0,0,1,0,0.0,0.96,0.0,0.0,,0,0,477,es ESP,MF,es La Liga,21-233,2004.0,5,94,19,3.7,1.0,0,,0,5,19.0,21,2.4,3,0,3,2.87,3.35,377,es ESP,MF,es La Liga,21-233,2004.0,1.0,0,0,0,1,1,0,1,0,1,0
Louis Buffon,cz CZE,FW,Pisa,it Serie A,18.0,2007.0,4,0,32,0.4,0,0,0,0,0,0,0,0,0.0,379,cz CZE,FW,it Serie A,18-079,2007.0,0.4,0,0,0,,0.0,0.0,,,0,0,479,cz CZE,FW,it Serie A,18-079,2007.0,4,32,8,1.2,0.4,0,,0,4,8.0,16,0.0,0,1,-1,-2.81,-1.94,379,cz CZE,FW,it Serie A,18-079,2007.0,0.4,0,0,0,1,1,0,0,0,0,0
Adam Buksa,pl POL,FW,Udinese,it Serie A,29.0,1996.0,19,3,627,7.0,2,0,2,2,0,0,2,0,0.29,380,pl POL,FW,it Serie A,29-248,1996.0,7.0,2,9,4,44.4,1.29,0.57,0.22,0.5,0,0,481,pl POL,FW,it Serie A,29-248,1996.0,19,627,33,24.0,7.0,3,75.0,0,16,25.0,1,1.26,6,11,-5,-0.72,-0.54,380,pl POL,FW,it Serie A,29-248,1996.0,7.0,2,0,0,14,12,2,1,2,5,0
Andrija Bulatović,me MNE,MF,Lens,fr Ligue 1,19.0,2006.0,13,4,519,5.8,0,1,1,0,0,0,1,0,0.17,381,me MNE,MF,fr Ligue 1,19-080,2006.0,5.8,0,6,4,66.7,1.04,0.69,0.0,0.0,0,0,482,me MNE,MF,fr Ligue 1,19-080,2006.0,13,519,40,22.2,5.8,4,89.0,2,9,18.0,11,2.08,13,6,7,1.21,0.27,381,me MNE,MF,fr Ligue 1,19-080,2006.0,5.8,1,0,0,15,16,0,29,6,15,0
Alessandro Buongiorno,it ITA,DF,Napoli,it Serie A,26.0,1999.0,25,20,1833,20.4,0,1,1,0,0,0,2,0,0.05,385,it ITA,DF,it Serie A,26-284,1999.0,20.4,0,5,2,40.0,0.25,0.1,0.0,0.0,0,0,486,it ITA,DF,it Serie A,26-284,1999.0,25,1833,73,70.2,20.4,20,86.0,15,5,21.0,2,2.08,31,23,8,0.39,-0.42,385,it ITA,DF,it Serie A,26-284,1999.0,20.4,2,0,0,35,23,1,6,31,19,0
Wouter Burger,nl NED,MF,Hoffenheim,de Bundesliga,25.0,2001.0,23,23,1832,20.4,4,5,9,4,0,0,4,1,0.44,388,nl NED,MF,de Bundesliga,25-029,2001.0,20.4,4,27,12,44.4,1.33,0.59,0.15,0.33,0,0,489,nl NED,MF,de Bundesliga,25-029,2001.0,23,1832,80,78.3,20.4,23,80.0,13,0,,0,2.04,44,21,23,1.13,1.66,388,nl NED,MF,de Bundesliga,25-029,2001.0,20.4,4,1,0,45,9,1,64,14,33,0
Jonathan Burkardt,de GER,FW,Eintracht Frankfurt,de Bundesliga,25.0,2000.0,14,10,888,9.9,9,0,9,7,2,2,1,0,0.71,389,de GER,FW,de Bundesliga,25-249,2000.0,9.9,9,29,15,51.7,2.94,1.52,0.24,0.47,2,2,490,de GER,FW,de Bundesliga,25-249,2000.0,14,888,63,37.9,9.9,10,79.0,2,4,25.0,0,1.71,24,8,16,1.62,2.61,389,de GER,FW,de Bundesliga,25-249,2000.0,9.9,1,0,0,10,11,1,2,1,0,0
Vincent Burlet,be BEL,DF,Lille,fr Ligue 1,20.0,2005.0,1,0,19,0.2,0,0,0,0,0,0,0,0,0.0,391,be BEL,DF,fr Ligue 1,20-175,2005.0,0.2,0,0,0,,0.0,0.0,,,0,0,492,be BEL,DF,fr Ligue 1,20-175,2005.0,1,19,19,0.8,0.2,0,,0,1,19.0,2,1.0,0,1,-1,-4.74,-5.05,391,be BEL,DF,fr Ligue 1,20-175,2005.0,0.2,0,0,0,0,0,0,1,0,0,0
Aurélio Buta,pt POR,DF,Eintracht Frankfurt,de Bundesliga,29.0,1997.0,4,1,144,1.6,0,0,0,0,0,0,1,0,0.0,395,pt POR,DF,de Bundesliga,29-035,1997.0,1.6,0,1,0,0.0,0.62,0.0,0.0,,0,0,496,pt POR,DF,de Bundesliga,29-035,1997.0,4,144,36,6.2,1.6,1,90.0,1,3,18.0,8,1.75,0,8,-8,-5.0,-5.33,395,pt POR,DF,de Bundesliga,29-035,1997.0,1.6,1,0,0,3,2,0,2,0,5,0
William Bøving,dk DEN,MF,Mainz 05,de Bundesliga,23.0,2003.0,7,2,202,2.2,0,1,1,0,0,0,1,0,0.45,399,dk DEN,MF,de Bundesliga,23-016,2003.0,2.2,0,1,0,0.0,0.45,0.0,0.0,,0,0,500,dk DEN,MF,de Bundesliga,23-016,2003.0,7,202,29,8.6,2.2,2,77.0,1,5,10.0,15,0.71,3,6,-3,-1.34,-1.04,399,dk DEN,MF,de Bundesliga,23-016,2003.0,2.2,1,0,0,2,1,0,6,0,1,0
Jorge Cabello,es ESP,DF,Levante,es La Liga,21.0,2004.0,5,4,362,4.0,0,0,0,0,0,0,1,0,0.0,401,es ESP,DF,es La Liga,21-326,2004.0,4.0,0,0,0,,0.0,0.0,,,0,0,503,es ESP,DF,es La Liga,21-326,2004.0,5,362,72,14.4,4.0,4,79.0,2,1,45.0,10,0.0,3,9,-6,-1.49,-1.07,401,es ESP,DF,es La Liga,21-326,2004.0,4.0,1,0,0,3,3,0,0,0,3,0
Pape Cabral,fr FRA,MF,Monaco,fr Ligue 1,19.0,2007.0,4,0,77,0.9,0,0,0,0,0,0,0,0,0.0,402,fr FRA,MF,fr Ligue 1,19-056,2007.0,0.9,0,3,2,66.7,3.51,2.34,0.0,0.0,0,0,504,fr FRA,MF,fr Ligue 1,19-056,2007.0,4,77,19,3.3,0.9,0,,0,4,19.0,4,1.5,3,2,1,1.17,0.89,402,fr FRA,MF,fr Ligue 1,19-056,2007.0,0.9,0,0,0,1,1,0,0,1,1,0
Leandro Cabrera,uy URU,DF,Espanyol,es La Liga,34.0,1991.0,27,27,2430,27.0,3,0,3,3,0,0,2,0,0.11,403,uy URU,DF,es La Liga,34-273,1991.0,27.0,3,29,9,31.0,1.07,0.33,0.1,0.33,0,0,505,uy URU,DF,es La Liga,34-273,1991.0,27,2430,90,96.4,27.0,27,90.0,27,0,,0,1.33,35,42,-7,-0.26,-0.26,403,uy URU,DF,es La Liga,34-273,1991.0,27.0,2,0,0,23,7,1,15,17,19,0
Anthony Caci,fr FRA,MF,Mainz 05,de Bundesliga,28.0,1997.0,4,4,310,3.4,0,0,0,0,0,0,1,0,0.0,404,fr FRA,MF,de Bundesliga,28-259,1997.0,3.4,0,5,0,0.0,1.45,0.0,0.0,,0,0,506,fr FRA,MF,de Bundesliga,28-259,1997.0,4,310,78,13.2,3.4,4,78.0,1,0,,0,1.0,5,3,2,0.58,1.11,404,fr FRA,MF,de Bundesliga,28-259,1997.0,3.4,1,0,0,5,3,1,21,3,3,0
Noah Cadiou,gp GLP,MF,Lorient,fr Ligue 1,27.0,1998.0,20,12,1159,12.9,1,1,2,1,0,0,0,0,0.16,405,gp GLP,MF,fr Ligue 1,27-142,1998.0,12.9,1,11,6,54.5,0.85,0.47,0.09,0.17,0,0,507,gp GLP,MF,fr Ligue 1,27-142,1998.0,20,1159,58,49.5,12.9,12,83.0,9,8,20.0,4,1.6,20,22,-2,-0.16,-0.08,405,gp GLP,MF,fr Ligue 1,27-142,1998.0,12.9,0,0,0,18,11,0,3,15,12,0
Mathieu Cafaro,fr FRA,FW,Paris FC,fr Ligue 1,28.0,1997.0,9,1,149,1.7,0,0,0,0,0,0,0,0,0.0,406,fr FRA,FW,fr Ligue 1,28-357,1997.0,1.7,0,6,1,16.7,3.62,0.6,0.0,0.0,0,0,508,fr FRA,FW,fr Ligue 1,28-357,1997.0,9,149,17,6.4,1.7,1,59.0,0,8,11.0,9,0.67,3,3,0,0.0,0.49,406,fr FRA,FW,fr Ligue 1,28-357,1997.0,1.7,0,0,0,2,4,2,7,0,0,0
Arturo Calabresi,it ITA,DF,Pisa,it Serie A,30.0,1996.0,20,12,1087,12.1,0,0,0,0,0,0,5,0,0.0,409,it ITA,DF,it Serie A,30-000,1996.0,12.1,0,4,1,25.0,0.33,0.08,0.0,0.0,0,0,511,it ITA,DF,it Serie A,30-000,1996.0,20,1087,54,41.6,12.1,12,74.0,3,8,25.0,8,0.8,13,18,-5,-0.41,0.83,409,it ITA,DF,it Serie A,30-000,1996.0,12.1,5,0,0,19,16,0,16,15,8,0
Calebe,br BRA,MF,Alavés,es La Liga,25.0,2000.0,17,13,717,8.0,0,0,0,0,0,0,2,0,0.0,411,br BRA,MF,es La Liga,25-321,2000.0,8.0,0,5,1,20.0,0.63,0.13,0.0,0.0,0,0,513,br BRA,MF,es La Liga,25-321,2000.0,17,717,42,28.5,8.0,13,52.0,0,4,11.0,10,1.18,7,8,-1,-0.13,0.42,411,br BRA,MF,es La Liga,25-321,2000.0,8.0,2,0,0,18,18,0,16,7,14,0
Fernando Calero,es ESP,DF,Espanyol,es La Liga,30.0,1995.0,21,18,1594,17.7,0,0,0,0,0,0,3,0,0.0,412,es ESP,DF,es La Liga,30-184,1995.0,17.7,0,9,1,11.1,0.51,0.06,0.0,0.0,0,0,514,es ESP,DF,es La Liga,30-184,1995.0,21,1594,76,63.3,17.7,18,84.0,13,3,26.0,5,1.48,17,24,-7,-0.4,-0.4,412,es ESP,DF,es La Liga,30-184,1995.0,17.7,3,0,0,6,5,0,1,23,13,0
Duje Ćaleta-Car,hr CRO,DF,Real Sociedad,es La Liga,29.0,1996.0,19,17,1505,16.7,1,0,1,1,0,0,4,1,0.06,413,hr CRO,DF,es La Liga,29-181,1996.0,16.7,1,10,2,20.0,0.6,0.12,0.1,0.5,0,0,515,hr CRO,DF,es La Liga,29-181,1996.0,19,1505,79,59.7,16.7,17,86.0,15,2,22.0,8,1.47,25,22,3,0.18,0.36,413,hr CRO,DF,es La Liga,29-181,1996.0,16.7,4,1,0,21,6,1,1,23,11,0
Hakan Çalhanoğlu,tr TUR,MF,Inter,it Serie A,32.0,1994.0,18,16,1331,14.8,8,2,10,4,4,5,6,0,0.41,414,tr TUR,MF,it Serie A,32-037,1994.0,14.8,8,45,15,33.3,3.04,1.01,0.09,0.27,4,5,516,tr TUR,MF,it Serie A,32-037,1994.0,18,1331,74,51.0,14.8,16,79.0,6,2,35.0,2,2.22,31,12,19,1.28,-0.33,414,tr TUR,MF,it Serie A,32-037,1994.0,14.8,6,0,0,21,11,0,74,11,13,0
Dani Calvo,es ESP,DF,Oviedo,es La Liga,31.0,1994.0,13,10,981,10.9,0,0,0,0,0,0,3,0,0.0,416,es ESP,DF,es La Liga,31-350,1994.0,10.9,0,0,0,,0.0,0.0,,,0,0,519,es ESP,DF,es La Liga,31-350,1994.0,13,981,75,38.9,10.9,10,90.0,10,3,27.0,14,0.86,4,16,-12,-1.1,-0.28,416,es ESP,DF,es La Liga,31-350,1994.0,10.9,3,0,0,9,4,0,1,5,8,0
Amady Camara,ml MLI,FW,Nantes,fr Ligue 1,20.0,2005.0,10,1,171,1.9,0,0,0,0,0,0,0,0,0.0,418,ml MLI,FW,fr Ligue 1,20-293,2005.0,1.9,0,6,0,0.0,3.16,0.0,0.0,,0,0,522,ml MLI,FW,fr Ligue 1,20-293,2005.0,10,171,17,7.6,1.9,1,45.0,0,9,14.0,7,0.6,4,5,-1,-0.53,0.3,418,ml MLI,FW,fr Ligue 1,20-293,2005.0,1.9,0,0,0,3,2,0,17,1,3,0
Dawda Camara,mr MTN,FW,Girona,es La Liga,23.0,2002.0,2,1,72,0.8,0,0,0,0,0,0,0,0,0.0,419,mr MTN,FW,es La Liga,23-133,2002.0,0.8,0,2,1,50.0,2.5,1.25,0.0,0.0,0,0,523,mr MTN,FW,es La Liga,23-133,2002.0,2,72,36,2.9,0.8,1,45.0,0,1,27.0,0,0.0,0,4,-4,-5.0,-4.71,419,mr MTN,FW,es La Liga,23-133,2002.0,0.8,0,0,0,2,0,0,0,1,0,0
Lamine Camara,sn SEN,MF,Monaco,fr Ligue 1,22.0,2004.0,17,15,1295,14.4,0,4,4,0,0,0,4,0,0.28,420,sn SEN,MF,fr Ligue 1,22-075,2004.0,14.4,0,14,1,7.1,0.97,0.07,0.0,0.0,0,0,527,sn SEN,MF,fr Ligue 1,22-075,2004.0,17,1295,76,55.3,14.4,15,84.0,10,2,17.0,0,2.06,29,13,16,1.11,1.8,420,sn SEN,MF,fr Ligue 1,22-075,2004.0,14.4,4,0,0,19,38,0,68,31,26,0
Mahdi Camara,fr FRA,MF,Rennes,fr Ligue 1,27.0,1998.0,24,23,1952,21.7,3,1,4,3,0,0,4,1,0.18,421,fr FRA,MF,fr Ligue 1,27-260,1998.0,21.7,3,19,8,42.1,0.88,0.37,0.16,0.38,0,0,528,fr FRA,MF,fr Ligue 1,27-260,1998.0,24,1952,81,83.4,21.7,23,84.0,18,1,27.0,0,1.63,38,28,10,0.46,1.39,421,fr FRA,MF,fr Ligue 1,27-260,1998.0,21.7,4,1,0,28,23,3,24,20,24,0
Ousmane Camara,ml MLI,DF,Angers,fr Ligue 1,23.0,2003.0,25,24,2133,23.7,1,0,1,1,0,0,2,0,0.04,422,ml MLI,DF,fr Ligue 1,23-011,2003.0,23.7,1,6,2,33.3,0.25,0.08,0.17,0.5,0,0,529,ml MLI,DF,fr Ligue 1,23-011,2003.0,25,2133,85,91.2,23.7,24,88.0,23,1,18.0,0,1.28,22,25,-3,-0.13,2.48,422,ml MLI,DF,fr Ligue 1,23-011,2003.0,23.7,2,0,0,17,6,1,3,27,27,0
Francesco Camarda,it ITA,FW,Lecce,it Serie A,18.0,2008.0,17,7,639,7.1,1,0,1,1,0,1,1,0,0.14,423,it ITA,FW,it Serie A,18-007,2008.0,7.1,1,13,3,23.1,1.83,0.42,0.08,0.33,0,1,530,it ITA,FW,it Serie A,18-007,2008.0,17,639,38,24.5,7.1,7,62.0,0,10,20.0,1,0.82,4,9,-5,-0.7,-0.11,423,it ITA,FW,it Serie A,18-007,2008.0,7.1,1,0,0,12,4,1,1,0,1,0
Eduardo Camavinga,fr FRA,MF,Real Madrid,es La Liga,23.0,2002.0,20,12,1142,12.7,1,0,1,1,0,0,1,0,0.08,424,fr FRA,MF,es La Liga,23-127,2002.0,12.7,1,10,2,20.0,0.79,0.16,0.1,0.5,0,0,531,fr FRA,MF,es La Liga,23-127,2002.0,20,1142,57,45.3,12.7,12,78.0,6,8,27.0,1,2.4,31,10,21,1.65,0.68,424,fr FRA,MF,es La Liga,23-127,2002.0,12.7,1,0,0,27,25,1,2,12,29,0
Axel Camblan,fr FRA,FW,Brest,fr Ligue 1,22.0,2003.0,1,0,12,0.1,0,0,0,0,0,0,0,0,0.0,427,fr FRA,FW,fr Ligue 1,22-199,2003.0,0.1,0,0,0,,0.0,0.0,,,0,0,534,fr FRA,FW,fr Ligue 1,22-199,2003.0,1,12,12,0.5,0.1,0,,0,1,12.0,2,0.0,0,0,0,0.0,0.08,427,fr FRA,FW,fr Ligue 1,22-199,2003.0,0.1,0,0,0,0,0,0,0,0,0,0
Sergio Camello,es ESP,FW,Rayo Vallecano,es La Liga,25.0,2001.0,13,4,458,5.1,0,0,0,0,0,0,2,1,0.0,428,es ESP,FW,es La Liga,25-035,2001.0,5.1,0,9,4,44.4,1.77,0.79,0.0,0.0,0,0,535,es ESP,FW,es La Liga,25-035,2001.0,13,458,35,18.2,5.1,4,71.0,1,9,19.0,9,0.43,3,12,-9,-1.77,-1.9,428,es ESP,FW,es La Liga,25-035,2001.0,5.1,2,1,0,3,9,2,1,2,2,0
Cole Campbell,us USA,FW,Hoffenheim,de Bundesliga,20.0,2006.0,1,0,5,0.1,0,0,0,0,0,0,0,0,0.0,429,us USA,FW,de Bundesliga,20-025,2006.0,0.1,0,0,0,,0.0,0.0,,,0,0,536,us USA,FW,de Bundesliga,20-025,2006.0,1,5,5,0.2,0.1,0,,0,1,5.0,2,0.0,0,0,0,0.0,-0.77,429,us USA,FW,de Bundesliga,20-025,2006.0,0.1,0,0,0,0,0,0,0,0,0,0
Cole Campbell,us USA,FW,Dortmund,de Bundesliga,20.0,2006.0,1,0,17,0.2,0,0,0,0,0,0,0,0,0.0,430,us USA,FW,de Bundesliga,20-025,2006.0,0.2,0,1,0,0.0,5.29,0.0,0.0,,0,0,537,us USA,FW,de Bundesliga,20-025,2006.0,1,17,17,0.7,0.2,0,,0,1,17.0,4,3.0,0,0,0,0.0,-1.12,430,us USA,FW,de Bundesliga,20-025,2006.0,0.2,0,0,0,0,0,0,1,0,0,0
Emre Can,de GER,DF,Dortmund,de Bundesliga,32.0,1994.0,9,7,621,6.9,3,0,3,0,3,3,3,0,0.0,431,de GER,DF,de Bundesliga,32-064,1994.0,6.9,3,5,4,80.0,0.72,0.58,0.0,0.0,3,3,539,de GER,DF,de Bundesliga,32-064,1994.0,9,621,69,26.5,6.9,7,80.0,4,2,30.0,3,1.78,16,8,8,1.16,0.06,431,de GER,DF,de Bundesliga,32-064,1994.0,6.9,3,0,0,10,10,0,2,13,8,0
João Cancelo,pt POR,DF,Barcelona,es La Liga,31.0,1994.0,6,4,346,3.8,1,1,2,1,0,0,0,0,0.52,433,pt POR,DF,es La Liga,31-294,1994.0,3.8,1,4,1,25.0,1.04,0.26,0.25,1.0,0,0,541,pt POR,DF,es La Liga,31-294,1994.0,6,346,58,13.7,3.8,4,76.0,2,2,21.0,3,2.5,13,2,11,2.86,1.29,433,pt POR,DF,es La Liga,31-294,1994.0,3.8,0,0,0,3,4,1,8,8,3,0
Fali Candé,gw GNB,DF,Sassuolo,it Serie A,28.0,1998.0,12,5,509,5.7,0,0,0,0,0,0,2,0,0.0,434,gw GNB,DF,it Serie A,28-052,1998.0,5.7,0,3,0,0.0,0.53,0.0,0.0,,0,0,542,gw GNB,DF,it Serie A,28-052,1998.0,12,509,42,19.5,5.7,5,72.0,1,7,22.0,6,0.92,9,6,3,0.53,0.83,434,gw GNB,DF,it Serie A,28-052,1998.0,5.7,2,0,0,9,6,0,4,2,9,0
Simone Canestrelli,it ITA,DF,Pisa,it Serie A,25.0,2000.0,28,27,2406,26.7,0,0,0,0,0,0,2,0,0.0,435,it ITA,DF,it Serie A,25-187,2000.0,26.7,0,11,1,9.1,0.41,0.04,0.0,0.0,0,0,543,it ITA,DF,it Serie A,25-187,2000.0,28,2406,86,92.2,26.7,27,88.0,26,1,21.0,1,0.64,22,44,-22,-0.82,0.94,435,it ITA,DF,it Serie A,25-187,2000.0,26.7,2,0,0,31,16,1,9,21,20,0
Pierrick Capelle,fr FRA,MF,Angers,fr Ligue 1,38.0,1987.0,8,1,239,2.7,0,0,0,0,0,0,0,0,0.0,439,fr FRA,MF,fr Ligue 1,38-336,1987.0,2.7,0,3,0,0.0,1.13,0.0,0.0,,0,0,547,fr FRA,MF,fr Ligue 1,38-336,1987.0,8,239,30,10.2,2.7,1,63.0,0,7,25.0,17,1.13,2,2,0,0.0,0.39,439,fr FRA,MF,fr Ligue 1,38-336,1987.0,2.7,0,0,0,6,9,0,7,3,7,0
Maxence Caqueret,fr FRA,MF,Como,it Serie A,26.0,2000.0,23,14,1180,13.1,2,4,6,2,0,0,2,0,0.46,441,fr FRA,MF,it Serie A,26-030,2000.0,13.1,2,16,4,25.0,1.22,0.31,0.13,0.5,0,0,549,fr FRA,MF,it Serie A,26-030,2000.0,23,1180,51,45.2,13.1,14,70.0,1,9,23.0,6,1.78,24,8,16,1.22,0.59,441,fr FRA,MF,it Serie A,26-030,2000.0,13.1,2,0,0,19,18,1,28,9,19,0
Antonio Caracciolo,it ITA,DF,Pisa,it Serie A,35.0,1990.0,27,26,2353,26.1,2,0,2,2,0,0,7,0,0.08,442,it ITA,DF,it Serie A,35-260,1990.0,26.1,2,19,5,26.3,0.73,0.19,0.11,0.4,0,0,550,it ITA,DF,it Serie A,35-260,1990.0,27,2353,87,90.2,26.1,26,89.0,23,1,29.0,1,0.63,19,40,-21,-0.8,0.95,442,it ITA,DF,it Serie A,35-260,1990.0,26.1,7,0,0,28,10,0,2,41,33,1
Franco Carboni,it ITA,MF,Parma,it Serie A,22.0,2003.0,2,0,5,0.1,0,0,0,0,0,0,0,0,0.0,443,it ITA,MF,it Serie A,22-347,2003.0,0.1,0,0,0,,0.0,0.0,,,0,0,551,it ITA,MF,it Serie A,22-347,2003.0,2,5,3,0.2,0.1,0,,0,2,3.0,5,2.0,1,0,1,18.0,18.55,443,it ITA,MF,it Serie A,22-347,2003.0,0.1,0,0,0,0,0,0,0,0,0,0
Valentin Carboni,ar ARG,MF,Genoa,it Serie A,21.0,2005.0,12,3,359,4.0,0,0,0,0,0,0,2,0,0.0,444,ar ARG,MF,it Serie A,21-012,2005.0,4.0,0,6,2,33.3,1.5,0.5,0.0,0.0,0,0,552,ar ARG,MF,it Serie A,21-012,2005.0,12,359,30,13.8,4.0,3,66.0,0,9,18.0,6,0.67,2,4,-2,-0.5,-0.42,444,ar ARG,MF,it Serie A,21-012,2005.0,4.0,2,0,0,11,5,0,7,2,8,0
Sergi Cardona,es ESP,DF,Villarreal,es La Liga,26.0,1999.0,23,16,1544,17.2,0,3,3,0,0,0,4,0,0.17,445,es ESP,DF,es La Liga,26-252,1999.0,17.2,0,14,3,21.4,0.82,0.17,0.0,0.0,0,0,557,es ESP,DF,es La Liga,26-252,1999.0,23,1544,67,61.3,17.2,16,86.0,12,7,24.0,5,2.0,28,21,7,0.41,-0.61,445,es ESP,DF,es La Liga,26-252,1999.0,17.2,4,0,0,21,17,1,55,30,24,0
Fábio Cardoso,pt POR,DF,Sevilla,es La Liga,31.0,1994.0,4,4,295,3.3,0,0,0,0,0,0,0,0,0.0,446,pt POR,DF,es La Liga,31-332,1994.0,3.3,0,0,0,,0.0,0.0,,,0,0,558,pt POR,DF,es La Liga,31-332,1994.0,4,295,74,11.7,3.3,4,74.0,1,0,,18,1.5,6,5,1,0.31,0.75,446,pt POR,DF,es La Liga,31-332,1994.0,3.3,0,0,0,9,1,0,0,4,3,0
Johnny Cardoso,us USA,MF,Atlético Madrid,es La Liga,24.0,2001.0,12,10,708,7.9,0,0,0,0,0,0,4,0,0.0,447,us USA,MF,es La Liga,24-178,2001.0,7.9,0,2,0,0.0,0.25,0.0,0.0,,0,0,559,us USA,MF,es La Liga,24-178,2001.0,12,708,59,28.1,7.9,10,65.0,2,2,31.0,8,1.58,11,7,4,0.51,-0.39,447,us USA,MF,es La Liga,24-178,2001.0,7.9,4,0,0,16,11,0,3,11,17,0
Maycon Cardozo,br BRA,MF,Bayern Munich,de Bundesliga,17.0,2008.0,1,0,30,0.3,0,0,0,0,0,0,0,0,0.0,448,br BRA,MF,de Bundesliga,17-158,2008.0,0.3,0,0,0,,0.0,0.0,,,0,0,561,br BRA,MF,de Bundesliga,17-158,2008.0,1,30,30,1.3,0.3,0,,0,1,30.0,1,3.0,1,1,0,0.0,-2.65,448,br BRA,MF,de Bundesliga,17-158,2008.0,0.3,0,0,0,0,2,0,1,0,0,0
Igor Carioca,br BRA,DF,Lorient,fr Ligue 1,29.0,1996.0,14,13,1197,13.3,1,0,1,1,0,0,1,0,0.08,449,br BRA,DF,fr Ligue 1,29-208,1996.0,13.3,1,7,1,14.3,0.53,0.08,0.14,1.0,0,0,562,br BRA,DF,fr Ligue 1,29-208,1996.0,14,1197,86,51.2,13.3,13,89.0,11,1,45.0,8,1.43,21,22,-1,-0.08,0.08,449,br BRA,DF,fr Ligue 1,29-208,1996.0,13.3,1,0,0,9,18,1,20,13,19,0
Diego Carlos,br BRA,DF,Como,it Serie A,33.0,1993.0,20,15,1493,16.6,1,0,1,1,0,0,6,0,0.06,451,br BRA,DF,it Serie A,33-002,1993.0,16.6,1,3,2,66.7,0.18,0.12,0.33,0.5,0,0,564,br BRA,DF,it Serie A,33-002,1993.0,20,1493,75,57.2,16.6,15,86.0,13,5,40.0,6,2.0,25,14,11,0.66,-0.55,451,br BRA,DF,it Serie A,33-002,1993.0,16.6,6,0,0,26,6,1,1,13,12,0
Kevin Carlos,es ESP,FW,Nice,fr Ligue 1,24.0,2001.0,17,9,812,9.0,0,0,0,0,0,0,3,0,0.0,452,es ESP,FW,fr Ligue 1,24-341,2001.0,9.0,0,20,7,35.0,2.22,0.78,0.0,0.0,0,0,566,es ESP,FW,fr Ligue 1,24-341,2001.0,17,812,48,34.7,9.0,9,66.0,2,8,27.0,6,1.0,12,14,-2,-0.22,0.6,452,es ESP,FW,fr Ligue 1,24-341,2001.0,9.0,3,0,0,26,14,5,3,1,1,0
David Carmo,ao ANG,DF,Oviedo,es La Liga,26.0,1999.0,21,19,1722,19.1,1,0,1,1,0,0,8,1,0.05,453,ao ANG,DF,es La Liga,26-241,1999.0,19.1,1,10,3,30.0,0.52,0.16,0.1,0.33,0,0,567,ao ANG,DF,es La Liga,26-241,1999.0,21,1722,82,68.3,19.1,19,88.0,17,2,25.0,2,0.62,14,33,-19,-0.99,-0.2,453,ao ANG,DF,es La Liga,26-241,1999.0,19.1,8,1,1,20,4,0,2,21,17,0
Sergio Carreira,es ESP,MF,Celta Vigo,es La Liga,25.0,2000.0,24,21,1914,21.3,2,1,3,2,0,0,2,0,0.14,456,es ESP,MF,es La Liga,25-155,2000.0,21.3,2,12,5,41.7,0.56,0.24,0.17,0.4,0,0,570,es ESP,MF,es La Liga,25-155,2000.0,24,1914,80,76.0,21.3,21,89.0,18,3,18.0,3,1.54,31,25,6,0.28,0.13,456,es ESP,MF,es La Liga,25-155,2000.0,21.3,2,0,0,14,27,1,24,21,15,0
Gorka Carrera,es ESP,FW,Real Sociedad,es La Liga,20.0,2005.0,1,0,14,0.2,0,0,0,0,0,0,0,0,0.0,457,es ESP,FW,es La Liga,20-306,2005.0,0.2,0,0,0,,0.0,0.0,,,0,0,571,es ESP,FW,es La Liga,20-306,2005.0,1,14,14,0.6,0.2,0,,0,1,14.0,0,0.0,1,1,0,0.0,-0.04,457,es ESP,FW,es La Liga,20-306,2005.0,0.2,0,0,0,0,1,0,0,0,0,0
Álvaro Carreras,es ESP,DF,Real Madrid,es La Liga,22.0,2003.0,23,22,1968,21.9,2,2,4,2,0,0,5,1,0.18,458,es ESP,DF,es La Liga,22-359,2003.0,21.9,2,8,2,25.0,0.37,0.09,0.25,1.0,0,0,572,es ESP,DF,es La Liga,22-359,2003.0,23,1968,86,78.1,21.9,22,89.0,19,1,1.0,1,2.22,47,18,29,1.33,0.18,458,es ESP,DF,es La Liga,22-359,2003.0,21.9,5,1,0,16,26,4,28,33,16,0
Dani Carvajal,es ESP,DF,Real Madrid,es La Liga,34.0,1992.0,11,6,596,6.6,0,0,0,0,0,0,0,0,0.0,459,es ESP,DF,es La Liga,34-065,1992.0,6.6,0,3,0,0.0,0.45,0.0,0.0,,0,0,574,es ESP,DF,es La Liga,34-065,1992.0,11,596,54,23.7,6.6,6,78.0,2,5,26.0,7,2.18,12,6,6,0.91,-0.5,459,es ESP,DF,es La Liga,34-065,1992.0,6.6,0,0,0,5,7,0,5,4,9,0
Cesare Casadei,it ITA,MF,Torino,it Serie A,23.0,2003.0,25,16,1614,17.9,4,0,4,4,0,0,5,0,0.22,461,it ITA,MF,it Serie A,23-066,2003.0,17.9,4,29,14,48.3,1.62,0.78,0.14,0.29,0,0,576,it ITA,MF,it Serie A,23-066,2003.0,25,1614,65,61.8,17.9,16,85.0,13,9,27.0,3,1.2,20,32,-12,-0.67,-0.13,461,it ITA,MF,it Serie A,23-066,2003.0,17.9,5,0,0,44,13,2,2,8,12,0
Marc Casado,es ESP,MF,Barcelona,es La Liga,22.0,2003.0,18,9,836,9.3,0,1,1,0,0,0,0,0,0.11,462,es ESP,MF,es La Liga,22-184,2003.0,9.3,0,9,0,0.0,0.97,0.0,0.0,,0,0,577,es ESP,MF,es La Liga,22-184,2003.0,18,836,46,33.2,9.3,9,78.0,5,9,15.0,10,2.83,23,7,16,1.72,-0.04,462,es ESP,MF,es La Liga,22-184,2003.0,9.3,0,0,0,21,15,0,0,7,7,0
Nicolò Casale,it ITA,DF,Bologna,it Serie A,28.0,1998.0,11,7,588,6.5,0,0,0,0,0,0,0,0,0.0,463,it ITA,DF,it Serie A,28-031,1998.0,6.5,0,4,0,0.0,0.61,0.0,0.0,,0,0,578,it ITA,DF,it Serie A,28-031,1998.0,11,588,53,22.5,6.5,7,70.0,4,4,25.0,13,1.09,8,13,-5,-0.77,-1.17,463,it ITA,DF,it Serie A,28-031,1998.0,6.5,0,0,0,10,4,0,2,7,1,0
Cristian Cásseres Jr.,ve VEN,MF,Toulouse,fr Ligue 1,26.0,2000.0,23,21,1873,20.8,1,0,1,1,0,1,5,0,0.05,467,ve VEN,MF,fr Ligue 1,26-056,2000.0,20.8,1,21,5,23.8,1.01,0.24,0.05,0.2,0,1,584,ve VEN,MF,fr Ligue 1,26-056,2000.0,23,1873,81,80.0,20.8,21,86.0,16,2,32.0,0,1.22,25,25,0,0.0,-0.96,467,ve VEN,MF,fr Ligue 1,26-056,2000.0,20.8,5,0,0,28,34,1,85,28,33,0
Valentín Castellanos,ar ARG,FW,Lazio,it Serie A,27.0,1998.0,11,8,692,7.7,2,3,5,2,0,0,2,0,0.65,469,ar ARG,FW,it Serie A,27-165,1998.0,7.7,2,20,8,40.0,2.6,1.04,0.1,0.25,0,0,588,ar ARG,FW,it Serie A,27-165,1998.0,11,692,63,26.5,7.7,8,77.0,3,3,25.0,0,1.18,11,7,4,0.52,0.66,469,ar ARG,FW,it Serie A,27-165,1998.0,7.7,2,0,0,9,18,5,6,3,3,0
Castrin,es ESP,DF,Sevilla,es La Liga,23.0,2003.0,10,7,669,7.4,0,0,0,0,0,0,3,0,0.0,471,es ESP,DF,es La Liga,23-075,2003.0,7.4,0,5,1,20.0,0.67,0.13,0.0,0.0,0,0,591,es ESP,DF,es La Liga,23-075,2003.0,10,669,67,26.5,7.4,7,82.0,5,3,32.0,13,1.1,14,9,5,0.67,1.4,471,es ESP,DF,es La Liga,23-075,2003.0,7.4,3,0,0,7,7,0,0,12,10,0
Jonny Castro,es ESP,DF,Alavés,es La Liga,32.0,1994.0,27,27,2364,26.3,0,0,0,0,0,0,5,0,0.0,472,es ESP,DF,es La Liga,32-014,1994.0,26.3,0,7,2,28.6,0.27,0.08,0.0,0.0,0,0,592,es ESP,DF,es La Liga,32-014,1994.0,27,2364,88,93.8,26.3,27,88.0,23,0,,0,1.0,24,36,-12,-0.46,-0.46,472,es ESP,DF,es La Liga,32-014,1994.0,26.3,5,0,0,28,23,1,19,33,35,0
Santiago Castro,ar ARG,FW,Bologna,it Serie A,21.0,2004.0,26,18,1698,18.9,7,2,9,7,0,0,1,0,0.48,473,ar ARG,FW,it Serie A,21-169,2004.0,18.9,7,47,16,34.0,2.49,0.85,0.15,0.44,0,0,593,ar ARG,FW,it Serie A,21-169,2004.0,26,1698,65,65.1,18.9,18,80.0,7,8,32.0,3,1.38,25,22,3,0.16,0.06,473,ar ARG,FW,it Serie A,21-169,2004.0,18.9,1,0,0,26,40,7,4,1,7,0
Danilo Cataldi,it ITA,MF,Lazio,it Serie A,31.0,1994.0,25,22,1835,20.4,3,3,6,1,2,2,5,0,0.2,475,it ITA,MF,it Serie A,31-223,1994.0,20.4,3,26,7,26.9,1.28,0.34,0.04,0.14,2,2,595,it ITA,MF,it Serie A,31-223,1994.0,25,1835,73,70.3,20.4,22,78.0,12,3,42.0,1,1.32,21,25,-4,-0.2,-0.78,475,it ITA,MF,it Serie A,31-223,1994.0,20.4,5,0,0,18,11,0,42,21,22,0
Catena,es ESP,DF,Osasuna,es La Liga,31.0,1994.0,26,26,2261,25.1,2,2,4,2,0,0,8,1,0.16,476,es ESP,DF,es La Liga,31-140,1994.0,25.1,2,14,2,14.3,0.56,0.08,0.14,1.0,0,0,596,es ESP,DF,es La Liga,31-140,1994.0,26,2261,87,89.7,25.1,26,87.0,23,0,,0,1.15,26,31,-5,-0.2,-1.24,476,es ESP,DF,es La Liga,31-140,1994.0,25.1,8,1,0,37,12,2,1,28,24,0
Nicolò Cavuoti,it ITA,MF,Cagliari,it Serie A,22.0,2003.0,4,0,44,0.5,0,0,0,0,0,0,0,0,0.0,477,it ITA,MF,it Serie A,22-347,2003.0,0.5,0,0,0,,0.0,0.0,,,0,0,598,it ITA,MF,it Serie A,22-347,2003.0,4,44,11,1.7,0.5,0,,0,4,11.0,17,1.25,0,1,-1,-2.05,-1.73,477,it ITA,MF,it Serie A,22-347,2003.0,0.5,0,0,0,1,1,0,0,0,0,0
Santi Cazorla,es ESP,MF,Oviedo,es La Liga,41.0,1984.0,19,4,590,6.6,0,1,1,0,0,0,0,1,0.15,478,es ESP,MF,es La Liga,41-094,1984.0,6.6,0,5,0,0.0,0.76,0.0,0.0,,0,0,599,es ESP,MF,es La Liga,41-094,1984.0,19,590,31,23.4,6.6,4,72.0,0,15,20.0,3,0.74,3,11,-8,-1.22,-0.38,478,es ESP,MF,es La Liga,41-094,1984.0,6.6,0,1,0,4,12,0,41,1,6,0
Dani Ceballos,es ESP,MF,Real Madrid,es La Liga,29.0,1996.0,15,4,469,5.2,0,0,0,0,0,0,1,0,0.0,479,es ESP,MF,es La Liga,29-222,1996.0,5.2,0,3,0,0.0,0.58,0.0,0.0,,0,0,600,es ESP,MF,es La Liga,29-222,1996.0,15,469,31,18.6,5.2,4,67.0,0,11,18.0,9,2.53,13,5,8,1.54,0.31,479,es ESP,MF,es La Liga,29-222,1996.0,5.2,1,0,0,6,15,0,3,7,10,0
Federico Ceccherini,it ITA,DF,Cremonese,it Serie A,33.0,1992.0,9,6,476,5.3,0,1,1,0,0,0,1,1,0.19,480,it ITA,DF,it Serie A,33-310,1992.0,5.3,0,5,2,40.0,0.95,0.38,0.0,0.0,0,0,601,it ITA,DF,it Serie A,33-310,1992.0,9,476,53,18.2,5.3,6,67.0,1,3,25.0,18,0.67,1,13,-12,-2.27,-1.89,480,it ITA,DF,it Serie A,33-310,1992.0,5.3,1,1,0,10,9,0,3,7,2,0
Abdoulie Ceesay,gm GAM,FW,St Pauli,de Bundesliga,22.0,2004.0,15,0,217,2.4,0,0,0,0,0,0,2,0,0.0,481,gm GAM,FW,de Bundesliga,22-071,2004.0,2.4,0,4,1,25.0,1.66,0.41,0.0,0.0,0,0,602,gm GAM,FW,de Bundesliga,22-071,2004.0,15,217,14,9.3,2.4,0,,0,15,14.0,8,0.4,4,6,-2,-0.83,-0.11,481,gm GAM,FW,de Bundesliga,22-071,2004.0,2.4,2,0,0,10,5,1,0,0,0,0
Nidal Celik,ba BIH,DF,Lens,fr Ligue 1,19.0,2006.0,5,5,382,4.2,0,0,0,0,0,0,1,0,0.0,482,ba BIH,DF,fr Ligue 1,19-243,2006.0,4.2,0,0,0,,0.0,0.0,,,0,0,604,ba BIH,DF,fr Ligue 1,19-243,2006.0,5,382,76,16.3,4.2,5,76.0,3,0,,3,1.4,11,6,5,1.18,0.21,482,ba BIH,DF,fr Ligue 1,19-243,2006.0,4.2,1,0,0,8,1,0,0,6,6,0
Lucas Cepeda,cl CHI,MF,Elche,es La Liga,23.0,2002.0,6,4,338,3.8,0,0,0,0,0,0,1,0,0.0,485,cl CHI,MF,es La Liga,23-137,2002.0,3.8,0,9,3,33.3,2.4,0.8,0.0,0.0,0,0,607,cl CHI,MF,es La Liga,23-137,2002.0,6,338,56,13.4,3.8,4,76.0,1,2,17.0,1,0.33,2,7,-5,-1.33,-1.17,485,cl CHI,MF,es La Liga,23-137,2002.0,3.8,1,0,0,4,7,1,14,1,3,0
Jorge Cestero,es ESP,MF,Real Madrid,es La Liga,19.0,2006.0,2,0,13,0.1,0,0,0,0,0,0,0,0,0.0,487,es ESP,MF,es La Liga,19-358,2006.0,0.1,0,0,0,,0.0,0.0,,,0,0,612,es ESP,MF,es La Liga,19-358,2006.0,2,13,7,0.5,0.1,0,,0,2,7.0,6,3.0,0,0,0,0.0,-1.29,487,es ESP,MF,es La Liga,19-358,2006.0,0.1,0,0,0,0,0,0,0,0,0,0
Julian Chabot,de GER,DF,Stuttgart,de Bundesliga,28.0,1998.0,20,19,1700,18.9,0,0,0,0,0,0,3,0,0.0,488,de GER,DF,de Bundesliga,28-033,1998.0,18.9,0,15,6,40.0,0.79,0.32,0.0,0.0,0,0,613,de GER,DF,de Bundesliga,28-033,1998.0,20,1700,85,72.6,18.9,19,89.0,17,1,16.0,4,1.9,38,23,15,0.79,0.51,488,de GER,DF,de Bundesliga,28-033,1998.0,18.9,3,0,0,26,33,0,1,32,12,1
El Chadaille Bitshiabu,fr FRA,DF,RB Leipzig,de Bundesliga,20.0,2005.0,7,4,340,3.8,0,0,0,0,0,0,0,0,0.0,489,fr FRA,DF,de Bundesliga,20-305,2005.0,3.8,0,1,0,0.0,0.26,0.0,0.0,,0,0,614,fr FRA,DF,de Bundesliga,20-305,2005.0,7,340,49,14.5,3.8,4,79.0,2,3,9.0,15,1.43,6,7,-1,-0.26,-0.89,489,fr FRA,DF,de Bundesliga,20-305,2005.0,3.8,0,0,0,3,0,0,0,3,2,0
Fares Chaïbi,dz ALG,MF,Eintracht Frankfurt,de Bundesliga,23.0,2002.0,20,17,1370,15.2,2,8,10,2,0,0,1,0,0.66,490,dz ALG,MF,de Bundesliga,23-109,2002.0,15.2,2,22,7,31.8,1.45,0.46,0.09,0.29,0,0,615,dz ALG,MF,de Bundesliga,23-109,2002.0,20,1370,69,58.5,15.2,17,77.0,7,3,23.0,2,1.6,31,30,1,0.07,0.16,490,dz ALG,MF,de Bundesliga,23-109,2002.0,15.2,1,0,0,10,15,2,67,10,15,0
Ilyas Chaira,ma MAR,MF,Oviedo,es La Liga,25.0,2001.0,26,21,1665,18.5,3,1,4,3,0,0,1,1,0.22,491,ma MAR,MF,es La Liga,25-043,2001.0,18.5,3,50,22,44.0,2.7,1.19,0.06,0.14,0,0,616,ma MAR,MF,es La Liga,25-043,2001.0,26,1665,64,66.1,18.5,21,72.0,5,5,31.0,0,0.81,14,25,-11,-0.59,0.98,491,ma MAR,MF,es La Liga,25-043,2001.0,18.5,1,1,0,37,20,16,43,4,26,0
Fallou Cham,gm GAM,MF,Hellas Verona,it Serie A,20.0,2006.0,6,3,228,2.5,0,0,0,0,0,0,0,0,0.0,493,gm GAM,MF,it Serie A,20-031,2006.0,2.5,0,5,2,40.0,1.97,0.79,0.0,0.0,0,0,618,gm GAM,MF,it Serie A,20-031,2006.0,6,228,38,8.7,2.5,3,62.0,0,3,14.0,21,0.5,1,6,-5,-1.97,-1.07,493,gm GAM,MF,it Serie A,20-031,2006.0,2.5,0,0,0,7,5,1,10,4,9,0
Brendan Chardonnet,fr FRA,DF,Brest,fr Ligue 1,31.0,1994.0,24,24,2096,23.3,0,3,3,0,0,0,4,0,0.13,494,fr FRA,DF,fr Ligue 1,31-085,1994.0,23.3,0,10,5,50.0,0.43,0.21,0.0,0.0,0,0,621,fr FRA,DF,fr Ligue 1,31-085,1994.0,24,2096,87,89.6,23.3,24,87.0,22,0,,1,1.5,31,30,1,0.04,1.15,494,fr FRA,DF,fr Ligue 1,31-085,1994.0,23.3,4,0,0,22,17,0,6,29,17,0
Pep Chavarría,es ESP,DF,Rayo Vallecano,es La Liga,27.0,1998.0,24,22,2015,22.4,1,2,3,1,0,0,6,1,0.13,495,es ESP,DF,es La Liga,27-341,1998.0,22.4,1,14,2,14.3,0.63,0.09,0.07,0.5,0,0,624,es ESP,DF,es La Liga,27-341,1998.0,24,2015,84,80.0,22.4,22,90.0,20,2,23.0,3,1.08,21,28,-7,-0.31,-0.49,495,es ESP,DF,es La Liga,27-341,1998.0,22.4,6,1,1,26,30,1,70,25,24,0
Arthur Chaves,br BRA,DF,Hoffenheim,de Bundesliga,25.0,2001.0,4,2,240,2.7,0,0,0,0,0,0,1,0,0.0,496,br BRA,DF,de Bundesliga,25-047,2001.0,2.7,0,1,0,0.0,0.37,0.0,0.0,,0,0,625,br BRA,DF,de Bundesliga,25-047,2001.0,4,240,60,10.3,2.7,2,90.0,2,2,30.0,7,1.75,4,4,0,0.0,-0.86,496,br BRA,DF,de Bundesliga,25-047,2001.0,2.7,1,0,0,5,3,0,2,3,5,0
Arthur Chaves,br BRA,DF,Augsburg,de Bundesliga,25.0,2001.0,5,5,399,4.4,1,0,1,1,0,0,0,0,0.23,497,br BRA,DF,de Bundesliga,25-047,2001.0,4.4,1,3,1,33.3,0.68,0.23,0.33,1.0,0,0,626,br BRA,DF,de Bundesliga,25-047,2001.0,5,399,80,17.1,4.4,5,80.0,3,0,,3,1.2,4,8,-4,-0.9,-0.44,497,br BRA,DF,de Bundesliga,25-047,2001.0,4.4,0,0,0,2,4,0,0,3,8,1
Felipe Chávez,pe PER,MF,Bayern Munich,de Bundesliga,18.0,2007.0,2,0,14,0.2,0,0,0,0,0,0,0,0,0.0,498,pe PER,MF,de Bundesliga,18-341,2007.0,0.2,0,1,0,0.0,6.43,0.0,0.0,,0,0,627,pe PER,MF,de Bundesliga,18-341,2007.0,2,14,7,0.6,0.2,0,,0,2,7.0,3,1.5,1,0,1,6.43,3.84,498,pe PER,MF,de Bundesliga,18-341,2007.0,0.2,0,0,0,0,0,0,1,0,0,0
Felipe Chávez,pe PER,MF,Köln,de Bundesliga,18.0,2007.0,3,0,21,0.2,0,0,0,0,0,0,0,0,0.0,499,pe PER,MF,de Bundesliga,18-341,2007.0,0.2,0,1,0,0.0,4.29,0.0,0.0,,0,0,628,pe PER,MF,de Bundesliga,18-341,2007.0,3,21,7,0.9,0.2,0,,0,3,7.0,3,0.33,0,1,-1,-4.29,-3.98,499,pe PER,MF,de Bundesliga,18-341,2007.0,0.2,0,0,0,0,0,0,1,0,1,0
Walid Cheddira,ma MAR,FW,Sassuolo,it Serie A,28.0,1998.0,16,1,221,2.5,1,0,1,1,0,0,1,0,0.41,500,ma MAR,FW,it Serie A,28-054,1998.0,2.5,1,8,2,25.0,3.26,0.81,0.13,0.5,0,0,631,ma MAR,FW,it Serie A,28-054,1998.0,16,221,14,8.5,2.5,1,62.0,0,15,11.0,3,1.38,2,4,-2,-0.81,-0.74,500,ma MAR,FW,it Serie A,28-054,1998.0,2.5,1,0,0,7,9,1,4,0,0,0
Walid Cheddira,ma MAR,FW,Lecce,it Serie A,28.0,1998.0,8,5,477,5.3,0,0,0,0,0,0,0,0,0.0,501,ma MAR,FW,it Serie A,28-054,1998.0,5.3,0,9,2,22.2,1.7,0.38,0.0,0.0,0,0,632,ma MAR,FW,it Serie A,28-054,1998.0,8,477,60,18.3,5.3,5,79.0,2,3,28.0,0,1.25,4,8,-4,-0.75,-0.16,501,ma MAR,FW,it Serie A,28-054,1998.0,5.3,0,0,0,10,12,4,1,0,2,0
Chema,es ESP,MF,Stuttgart,de Bundesliga,20.0,2005.0,18,9,875,9.7,1,0,1,1,0,0,2,0,0.1,502,es ESP,MF,de Bundesliga,20-326,2005.0,9.7,1,10,3,30.0,1.03,0.31,0.1,0.33,0,0,634,es ESP,MF,de Bundesliga,20-326,2005.0,18,875,49,37.4,9.7,9,88.0,6,9,9.0,8,2.0,18,17,1,0.1,-0.88,502,es ESP,MF,de Bundesliga,20-326,2005.0,9.7,2,0,0,12,7,1,0,23,13,0
Samir Chergui,dz ALG,DF,Paris FC,fr Ligue 1,27.0,1999.0,12,11,973,10.8,1,0,1,1,0,0,1,0,0.09,503,dz ALG,DF,fr Ligue 1,27-039,1999.0,10.8,1,11,3,27.3,1.02,0.28,0.09,0.33,0,0,635,dz ALG,DF,fr Ligue 1,27-039,1999.0,12,973,81,41.6,10.8,11,86.0,9,1,23.0,1,1.08,16,21,-5,-0.46,0.0,503,dz ALG,DF,fr Ligue 1,27-039,1999.0,10.8,1,0,0,12,4,1,6,8,10,0
Fabio Chiarodia,it ITA,DF,Gladbach,de Bundesliga,20.0,2005.0,10,5,410,4.6,0,0,0,0,0,0,0,0,0.0,507,it ITA,DF,de Bundesliga,20-285,2005.0,4.6,0,3,1,33.3,0.66,0.22,0.0,0.0,0,0,640,it ITA,DF,de Bundesliga,20-285,2005.0,10,410,41,17.5,4.6,5,72.0,1,5,10.0,3,0.7,2,9,-7,-1.54,-1.26,507,it ITA,DF,de Bundesliga,20-285,2005.0,4.6,0,0,0,5,0,0,0,9,6,0
Joris Chotard,fr FRA,MF,Brest,fr Ligue 1,24.0,2001.0,25,24,2157,24.0,2,0,2,2,0,0,1,0,0.08,511,fr FRA,MF,fr Ligue 1,24-174,2001.0,24.0,2,22,7,31.8,0.92,0.29,0.09,0.29,0,0,645,fr FRA,MF,fr Ligue 1,24-174,2001.0,25,2157,86,92.2,24.0,24,89.0,21,1,19.0,0,1.4,31,30,1,0.04,1.52,511,fr FRA,MF,fr Ligue 1,24-174,2001.0,24.0,1,0,0,25,11,0,35,32,28,0
Andreas Christensen,dk DEN,DF,Barcelona,es La Liga,29.0,1996.0,12,3,380,4.2,0,0,0,0,0,0,1,0,0.0,512,dk DEN,DF,es La Liga,29-341,1996.0,4.2,0,2,0,0.0,0.47,0.0,0.0,,0,0,646,dk DEN,DF,es La Liga,29-341,1996.0,12,380,32,15.1,4.2,3,90.0,3,9,12.0,3,2.58,11,6,5,1.18,-0.67,512,dk DEN,DF,es La Liga,29-341,1996.0,4.2,1,0,0,4,3,0,0,2,3,0
Víctor Chust,es ESP,DF,Elche,es La Liga,26.0,2000.0,22,18,1702,18.9,0,0,0,0,0,0,7,1,0.0,517,es ESP,DF,es La Liga,26-012,2000.0,18.9,0,6,2,33.3,0.32,0.11,0.0,0.0,0,0,652,es ESP,DF,es La Liga,26-012,2000.0,22,1702,77,67.5,18.9,18,88.0,14,4,30.0,3,0.86,23,30,-7,-0.37,-0.15,517,es ESP,DF,es La Liga,26-012,2000.0,18.9,7,1,1,31,9,1,17,20,26,0
Alessandro Circati,au AUS,DF,Parma,it Serie A,22.0,2003.0,22,22,1885,20.9,1,0,1,1,0,0,5,0,0.05,518,au AUS,DF,it Serie A,22-158,2003.0,20.9,1,5,1,20.0,0.24,0.05,0.2,1.0,0,0,656,au AUS,DF,it Serie A,22-158,2003.0,22,1885,86,72.2,20.9,22,86.0,20,0,,1,1.05,14,25,-11,-0.53,-0.03,518,au AUS,DF,it Serie A,22-158,2003.0,20.9,5,0,0,24,14,0,2,17,15,0
Djaoui Cissé,fr FRA,MF,Rennes,fr Ligue 1,22.0,2004.0,20,12,926,10.3,0,0,0,0,0,0,3,0,0.0,521,fr FRA,MF,fr Ligue 1,22-045,2004.0,10.3,0,23,6,26.1,2.24,0.58,0.0,0.0,0,0,660,fr FRA,MF,fr Ligue 1,22-045,2004.0,20,926,46,39.6,10.3,12,60.0,0,8,26.0,5,1.75,18,14,4,0.39,0.26,521,fr FRA,MF,fr Ligue 1,22-045,2004.0,10.3,3,0,0,17,10,0,27,5,19,0
Mamoudou Cissokho,fr FRA,FW,Auxerre,fr Ligue 1,18.0,2007.0,1,0,1,0.0,0,0,0,0,0,0,0,0,0.0,522,fr FRA,FW,fr Ligue 1,18-087,2007.0,0.0,0,0,0,,0.0,0.0,,,0,0,661,fr FRA,FW,fr Ligue 1,18-087,2007.0,1,1,1,0.0,0.0,0,,0,1,1.0,3,3.0,0,0,0,0.0,0.65,522,fr FRA,FW,fr Ligue 1,18-087,2007.0,0.0,0,0,0,0,0,0,0,0,0,0
Saúl Coco,gq EQG,DF,Torino,it Serie A,27.0,1999.0,26,26,2340,26.0,1,1,2,1,0,0,2,0,0.08,526,gq EQG,DF,it Serie A,27-036,1999.0,26.0,1,14,4,28.6,0.54,0.15,0.07,0.25,0,0,666,gq EQG,DF,it Serie A,27-036,1999.0,26,2340,90,89.7,26.0,26,90.0,26,0,,1,1.15,29,43,-14,-0.54,0.79,526,gq EQG,DF,it Serie A,27-036,1999.0,26.0,2,0,0,36,31,0,4,32,28,0
Maxime Colin,fr FRA,DF,Metz,fr Ligue 1,34.0,1991.0,18,14,1369,15.2,0,0,0,0,0,0,0,0,0.0,528,fr FRA,DF,fr Ligue 1,34-122,1991.0,15.2,0,7,2,28.6,0.46,0.13,0.0,0.0,0,0,669,fr FRA,DF,fr Ligue 1,34-122,1991.0,18,1369,76,58.5,15.2,14,88.0,12,4,34.0,8,0.56,21,37,-16,-1.05,0.71,528,fr FRA,DF,fr Ligue 1,34-122,1991.0,15.2,0,0,0,8,6,0,9,19,25,0
Nnamdi Collins,de GER,DF,Eintracht Frankfurt,de Bundesliga,22.0,2004.0,22,15,1437,16.0,1,2,3,1,0,0,4,0,0.19,530,de GER,DF,de Bundesliga,22-066,2004.0,16.0,1,3,1,33.3,0.19,0.06,0.33,1.0,0,0,671,de GER,DF,de Bundesliga,22-066,2004.0,22,1437,65,61.4,16.0,15,86.0,12,7,20.0,3,1.64,37,31,6,0.38,0.97,530,de GER,DF,de Bundesliga,22-066,2004.0,16.0,4,0,0,22,19,0,4,24,38,0
Michele Collocolo,it ITA,MF,Cremonese,it Serie A,26.0,1999.0,6,5,308,3.4,0,0,0,0,0,0,1,0,0.0,531,it ITA,MF,it Serie A,26-129,1999.0,3.4,0,2,1,50.0,0.58,0.29,0.0,0.0,0,0,672,it ITA,MF,it Serie A,26-129,1999.0,6,308,51,11.8,3.4,5,61.0,3,1,1.0,1,1.5,5,4,1,0.29,1.15,531,it ITA,MF,it Serie A,26-129,1999.0,3.4,1,0,0,2,2,0,5,1,3,0
Santiago Colombatto,ar ARG,MF,Oviedo,es La Liga,29.0,1997.0,23,18,1609,17.9,0,1,1,0,0,0,6,0,0.06,532,ar ARG,MF,es La Liga,29-059,1997.0,17.9,0,12,2,16.7,0.67,0.11,0.0,0.0,0,0,673,ar ARG,MF,es La Liga,29-059,1997.0,23,1609,70,63.8,17.9,18,83.0,6,5,23.0,3,0.74,11,25,-14,-0.78,0.4,532,ar ARG,MF,es La Liga,29-059,1997.0,17.9,6,0,0,35,33,0,53,13,15,0
Lorenzo Colombo,it ITA,FW,Genoa,it Serie A,24.0,2002.0,29,22,1751,19.5,6,1,7,6,0,1,1,0,0.36,533,it ITA,FW,it Serie A,24-009,2002.0,19.5,6,52,21,40.4,2.67,1.08,0.12,0.29,0,1,674,it ITA,FW,it Serie A,24-009,2002.0,29,1751,60,67.1,19.5,22,73.0,1,7,22.0,0,1.14,24,25,-1,-0.05,0.26,533,it ITA,FW,it Serie A,24-009,2002.0,19.5,1,0,0,34,40,1,11,1,9,0
Eray Cömert,ch SUI,DF,Valencia,es La Liga,28.0,1998.0,11,9,834,9.3,2,0,2,2,0,0,2,0,0.22,534,ch SUI,DF,es La Liga,28-041,1998.0,9.3,2,5,2,40.0,0.54,0.22,0.4,1.0,0,0,675,ch SUI,DF,es La Liga,28-041,1998.0,11,834,76,33.1,9.3,9,87.0,7,2,24.0,14,1.18,12,13,-1,-0.11,0.48,534,ch SUI,DF,es La Liga,28-041,1998.0,9.3,2,0,0,3,6,1,1,15,10,0
Santi Comesaña,es ESP,MF,Villarreal,es La Liga,29.0,1996.0,26,21,1801,20.0,3,4,7,3,0,0,4,1,0.35,535,es ESP,MF,es La Liga,29-163,1996.0,20.0,3,22,7,31.8,1.1,0.35,0.14,0.43,0,0,676,es ESP,MF,es La Liga,29-163,1996.0,26,1801,69,71.5,20.0,21,80.0,10,5,26.0,1,2.0,42,20,22,1.1,1.6,535,es ESP,MF,es La Liga,29-163,1996.0,20.0,4,1,0,31,19,1,11,23,19,0
Pietro Comuzzo,it ITA,DF,Fiorentina,it Serie A,21.0,2005.0,21,16,1428,15.9,1,0,1,1,0,0,2,0,0.06,536,it ITA,DF,it Serie A,21-025,2005.0,15.9,1,9,2,22.2,0.57,0.13,0.11,0.5,0,0,678,it ITA,DF,it Serie A,21-025,2005.0,21,1428,68,54.7,15.9,16,83.0,10,5,19.0,8,0.86,18,26,-8,-0.5,-0.43,536,it ITA,DF,it Serie A,21-025,2005.0,15.9,2,0,0,20,3,0,1,19,14,0
Copete,es ESP,DF,Valencia,es La Liga,26.0,1999.0,21,19,1759,19.5,0,0,0,0,0,0,5,0,0.0,541,es ESP,DF,es La Liga,26-158,1999.0,19.5,0,13,0,0.0,0.67,0.0,0.0,,0,0,686,es ESP,DF,es La Liga,26-158,1999.0,21,1759,84,69.8,19.5,19,88.0,15,2,47.0,3,0.9,17,32,-15,-0.77,-1.12,541,es ESP,DF,es La Liga,26-158,1999.0,19.5,5,0,0,20,11,2,4,25,15,1
Diego Coppola,it ITA,DF,Paris FC,fr Ligue 1,22.0,2003.0,5,5,450,5.0,0,0,0,0,0,0,1,0,0.0,542,it ITA,DF,fr Ligue 1,22-079,2003.0,5.0,0,1,0,0.0,0.2,0.0,0.0,,0,0,687,it ITA,DF,fr Ligue 1,22-079,2003.0,5,450,90,19.2,5.0,5,90.0,5,0,,2,1.2,3,7,-4,-0.8,-0.42,542,it ITA,DF,fr Ligue 1,22-079,2003.0,5.0,1,0,0,4,3,0,0,2,3,0
Francesco Coppola,it ITA,DF,Pisa,it Serie A,20.0,2005.0,6,5,451,5.0,0,0,0,0,0,0,3,0,0.0,544,it ITA,DF,it Serie A,20-340,2005.0,5.0,0,2,0,0.0,0.4,0.0,0.0,,0,0,689,it ITA,DF,it Serie A,20-340,2005.0,6,451,75,17.3,5.0,5,90.0,5,1,1.0,14,0.33,3,15,-12,-2.39,-1.81,544,it ITA,DF,it Serie A,20-340,2005.0,5.0,3,0,0,7,8,0,2,5,5,0
Francis Coquelin,fr FRA,MF,Nantes,fr Ligue 1,34.0,1991.0,12,5,433,4.8,0,0,0,0,0,0,1,0,0.0,545,fr FRA,MF,fr Ligue 1,34-308,1991.0,4.8,0,4,1,25.0,0.83,0.21,0.0,0.0,0,0,690,fr FRA,MF,fr Ligue 1,34-308,1991.0,12,433,36,19.2,4.8,5,62.0,0,7,17.0,1,0.83,4,6,-2,-0.42,0.48,545,fr FRA,MF,fr Ligue 1,34-308,1991.0,4.8,1,0,0,9,5,0,0,3,8,0
Maxwel Cornet,ci CIV,MF,Genoa,it Serie A,29.0,1996.0,7,1,108,1.2,0,0,0,0,0,1,0,0,0.0,547,ci CIV,MF,it Serie A,29-171,1996.0,1.2,0,4,2,50.0,3.33,1.67,0.0,0.0,0,1,693,ci CIV,MF,it Serie A,29-171,1996.0,7,108,15,4.1,1.2,1,52.0,0,6,9.0,10,0.57,2,5,-3,-2.5,-2.46,547,ci CIV,MF,it Serie A,29-171,1996.0,1.2,0,0,0,6,1,1,12,0,3,0
Iván Corralejo,es ESP,MF,Real Betis,es La Liga,18.0,2007.0,1,0,15,0.2,0,0,0,0,0,0,0,0,0.0,548,es ESP,MF,es La Liga,18-320,2007.0,0.2,0,0,0,,0.0,0.0,,,0,0,694,es ESP,MF,es La Liga,18-320,2007.0,1,15,15,0.6,0.2,0,,0,1,15.0,2,0.0,1,0,1,6.0,5.75,548,es ESP,MF,es La Liga,18-320,2007.0,0.2,0,0,0,1,1,0,0,0,0,0
Félix Correia,pt POR,MF,Lille,fr Ligue 1,25.0,2001.0,26,18,1493,16.6,3,5,8,3,0,0,2,0,0.48,549,pt POR,MF,fr Ligue 1,25-054,2001.0,16.6,3,25,5,20.0,1.51,0.3,0.12,0.6,0,0,695,pt POR,MF,fr Ligue 1,25-054,2001.0,26,1493,57,63.8,16.6,18,75.0,2,8,18.0,0,1.69,27,19,8,0.48,0.59,549,pt POR,MF,fr Ligue 1,25-054,2001.0,16.6,2,0,0,9,20,3,69,18,7,0
Coba da Costa,es ESP,MF,Getafe,es La Liga,23.0,2002.0,14,2,348,3.9,0,0,0,0,0,0,1,0,0.0,553,es ESP,MF,es La Liga,23-234,2002.0,3.9,0,5,1,20.0,1.29,0.26,0.0,0.0,0,0,702,es ESP,MF,es La Liga,23-234,2002.0,14,348,25,13.8,3.9,2,56.0,0,12,20.0,7,0.86,2,3,-1,-0.26,-0.01,553,es ESP,MF,es La Liga,23-234,2002.0,3.9,1,0,0,7,6,2,23,0,6,0
Samu Costa,pt POR,MF,Mallorca,es La Liga,25.0,2000.0,25,22,1956,21.7,5,0,5,5,0,0,9,0,0.23,555,pt POR,MF,es La Liga,25-110,2000.0,21.7,5,22,10,45.5,1.01,0.46,0.23,0.5,0,0,704,pt POR,MF,es La Liga,25-110,2000.0,25,1956,78,77.6,21.7,22,85.0,12,3,31.0,0,0.96,22,34,-12,-0.55,-0.55,555,pt POR,MF,es La Liga,25-110,2000.0,21.7,9,0,0,48,52,4,22,19,22,0
David Costas,es ESP,DF,Oviedo,es La Liga,30.0,1995.0,18,17,1520,16.9,1,0,1,1,0,0,2,0,0.06,556,es ESP,DF,es La Liga,30-356,1995.0,16.9,1,2,1,50.0,0.12,0.06,0.5,1.0,0,0,705,es ESP,DF,es La Liga,30-356,1995.0,18,1520,84,60.3,16.9,17,89.0,16,1,3.0,2,1.06,10,23,-13,-0.77,0.4,556,es ESP,DF,es La Liga,30-356,1995.0,16.9,2,0,0,13,9,2,1,21,20,0
Abdoul Coulibaly,de GER,DF,Werder Bremen,de Bundesliga,18.0,2007.0,21,20,1730,19.2,1,0,1,1,0,0,5,1,0.05,559,de GER,DF,de Bundesliga,18-298,2007.0,19.2,1,6,1,16.7,0.31,0.05,0.17,1.0,0,0,708,de GER,DF,de Bundesliga,18-298,2007.0,21,1730,82,73.9,19.2,20,86.0,16,1,13.0,1,0.86,18,35,-17,-0.88,-0.74,559,de GER,DF,de Bundesliga,18-298,2007.0,19.2,5,1,1,16,6,1,11,21,12,1
Djibril Coulibaly,fr FRA,MF,Nice,fr Ligue 1,17.0,2008.0,1,0,6,0.1,0,0,0,0,0,0,0,0,0.0,560,fr FRA,MF,fr Ligue 1,17-119,2008.0,0.1,0,0,0,,0.0,0.0,,,0,0,709,fr FRA,MF,fr Ligue 1,17-119,2008.0,1,6,6,0.3,0.1,0,,0,1,6.0,5,3.0,1,0,1,15.0,15.66,560,fr FRA,MF,fr Ligue 1,17-119,2008.0,0.1,0,0,0,1,0,0,0,0,0,0
Lassana Coulibaly,ml MLI,MF,Lecce,it Serie A,29.0,1996.0,25,24,2036,22.6,3,1,4,3,0,0,3,0,0.18,561,ml MLI,MF,it Serie A,29-341,1996.0,22.6,3,20,7,35.0,0.88,0.31,0.15,0.43,0,0,710,ml MLI,MF,it Serie A,29-341,1996.0,25,2036,81,78.0,22.6,24,84.0,14,1,13.0,1,1.04,16,26,-10,-0.44,0.81,561,ml MLI,MF,it Serie A,29-341,1996.0,22.6,3,0,0,20,36,1,11,7,24,0
Lasso Coulibaly,ci CIV,MF,Auxerre,fr Ligue 1,23.0,2002.0,14,1,290,3.2,0,0,0,0,0,0,1,0,0.0,562,ci CIV,MF,fr Ligue 1,23-149,2002.0,3.2,0,3,0,0.0,0.93,0.0,0.0,,0,0,711,ci CIV,MF,fr Ligue 1,23-149,2002.0,14,290,21,12.4,3.2,1,42.0,0,13,19.0,3,0.57,4,5,-1,-0.31,0.39,562,ci CIV,MF,fr Ligue 1,23-149,2002.0,3.2,1,0,0,8,10,2,16,6,5,0
Mamadou Coulibaly,fr FRA,MF,Monaco,fr Ligue 1,21.0,2004.0,18,13,1100,12.2,3,3,6,3,0,0,5,1,0.49,563,fr FRA,MF,fr Ligue 1,21-330,2004.0,12.2,3,7,4,57.1,0.57,0.33,0.43,0.75,0,0,712,fr FRA,MF,fr Ligue 1,21-330,2004.0,18,1100,61,47.0,12.2,13,77.0,5,5,20.0,3,1.67,21,24,-3,-0.25,-1.04,563,fr FRA,MF,fr Ligue 1,21-330,2004.0,12.2,5,1,0,26,12,2,8,17,17,0
Soumaïla Coulibaly,fr FRA,DF,Brest,fr Ligue 1,22.0,2003.0,12,12,1063,11.8,0,0,0,0,0,0,3,0,0.0,564,fr FRA,DF,fr Ligue 1,22-154,2003.0,11.8,0,6,2,33.3,0.51,0.17,0.0,0.0,0,0,714,fr FRA,DF,fr Ligue 1,22-154,2003.0,12,1063,89,45.4,11.8,12,89.0,11,0,,4,1.0,13,21,-8,-0.68,-1.1,564,fr FRA,DF,fr Ligue 1,22-154,2003.0,11.8,3,0,0,19,14,1,1,11,9,1
Woyo Coulibaly,ml MLI,DF,Sassuolo,it Serie A,26.0,1999.0,13,5,586,6.5,0,0,0,0,0,0,2,0,0.0,565,ml MLI,DF,it Serie A,26-301,1999.0,6.5,0,3,1,33.3,0.46,0.15,0.0,0.0,0,0,715,ml MLI,DF,it Serie A,26-301,1999.0,13,586,45,22.5,6.5,5,74.0,2,8,27.0,9,1.69,11,8,3,0.46,0.77,565,ml MLI,DF,it Serie A,26-301,1999.0,6.5,2,0,0,9,11,0,5,6,5,0
Marius Courcoul,fr FRA,MF,Angers,fr Ligue 1,19.0,2007.0,17,3,353,3.9,0,0,0,0,0,0,0,0,0.0,566,fr FRA,MF,fr Ligue 1,19-075,2007.0,3.9,0,2,1,50.0,0.51,0.25,0.0,0.0,0,0,716,fr FRA,MF,fr Ligue 1,19-075,2007.0,17,353,21,15.1,3.9,3,65.0,0,14,11.0,9,1.18,7,7,0,0.0,0.41,566,fr FRA,MF,fr Ligue 1,19-075,2007.0,3.9,0,0,0,5,3,0,0,3,8,0
Yan Couto,br BRA,MF,Dortmund,de Bundesliga,23.0,2002.0,17,11,987,11.0,1,2,3,1,0,0,4,0,0.27,568,br BRA,MF,de Bundesliga,23-287,2002.0,11.0,1,8,3,37.5,0.73,0.27,0.13,0.33,0,0,718,br BRA,MF,de Bundesliga,23-287,2002.0,17,987,58,42.2,11.0,11,80.0,5,6,17.0,8,2.35,24,13,11,1.0,-0.19,568,br BRA,MF,de Bundesliga,23-287,2002.0,11.0,4,0,0,14,13,2,54,9,15,0
Patrice Čović,hr CRO,MF,Werder Bremen,de Bundesliga,18.0,2007.0,13,2,288,3.2,1,0,1,1,0,0,1,0,0.31,569,hr CRO,MF,de Bundesliga,18-265,2007.0,3.2,1,5,2,40.0,1.56,0.62,0.2,0.5,0,0,719,hr CRO,MF,de Bundesliga,18-265,2007.0,13,288,22,12.3,3.2,2,66.0,0,11,14.0,13,0.92,3,8,-5,-1.56,-0.99,569,hr CRO,MF,de Bundesliga,18-265,2007.0,3.2,1,0,0,5,2,0,6,4,3,0
Nicolas Cozza,fr FRA,DF,Nantes,fr Ligue 1,27.0,1999.0,21,17,1581,17.6,0,0,0,0,0,0,1,0,0.0,570,fr FRA,DF,fr Ligue 1,27-068,1999.0,17.6,0,3,0,0.0,0.17,0.0,0.0,,0,0,720,fr FRA,DF,fr Ligue 1,27-068,1999.0,21,1581,75,70.3,17.6,17,88.0,12,4,23.0,4,0.71,12,26,-14,-0.8,0.01,570,fr FRA,DF,fr Ligue 1,27-068,1999.0,17.6,1,0,0,13,17,0,17,12,13,0
Ben Cremaschi,us USA,MF,Parma,it Serie A,21.0,2005.0,8,2,132,1.5,0,0,0,0,0,0,0,0,0.0,571,us USA,MF,it Serie A,21-015,2005.0,1.5,0,1,0,0.0,0.68,0.0,0.0,,0,0,721,us USA,MF,it Serie A,21-015,2005.0,8,132,17,5.1,1.5,2,50.0,1,6,5.0,17,0.88,1,3,-2,-1.36,-0.89,571,us USA,MF,it Serie A,21-015,2005.0,1.5,0,0,0,2,0,0,6,0,1,0
Charlie Cresswell,eng ENG,DF,Toulouse,fr Ligue 1,23.0,2002.0,24,24,2160,24.0,3,2,5,3,0,0,6,0,0.21,572,eng ENG,DF,fr Ligue 1,23-212,2002.0,24.0,3,31,9,29.0,1.29,0.37,0.1,0.33,0,0,722,eng ENG,DF,fr Ligue 1,23-212,2002.0,24,2160,90,92.3,24.0,24,90.0,24,0,,0,1.29,33,28,5,0.21,0.21,572,eng ENG,DF,fr Ligue 1,23-212,2002.0,24.0,6,0,0,28,14,4,1,25,12,0
Bryan Cristante,it ITA,MF,Roma,it Serie A,31.0,1995.0,28,27,2316,25.7,2,1,3,2,0,0,6,0,0.12,573,it ITA,MF,it Serie A,31-014,1995.0,25.7,2,35,8,22.9,1.36,0.31,0.06,0.25,0,0,723,it ITA,MF,it Serie A,31-014,1995.0,28,2316,83,88.7,25.7,27,84.0,19,1,45.0,0,1.71,37,19,18,0.7,1.31,573,it ITA,MF,it Serie A,31-014,1995.0,25.7,6,0,0,50,6,0,14,18,29,0
Juan Cruz Armada,es ESP,DF,Osasuna,es La Liga,33.0,1992.0,14,7,604,6.7,0,0,0,0,0,0,0,0,0.0,574,es ESP,DF,es La Liga,33-232,1992.0,6.7,0,1,0,0.0,0.15,0.0,0.0,,0,0,725,es ESP,DF,es La Liga,33-232,1992.0,14,604,43,24.0,6.7,7,74.0,2,7,12.0,11,1.29,10,7,3,0.45,0.68,574,es ESP,DF,es La Liga,33-232,1992.0,6.7,0,0,0,4,2,0,5,3,3,0
Juan Cuadrado,co COL,MF,Pisa,it Serie A,37.0,1988.0,13,2,409,4.5,1,0,1,0,1,1,3,0,0.0,575,co COL,MF,it Serie A,37-295,1988.0,4.5,1,8,2,25.0,1.76,0.44,0.0,0.0,1,1,726,co COL,MF,it Serie A,37-295,1988.0,13,409,31,15.7,4.5,2,55.0,0,11,27.0,2,0.69,3,7,-4,-0.88,0.02,575,co COL,MF,it Serie A,37-295,1988.0,4.5,3,0,0,8,11,0,31,4,8,0
Pau Cubarsí,es ESP,DF,Barcelona,es La Liga,19.0,2007.0,23,23,2012,22.4,1,0,1,1,0,0,2,0,0.04,576,es ESP,DF,es La Liga,19-054,2007.0,22.4,1,10,2,20.0,0.45,0.09,0.1,0.5,0,0,727,es ESP,DF,es La Liga,19-054,2007.0,23,2012,87,79.8,22.4,23,87.0,18,0,,5,2.48,62,25,37,1.66,-0.47,576,es ESP,DF,es La Liga,19-054,2007.0,22.4,2,0,0,20,6,0,0,22,21,0
Cucho,co COL,FW,Real Betis,es La Liga,26.0,1999.0,23,22,1912,21.2,8,3,11,7,1,1,3,0,0.47,577,co COL,FW,es La Liga,26-331,1999.0,21.2,8,67,17,25.4,3.15,0.8,0.1,0.41,1,1,728,co COL,FW,es La Liga,26-331,1999.0,23,1912,83,75.9,21.2,22,85.0,10,1,45.0,0,1.39,33,29,4,0.19,-0.4,577,co COL,FW,es La Liga,26-331,1999.0,21.2,3,0,0,19,26,12,16,9,13,0
Montrell Culbreath,de GER,MF,Leverkusen,de Bundesliga,18.0,2007.0,4,2,185,2.1,1,0,1,1,0,0,0,0,0.49,580,de GER,MF,de Bundesliga,18-200,2007.0,2.1,1,3,1,33.3,1.46,0.49,0.33,1.0,0,0,733,de GER,MF,de Bundesliga,18-200,2007.0,4,185,46,7.9,2.1,2,78.0,0,2,15.0,4,2.0,3,2,1,0.49,-0.14,580,de GER,MF,de Bundesliga,18-200,2007.0,2.1,0,0,0,2,4,0,4,3,5,0
Patrick Cutrone,it ITA,FW,Parma,it Serie A,28.0,1998.0,15,11,888,9.9,1,0,1,1,0,0,0,0,0.1,585,it ITA,FW,it Serie A,28-073,1998.0,9.9,1,25,7,28.0,2.53,0.71,0.04,0.14,0,0,739,it ITA,FW,it Serie A,28-073,1998.0,15,888,59,34.0,9.9,11,76.0,1,4,14.0,5,0.8,6,11,-5,-0.51,0.02,585,it ITA,FW,it Serie A,28-073,1998.0,9.9,0,0,0,7,16,8,12,3,1,0
Lucas Da Cunha,fr FRA,MF,Como,it Serie A,24.0,2001.0,27,23,2030,22.6,3,3,6,1,2,2,4,0,0.18,586,fr FRA,MF,it Serie A,24-281,2001.0,22.6,3,29,10,34.5,1.29,0.44,0.03,0.1,2,2,740,fr FRA,MF,it Serie A,24-281,2001.0,27,2030,75,77.8,22.6,23,82.0,13,4,34.0,2,1.85,39,18,21,0.93,0.16,586,fr FRA,MF,it Serie A,24-281,2001.0,22.6,4,0,0,28,16,0,63,13,22,0
Adam Daghim,dk DEN,MF,Wolfsburg,de Bundesliga,20.0,2005.0,20,9,1060,11.8,2,2,4,2,0,0,1,0,0.34,587,dk DEN,MF,de Bundesliga,20-170,2005.0,11.8,2,18,5,27.8,1.53,0.42,0.11,0.4,0,0,743,dk DEN,MF,de Bundesliga,20-170,2005.0,20,1060,53,45.3,11.8,9,84.0,5,11,28.0,0,0.5,13,29,-16,-1.36,-1.01,587,dk DEN,MF,de Bundesliga,20-170,2005.0,11.8,1,0,0,14,20,2,15,8,17,0
David Daiber,pt POR,FW,Bayern Munich,de Bundesliga,19.0,2007.0,2,0,29,0.3,0,0,0,0,0,0,0,0,0.0,590,pt POR,FW,de Bundesliga,19-066,2007.0,0.3,0,1,0,0.0,3.1,0.0,0.0,,0,0,746,pt POR,FW,de Bundesliga,19-066,2007.0,2,29,15,1.2,0.3,0,,0,2,15.0,6,3.0,2,1,1,3.1,0.49,590,pt POR,FW,de Bundesliga,19-066,2007.0,0.3,0,0,0,2,0,0,0,0,0,0
Ameen Al-Dakhil,be BEL,DF,Stuttgart,de Bundesliga,24.0,2002.0,8,3,380,4.2,0,0,0,0,0,0,1,0,0.0,591,be BEL,DF,de Bundesliga,24-011,2002.0,4.2,0,1,0,0.0,0.24,0.0,0.0,,0,0,747,be BEL,DF,de Bundesliga,24-011,2002.0,8,380,48,16.2,4.2,3,90.0,3,5,22.0,12,2.0,6,8,-2,-0.47,-1.35,591,be BEL,DF,de Bundesliga,24-011,2002.0,4.2,1,0,0,1,0,0,0,5,3,0
Thijs Dallinga,nl NED,FW,Bologna,it Serie A,25.0,2000.0,20,9,770,8.6,2,2,4,2,0,0,2,0,0.47,592,nl NED,FW,it Serie A,25-226,2000.0,8.6,2,24,5,20.8,2.81,0.58,0.08,0.4,0,0,748,nl NED,FW,it Serie A,25-226,2000.0,20,770,39,29.5,8.6,9,65.0,1,11,17.0,9,1.45,13,9,4,0.47,0.47,592,nl NED,FW,it Serie A,25-226,2000.0,8.6,2,0,0,19,9,4,5,1,4,0
Kévin Danois,fr FRA,MF,Auxerre,fr Ligue 1,21.0,2004.0,25,24,2114,23.5,2,1,3,2,0,0,3,0,0.13,597,fr FRA,MF,fr Ligue 1,21-262,2004.0,23.5,2,21,6,28.6,0.89,0.26,0.1,0.33,0,0,753,fr FRA,MF,fr Ligue 1,21-262,2004.0,25,2114,85,90.3,23.5,24,87.0,15,1,22.0,1,0.76,18,31,-13,-0.55,1.04,597,fr FRA,MF,fr Ligue 1,21-262,2004.0,23.5,3,0,0,23,18,1,98,30,28,0
Dante,br BRA,DF,Nice,fr Ligue 1,42.0,1983.0,9,7,644,7.2,0,0,0,0,0,0,1,0,0.0,599,br BRA,DF,fr Ligue 1,42-150,1983.0,7.2,0,4,1,25.0,0.56,0.14,0.0,0.0,0,0,755,br BRA,DF,fr Ligue 1,42-150,1983.0,9,644,72,27.5,7.2,7,80.0,3,2,42.0,1,1.67,11,11,0,0.0,0.85,599,br BRA,DF,fr Ligue 1,42-150,1983.0,7.2,1,0,0,6,2,1,0,10,4,0
Bence Dárdai,hu HUN,MF,Wolfsburg,de Bundesliga,20.0,2006.0,1,0,35,0.4,0,0,0,0,0,0,0,0,0.0,600,hu HUN,MF,de Bundesliga,20-052,2006.0,0.4,0,0,0,,0.0,0.0,,,0,0,756,hu HUN,MF,de Bundesliga,20-052,2006.0,1,35,35,1.5,0.4,0,,0,1,35.0,8,3.0,0,0,0,0.0,0.82,600,hu HUN,MF,de Bundesliga,20-052,2006.0,0.4,0,0,0,1,0,0,0,1,1,0
Aiman Dardari,lu LUX,MF,Augsburg,de Bundesliga,20.0,2005.0,3,0,34,0.4,0,0,0,0,0,0,1,0,0.0,601,lu LUX,MF,de Bundesliga,20-361,2005.0,0.4,0,1,0,0.0,2.65,0.0,0.0,,0,0,757,lu LUX,MF,de Bundesliga,20-361,2005.0,3,34,11,1.5,0.4,0,,0,3,11.0,2,0.33,0,0,0,0.0,0.55,601,lu LUX,MF,de Bundesliga,20-361,2005.0,0.4,1,0,0,1,1,0,0,0,0,0
Sergi Darder,es ESP,MF,Mallorca,es La Liga,32.0,1993.0,28,21,1891,21.0,1,4,5,1,0,0,3,0,0.24,602,es ESP,MF,es La Liga,32-085,1993.0,21.0,1,28,8,28.6,1.33,0.38,0.04,0.13,0,0,758,es ESP,MF,es La Liga,32-085,1993.0,28,1891,68,75.0,21.0,21,81.0,7,7,27.0,0,1.0,24,32,-8,-0.38,0.19,602,es ESP,MF,es La Liga,32-085,1993.0,21.0,3,0,0,15,21,2,129,15,8,0
David Datro Fofana,ci CIV,FW,Strasbourg,fr Ligue 1,23.0,2002.0,3,1,81,0.9,0,0,0,0,0,0,0,0,0.0,605,ci CIV,FW,fr Ligue 1,23-085,2002.0,0.9,0,2,0,0.0,2.22,0.0,0.0,,0,0,762,ci CIV,FW,fr Ligue 1,23-085,2002.0,3,81,27,3.5,0.9,1,63.0,0,2,9.0,2,1.0,1,0,1,1.11,0.79,605,ci CIV,FW,fr Ligue 1,23-085,2002.0,0.9,0,0,0,2,0,1,0,1,1,0
Juan David Cabal,co COL,MF,Juventus,it Serie A,25.0,2001.0,12,2,296,3.3,2,0,2,2,0,0,1,0,0.61,606,co COL,MF,it Serie A,25-068,2001.0,3.3,2,5,2,40.0,1.52,0.61,0.4,1.0,0,0,763,co COL,MF,it Serie A,25-068,2001.0,12,296,25,11.3,3.3,2,45.0,0,10,21.0,7,2.0,8,5,3,0.91,0.13,606,co COL,MF,it Serie A,25-068,2001.0,3.3,1,0,0,4,1,2,4,4,5,0
Jonathan David,ca CAN,FW,Juventus,it Serie A,26.0,2000.0,28,16,1420,15.8,5,4,9,5,0,1,0,0,0.57,607,ca CAN,FW,it Serie A,26-062,2000.0,15.8,5,35,15,42.9,2.22,0.95,0.14,0.33,0,1,764,ca CAN,FW,it Serie A,26-062,2000.0,28,1420,51,54.4,15.8,16,73.0,4,12,20.0,1,1.86,27,12,15,0.95,0.35,607,ca CAN,FW,it Serie A,26-062,2000.0,15.8,0,0,0,22,20,7,8,6,7,0
Alphonso Davies,ca CAN,DF,Bayern Munich,de Bundesliga,25.0,2000.0,8,4,358,4.0,0,1,1,0,0,0,1,0,0.25,608,ca CAN,DF,de Bundesliga,25-135,2000.0,4.0,0,2,0,0.0,0.5,0.0,0.0,,0,0,765,ca CAN,DF,de Bundesliga,25-135,2000.0,8,358,45,15.3,4.0,4,70.0,1,4,20.0,0,2.13,16,4,12,3.02,0.47,608,ca CAN,DF,de Bundesliga,25-135,2000.0,4.0,1,0,0,2,4,0,5,2,6,0
Davinchi,es ESP,DF,Getafe,es La Liga,18.0,2007.0,7,4,429,4.8,0,0,0,0,0,0,1,0,0.0,610,es ESP,DF,es La Liga,18-152,2007.0,4.8,0,3,1,33.3,0.63,0.21,0.0,0.0,0,0,767,es ESP,DF,es La Liga,18-152,2007.0,7,429,61,17.0,4.8,4,82.0,3,3,34.0,1,1.57,5,5,0,0.0,0.3,610,es ESP,DF,es La Liga,18-152,2007.0,4.8,1,0,0,14,1,0,13,4,10,0
Keinan Davis,eng ENG,FW,Udinese,it Serie A,28.0,1998.0,25,23,1725,19.2,9,3,12,5,4,4,4,0,0.42,611,eng ENG,FW,it Serie A,28-032,1998.0,19.2,9,42,19,45.2,2.19,0.99,0.12,0.26,4,4,768,eng ENG,FW,it Serie A,28-032,1998.0,25,1725,69,66.1,19.2,23,73.0,8,2,18.0,0,1.32,25,26,-1,-0.05,0.76,611,eng ENG,FW,it Serie A,28-032,1998.0,19.2,4,0,0,36,45,9,3,0,4,0
Kevin De Bruyne,be BEL,MF,Napoli,it Serie A,34.0,1991.0,10,7,623,6.9,4,0,4,1,3,3,1,0,0.14,612,be BEL,MF,it Serie A,34-262,1991.0,6.9,4,18,7,38.9,2.6,1.01,0.06,0.14,3,3,770,be BEL,MF,it Serie A,34-262,1991.0,10,623,62,23.9,6.9,7,75.0,3,3,33.0,0,2.4,13,6,7,1.01,0.65,612,be BEL,MF,it Serie A,34-262,1991.0,6.9,1,0,0,6,4,1,29,5,3,0
Mathys De Carvalho,fr FRA,MF,Lyon,fr Ligue 1,20.0,2005.0,10,3,288,3.2,0,0,0,0,0,0,1,0,0.0,613,fr FRA,MF,fr Ligue 1,20-320,2005.0,3.2,0,7,2,28.6,2.19,0.62,0.0,0.0,0,0,771,fr FRA,MF,fr Ligue 1,20-320,2005.0,10,288,29,12.3,3.2,3,69.0,1,7,12.0,14,2.1,6,4,2,0.62,0.14,613,fr FRA,MF,fr Ligue 1,20-320,2005.0,3.2,1,0,0,2,5,0,2,3,5,0
Manuel De Luca,it ITA,FW,Cremonese,it Serie A,27.0,1998.0,2,0,16,0.2,1,0,1,0,1,1,0,0,0.0,617,it ITA,FW,it Serie A,27-243,1998.0,0.2,1,2,2,100.0,11.25,11.25,0.0,0.0,1,1,776,it ITA,FW,it Serie A,27-243,1998.0,2,16,8,0.6,0.2,0,,0,2,8.0,0,3.0,1,0,1,5.63,6.39,617,it ITA,FW,it Serie A,27-243,1998.0,0.2,0,0,0,1,1,0,0,0,0,0
Lorenzo De Silvestri,it ITA,DF,Bologna,it Serie A,37.0,1988.0,9,4,317,3.5,0,0,0,0,0,0,2,0,0.0,619,it ITA,DF,it Serie A,37-298,1988.0,3.5,0,0,0,,0.0,0.0,,,0,0,780,it ITA,DF,it Serie A,37-298,1988.0,9,317,35,12.1,3.5,4,55.0,0,5,20.0,18,1.89,5,2,3,0.85,0.81,619,it ITA,DF,it Serie A,37-298,1988.0,3.5,2,0,0,5,2,0,3,4,0,0
Thibault De Smet,be BEL,DF,Paris FC,fr Ligue 1,27.0,1998.0,16,12,1057,11.7,0,1,1,0,0,0,6,2,0.09,620,be BEL,DF,fr Ligue 1,27-285,1998.0,11.7,0,4,0,0.0,0.34,0.0,0.0,,0,0,781,be BEL,DF,fr Ligue 1,27-285,1998.0,16,1057,66,45.2,11.7,12,82.0,5,4,20.0,3,1.06,18,21,-3,-0.26,0.38,620,be BEL,DF,fr Ligue 1,27-285,1998.0,11.7,6,2,2,11,13,1,24,10,11,0
Koni De Winter,be BEL,DF,Milan,it Serie A,23.0,2002.0,21,15,1458,16.2,1,1,2,1,0,0,1,0,0.12,621,be BEL,DF,it Serie A,23-278,2002.0,16.2,1,7,1,14.3,0.43,0.06,0.14,1.0,0,0,782,be BEL,DF,it Serie A,23-278,2002.0,21,1458,69,55.9,16.2,15,90.0,14,6,19.0,8,2.14,23,11,12,0.74,-0.12,621,be BEL,DF,it Serie A,23-278,2002.0,16.2,1,0,0,24,8,1,4,11,15,0
Enrico Del Prato,it ITA,DF,Parma,it Serie A,26.0,1999.0,28,27,2348,26.1,1,0,1,1,0,0,5,0,0.04,624,it ITA,DF,it Serie A,26-127,1999.0,26.1,1,15,7,46.7,0.57,0.27,0.07,0.14,0,0,785,it ITA,DF,it Serie A,26-127,1999.0,28,2348,84,90.0,26.1,27,86.0,24,1,21.0,1,1.11,19,34,-15,-0.57,-0.57,624,it ITA,DF,it Serie A,26-127,1999.0,26.1,5,0,0,16,10,4,11,22,16,0
Fisayo Dele-Bashiru,ng NGA,MF,Lazio,it Serie A,25.0,2001.0,15,7,677,7.5,0,0,0,0,0,0,0,0,0.0,627,ng NGA,MF,it Serie A,25-039,2001.0,7.5,0,5,0,0.0,0.66,0.0,0.0,,0,0,788,ng NGA,MF,it Serie A,25-039,2001.0,15,677,45,25.9,7.5,7,68.0,3,8,25.0,1,1.2,9,8,1,0.13,0.13,627,ng NGA,MF,it Serie A,25-039,2001.0,7.5,0,0,0,3,2,2,7,2,8,0
Pape Demba Diop,sn SEN,MF,Toulouse,fr Ligue 1,22.0,2003.0,9,9,778,8.6,1,2,3,1,0,0,2,0,0.35,629,sn SEN,MF,fr Ligue 1,22-194,2003.0,8.6,1,21,10,47.6,2.43,1.16,0.05,0.1,0,0,793,sn SEN,MF,fr Ligue 1,22-194,2003.0,9,778,86,33.2,8.6,9,86.0,4,0,,0,1.22,12,9,3,0.35,0.23,629,sn SEN,MF,fr Ligue 1,22-194,2003.0,8.6,2,0,0,11,12,0,13,18,14,0
Ali Dembélé,fr FRA,DF,Torino,it Serie A,22.0,2004.0,2,0,21,0.2,0,0,0,0,0,0,0,0,0.0,630,fr FRA,DF,it Serie A,22-071,2004.0,0.2,0,1,0,0.0,4.29,0.0,0.0,,0,0,794,fr FRA,DF,it Serie A,22-071,2004.0,2,21,11,0.8,0.2,0,,0,2,11.0,19,2.0,3,1,2,8.57,9.27,630,fr FRA,DF,it Serie A,22-071,2004.0,0.2,0,0,0,0,0,0,0,0,0,0
Ousmane Dembélé,fr FRA,FW,Paris Saint-Germain,fr Ligue 1,28.0,1997.0,15,7,719,8.0,8,4,12,6,2,3,0,0,1.25,631,fr FRA,FW,fr Ligue 1,28-306,1997.0,8.0,8,30,13,43.3,3.76,1.63,0.2,0.46,2,3,795,fr FRA,FW,fr Ligue 1,28-306,1997.0,15,719,48,32.0,8.0,7,71.0,0,8,27.0,0,2.27,26,7,19,2.38,1.61,631,fr FRA,FW,fr Ligue 1,28-306,1997.0,8.0,0,0,0,2,2,4,41,0,2,0
Jessy Deminguet,fr FRA,MF,Metz,fr Ligue 1,28.0,1998.0,24,18,1425,15.8,1,0,1,1,0,0,4,0,0.06,632,fr FRA,MF,fr Ligue 1,28-069,1998.0,15.8,1,11,4,36.4,0.69,0.25,0.09,0.25,0,0,796,fr FRA,MF,fr Ligue 1,28-069,1998.0,24,1425,59,60.9,15.8,18,72.0,0,6,22.0,0,0.54,12,34,-22,-1.39,-0.11,632,fr FRA,MF,fr Ligue 1,28-069,1998.0,15.8,4,0,0,20,21,0,15,15,15,0
Ermedin Demirović,ba BIH,FW,Stuttgart,de Bundesliga,27.0,1998.0,17,14,1155,12.8,8,2,10,7,1,1,4,0,0.7,633,ba BIH,FW,de Bundesliga,27-357,1998.0,12.8,8,28,14,50.0,2.18,1.09,0.25,0.5,1,1,797,ba BIH,FW,de Bundesliga,27-357,1998.0,17,1155,68,49.4,12.8,14,80.0,7,3,11.0,0,2.12,24,13,11,0.86,0.4,633,ba BIH,FW,de Bundesliga,27-357,1998.0,12.8,4,0,0,26,19,8,1,2,8,0
Rav van den Berg,nl NED,DF,Köln,de Bundesliga,21.0,2004.0,12,10,951,10.6,0,1,1,0,0,0,0,1,0.09,634,nl NED,DF,de Bundesliga,21-253,2004.0,10.6,0,1,0,0.0,0.09,0.0,0.0,,0,0,798,nl NED,DF,de Bundesliga,21-253,2004.0,12,951,79,40.6,10.6,10,87.0,7,2,42.0,4,0.92,12,16,-4,-0.38,-0.05,634,nl NED,DF,de Bundesliga,21-253,2004.0,10.6,0,1,0,9,1,1,0,11,6,0
Branco van den Boomen,nl NED,MF,Angers,fr Ligue 1,30.0,1995.0,7,6,538,6.0,0,1,1,0,0,0,2,0,0.17,636,nl NED,MF,fr Ligue 1,30-239,1995.0,6.0,0,9,2,22.2,1.51,0.33,0.0,0.0,0,0,800,nl NED,MF,fr Ligue 1,30-239,1995.0,7,538,77,23.0,6.0,6,85.0,4,1,30.0,0,1.43,3,5,-2,-0.33,0.02,636,nl NED,MF,fr Ligue 1,30-239,1995.0,6.0,2,0,0,11,4,0,34,3,5,0
Leander Dendoncker,be BEL,MF,Oviedo,es La Liga,30.0,1995.0,19,15,1330,14.8,1,0,1,1,0,0,2,0,0.07,637,be BEL,MF,es La Liga,30-336,1995.0,14.8,1,9,4,44.4,0.61,0.27,0.11,0.25,0,0,801,be BEL,MF,es La Liga,30-336,1995.0,19,1330,70,52.8,14.8,15,86.0,8,4,11.0,5,0.79,7,25,-18,-1.22,-0.61,637,be BEL,MF,es La Liga,30-336,1995.0,14.8,2,0,0,12,3,1,5,11,25,0
Daniel Denoon,ch SUI,DF,Pisa,it Serie A,22.0,2004.0,2,2,122,1.4,0,0,0,0,0,0,1,0,0.0,638,ch SUI,DF,it Serie A,22-048,2004.0,1.4,0,0,0,,0.0,0.0,,,0,0,803,ch SUI,DF,it Serie A,22-048,2004.0,2,122,61,4.7,1.4,2,61.0,0,0,,11,1.0,1,1,0,0.0,0.94,638,ch SUI,DF,it Serie A,22-048,2004.0,1.4,1,0,0,4,3,0,0,1,2,0
Nelson Deossa,co COL,MF,Real Betis,es La Liga,26.0,2000.0,16,7,602,6.7,0,0,0,0,0,0,3,0,0.0,639,co COL,MF,es La Liga,26-039,2000.0,6.7,0,16,0,0.0,2.39,0.0,0.0,,0,0,804,co COL,MF,es La Liga,26-039,2000.0,16,602,38,23.9,6.7,7,64.0,2,9,17.0,5,1.38,12,8,4,0.6,0.41,639,co COL,MF,es La Liga,26-039,2000.0,6.7,3,0,0,15,22,1,5,5,7,0
Bahmed Deuff,mr MTN,MF,Nantes,fr Ligue 1,20.0,2006.0,10,1,232,2.6,0,0,0,0,0,0,1,0,0.0,641,mr MTN,MF,fr Ligue 1,20-004,2006.0,2.6,0,6,2,33.3,2.33,0.78,0.0,0.0,0,0,806,mr MTN,MF,fr Ligue 1,20-004,2006.0,10,232,23,10.3,2.6,1,59.0,0,9,19.0,4,0.5,2,12,-10,-3.88,-3.43,641,mr MTN,MF,fr Ligue 1,20-004,2006.0,2.6,1,0,0,6,3,0,1,2,2,0
Tidiane Devernois,fr FRA,MF,Auxerre,fr Ligue 1,18.0,2007.0,2,0,10,0.1,0,0,0,0,0,0,0,0,0.0,643,fr FRA,MF,fr Ligue 1,18-150,2007.0,0.1,0,0,0,,0.0,0.0,,,0,0,808,fr FRA,MF,fr Ligue 1,18-150,2007.0,2,10,5,0.4,0.1,0,,0,2,5.0,9,0.0,0,0,0,0.0,0.66,643,fr FRA,MF,fr Ligue 1,18-150,2007.0,0.1,0,0,0,0,0,0,3,0,0,0
Bambo Diaby,sn SEN,DF,Elche,es La Liga,28.0,1997.0,4,1,102,1.1,0,0,0,0,0,0,1,0,0.0,649,sn SEN,DF,es La Liga,28-090,1997.0,1.1,0,0,0,,0.0,0.0,,,0,0,817,sn SEN,DF,es La Liga,28-090,1997.0,4,102,26,4.0,1.1,1,45.0,0,3,19.0,15,1.25,0,4,-4,-3.53,-3.34,649,sn SEN,DF,es La Liga,28-090,1997.0,1.1,1,0,0,3,3,0,0,1,0,0
Mouctar Diakhaby,gn GUI,DF,Valencia,es La Liga,29.0,1996.0,8,7,543,6.0,1,0,1,1,0,0,3,0,0.17,650,gn GUI,DF,es La Liga,29-088,1996.0,6.0,1,4,3,75.0,0.66,0.5,0.25,0.33,0,0,818,gn GUI,DF,es La Liga,29-088,1996.0,8,543,68,21.5,6.0,7,74.0,5,1,24.0,2,0.88,9,11,-2,-0.33,0.12,650,gn GUI,DF,es La Liga,29-088,1996.0,6.0,3,0,0,7,3,1,0,9,6,0
Habib Diallo,sn SEN,FW,Metz,fr Ligue 1,30.0,1995.0,19,17,1573,17.5,4,1,5,4,0,1,0,0,0.29,653,sn SEN,FW,fr Ligue 1,30-272,1995.0,17.5,4,33,12,36.4,1.89,0.69,0.12,0.33,0,1,821,sn SEN,FW,fr Ligue 1,30-272,1995.0,19,1573,83,67.2,17.5,17,89.0,13,2,33.0,0,0.63,16,41,-25,-1.43,-0.26,653,sn SEN,FW,fr Ligue 1,30-272,1995.0,17.5,0,0,0,25,26,9,4,2,4,0
Zoumana Diallo,fr FRA,FW,Nice,fr Ligue 1,21.0,2005.0,1,0,10,0.1,0,0,0,0,0,0,0,0,0.0,654,fr FRA,FW,fr Ligue 1,21-043,2005.0,0.1,0,0,0,,0.0,0.0,,,0,0,822,fr FRA,FW,fr Ligue 1,21-043,2005.0,1,10,10,0.4,0.1,0,,0,1,10.0,5,1.0,0,0,0,0.0,0.62,654,fr FRA,FW,fr Ligue 1,21-043,2005.0,0.1,0,0,0,2,1,0,0,0,0,0
Assane Diao,sn SEN,MF,Como,it Serie A,20.0,2005.0,8,4,366,4.1,0,0,0,0,0,0,0,0,0.0,656,sn SEN,MF,it Serie A,20-191,2005.0,4.1,0,9,3,33.3,2.21,0.74,0.0,0.0,0,0,825,sn SEN,MF,it Serie A,20-191,2005.0,8,366,46,14.0,4.1,4,56.0,1,4,36.0,1,1.5,3,4,-1,-0.25,-1.33,656,sn SEN,MF,it Serie A,20-191,2005.0,4.1,0,0,0,5,16,0,6,1,0,0
Soriba Diaoune,fr FRA,MF,Lille,fr Ligue 1,18.0,2007.0,10,1,185,2.1,1,1,2,1,0,0,0,0,0.97,657,fr FRA,MF,fr Ligue 1,18-215,2007.0,2.1,1,10,4,40.0,4.86,1.95,0.1,0.25,0,0,826,fr FRA,MF,fr Ligue 1,18-215,2007.0,10,185,19,7.9,2.1,1,65.0,0,9,13.0,6,1.2,6,6,0,0.0,-0.29,657,fr FRA,MF,fr Ligue 1,18-215,2007.0,2.1,0,0,0,5,3,0,5,1,2,0
Moussa Diarra,ml MLI,DF,Alavés,es La Liga,25.0,2000.0,3,3,216,2.4,0,0,0,0,0,0,1,0,0.0,659,ml MLI,DF,es La Liga,25-127,2000.0,2.4,0,0,0,,0.0,0.0,,,0,0,829,ml MLI,DF,es La Liga,25-127,2000.0,3,216,72,8.6,2.4,3,72.0,0,0,,11,1.33,3,3,0,0.0,0.47,659,ml MLI,DF,es La Liga,25-127,2000.0,2.4,1,0,0,4,1,0,1,1,2,0
Daniel Díaz,es ESP,FW,Real Sociedad,es La Liga,19.0,2006.0,1,0,18,0.2,0,0,0,0,0,0,0,0,0.0,664,es ESP,FW,es La Liga,19-268,2006.0,0.2,0,0,0,,0.0,0.0,,,0,0,835,es ESP,FW,es La Liga,19-268,2006.0,1,18,18,0.7,0.2,0,,0,1,18.0,3,0.0,0,0,0,0.0,-0.04,664,es ESP,FW,es La Liga,19-268,2006.0,0.2,0,0,0,0,0,0,1,0,0,0
Julio Diaz,es ESP,DF,Atlético Madrid,es La Liga,21.0,2005.0,1,1,90,1.0,0,0,0,0,0,0,0,0,0.0,665,es ESP,DF,es La Liga,21-066,2005.0,1.0,0,1,0,0.0,1.0,0.0,0.0,,0,0,837,es ESP,DF,es La Liga,21-066,2005.0,1,90,90,3.6,1.0,1,90.0,1,0,,4,3.0,1,0,1,1.0,0.22,665,es ESP,DF,es La Liga,21-066,2005.0,1.0,0,0,0,1,2,0,2,0,1,0
Junior Diaz,ci CIV,DF,Brest,fr Ligue 1,22.0,2003.0,15,13,1206,13.4,0,0,0,0,0,0,2,0,0.0,666,ci CIV,DF,fr Ligue 1,22-237,2003.0,13.4,0,4,0,0.0,0.3,0.0,0.0,,0,0,838,ci CIV,DF,fr Ligue 1,22-237,2003.0,15,1206,80,51.5,13.4,13,90.0,13,2,18.0,11,1.6,18,13,5,0.37,0.93,666,ci CIV,DF,fr Ligue 1,22-237,2003.0,13.4,2,0,0,5,7,0,0,19,12,0
Luis Díaz,co COL,MF,Bayern Munich,de Bundesliga,29.0,1997.0,25,23,2069,23.0,15,11,26,15,0,0,7,1,1.13,667,co COL,MF,de Bundesliga,29-063,1997.0,23.0,15,71,33,46.5,3.09,1.44,0.21,0.45,0,0,839,co COL,MF,de Bundesliga,29-063,1997.0,25,2069,83,88.4,23.0,23,87.0,17,2,39.0,0,2.64,83,21,62,2.7,0.7,667,co COL,MF,de Bundesliga,29-063,1997.0,23.0,7,1,1,28,30,19,38,12,13,0
Bamba Dieng,sn SEN,FW,Lorient,fr Ligue 1,25.0,2000.0,14,8,685,7.6,7,1,8,6,1,1,2,0,0.92,671,sn SEN,FW,fr Ligue 1,25-359,2000.0,7.6,7,29,16,55.2,3.81,2.1,0.21,0.38,1,1,843,sn SEN,FW,fr Ligue 1,25-359,2000.0,14,685,49,29.3,7.6,8,71.0,0,6,20.0,5,1.86,13,8,5,0.66,1.09,671,sn SEN,FW,fr Ligue 1,25-359,2000.0,7.6,2,0,0,12,8,5,2,1,2,0
Eric Dier,eng ENG,DF,Monaco,fr Ligue 1,32.0,1994.0,8,7,672,7.5,1,0,1,1,0,0,0,0,0.13,672,eng ENG,DF,fr Ligue 1,32-061,1994.0,7.5,1,3,2,66.7,0.4,0.27,0.33,0.5,0,0,844,eng ENG,DF,fr Ligue 1,32-061,1994.0,8,672,84,28.7,7.5,7,90.0,7,1,42.0,4,1.38,15,14,1,0.13,-0.24,672,eng ENG,DF,fr Ligue 1,32-061,1994.0,7.5,0,0,0,9,4,0,2,10,2,0
Kevin Diks,id IDN,DF,Gladbach,de Bundesliga,29.0,1996.0,23,22,1952,21.7,4,0,4,0,4,4,5,0,0.0,674,id IDN,DF,de Bundesliga,29-162,1996.0,21.7,4,19,10,52.6,0.88,0.46,0.0,0.0,4,4,846,id IDN,DF,de Bundesliga,29-162,1996.0,23,1952,85,83.4,21.7,22,88.0,19,1,14.0,0,1.17,28,35,-7,-0.32,1.07,674,id IDN,DF,de Bundesliga,29-162,1996.0,21.7,5,0,0,12,16,1,4,19,28,0
Federico Dimarco,it ITA,MF,Inter,it Serie A,28.0,1997.0,27,23,2139,23.8,6,13,19,6,0,0,2,0,0.8,675,it ITA,MF,it Serie A,28-127,1997.0,23.8,6,56,18,32.1,2.36,0.76,0.11,0.33,0,0,848,it ITA,MF,it Serie A,28-127,1997.0,27,2139,79,82.0,23.8,23,86.0,17,4,39.0,2,2.3,58,16,42,1.77,1.77,675,it ITA,MF,it Serie A,28-127,1997.0,23.8,2,0,0,32,17,4,244,22,30,0
Eren Dinkçi,de GER,MF,Freiburg,de Bundesliga,24.0,2001.0,8,3,248,2.8,0,0,0,0,0,0,1,0,0.0,679,de GER,MF,de Bundesliga,24-094,2001.0,2.8,0,4,0,0.0,1.45,0.0,0.0,,0,0,852,de GER,MF,de Bundesliga,24-094,2001.0,8,248,31,10.6,2.8,3,62.0,0,5,12.0,0,1.13,4,7,-3,-1.09,-0.96,679,de GER,MF,de Bundesliga,24-094,2001.0,2.8,1,0,0,2,1,0,10,4,4,0
Sinaly Diomande,ci CIV,DF,Auxerre,fr Ligue 1,24.0,2001.0,16,16,1411,15.7,1,1,2,1,0,0,4,1,0.13,680,ci CIV,DF,fr Ligue 1,24-342,2001.0,15.7,1,4,1,25.0,0.26,0.06,0.25,1.0,0,0,853,ci CIV,DF,fr Ligue 1,24-342,2001.0,16,1411,88,60.3,15.7,16,88.0,13,0,,1,0.75,12,21,-9,-0.57,0.2,680,ci CIV,DF,fr Ligue 1,24-342,2001.0,15.7,4,1,1,19,15,1,0,27,11,0
Sérigné Diop,sn SEN,FW,Brest,fr Ligue 1,20.0,2005.0,2,0,12,0.1,0,0,0,0,0,0,0,0,0.0,683,sn SEN,FW,fr Ligue 1,20-309,2005.0,0.1,0,1,0,0.0,7.5,0.0,0.0,,0,0,857,sn SEN,FW,fr Ligue 1,20-309,2005.0,2,12,6,0.5,0.1,0,,0,2,6.0,3,0.0,0,1,-1,-7.5,-7.46,683,sn SEN,FW,fr Ligue 1,20-309,2005.0,0.1,0,0,0,0,0,0,1,0,0,0
Andy Diouf,fr FRA,MF,Inter,it Serie A,22.0,2003.0,14,1,238,2.6,0,0,0,0,0,0,0,0,0.0,685,fr FRA,MF,it Serie A,22-304,2003.0,2.6,0,5,2,40.0,1.89,0.76,0.0,0.0,0,0,859,fr FRA,MF,it Serie A,22-304,2003.0,14,238,17,9.1,2.6,1,56.0,0,13,14.0,13,2.57,8,2,6,2.27,0.9,685,fr FRA,MF,it Serie A,22-304,2003.0,2.6,0,0,0,1,1,1,4,1,3,0
Andy Diouf,fr FRA,MF,Lens,fr Ligue 1,22.0,2003.0,1,1,90,1.0,0,0,0,0,0,0,0,0,0.0,686,fr FRA,MF,fr Ligue 1,22-304,2003.0,1.0,0,3,1,33.3,3.0,1.0,0.0,0.0,0,0,860,fr FRA,MF,fr Ligue 1,22-304,2003.0,1,90,90,3.8,1.0,1,90.0,1,0,,0,0.0,0,1,-1,-1.0,-2.08,686,fr FRA,MF,fr Ligue 1,22-304,2003.0,1.0,0,0,0,0,1,0,0,0,0,0
Assane Dioussé,sn SEN,MF,Auxerre,fr Ligue 1,28.0,1997.0,14,1,215,2.4,0,0,0,0,0,0,3,0,0.0,689,sn SEN,MF,fr Ligue 1,28-178,1997.0,2.4,0,4,1,25.0,1.67,0.42,0.0,0.0,0,0,863,sn SEN,MF,fr Ligue 1,28-178,1997.0,14,215,15,9.2,2.4,1,68.0,0,13,11.0,12,0.93,3,10,-7,-2.93,-2.51,689,sn SEN,MF,fr Ligue 1,28-178,1997.0,2.4,3,0,0,7,3,0,6,6,1,0
Harouna Djibrin,cm CMR,MF,Angers,fr Ligue 1,19.0,2006.0,14,1,316,3.5,2,1,3,2,0,0,2,0,0.85,693,cm CMR,MF,fr Ligue 1,19-132,2006.0,3.5,2,7,3,42.9,1.99,0.85,0.29,0.67,0,0,867,cm CMR,MF,fr Ligue 1,19-132,2006.0,14,316,23,13.5,3.5,1,60.0,0,13,20.0,2,1.29,7,4,3,0.85,1.39,693,cm CMR,MF,fr Ligue 1,19-132,2006.0,3.5,2,0,0,8,7,0,8,5,4,0
Berat Djimsiti,al ALB,DF,Atalanta,it Serie A,33.0,1993.0,26,22,1926,21.4,0,0,0,0,0,0,2,0,0.0,694,al ALB,DF,it Serie A,33-026,1993.0,21.4,0,10,1,10.0,0.47,0.05,0.0,0.0,0,0,868,al ALB,DF,it Serie A,33-026,1993.0,26,1926,74,73.8,21.4,22,83.0,18,4,23.0,1,1.54,25,19,6,0.28,-0.64,694,al ALB,DF,it Serie A,33-026,1993.0,21.4,2,0,0,12,5,0,2,20,20,0
Henrick Do Marcolino,fr FRA,FW,Rennes,fr Ligue 1,19.0,2006.0,1,0,3,0.0,0,0,0,0,0,0,0,0,0.0,696,fr FRA,FW,fr Ligue 1,19-361,2006.0,0.0,0,0,0,,0.0,0.0,,,0,0,870,fr FRA,FW,fr Ligue 1,19-361,2006.0,1,3,3,0.1,0.0,0,,0,1,3.0,2,3.0,0,0,0,0.0,-0.23,696,fr FRA,FW,fr Ligue 1,19-361,2006.0,0.0,0,0,0,0,0,0,0,2,1,0
Ritsu Doan,jp JPN,MF,Eintracht Frankfurt,de Bundesliga,27.0,1998.0,26,24,2004,22.3,4,5,9,4,0,0,3,0,0.4,697,jp JPN,MF,de Bundesliga,27-274,1998.0,22.3,4,33,11,33.3,1.48,0.49,0.12,0.36,0,0,871,jp JPN,MF,de Bundesliga,27-274,1998.0,26,2004,77,85.6,22.3,24,81.0,10,2,27.0,0,1.46,44,38,6,0.27,1.88,697,jp JPN,MF,de Bundesliga,27-274,1998.0,22.3,3,0,0,19,29,1,97,15,19,0
Danilho Doekhi,nl NED,DF,Union Berlin,de Bundesliga,27.0,1998.0,26,26,2340,26.0,4,0,4,4,0,0,3,0,0.15,699,nl NED,DF,de Bundesliga,27-260,1998.0,26.0,4,32,5,15.6,1.23,0.19,0.13,0.8,0,0,873,nl NED,DF,de Bundesliga,27-260,1998.0,26,2340,90,100.0,26.0,26,90.0,26,0,,0,1.19,31,42,-11,-0.42,,699,nl NED,DF,de Bundesliga,27-260,1998.0,26.0,3,0,0,22,13,1,6,34,26,0
Josh Doig,sct SCO,DF,Sassuolo,it Serie A,23.0,2002.0,27,20,1762,19.6,0,0,0,0,0,0,4,0,0.0,701,sct SCO,DF,it Serie A,23-303,2002.0,19.6,0,10,4,40.0,0.51,0.2,0.0,0.0,0,0,875,sct SCO,DF,it Serie A,23-303,2002.0,27,1762,65,67.5,19.6,20,81.0,11,7,19.0,2,1.19,18,28,-10,-0.51,-1.15,701,sct SCO,DF,it Serie A,23-303,2002.0,19.6,4,0,0,14,16,0,34,22,20,0
Tyrhys Dolan,eng ENG,MF,Espanyol,es La Liga,24.0,2001.0,27,21,1824,20.3,1,4,5,1,0,0,6,1,0.25,703,eng ENG,MF,es La Liga,24-079,2001.0,20.3,1,29,9,31.0,1.43,0.44,0.03,0.11,0,0,877,eng ENG,MF,es La Liga,24-079,2001.0,27,1824,68,72.4,20.3,21,77.0,2,6,34.0,0,1.26,27,30,-3,-0.15,0.37,703,eng ENG,MF,es La Liga,24-079,2001.0,20.3,6,1,1,29,39,4,85,12,29,0
Marc Domenech,es ESP,MF,Mallorca,es La Liga,20.0,2006.0,7,2,214,2.4,0,1,1,0,0,0,0,0,0.42,704,es ESP,MF,es La Liga,20-075,2006.0,2.4,0,3,0,0.0,1.26,0.0,0.0,,0,0,878,es ESP,MF,es La Liga,20-075,2006.0,7,214,31,8.5,2.4,2,61.0,0,5,18.0,10,0.86,3,2,1,0.42,0.93,704,es ESP,MF,es La Liga,20-075,2006.0,2.4,0,0,0,3,3,0,7,0,2,0
Benjamín Domínguez,ar ARG,MF,Bologna,it Serie A,22.0,2003.0,12,5,453,5.0,0,3,3,0,0,0,1,0,0.6,705,ar ARG,MF,it Serie A,22-179,2003.0,5.0,0,10,1,10.0,1.99,0.2,0.0,0.0,0,0,881,ar ARG,MF,it Serie A,22-179,2003.0,12,453,38,17.4,5.0,5,67.0,1,7,17.0,16,1.67,9,4,5,0.99,1.04,705,ar ARG,MF,it Serie A,22-179,2003.0,5.0,1,0,0,6,12,3,6,2,2,0
Carlos Dominguez,es ESP,DF,Celta Vigo,es La Liga,25.0,2001.0,7,5,520,5.8,0,0,0,0,0,0,1,0,0.0,706,es ESP,DF,es La Liga,25-034,2001.0,5.8,0,1,0,0.0,0.17,0.0,0.0,,0,0,882,es ESP,DF,es La Liga,25-034,2001.0,7,520,74,20.6,5.8,5,89.0,4,2,38.0,14,1.43,7,8,-1,-0.17,-0.53,706,es ESP,DF,es La Liga,25-034,2001.0,5.8,1,0,0,6,1,0,1,4,8,0
Niklas Dorsch,de GER,MF,Heidenheim,de Bundesliga,28.0,1998.0,24,20,1664,18.5,0,0,0,0,0,0,2,0,0.0,713,de GER,MF,de Bundesliga,28-061,1998.0,18.5,0,13,3,23.1,0.7,0.16,0.0,0.0,0,0,890,de GER,MF,de Bundesliga,28-061,1998.0,24,1664,69,71.1,18.5,20,78.0,8,4,27.0,1,0.58,14,40,-26,-1.41,-0.34,713,de GER,MF,de Bundesliga,28-061,1998.0,18.5,2,0,0,26,19,0,18,13,24,0
Alberto Dossena,it ITA,DF,Cagliari,it Serie A,27.0,1998.0,5,5,450,5.0,0,1,1,0,0,0,4,0,0.2,714,it ITA,DF,it Serie A,27-155,1998.0,5.0,0,5,1,20.0,1.0,0.2,0.0,0.0,0,0,892,it ITA,DF,it Serie A,27-155,1998.0,5,450,90,17.2,5.0,5,90.0,5,0,,3,0.4,3,8,-5,-1.0,-0.79,714,it ITA,DF,it Serie A,27-155,1998.0,5.0,4,0,0,7,5,2,0,3,6,0
Lohann Doucet,fr FRA,MF,Paris FC,fr Ligue 1,23.0,2002.0,5,1,121,1.3,1,0,1,1,0,0,2,0,0.74,715,fr FRA,MF,fr Ligue 1,23-184,2002.0,1.3,1,2,1,50.0,1.49,0.74,0.5,1.0,0,0,893,fr FRA,MF,fr Ligue 1,23-184,2002.0,5,121,24,5.2,1.3,1,60.0,0,4,15.0,4,0.8,1,5,-4,-2.98,-2.65,715,fr FRA,MF,fr Ligue 1,23-184,2002.0,1.3,2,0,0,4,1,0,0,0,0,0
Sékou Doucoure,fr FRA,DF,Nantes,fr Ligue 1,20.0,2005.0,1,0,45,0.5,0,0,0,0,0,0,0,0,0.0,717,fr FRA,DF,fr Ligue 1,20-325,2005.0,0.5,0,0,0,,0.0,0.0,,,0,0,896,fr FRA,DF,fr Ligue 1,20-325,2005.0,1,45,45,2.0,0.5,0,,0,1,45.0,5,3.0,1,0,1,2.0,2.86,717,fr FRA,DF,fr Ligue 1,20-325,2005.0,0.5,0,0,0,1,0,0,0,3,0,0
Kamory Doumbia,ml MLI,MF,Brest,fr Ligue 1,23.0,2003.0,20,19,1515,16.8,5,3,8,5,0,0,6,0,0.48,721,ml MLI,MF,fr Ligue 1,23-027,2003.0,16.8,5,38,12,31.6,2.26,0.71,0.13,0.42,0,0,902,ml MLI,MF,fr Ligue 1,23-027,2003.0,20,1515,76,64.7,16.8,19,79.0,4,1,22.0,0,1.55,28,21,7,0.42,1.4,721,ml MLI,MF,fr Ligue 1,23-027,2003.0,16.8,6,0,0,26,18,2,19,18,28,0
Anastasios Douvikas,gr GRE,FW,Como,it Serie A,26.0,1999.0,29,17,1610,17.9,10,1,11,9,1,1,0,0,0.56,722,gr GRE,FW,it Serie A,26-227,1999.0,17.9,10,47,22,46.8,2.63,1.23,0.19,0.41,1,1,903,gr GRE,FW,it Serie A,26-227,1999.0,29,1610,56,61.7,17.9,17,75.0,6,12,28.0,0,1.86,34,15,19,1.06,0.43,722,gr GRE,FW,it Serie A,26-227,1999.0,17.9,0,0,0,26,31,3,4,4,8,0
Artem Dovbyk,ua UKR,FW,Roma,it Serie A,28.0,1997.0,13,3,390,4.3,3,1,4,3,0,0,0,0,0.92,723,ua UKR,FW,it Serie A,28-269,1997.0,4.3,3,10,5,50.0,2.31,1.15,0.3,0.6,0,0,904,ua UKR,FW,it Serie A,28-269,1997.0,13,390,30,14.9,4.3,3,53.0,0,10,23.0,1,2.31,6,3,3,0.69,0.17,723,ua UKR,FW,it Serie A,28-269,1997.0,4.3,0,0,0,11,6,4,1,0,3,0
Damion Downs,us USA,FW,Hamburger SV,de Bundesliga,21.0,2004.0,8,6,478,5.3,0,0,0,0,0,0,0,0,0.0,725,us USA,FW,de Bundesliga,21-254,2004.0,5.3,0,7,4,57.1,1.32,0.75,0.0,0.0,0,0,906,us USA,FW,de Bundesliga,21-254,2004.0,8,478,60,20.4,5.3,6,70.0,0,2,30.0,1,1.13,4,4,0,0.0,0.39,725,us USA,FW,de Bundesliga,21-254,2004.0,5.3,0,0,0,7,1,2,0,0,2,0
Domingos Duarte,pt POR,DF,Getafe,es La Liga,31.0,1995.0,25,25,2132,23.7,0,0,0,0,0,0,8,0,0.0,728,pt POR,DF,es La Liga,31-007,1995.0,23.7,0,10,3,30.0,0.42,0.13,0.0,0.0,0,0,912,pt POR,DF,es La Liga,31-007,1995.0,25,2132,85,84.6,23.7,25,85.0,19,0,,1,1.24,18,27,-9,-0.38,-0.84,728,pt POR,DF,es La Liga,31-007,1995.0,23.7,8,0,0,25,21,2,0,24,10,1
Denzel Dumfries,nl NED,MF,Inter,it Serie A,29.0,1996.0,13,10,841,9.3,1,0,1,1,0,0,2,0,0.11,730,nl NED,MF,it Serie A,29-333,1996.0,9.3,1,11,3,27.3,1.18,0.32,0.09,0.33,0,0,914,nl NED,MF,it Serie A,29-333,1996.0,13,841,65,32.2,9.3,10,75.0,4,3,29.0,1,1.92,20,8,12,1.28,-0.24,730,nl NED,MF,it Serie A,29-333,1996.0,9.3,2,0,0,14,8,2,23,4,7,0
Hugo Duro,es ESP,FW,Valencia,es La Liga,26.0,1999.0,27,16,1489,16.5,8,0,8,7,1,1,4,0,0.42,734,es ESP,FW,es La Liga,26-127,1999.0,16.5,8,27,11,40.7,1.63,0.66,0.26,0.64,1,1,920,es ESP,FW,es La Liga,26-127,1999.0,27,1489,55,59.1,16.5,16,77.0,7,11,24.0,0,1.15,21,24,-3,-0.18,0.6,734,es ESP,FW,es La Liga,26-127,1999.0,16.5,4,0,0,16,28,5,0,3,6,0
Rafiu Durosinmi,ng NGA,FW,Pisa,it Serie A,23.0,2003.0,9,4,384,4.3,1,1,2,1,0,0,0,1,0.47,735,ng NGA,FW,it Serie A,23-075,2003.0,4.3,1,6,3,50.0,1.41,0.7,0.17,0.33,0,0,921,ng NGA,FW,it Serie A,23-075,2003.0,9,384,43,14.7,4.3,4,55.0,0,5,33.0,0,0.56,3,10,-7,-1.64,-0.87,735,ng NGA,FW,it Serie A,23-075,2003.0,4.3,0,1,0,13,2,3,0,1,0,0
Edin Džeko,ba BIH,FW,Fiorentina,it Serie A,40.0,1986.0,11,2,244,2.7,0,0,0,0,0,0,1,0,0.0,737,ba BIH,FW,it Serie A,40-000,1986.0,2.7,0,4,1,25.0,1.48,0.37,0.0,0.0,0,0,925,ba BIH,FW,it Serie A,40-000,1986.0,11,244,22,9.3,2.7,2,52.0,0,9,16.0,6,0.36,2,6,-4,-1.48,-1.29,737,ba BIH,FW,it Serie A,40-000,1986.0,2.7,1,0,0,2,5,0,1,1,1,0
Adam Dźwigała,pl POL,DF,St Pauli,de Bundesliga,30.0,1995.0,16,12,1077,12.0,1,1,2,1,0,0,5,0,0.17,738,pl POL,DF,de Bundesliga,30-173,1995.0,12.0,1,3,1,33.3,0.25,0.08,0.33,1.0,0,0,926,pl POL,DF,de Bundesliga,30-173,1995.0,16,1077,67,46.0,12.0,12,78.0,4,4,35.0,5,1.06,10,21,-11,-0.92,-0.35,738,pl POL,DF,de Bundesliga,30-173,1995.0,12.0,5,0,0,15,6,0,1,19,24,0
Aron Dønnum,no NOR,MF,Toulouse,fr Ligue 1,27.0,1998.0,21,21,1859,20.7,4,4,8,1,3,3,6,0,0.24,739,no NOR,MF,fr Ligue 1,27-331,1998.0,20.7,4,31,12,38.7,1.5,0.58,0.03,0.08,3,3,927,no NOR,MF,fr Ligue 1,27-331,1998.0,21,1859,89,79.4,20.7,21,89.0,19,0,,0,1.24,31,26,5,0.24,0.24,739,no NOR,MF,fr Ligue 1,27-331,1998.0,20.7,6,0,0,25,32,0,123,22,23,0
Younes Ebnoutalib,de GER,FW,Eintracht Frankfurt,de Bundesliga,22.0,2003.0,2,2,109,1.2,1,0,1,1,0,0,0,0,0.83,741,de GER,FW,de Bundesliga,22-185,2003.0,1.2,1,3,1,33.3,2.48,0.83,0.33,1.0,0,0,929,de GER,FW,de Bundesliga,22-185,2003.0,2,109,55,4.7,1.2,2,55.0,1,0,,0,0.5,4,3,1,0.83,0.87,741,de GER,FW,de Bundesliga,22-185,2003.0,1.2,0,0,0,2,2,0,0,1,0,0
Simon Ebonog,cm CMR,MF,Le Havre,fr Ligue 1,21.0,2004.0,22,16,1300,14.4,0,0,0,0,0,0,5,0,0.0,742,cm CMR,MF,fr Ligue 1,21-213,2004.0,14.4,0,14,2,14.3,0.97,0.14,0.0,0.0,0,0,930,cm CMR,MF,fr Ligue 1,21-213,2004.0,22,1300,59,55.6,14.4,16,76.0,6,6,15.0,2,1.09,9,22,-13,-0.9,-0.99,742,cm CMR,MF,fr Ligue 1,21-213,2004.0,14.4,5,0,0,20,23,0,10,17,20,0
Enzo Ebosse,cm CMR,DF,Hellas Verona,it Serie A,27.0,1999.0,4,3,214,2.4,0,0,0,0,0,0,1,0,0.0,743,cm CMR,DF,it Serie A,27-006,1999.0,2.4,0,1,0,0.0,0.42,0.0,0.0,,0,0,931,cm CMR,DF,it Serie A,27-006,1999.0,4,214,54,8.2,2.4,3,68.0,1,1,9.0,19,0.5,1,6,-5,-2.1,-1.2,743,cm CMR,DF,it Serie A,27-006,1999.0,2.4,1,0,0,5,1,0,0,0,1,0
Enzo Ebosse,cm CMR,DF,Torino,it Serie A,27.0,1999.0,4,4,314,3.5,0,0,0,0,0,0,0,0,0.0,744,cm CMR,DF,it Serie A,27-006,1999.0,3.5,0,0,0,,0.0,0.0,,,0,0,932,cm CMR,DF,it Serie A,27-006,1999.0,4,314,79,12.0,3.5,4,79.0,2,0,,2,1.5,6,5,1,0.29,1.03,744,cm CMR,DF,it Serie A,27-006,1999.0,3.5,0,0,0,4,2,0,1,5,0,0
Claudio Echeverri,ar ARG,MF,Girona,es La Liga,20.0,2006.0,8,1,235,2.6,1,1,2,1,0,0,3,0,0.77,745,ar ARG,MF,es La Liga,20-074,2006.0,2.6,1,8,3,37.5,3.06,1.15,0.13,0.33,0,0,934,ar ARG,MF,es La Liga,20-074,2006.0,8,235,29,9.3,2.6,1,53.0,0,7,26.0,0,1.25,5,4,1,0.38,0.9,745,ar ARG,MF,es La Liga,20-074,2006.0,2.6,3,0,0,4,5,0,9,0,5,0
Claudio Echeverri,ar ARG,MF,Leverkusen,de Bundesliga,20.0,2006.0,6,1,134,1.5,0,0,0,0,0,0,0,0,0.0,746,ar ARG,MF,de Bundesliga,20-074,2006.0,1.5,0,1,0,0.0,0.67,0.0,0.0,,0,0,935,ar ARG,MF,de Bundesliga,20-074,2006.0,6,134,22,5.7,1.5,1,55.0,0,5,16.0,7,0.33,2,6,-4,-2.69,-3.5,746,ar ARG,MF,de Bundesliga,20-074,2006.0,1.5,0,0,0,0,2,0,6,1,1,0
Éderson,br BRA,MF,Atalanta,it Serie A,26.0,1999.0,22,19,1621,18.0,1,0,1,0,1,1,1,0,0.0,747,br BRA,MF,it Serie A,26-253,1999.0,18.0,1,25,6,24.0,1.39,0.33,0.0,0.0,1,1,937,br BRA,MF,it Serie A,26-253,1999.0,22,1621,74,62.1,18.0,19,80.0,11,3,31.0,2,1.59,22,13,9,0.5,0.14,747,br BRA,MF,it Serie A,26-253,1999.0,18.0,1,0,0,25,28,0,10,19,25,0
Noah Edjouma,fr FRA,FW,Toulouse,fr Ligue 1,20.0,2005.0,12,2,256,2.8,0,0,0,0,0,0,0,0,0.0,748,fr FRA,FW,fr Ligue 1,20-164,2005.0,2.8,0,8,3,37.5,2.81,1.05,0.0,0.0,0,0,938,fr FRA,FW,fr Ligue 1,20-164,2005.0,12,256,21,10.9,2.8,2,61.0,0,10,13.0,8,1.42,4,2,2,0.7,0.57,748,fr FRA,FW,fr Ligue 1,20-164,2005.0,2.8,0,0,0,4,4,0,12,3,3,0
Noah Edjouma,fr FRA,MF,Lille,fr Ligue 1,20.0,2005.0,3,1,92,1.0,0,0,0,0,0,0,0,0,0.0,749,fr FRA,MF,fr Ligue 1,20-164,2005.0,1.0,0,2,0,0.0,1.96,0.0,0.0,,0,0,939,fr FRA,MF,fr Ligue 1,20-164,2005.0,3,92,31,3.9,1.0,1,60.0,0,2,16.0,1,1.67,1,1,0,0.0,-0.28,749,fr FRA,MF,fr Ligue 1,20-164,2005.0,1.0,0,0,0,1,2,1,6,0,4,0
Andrias Edmundsson,fo FRO,DF,Hellas Verona,it Serie A,25.0,2000.0,6,6,540,6.0,0,0,0,0,0,0,1,0,0.0,750,fo FRO,DF,it Serie A,25-089,2000.0,6.0,0,1,0,0.0,0.17,0.0,0.0,,0,0,940,fo FRO,DF,it Serie A,25-089,2000.0,6,540,90,20.7,6.0,6,90.0,6,0,,0,0.67,4,10,-6,-1.0,0.0,750,fo FRO,DF,it Serie A,25-089,2000.0,6.0,1,0,0,6,6,0,4,11,8,0
Odsonne Édouard,fr FRA,FW,Lens,fr Ligue 1,28.0,1998.0,22,21,1387,15.4,10,3,13,9,1,1,1,0,0.78,752,fr FRA,FW,fr Ligue 1,28-060,1998.0,15.4,10,42,22,52.4,2.73,1.43,0.21,0.41,1,1,942,fr FRA,FW,fr Ligue 1,28-060,1998.0,22,1387,63,59.3,15.4,21,65.0,0,1,22.0,0,2.14,27,14,13,0.84,-0.38,752,fr FRA,FW,fr Ligue 1,28-060,1998.0,15.4,1,0,0,18,16,9,1,1,4,0
Yannick Eduardo,cz CZE,FW,Hoffenheim,de Bundesliga,20.0,2006.0,1,0,1,0.0,0,0,0,0,0,0,0,0,0.0,754,cz CZE,FW,de Bundesliga,20-053,2006.0,0.0,0,0,0,,0.0,0.0,,,0,0,944,cz CZE,FW,de Bundesliga,20-053,2006.0,1,1,1,0.0,0.0,0,,0,1,1.0,1,1.0,0,0,0,0.0,-0.77,754,cz CZE,FW,de Bundesliga,20-053,2006.0,0.0,0,0,0,0,0,0,0,0,0,0
Maximilian Eggestein,de GER,MF,Freiburg,de Bundesliga,29.0,1996.0,26,26,2340,26.0,2,0,2,2,0,0,3,0,0.08,758,de GER,MF,de Bundesliga,29-099,1996.0,26.0,2,39,12,30.8,1.5,0.46,0.05,0.17,0,0,949,de GER,MF,de Bundesliga,29-099,1996.0,26,2340,90,100.0,26.0,26,90.0,26,0,,0,1.31,37,43,-6,-0.23,,758,de GER,MF,de Bundesliga,29-099,1996.0,26.0,3,0,0,16,14,1,12,25,31,0
Ovie Ejaria,eng ENG,MF,Oviedo,es La Liga,28.0,1997.0,7,2,180,2.0,0,0,0,0,0,0,1,0,0.0,760,eng ENG,MF,es La Liga,28-119,1997.0,2.0,0,3,1,33.3,1.5,0.5,0.0,0.0,0,0,951,eng ENG,MF,es La Liga,28-119,1997.0,7,180,26,7.1,2.0,2,54.0,0,5,14.0,2,0.71,2,3,-1,-0.5,0.46,760,eng ENG,MF,es La Liga,28-119,1997.0,2.0,1,0,0,3,5,1,0,2,2,0
Jeff Ekhator,it ITA,FW,Genoa,it Serie A,19.0,2006.0,23,5,630,7.0,2,0,2,2,0,0,3,0,0.29,763,it ITA,FW,it Serie A,19-126,2006.0,7.0,2,15,3,20.0,2.14,0.43,0.13,0.67,0,0,954,it ITA,FW,it Serie A,19-126,2006.0,23,630,27,24.1,7.0,5,58.0,0,18,19.0,6,1.13,10,10,0,0.0,0.18,763,it ITA,FW,it Serie A,19-126,2006.0,7.0,3,0,0,16,17,8,6,1,6,0
Jurgen Ekkelenkamp,nl NED,MF,Udinese,it Serie A,25.0,2000.0,25,21,1717,19.1,3,1,4,3,0,0,1,0,0.21,765,nl NED,MF,it Serie A,25-346,2000.0,19.1,3,25,11,44.0,1.31,0.58,0.12,0.27,0,0,956,nl NED,MF,it Serie A,25-346,2000.0,25,1717,69,65.8,19.1,21,78.0,4,4,22.0,4,1.24,22,28,-6,-0.31,-0.01,765,nl NED,MF,it Serie A,25-346,2000.0,19.1,1,0,0,17,12,1,27,12,20,0
Daniel Elfadli,ly LBY,DF,Hamburger SV,de Bundesliga,28.0,1997.0,19,14,1170,13.0,0,0,0,0,0,0,6,1,0.0,769,ly LBY,DF,de Bundesliga,28-345,1997.0,13.0,0,4,1,25.0,0.31,0.08,0.0,0.0,0,0,960,ly LBY,DF,de Bundesliga,28-345,1997.0,19,1170,62,50.0,13.0,14,77.0,8,5,18.0,2,1.11,15,18,-3,-0.23,0.15,769,ly LBY,DF,de Bundesliga,28-345,1997.0,13.0,6,1,1,19,15,0,0,20,12,0
Mikael Ellertsson,is ISL,MF,Genoa,it Serie A,24.0,2002.0,28,23,2093,23.3,1,1,2,1,0,0,1,0,0.09,772,is ISL,MF,it Serie A,24-006,2002.0,23.3,1,21,6,28.6,0.9,0.26,0.05,0.17,0,0,963,is ISL,MF,it Serie A,24-006,2002.0,28,2093,75,80.2,23.3,23,87.0,17,5,17.0,1,1.07,26,34,-8,-0.34,-1.04,772,is ISL,MF,it Serie A,24-006,2002.0,23.3,1,0,0,22,31,1,25,13,22,0
Elif Elmas,mk MKD,MF,Napoli,it Serie A,26.0,1999.0,26,18,1540,17.1,1,2,3,1,0,0,2,0,0.18,775,mk MKD,MF,it Serie A,26-174,1999.0,17.1,1,20,8,40.0,1.17,0.47,0.05,0.13,0,0,966,mk MKD,MF,it Serie A,26-174,1999.0,26,1540,59,59.0,17.1,18,76.0,7,8,22.0,1,1.92,24,20,4,0.23,-0.69,775,mk MKD,MF,it Serie A,26-174,1999.0,17.1,2,0,0,14,12,1,33,5,12,0
Nesta Elphege,fr FRA,FW,Parma,it Serie A,25.0,2001.0,2,0,35,0.4,0,0,0,0,0,0,0,0,0.0,776,fr FRA,FW,it Serie A,25-067,2001.0,0.4,0,0,0,,0.0,0.0,,,0,0,967,fr FRA,FW,it Serie A,25-067,2001.0,2,35,18,1.3,0.4,0,,0,2,18.0,5,0.5,0,0,0,0.0,0.52,776,fr FRA,FW,it Serie A,25-067,2001.0,0.4,0,0,0,0,0,0,0,0,0,0
Aritz Elustondo,es ESP,DF,Real Sociedad,es La Liga,31.0,1994.0,9,4,372,4.1,0,0,0,0,0,0,0,0,0.0,777,es ESP,DF,es La Liga,31-354,1994.0,4.1,0,3,2,66.7,0.73,0.48,0.0,0.0,0,0,968,es ESP,DF,es La Liga,31-354,1994.0,9,372,41,14.8,4.1,4,73.0,2,5,16.0,16,0.78,7,8,-1,-0.24,-0.33,777,es ESP,DF,es La Liga,31-354,1994.0,4.1,0,0,0,13,5,0,3,6,4,0
Nico Elvedi,ch SUI,DF,Gladbach,de Bundesliga,29.0,1996.0,26,26,2336,26.0,0,0,0,0,0,0,2,0,0.0,778,ch SUI,DF,de Bundesliga,29-168,1996.0,26.0,0,8,0,0.0,0.31,0.0,0.0,,0,0,969,ch SUI,DF,de Bundesliga,29-168,1996.0,26,2336,90,99.8,26.0,26,90.0,25,0,,0,1.08,30,43,-13,-0.5,-0.5,778,ch SUI,DF,de Bundesliga,29-168,1996.0,26.0,2,0,0,14,11,0,0,25,28,0
Breel Embolo,ch SUI,FW,Rennes,fr Ligue 1,29.0,1997.0,23,15,1387,15.4,6,3,9,6,0,0,3,0,0.58,779,ch SUI,FW,fr Ligue 1,29-031,1997.0,15.4,6,23,11,47.8,1.49,0.71,0.26,0.55,0,0,970,ch SUI,FW,fr Ligue 1,29-031,1997.0,23,1387,60,59.3,15.4,15,82.0,7,8,20.0,0,1.7,22,24,-2,-0.13,-0.89,779,ch SUI,FW,fr Ligue 1,29-031,1997.0,15.4,3,0,0,37,42,12,4,4,10,0
Emanuel Emegha,nl NED,FW,Strasbourg,fr Ligue 1,23.0,2003.0,7,4,414,4.6,4,2,6,4,0,0,3,0,1.3,780,nl NED,FW,fr Ligue 1,23-042,2003.0,4.6,4,16,8,50.0,3.48,1.74,0.25,0.5,0,0,971,nl NED,FW,fr Ligue 1,23-042,2003.0,7,414,59,17.7,4.6,4,79.0,2,3,33.0,0,1.71,7,4,3,0.65,0.37,780,nl NED,FW,fr Ligue 1,23-042,2003.0,4.6,3,0,0,10,9,3,0,0,0,0
Emersonn,br BRA,FW,Toulouse,fr Ligue 1,21.0,2004.0,20,15,1182,13.1,3,2,5,3,0,0,4,1,0.38,781,br BRA,FW,fr Ligue 1,21-244,2004.0,13.1,3,41,14,34.1,3.12,1.07,0.07,0.21,0,0,973,br BRA,FW,fr Ligue 1,21-244,2004.0,20,1182,59,50.5,13.1,15,68.0,3,5,31.0,0,1.1,13,11,2,0.15,-0.08,781,br BRA,FW,fr Ligue 1,21-244,2004.0,13.1,4,1,0,32,8,4,7,5,6,0
Julio Enciso,py PAR,MF,Strasbourg,fr Ligue 1,22.0,2004.0,19,17,1390,15.4,1,2,3,1,0,0,2,0,0.19,782,py PAR,MF,fr Ligue 1,22-053,2004.0,15.4,1,40,14,35.0,2.59,0.91,0.03,0.07,0,0,975,py PAR,MF,fr Ligue 1,22-053,2004.0,19,1390,73,59.4,15.4,17,79.0,4,2,25.0,1,1.16,21,20,1,0.06,-0.69,782,py PAR,MF,fr Ligue 1,22-053,2004.0,15.4,2,0,0,13,22,1,47,5,7,0
Endrick,br BRA,FW,Real Madrid,es La Liga,19.0,2006.0,1,0,12,0.1,0,0,0,0,0,0,0,0,0.0,784,br BRA,FW,es La Liga,19-239,2006.0,0.1,0,0,0,,0.0,0.0,,,0,0,977,br BRA,FW,es La Liga,19-239,2006.0,1,12,12,0.5,0.1,0,,0,1,12.0,11,3.0,1,0,1,7.5,6.24,784,br BRA,FW,es La Liga,19-239,2006.0,0.1,0,0,0,0,1,0,0,0,0,0
Endrick,br BRA,FW,Lyon,fr Ligue 1,19.0,2006.0,8,7,611,6.8,3,3,6,2,1,1,2,1,0.74,785,br BRA,FW,fr Ligue 1,19-239,2006.0,6.8,3,26,16,61.5,3.83,2.36,0.08,0.13,1,1,978,br BRA,FW,fr Ligue 1,19-239,2006.0,8,611,76,26.1,6.8,7,84.0,2,1,26.0,0,1.75,13,9,4,0.59,0.12,785,br BRA,FW,fr Ligue 1,19-239,2006.0,6.8,2,1,0,8,13,3,18,2,3,0
Yannik Engelhardt,de GER,MF,Gladbach,de Bundesliga,25.0,2001.0,23,21,1801,20.0,2,1,3,2,0,0,5,0,0.15,786,de GER,MF,de Bundesliga,25-038,2001.0,20.0,2,17,5,29.4,0.85,0.25,0.12,0.4,0,0,979,de GER,MF,de Bundesliga,25-038,2001.0,23,1801,78,77.0,20.0,21,84.0,16,2,18.0,0,1.17,27,29,-2,-0.1,1.74,786,de GER,MF,de Bundesliga,25-038,2001.0,20.0,5,0,0,30,25,0,5,25,19,0
Christian Eriksen,dk DEN,MF,Wolfsburg,de Bundesliga,34.0,1992.0,23,19,1749,19.4,2,6,8,0,2,2,4,0,0.31,787,dk DEN,MF,de Bundesliga,34-031,1992.0,19.4,2,26,8,30.8,1.34,0.41,0.0,0.0,2,2,980,dk DEN,MF,de Bundesliga,34-031,1992.0,23,1749,76,74.7,19.4,19,85.0,8,4,32.0,1,0.7,27,41,-14,-0.72,0.35,787,dk DEN,MF,de Bundesliga,34-031,1992.0,19.4,4,0,0,11,3,3,75,12,15,0
Xavi Espart,es ESP,DF,Barcelona,es La Liga,18.0,2007.0,1,1,90,1.0,0,0,0,0,0,0,0,0,0.0,789,es ESP,DF,es La Liga,18-300,2007.0,1.0,0,0,0,,0.0,0.0,,,0,0,982,es ESP,DF,es La Liga,18-300,2007.0,1,90,90,3.6,1.0,1,90.0,1,0,,5,3.0,5,2,3,3.0,1.3,789,es ESP,DF,es La Liga,18-300,2007.0,1.0,0,0,0,0,3,0,0,5,1,0
Carlos Espí,es ESP,FW,Levante,es La Liga,20.0,2005.0,15,3,494,5.5,5,0,5,5,0,0,1,0,0.91,790,es ESP,FW,es La Liga,20-236,2005.0,5.5,5,18,11,61.1,3.28,2.0,0.28,0.45,0,0,983,es ESP,FW,es La Liga,20-236,2005.0,15,494,33,19.6,5.5,3,79.0,1,12,21.0,9,0.87,11,7,4,0.73,1.62,790,es ESP,FW,es La Liga,20-236,2005.0,5.5,1,0,0,14,14,6,0,2,2,0
Francesco Esposito,it ITA,FW,Inter,it Serie A,20.0,2005.0,27,10,1119,12.4,5,3,8,5,0,0,1,0,0.64,792,it ITA,FW,it Serie A,20-262,2005.0,12.4,5,45,17,37.8,3.62,1.37,0.11,0.29,0,0,987,it ITA,FW,it Serie A,20-262,2005.0,27,1119,41,42.9,12.4,10,73.0,2,17,23.0,1,2.41,27,8,19,1.53,0.14,792,it ITA,FW,it Serie A,20-262,2005.0,12.4,1,0,0,22,39,2,2,4,3,0
Marco Esteban,es ESP,DF,Oviedo,es La Liga,20.0,2006.0,1,0,45,0.5,0,0,0,0,0,0,0,0,0.0,796,es ESP,DF,es La Liga,20-075,2006.0,0.5,0,0,0,,0.0,0.0,,,0,0,993,es ESP,DF,es La Liga,20-075,2006.0,1,45,45,1.8,0.5,0,,0,1,45.0,3,0.0,0,0,0,0.0,0.95,796,es ESP,DF,es La Liga,20-075,2006.0,0.5,0,0,0,0,0,0,0,0,0,0
Nahuel Estévez,ar ARG,MF,Parma,it Serie A,30.0,1995.0,25,9,922,10.2,0,0,0,0,0,0,2,0,0.0,799,ar ARG,MF,it Serie A,30-123,1995.0,10.2,0,8,1,12.5,0.78,0.1,0.0,0.0,0,0,997,ar ARG,MF,it Serie A,30-123,1995.0,25,922,37,35.3,10.2,9,76.0,5,16,15.0,2,1.04,5,8,-3,-0.29,0.35,799,ar ARG,MF,it Serie A,30-123,1995.0,10.2,2,0,0,8,11,0,37,4,9,0
Pervis Estupiñán,ec ECU,MF,Milan,it Serie A,28.0,1998.0,16,12,888,9.9,1,1,2,1,0,0,3,1,0.2,800,ec ECU,MF,it Serie A,28-055,1998.0,9.9,1,9,1,11.1,0.91,0.1,0.11,1.0,0,0,998,ec ECU,MF,it Serie A,28-055,1998.0,16,888,56,34.0,9.9,12,73.0,5,4,4.0,9,2.06,15,4,11,1.11,0.49,800,ec ECU,MF,it Serie A,28-055,1998.0,9.9,3,1,0,14,6,5,15,10,8,0
Karl Etta Eyong,cm CMR,FW,Villarreal,es La Liga,22.0,2003.0,3,3,256,2.8,1,2,3,1,0,0,0,0,1.05,801,cm CMR,FW,es La Liga,22-154,2003.0,2.8,1,7,3,42.9,2.46,1.05,0.14,0.33,0,0,999,cm CMR,FW,es La Liga,22-154,2003.0,3,256,85,10.2,2.8,3,85.0,2,0,,0,2.33,8,0,8,2.81,2.41,801,cm CMR,FW,es La Liga,22-154,2003.0,2.8,0,0,0,3,4,1,0,0,2,0
Karl Etta Eyong,cm CMR,FW,Levante,es La Liga,22.0,2003.0,23,15,1335,14.8,5,2,7,5,0,1,2,0,0.47,802,cm CMR,FW,es La Liga,22-154,2003.0,14.8,5,34,14,41.2,2.29,0.94,0.15,0.36,0,1,1000,cm CMR,FW,es La Liga,22-154,2003.0,23,1335,58,53.0,14.8,15,79.0,6,8,19.0,0,0.83,18,30,-12,-0.81,-0.51,802,cm CMR,FW,es La Liga,22-154,2003.0,14.8,2,0,0,24,30,6,13,4,11,0
Edu Expósito,es ESP,MF,Espanyol,es La Liga,29.0,1996.0,26,22,1722,19.1,1,6,7,1,0,0,5,0,0.37,804,es ESP,MF,es La Liga,29-228,1996.0,19.1,1,29,9,31.0,1.52,0.47,0.03,0.11,0,0,1002,es ESP,MF,es La Liga,29-228,1996.0,26,1722,66,68.3,19.1,22,74.0,5,4,26.0,1,1.27,25,27,-2,-0.1,0.46,804,es ESP,MF,es La Liga,29-228,1996.0,19.1,5,0,0,18,28,2,183,16,20,0
Giovanni Fabbian,it ITA,MF,Bologna,it Serie A,23.0,2003.0,14,8,705,7.8,2,0,2,2,0,0,0,0,0.26,808,it ITA,MF,it Serie A,23-062,2003.0,7.8,2,14,4,28.6,1.79,0.51,0.14,0.5,0,0,1006,it ITA,MF,it Serie A,23-062,2003.0,14,705,50,27.0,7.8,8,72.0,1,6,21.0,7,1.43,10,7,3,0.38,0.34,808,it ITA,MF,it Serie A,23-062,2003.0,7.8,0,0,0,13,18,2,2,5,4,0
Giovanni Fabbian,it ITA,MF,Fiorentina,it Serie A,23.0,2003.0,7,1,160,1.8,0,0,0,0,0,0,2,0,0.0,809,it ITA,MF,it Serie A,23-062,2003.0,1.8,0,1,1,100.0,0.56,0.56,0.0,0.0,0,0,1007,it ITA,MF,it Serie A,23-062,2003.0,7,160,23,6.1,1.8,1,45.0,0,6,19.0,1,1.14,1,4,-3,-1.69,-1.47,809,it ITA,MF,it Serie A,23-062,2003.0,1.8,2,0,0,2,4,0,0,1,0,0
Alieu Fadera,gm GAM,FW,Sassuolo,it Serie A,24.0,2001.0,25,8,936,10.4,2,1,3,2,0,0,4,0,0.29,810,gm GAM,FW,it Serie A,24-134,2001.0,10.4,2,13,4,30.8,1.25,0.38,0.15,0.5,0,0,1009,gm GAM,FW,it Serie A,24-134,2001.0,25,936,37,35.9,10.4,8,67.0,0,17,23.0,2,1.48,12,11,1,0.1,0.36,810,gm GAM,FW,it Serie A,24-134,2001.0,10.4,4,0,0,32,36,8,24,5,19,0
Wout Faes,be BEL,DF,Monaco,fr Ligue 1,27.0,1998.0,7,7,568,6.3,0,0,0,0,0,0,2,0,0.0,811,be BEL,DF,fr Ligue 1,27-348,1998.0,6.3,0,3,1,33.3,0.48,0.16,0.0,0.0,0,0,1011,be BEL,DF,fr Ligue 1,27-348,1998.0,7,568,81,24.3,6.3,7,81.0,6,0,,1,2.29,14,7,7,1.11,1.06,811,be BEL,DF,fr Ligue 1,27-348,1998.0,6.3,2,0,0,7,2,0,0,10,7,0
Nicolò Fagioli,it ITA,MF,Fiorentina,it Serie A,25.0,2001.0,26,23,1980,22.0,1,3,4,1,0,0,4,0,0.18,812,it ITA,MF,it Serie A,25-033,2001.0,22.0,1,25,6,24.0,1.14,0.27,0.04,0.17,0,0,1012,it ITA,MF,it Serie A,25-033,2001.0,26,1980,76,75.9,22.0,23,82.0,12,3,34.0,3,1.0,27,36,-9,-0.41,-0.41,812,it ITA,MF,it Serie A,25-033,2001.0,22.0,4,0,0,18,33,0,78,14,22,0
Romain Faivre,fr FRA,FW,Auxerre,fr Ligue 1,27.0,1998.0,5,2,188,2.1,0,0,0,0,0,0,0,0,0.0,813,fr FRA,FW,fr Ligue 1,27-246,1998.0,2.1,0,6,2,33.3,2.87,0.96,0.0,0.0,0,0,1014,fr FRA,FW,fr Ligue 1,27-246,1998.0,5,188,38,8.0,2.1,2,72.0,0,3,15.0,1,0.8,1,1,0,0.0,0.71,813,fr FRA,FW,fr Ligue 1,27-246,1998.0,2.1,0,0,0,3,3,1,3,1,2,0
Omar Falah,es ESP,DF,Oviedo,es La Liga,22.0,2003.0,1,0,14,0.2,0,0,0,0,0,0,0,0,0.0,814,es ESP,DF,es La Liga,22-189,2003.0,0.2,0,0,0,,0.0,0.0,,,0,0,1015,es ESP,DF,es La Liga,22-189,2003.0,1,14,14,0.6,0.2,0,,0,1,14.0,3,0.0,0,0,0,0.0,0.93,814,es ESP,DF,es La Liga,22-189,2003.0,0.2,0,0,0,0,0,0,0,0,0,0
Ansu Fati,es ESP,MF,Monaco,fr Ligue 1,23.0,2002.0,17,6,671,7.5,8,0,8,5,3,4,1,0,0.67,816,es ESP,MF,fr Ligue 1,23-137,2002.0,7.5,8,27,15,55.6,3.62,2.01,0.19,0.33,3,4,1019,es ESP,MF,fr Ligue 1,23-137,2002.0,17,671,39,28.7,7.5,6,66.0,1,11,25.0,1,1.76,15,9,6,0.8,0.7,816,es ESP,MF,fr Ligue 1,23-137,2002.0,7.5,1,0,0,7,4,2,2,1,7,0
Abdoulaye Faye,sn SEN,DF,Lorient,fr Ligue 1,21.0,2004.0,9,8,753,8.4,0,0,0,0,0,0,6,0,0.0,817,sn SEN,DF,fr Ligue 1,21-176,2004.0,8.4,0,6,1,16.7,0.72,0.12,0.0,0.0,0,0,1022,sn SEN,DF,fr Ligue 1,21-176,2004.0,9,753,84,32.2,8.4,8,89.0,7,1,45.0,0,1.33,14,20,-6,-0.72,-0.89,817,sn SEN,DF,fr Ligue 1,21-176,2004.0,8.4,6,0,0,17,9,0,1,17,13,0
Aleix Febas,es ESP,MF,Elche,es La Liga,30.0,1996.0,27,27,2395,26.6,2,1,3,2,0,0,7,0,0.11,819,es ESP,MF,es La Liga,30-043,1996.0,26.6,2,19,8,42.1,0.71,0.3,0.11,0.25,0,0,1024,es ESP,MF,es La Liga,30-043,1996.0,27,2395,89,95.0,26.6,27,89.0,24,0,,0,0.96,34,40,-6,-0.23,1.93,819,es ESP,MF,es La Liga,30-043,1996.0,26.6,7,0,0,23,85,0,17,21,30,0
Mattia Felici,it ITA,MF,Cagliari,it Serie A,24.0,2001.0,11,4,411,4.6,2,1,3,2,0,0,3,0,0.66,820,it ITA,MF,it Serie A,24-334,2001.0,4.6,2,9,6,66.7,1.97,1.31,0.22,0.33,0,0,1025,it ITA,MF,it Serie A,24-334,2001.0,11,411,37,15.7,4.6,4,58.0,0,7,25.0,2,0.91,7,7,0,0.0,0.41,820,it ITA,MF,it Serie A,24-334,2001.0,4.6,3,0,0,10,6,0,23,5,6,0
Luiz Felipe,it ITA,DF,Rayo Vallecano,es La Liga,28.0,1997.0,9,6,380,4.2,0,0,0,0,0,0,1,0,0.0,821,it ITA,DF,es La Liga,28-360,1997.0,4.2,0,3,1,33.3,0.71,0.24,0.0,0.0,0,0,1026,it ITA,DF,es La Liga,28-360,1997.0,9,380,42,15.1,4.2,6,58.0,2,3,11.0,9,1.0,7,4,3,0.71,1.09,821,it ITA,DF,es La Liga,28-360,1997.0,4.2,1,0,0,4,1,0,0,4,5,0
Pedro Felipe,br BRA,DF,Sassuolo,it Serie A,21.0,2004.0,1,0,2,0.0,0,0,0,0,0,0,0,0,0.0,822,br BRA,DF,it Serie A,21-298,2004.0,0.0,0,0,0,,0.0,0.0,,,0,0,1028,br BRA,DF,it Serie A,21-298,2004.0,1,2,2,0.1,0.0,0,,0,1,2.0,5,3.0,0,0,0,0.0,0.14,822,br BRA,DF,it Serie A,21-298,2004.0,0.0,0,0,0,0,0,0,0,0,0,0
Robin Fellhauer,de GER,MF,Augsburg,de Bundesliga,28.0,1998.0,26,24,2131,23.7,2,1,3,2,0,0,2,0,0.13,824,de GER,MF,de Bundesliga,28-055,1998.0,23.7,2,24,6,25.0,1.01,0.25,0.08,0.33,0,0,1030,de GER,MF,de Bundesliga,28-055,1998.0,26,2131,82,91.1,23.7,24,85.0,15,2,46.0,0,1.19,25,40,-15,-0.63,-1.06,824,de GER,MF,de Bundesliga,28-055,1998.0,23.7,2,0,0,21,29,4,68,17,37,0
Evan Ferguson,ie IRL,FW,Roma,it Serie A,21.0,2004.0,16,10,773,8.6,3,2,5,3,0,0,1,0,0.58,826,ie IRL,FW,it Serie A,21-149,2004.0,8.6,3,27,15,55.6,3.14,1.75,0.11,0.2,0,0,1032,ie IRL,FW,it Serie A,21-149,2004.0,16,773,48,29.6,8.6,10,59.0,1,6,30.0,3,1.88,12,6,6,0.7,0.21,826,ie IRL,FW,it Serie A,21-149,2004.0,8.6,1,0,0,11,9,3,2,1,4,0
Lewis Ferguson,sct SCO,MF,Bologna,it Serie A,26.0,1999.0,19,13,1192,13.2,1,0,1,1,0,0,5,0,0.08,827,sct SCO,MF,it Serie A,26-205,1999.0,13.2,1,10,2,20.0,0.76,0.15,0.1,0.5,0,0,1033,sct SCO,MF,it Serie A,26-205,1999.0,19,1192,63,45.7,13.2,13,84.0,10,6,16.0,9,1.05,15,21,-6,-0.45,-1.09,827,sct SCO,MF,it Serie A,26-205,1999.0,13.2,5,0,0,29,19,3,17,9,12,0
Dro Fernández,es ESP,MF,Barcelona,es La Liga,18.0,2008.0,4,1,92,1.0,0,0,0,0,0,0,0,0,0.0,830,es ESP,MF,es La Liga,18-064,2008.0,1.0,0,0,0,,0.0,0.0,,,0,0,1040,es ESP,MF,es La Liga,18-064,2008.0,4,92,23,3.7,1.0,1,45.0,0,3,16.0,13,3.0,3,1,2,1.96,0.21,830,es ESP,MF,es La Liga,18-064,2008.0,1.0,0,0,0,1,1,1,0,0,0,0
Dro Fernández,es ESP,MF,Paris Saint-Germain,fr Ligue 1,18.0,2008.0,5,3,217,2.4,0,0,0,0,0,0,0,0,0.0,831,es ESP,MF,fr Ligue 1,18-064,2008.0,2.4,0,2,1,50.0,0.83,0.41,0.0,0.0,0,0,1041,es ESP,MF,fr Ligue 1,18-064,2008.0,5,217,43,9.6,2.4,3,60.0,0,2,18.0,1,1.8,3,3,0,0.0,-1.42,831,es ESP,MF,fr Ligue 1,18-064,2008.0,2.4,0,0,0,4,7,0,2,5,0,0
Ezequiél Fernández,ar ARG,MF,Leverkusen,de Bundesliga,23.0,2002.0,16,11,905,10.1,0,0,0,0,0,0,4,1,0.0,833,ar ARG,MF,de Bundesliga,23-235,2002.0,10.1,0,10,1,10.0,0.99,0.1,0.0,0.0,0,0,1043,ar ARG,MF,de Bundesliga,23-235,2002.0,16,905,57,38.7,10.1,11,69.0,2,5,28.0,2,1.94,18,15,3,0.3,-0.52,833,ar ARG,MF,de Bundesliga,23-235,2002.0,10.1,4,1,1,12,21,1,4,11,16,0
Manu Fernández,es ESP,DF,Celta Vigo,es La Liga,24.0,2001.0,13,9,713,7.9,0,0,0,0,0,0,2,0,0.0,834,es ESP,DF,es La Liga,24-328,2001.0,7.9,0,2,0,0.0,0.25,0.0,0.0,,0,0,1046,es ESP,DF,es La Liga,24-328,2001.0,13,713,55,28.3,7.9,9,74.0,3,4,11.0,12,1.54,11,10,1,0.13,-0.17,834,es ESP,DF,es La Liga,24-328,2001.0,7.9,2,0,0,7,7,0,0,6,9,0
Pelayo Fernandez,es ESP,DF,Rayo Vallecano,es La Liga,22.0,2003.0,1,0,45,0.5,0,0,0,0,0,0,0,0,0.0,835,es ESP,DF,es La Liga,22-322,2003.0,0.5,0,1,0,0.0,2.0,0.0,0.0,,0,0,1047,es ESP,DF,es La Liga,22-322,2003.0,1,45,45,1.8,0.5,0,,0,1,45.0,2,3.0,0,1,-1,-2.0,-1.82,835,es ESP,DF,es La Liga,22-322,2003.0,0.5,0,0,0,1,0,0,0,0,0,0
Roberto Férnandez,es ESP,FW,Espanyol,es La Liga,23.0,2002.0,28,19,1806,20.1,5,2,7,4,1,1,3,0,0.3,836,es ESP,FW,es La Liga,23-257,2002.0,20.1,5,44,17,38.6,2.19,0.85,0.09,0.24,1,1,1049,es ESP,FW,es La Liga,23-257,2002.0,28,1806,65,71.7,20.1,19,82.0,10,9,27.0,0,1.32,22,29,-7,-0.35,-0.35,836,es ESP,FW,es La Liga,23-257,2002.0,20.1,3,0,0,28,35,5,7,5,2,0
Thiago Fernández,ar ARG,MF,Oviedo,es La Liga,21.0,2004.0,7,2,264,2.9,0,3,3,0,0,0,2,0,1.02,837,ar ARG,MF,es La Liga,21-348,2004.0,2.9,0,5,2,40.0,1.7,0.68,0.0,0.0,0,0,1050,ar ARG,MF,es La Liga,21-348,2004.0,7,264,38,10.5,2.9,2,62.0,0,5,28.0,0,1.14,4,8,-4,-1.36,-0.49,837,ar ARG,MF,es La Liga,21-348,2004.0,2.9,2,0,0,3,3,1,10,3,1,0
Toni Fernández,es ESP,FW,Barcelona,es La Liga,17.0,2008.0,1,1,45,0.5,0,0,0,0,0,0,0,0,0.0,838,es ESP,FW,es La Liga,17-245,2008.0,0.5,0,0,0,,0.0,0.0,,,0,0,1051,es ESP,FW,es La Liga,17-245,2008.0,1,45,45,1.8,0.5,1,45.0,0,0,,10,3.0,1,1,0,0.0,-1.78,838,es ESP,FW,es La Liga,17-245,2008.0,0.5,0,0,0,0,0,0,0,0,0,0
Álvaro Fidalgo,es ESP,MF,Real Betis,es La Liga,28.0,1997.0,6,6,441,4.9,1,0,1,1,0,0,0,0,0.2,840,es ESP,MF,es La Liga,28-342,1997.0,4.9,1,3,2,66.7,0.61,0.41,0.33,0.5,0,0,1055,es ESP,MF,es La Liga,28-342,1997.0,6,441,74,17.5,4.9,6,74.0,0,0,,0,1.5,7,6,1,0.2,-0.1,840,es ESP,MF,es La Liga,28-342,1997.0,4.9,0,0,0,2,6,0,5,2,3,0
Seydou Fini,it ITA,FW,Genoa,it Serie A,19.0,2006.0,1,0,32,0.4,0,0,0,0,0,0,0,0,0.0,841,it ITA,FW,it Serie A,19-288,2006.0,0.4,0,0,0,,0.0,0.0,,,0,0,1056,it ITA,FW,it Serie A,19-288,2006.0,1,32,32,1.2,0.4,0,,0,1,32.0,20,0.0,1,0,1,2.81,2.99,841,it ITA,FW,it Serie A,19-288,2006.0,0.4,0,0,0,1,0,2,1,0,0,0
Max Finkgräfe,de GER,DF,RB Leipzig,de Bundesliga,21.0,2004.0,6,1,131,1.5,0,0,0,0,0,0,0,0,0.0,842,de GER,DF,de Bundesliga,21-355,2004.0,1.5,0,1,0,0.0,0.69,0.0,0.0,,0,0,1057,de GER,DF,de Bundesliga,21-355,2004.0,6,131,22,5.6,1.5,1,90.0,1,5,8.0,12,2.33,2,3,-1,-0.69,-1.26,842,de GER,DF,de Bundesliga,21-355,2004.0,1.5,0,0,0,1,1,0,6,4,4,0
Junior Firpo,do DOM,DF,Real Betis,es La Liga,29.0,1996.0,10,8,672,7.5,0,1,1,0,0,0,2,0,0.13,843,do DOM,DF,es La Liga,29-207,1996.0,7.5,0,5,0,0.0,0.67,0.0,0.0,,0,0,1058,do DOM,DF,es La Liga,29-207,1996.0,10,672,67,26.7,7.5,8,78.0,3,2,26.0,11,1.0,11,11,0,0.0,-0.39,843,do DOM,DF,es La Liga,29-207,1996.0,7.5,2,0,0,10,7,0,18,8,13,0
Kilian Fischer,de GER,DF,Wolfsburg,de Bundesliga,25.0,2000.0,11,10,800,8.9,0,0,0,0,0,0,0,0,0.0,845,de GER,DF,de Bundesliga,25-156,2000.0,8.9,0,2,0,0.0,0.23,0.0,0.0,,0,0,1060,de GER,DF,de Bundesliga,25-156,2000.0,11,800,73,34.2,8.9,10,78.0,5,1,18.0,4,0.73,10,21,-11,-1.24,-0.65,845,de GER,DF,de Bundesliga,25-156,2000.0,8.9,0,0,0,10,4,0,16,12,13,1
Rayan Fofana,fr FRA,FW,Lens,fr Ligue 1,20.0,2006.0,21,5,672,7.5,5,0,5,5,0,0,0,0,0.67,853,fr FRA,FW,fr Ligue 1,20-033,2006.0,7.5,5,31,11,35.5,4.15,1.47,0.16,0.45,0,0,1069,fr FRA,FW,fr Ligue 1,20-033,2006.0,21,672,32,28.7,7.5,5,65.0,0,16,22.0,5,2.05,16,6,10,1.34,0.48,853,fr FRA,FW,fr Ligue 1,20-033,2006.0,7.5,0,0,0,11,30,6,4,1,3,0
Sadik Fofana,tg TOG,MF,Lecce,it Serie A,22.0,2003.0,3,0,9,0.1,0,0,0,0,0,0,0,0,0.0,854,tg TOG,MF,it Serie A,22-305,2003.0,0.1,0,0,0,,0.0,0.0,,,0,0,1070,tg TOG,MF,it Serie A,22-305,2003.0,3,9,3,0.3,0.1,0,,0,3,3.0,6,2.0,0,0,0,0.0,0.62,854,tg TOG,MF,it Serie A,22-305,2003.0,0.1,0,0,0,1,0,0,0,0,0,0
Seko Fofana,ci CIV,MF,Rennes,fr Ligue 1,30.0,1995.0,12,7,655,7.3,1,0,1,1,0,0,0,0,0.14,855,ci CIV,MF,fr Ligue 1,30-314,1995.0,7.3,1,9,3,33.3,1.24,0.41,0.11,0.33,0,0,1071,ci CIV,MF,fr Ligue 1,30-314,1995.0,12,655,55,28.0,7.3,7,83.0,4,5,14.0,1,1.5,9,12,-3,-0.41,-0.89,855,ci CIV,MF,fr Ligue 1,30-314,1995.0,7.3,0,0,0,3,13,0,7,3,2,0
Youssouf Fofana,fr FRA,MF,Milan,it Serie A,27.0,1999.0,24,21,1668,18.5,1,3,4,1,0,0,4,0,0.22,857,fr FRA,MF,it Serie A,27-066,1999.0,18.5,1,35,13,37.1,1.89,0.7,0.03,0.08,0,0,1073,fr FRA,MF,it Serie A,27-066,1999.0,24,1668,70,63.9,18.5,21,75.0,8,3,28.0,3,2.17,29,14,15,0.81,0.05,857,fr FRA,MF,it Serie A,27-066,1999.0,18.5,4,0,0,17,14,0,9,9,14,0
Francesco Folino,it ITA,DF,Cremonese,it Serie A,24.0,2002.0,15,7,684,7.6,1,0,1,1,0,0,1,0,0.13,859,it ITA,DF,it Serie A,24-053,2002.0,7.6,1,1,1,100.0,0.13,0.13,1.0,1.0,0,0,1076,it ITA,DF,it Serie A,24-053,2002.0,15,684,46,26.2,7.6,7,87.0,6,8,10.0,13,0.8,4,15,-11,-1.45,-0.98,859,it ITA,DF,it Serie A,24-053,2002.0,7.6,1,0,0,11,8,0,1,1,4,0
Nicolas Fonseca,uy URU,MF,Oviedo,es La Liga,27.0,1998.0,11,4,450,5.0,0,0,0,0,0,0,3,0,0.0,861,uy URU,MF,es La Liga,27-149,1998.0,5.0,0,5,1,20.0,1.0,0.2,0.0,0.0,0,0,1078,uy URU,MF,es La Liga,27-149,1998.0,11,450,41,17.9,5.0,4,69.0,0,7,25.0,0,0.91,6,10,-4,-0.8,0.16,861,uy URU,MF,es La Liga,27-149,1998.0,5.0,3,0,0,11,4,0,1,8,16,0
Álex Forés,es ESP,FW,Oviedo,es La Liga,24.0,2001.0,14,2,285,3.2,0,1,1,0,0,0,0,0,0.32,862,es ESP,FW,es La Liga,24-339,2001.0,3.2,0,8,2,25.0,2.53,0.63,0.0,0.0,0,0,1080,es ESP,FW,es La Liga,24-339,2001.0,14,285,20,11.3,3.2,2,66.0,0,12,13.0,13,0.36,1,6,-5,-1.58,-0.73,862,es ESP,FW,es La Liga,24-339,2001.0,3.2,0,0,0,2,4,1,2,1,0,0
Pablo Fornals,es ESP,MF,Real Betis,es La Liga,30.0,1996.0,28,26,2208,24.5,6,4,10,6,0,0,2,0,0.41,863,es ESP,MF,es La Liga,30-023,1996.0,24.5,6,35,15,42.9,1.43,0.61,0.17,0.4,0,0,1081,es ESP,MF,es La Liga,30-023,1996.0,28,2208,79,87.6,24.5,26,82.0,14,2,38.0,0,1.57,40,32,8,0.33,0.33,863,es ESP,MF,es La Liga,30-023,1996.0,24.5,2,0,0,24,20,10,109,26,23,0
Niccolò Fortini,it ITA,MF,Fiorentina,it Serie A,20.0,2006.0,16,2,541,6.0,0,0,0,0,0,0,0,0,0.0,865,it ITA,MF,it Serie A,20-032,2006.0,6.0,0,8,2,25.0,1.33,0.33,0.0,0.0,0,0,1084,it ITA,MF,it Serie A,20-032,2006.0,16,541,34,20.7,6.0,2,78.0,1,14,28.0,12,0.81,9,12,-3,-0.5,-0.24,865,it ITA,MF,it Serie A,20-032,2006.0,6.0,0,0,0,5,18,0,29,4,9,0
Dimitri Foulquier,fr FRA,DF,Valencia,es La Liga,32.0,1993.0,15,12,1150,12.8,0,0,0,0,0,0,1,0,0.0,867,fr FRA,DF,es La Liga,32-359,1993.0,12.8,0,6,1,16.7,0.47,0.08,0.0,0.0,0,0,1087,fr FRA,DF,es La Liga,32-359,1993.0,15,1150,77,45.6,12.8,12,88.0,11,3,32.0,3,1.27,16,21,-5,-0.39,0.07,867,fr FRA,DF,es La Liga,32-359,1993.0,12.8,1,0,0,16,7,0,11,8,9,0
Juan Foyth,ar ARG,DF,Villarreal,es La Liga,28.0,1998.0,13,12,934,10.4,0,0,0,0,0,0,2,0,0.0,868,ar ARG,DF,es La Liga,28-064,1998.0,10.4,0,2,0,0.0,0.19,0.0,0.0,,0,0,1088,ar ARG,DF,es La Liga,28-064,1998.0,13,934,72,37.1,10.4,12,77.0,8,1,11.0,2,2.15,22,9,13,1.25,0.97,868,ar ARG,DF,es La Liga,28-064,1998.0,10.4,2,0,0,8,1,0,0,15,13,0
Alejandro Francés,es ESP,DF,Girona,es La Liga,23.0,2002.0,17,6,619,6.9,0,1,1,0,0,0,1,1,0.15,869,es ESP,DF,es La Liga,23-228,2002.0,6.9,0,7,4,57.1,1.02,0.58,0.0,0.0,0,0,1091,es ESP,DF,es La Liga,23-228,2002.0,17,619,36,24.6,6.9,6,68.0,1,11,19.0,6,1.53,9,14,-5,-0.73,-0.4,869,es ESP,DF,es La Liga,23-228,2002.0,6.9,1,1,0,8,12,0,15,8,9,0
Przemysław Frankowski,pl POL,MF,Rennes,fr Ligue 1,30.0,1995.0,17,14,1126,12.5,1,2,3,1,0,0,5,0,0.24,870,pl POL,MF,fr Ligue 1,30-339,1995.0,12.5,1,9,3,33.3,0.72,0.24,0.11,0.33,0,0,1094,pl POL,MF,fr Ligue 1,30-339,1995.0,17,1126,66,48.1,12.5,14,76.0,5,3,22.0,1,1.65,20,16,4,0.32,0.17,870,pl POL,MF,fr Ligue 1,30-339,1995.0,12.5,5,0,0,12,9,1,74,9,25,0
Davide Frattesi,it ITA,MF,Inter,it Serie A,26.0,1999.0,17,3,490,5.4,0,0,0,0,0,0,0,0,0.0,871,it ITA,MF,it Serie A,26-146,1999.0,5.4,0,12,3,25.0,2.2,0.55,0.0,0.0,0,0,1095,it ITA,MF,it Serie A,26-146,1999.0,17,490,29,18.8,5.4,3,80.0,2,14,18.0,11,2.53,13,3,10,1.84,0.48,871,it ITA,MF,it Serie A,26-146,1999.0,5.4,0,0,0,8,10,2,0,3,6,0
Oscar Fraulo,dk DEN,MF,Gladbach,de Bundesliga,22.0,2003.0,4,0,43,0.5,1,0,1,1,0,0,0,0,2.09,872,dk DEN,MF,de Bundesliga,22-101,2003.0,0.5,1,1,1,100.0,2.09,2.09,1.0,1.0,0,0,1096,dk DEN,MF,de Bundesliga,22-101,2003.0,4,43,11,1.8,0.5,0,,0,4,11.0,9,1.75,1,0,1,2.09,2.64,872,dk DEN,MF,de Bundesliga,22-101,2003.0,0.5,0,0,0,3,0,0,0,1,0,0
Alex Freeman,us USA,DF,Villarreal,es La Liga,21.0,2004.0,4,0,42,0.5,0,0,0,0,0,0,0,0,0.0,874,us USA,DF,es La Liga,21-220,2004.0,0.5,0,0,0,,0.0,0.0,,,0,0,1098,us USA,DF,es La Liga,21-220,2004.0,4,42,11,1.7,0.5,0,,0,4,11.0,4,1.75,1,1,0,0.0,-0.65,874,us USA,DF,es La Liga,21-220,2004.0,0.5,0,0,0,1,0,0,1,1,0,0
Morten Frendrup,dk DEN,MF,Genoa,it Serie A,24.0,2001.0,28,27,2376,26.4,1,0,1,1,0,0,3,0,0.04,875,dk DEN,MF,it Serie A,24-344,2001.0,26.4,1,8,3,37.5,0.3,0.11,0.13,0.33,0,0,1100,dk DEN,MF,it Serie A,24-344,2001.0,28,2376,85,91.0,26.4,27,87.0,20,1,28.0,0,1.07,33,36,-3,-0.11,0.27,875,dk DEN,MF,it Serie A,24-344,2001.0,26.4,3,0,0,34,33,0,3,33,56,0
Remo Freuler,ch SUI,MF,Bologna,it Serie A,33.0,1992.0,21,18,1518,16.9,0,2,2,0,0,0,5,0,0.12,877,ch SUI,MF,it Serie A,33-336,1992.0,16.9,0,5,0,0.0,0.3,0.0,0.0,,0,0,1102,ch SUI,MF,it Serie A,33-336,1992.0,21,1518,72,58.2,16.9,18,81.0,11,3,21.0,2,1.57,22,20,2,0.12,-0.05,877,ch SUI,MF,it Serie A,33-336,1992.0,16.9,5,0,0,16,18,0,11,9,29,1
Marco Friedl,at AUT,DF,Werder Bremen,de Bundesliga,28.0,1998.0,24,24,2118,23.5,1,0,1,1,0,0,7,0,0.04,878,at AUT,DF,de Bundesliga,28-001,1998.0,23.5,1,8,2,25.0,0.34,0.08,0.13,0.5,0,0,1103,at AUT,DF,de Bundesliga,28-001,1998.0,24,2118,88,90.5,23.5,24,88.0,22,0,,0,1.0,26,40,-14,-0.59,1.03,878,at AUT,DF,de Bundesliga,28-001,1998.0,23.5,7,0,0,13,15,1,15,28,19,0
Marvin Friedrich,de GER,DF,Gladbach,de Bundesliga,30.0,1995.0,5,1,149,1.7,0,0,0,0,0,0,0,0,0.0,879,de GER,DF,de Bundesliga,30-094,1995.0,1.7,0,0,0,,0.0,0.0,,,0,0,1104,de GER,DF,de Bundesliga,30-094,1995.0,5,149,30,6.4,1.7,1,90.0,1,4,15.0,13,1.6,2,5,-3,-1.81,-1.4,879,de GER,DF,de Bundesliga,30-094,1995.0,1.7,0,0,0,2,2,0,0,1,3,0
Chris Führich,de GER,MF,Stuttgart,de Bundesliga,28.0,1998.0,25,13,1146,12.7,4,5,9,4,0,0,1,0,0.71,882,de GER,MF,de Bundesliga,28-067,1998.0,12.7,4,24,13,54.2,1.88,1.02,0.17,0.31,0,0,1109,de GER,MF,de Bundesliga,28-067,1998.0,25,1146,46,49.0,12.7,13,68.0,0,12,22.0,1,1.88,24,18,6,0.47,-0.36,882,de GER,MF,de Bundesliga,28-067,1998.0,12.7,1,0,0,4,4,2,51,1,7,0
Joel Fujita,jp JPN,MF,St Pauli,de Bundesliga,24.0,2002.0,25,24,2123,23.6,1,3,4,1,0,0,4,0,0.17,883,jp JPN,MF,de Bundesliga,24-029,2002.0,23.6,1,26,5,19.2,1.1,0.21,0.04,0.2,0,0,1110,jp JPN,MF,de Bundesliga,24-029,2002.0,25,2123,85,90.7,23.6,24,88.0,19,1,22.0,0,0.84,20,38,-18,-0.76,-0.35,883,jp JPN,MF,de Bundesliga,24-029,2002.0,23.6,4,0,0,28,12,3,25,28,26,0
Niclas Füllkrug,de GER,FW,Milan,it Serie A,33.0,1993.0,13,1,368,4.1,1,0,1,1,0,1,0,0,0.24,885,de GER,FW,it Serie A,33-036,1993.0,4.1,1,13,4,30.8,3.18,0.98,0.08,0.25,0,1,1112,de GER,FW,it Serie A,33-036,1993.0,13,368,28,14.1,4.1,1,59.0,0,12,26.0,0,1.92,7,3,4,0.98,0.22,885,de GER,FW,it Serie A,33-036,1993.0,4.1,0,0,0,6,6,9,1,2,2,0
Matteo Gabbia,it ITA,DF,Milan,it Serie A,26.0,1999.0,24,22,1990,22.1,0,0,0,0,0,0,3,0,0.0,886,it ITA,DF,it Serie A,26-147,1999.0,22.1,0,18,3,16.7,0.81,0.14,0.0,0.0,0,0,1117,it ITA,DF,it Serie A,26-147,1999.0,24,1990,83,76.2,22.1,22,88.0,20,2,29.0,1,2.13,36,17,19,0.86,0.28,886,it ITA,DF,it Serie A,26-147,1999.0,22.1,3,0,0,18,5,0,1,12,10,0
Tiago Gabriel,pt POR,DF,Lecce,it Serie A,21.0,2004.0,29,28,2499,27.8,1,0,1,1,0,0,4,0,0.04,887,pt POR,DF,it Serie A,21-081,2004.0,27.8,1,17,3,17.6,0.61,0.11,0.06,0.33,0,0,1119,pt POR,DF,it Serie A,21-081,2004.0,29,2499,86,95.7,27.8,28,89.0,26,1,12.0,0,0.93,21,35,-14,-0.5,2.74,887,pt POR,DF,it Serie A,21-081,2004.0,27.8,4,0,0,23,35,0,1,35,31,1
Roberto Gagliardini,it ITA,MF,Hellas Verona,it Serie A,31.0,1994.0,21,17,1585,17.6,1,0,1,1,0,0,5,0,0.06,889,it ITA,MF,it Serie A,31-344,1994.0,17.6,1,11,3,27.3,0.62,0.17,0.09,0.33,0,0,1122,it ITA,MF,it Serie A,31-344,1994.0,21,1585,75,60.7,17.6,17,83.0,13,4,43.0,1,0.57,14,28,-14,-0.79,0.52,889,it ITA,MF,it Serie A,31-344,1994.0,17.6,5,0,0,28,22,0,13,42,30,0
Javi Galán,es ESP,DF,Osasuna,es La Liga,31.0,1994.0,11,11,960,10.7,0,1,1,0,0,0,1,0,0.09,891,es ESP,DF,es La Liga,31-118,1994.0,10.7,0,4,1,25.0,0.37,0.09,0.0,0.0,0,0,1124,es ESP,DF,es La Liga,31-118,1994.0,11,960,87,38.1,10.7,11,87.0,9,0,,0,1.45,14,15,-1,-0.09,-0.04,891,es ESP,DF,es La Liga,31-118,1994.0,10.7,1,0,0,13,24,0,40,17,21,0
Javi Galán,es ESP,DF,Atlético Madrid,es La Liga,31.0,1994.0,5,1,134,1.5,0,0,0,0,0,0,0,0,0.0,892,es ESP,DF,es La Liga,31-118,1994.0,1.5,0,0,0,,0.0,0.0,,,0,0,1125,es ESP,DF,es La Liga,31-118,1994.0,5,134,27,5.3,1.5,1,72.0,0,4,16.0,13,2.2,2,2,0,0.0,-0.83,892,es ESP,DF,es La Liga,31-118,1994.0,1.5,0,0,0,2,3,2,5,1,2,0
Iñigo Ruiz de Galarreta,es ESP,MF,Athletic Club,es La Liga,32.0,1993.0,25,23,1646,18.3,1,1,2,1,0,0,10,0,0.11,893,es ESP,MF,es La Liga,32-223,1993.0,18.3,1,16,2,12.5,0.87,0.11,0.06,0.5,0,0,1126,es ESP,MF,es La Liga,32-223,1993.0,25,1646,66,65.3,18.3,23,68.0,3,2,45.0,1,1.16,19,27,-8,-0.44,-0.23,893,es ESP,MF,es La Liga,32-223,1993.0,18.3,10,0,0,44,30,0,37,15,25,0
Conor Gallagher,eng ENG,MF,Atlético Madrid,es La Liga,26.0,2000.0,19,4,679,7.5,2,0,2,2,0,0,2,0,0.27,895,eng ENG,MF,es La Liga,26-039,2000.0,7.5,2,13,5,38.5,1.72,0.66,0.15,0.4,0,0,1128,eng ENG,MF,es La Liga,26-039,2000.0,19,679,36,26.9,7.5,4,65.0,1,15,28.0,0,2.0,15,7,8,1.06,0.38,895,eng ENG,MF,es La Liga,26-039,2000.0,7.5,2,0,0,18,9,2,11,11,12,0
Antonino Gallo,it ITA,DF,Lecce,it Serie A,26.0,2000.0,29,27,2387,26.5,0,3,3,0,0,0,2,0,0.11,896,it ITA,DF,it Serie A,26-071,2000.0,26.5,0,5,1,20.0,0.19,0.04,0.0,0.0,0,0,1129,it ITA,DF,it Serie A,26-071,2000.0,29,2387,82,91.5,26.5,27,87.0,23,2,22.0,0,0.93,18,36,-18,-0.68,-0.68,896,it ITA,DF,it Serie A,26-071,2000.0,26.5,2,0,0,6,10,0,100,11,35,0
Ignatius Ganago,cm CMR,FW,Nantes,fr Ligue 1,27.0,1999.0,5,3,242,2.7,1,0,1,0,1,1,0,0,0.0,898,cm CMR,FW,fr Ligue 1,27-029,1999.0,2.7,1,5,2,40.0,1.86,0.74,0.0,0.0,1,1,1131,cm CMR,FW,fr Ligue 1,27-029,1999.0,5,242,48,10.8,2.7,3,64.0,0,2,26.0,1,0.6,2,2,0,0.0,0.9,898,cm CMR,FW,fr Ligue 1,27-029,1999.0,2.7,0,0,0,3,2,2,2,0,0,0
Ismaëlo Ganiou,bf BFA,DF,Lens,fr Ligue 1,21.0,2005.0,15,15,1332,14.8,2,0,2,2,0,0,4,1,0.14,900,bf BFA,DF,fr Ligue 1,21-003,2005.0,14.8,2,11,2,18.2,0.74,0.14,0.18,1.0,0,0,1133,bf BFA,DF,fr Ligue 1,21-003,2005.0,15,1332,89,56.9,14.8,15,89.0,14,0,,8,2.27,29,13,16,1.08,0.19,900,bf BFA,DF,fr Ligue 1,21-003,2005.0,14.8,4,1,1,18,16,0,9,15,16,0
Facundo Garcés,my MAS,DF,Alavés,es La Liga,26.0,1999.0,10,8,793,8.8,0,0,0,0,0,0,3,0,0.0,902,my MAS,DF,es La Liga,26-193,1999.0,8.8,0,8,4,50.0,0.91,0.45,0.0,0.0,0,0,1135,my MAS,DF,es La Liga,26-193,1999.0,10,793,79,31.5,8.8,8,90.0,8,2,37.0,1,1.2,8,11,-3,-0.34,0.13,902,my MAS,DF,es La Liga,26-193,1999.0,8.8,3,0,0,13,3,2,1,7,8,0
Aleix García,es ESP,MF,Leverkusen,de Bundesliga,28.0,1997.0,26,24,2104,23.4,2,5,7,2,0,0,4,0,0.3,903,es ESP,MF,de Bundesliga,28-262,1997.0,23.4,2,23,4,17.4,0.98,0.17,0.09,0.5,0,0,1136,es ESP,MF,de Bundesliga,28-262,1997.0,26,2104,81,89.9,23.4,24,84.0,17,2,43.0,0,1.73,47,30,17,0.73,1.11,903,es ESP,MF,de Bundesliga,28-262,1997.0,23.4,4,0,0,7,17,2,95,19,14,0
Eder García,es ESP,FW,Athletic Club,es La Liga,22.0,2004.0,2,0,38,0.4,0,0,0,0,0,0,1,0,0.0,906,es ESP,FW,es La Liga,22-072,2004.0,0.4,0,1,0,0.0,2.37,0.0,0.0,,0,0,1139,es ESP,FW,es La Liga,22-072,2004.0,2,38,19,1.5,0.4,0,,0,2,19.0,2,1.5,1,0,1,2.37,2.77,906,es ESP,FW,es La Liga,22-072,2004.0,0.4,1,0,0,2,0,0,0,0,0,0
Gonzalo García,es ESP,FW,Real Madrid,es La Liga,21.0,2004.0,23,6,676,7.5,4,0,4,4,0,0,1,0,0.53,909,es ESP,FW,es La Liga,21-358,2004.0,7.5,4,14,9,64.3,1.86,1.2,0.29,0.44,0,0,1143,es ESP,FW,es La Liga,21-358,2004.0,23,676,29,26.8,7.5,6,75.0,2,17,13.0,5,2.3,21,8,13,1.73,0.61,909,es ESP,FW,es La Liga,21-358,2004.0,7.5,1,0,0,5,3,0,1,2,7,0
Hugo García,es ESP,MF,Celta Vigo,es La Liga,19.0,2006.0,1,0,8,0.1,0,0,0,0,0,0,0,0,0.0,910,es ESP,MF,es La Liga,19-137,2006.0,0.1,0,0,0,,0.0,0.0,,,0,0,1144,es ESP,MF,es La Liga,19-137,2006.0,1,8,8,0.3,0.1,0,,0,1,8.0,1,3.0,0,0,0,0.0,-0.25,910,es ESP,MF,es La Liga,19-137,2006.0,0.1,0,0,0,0,0,0,0,0,0,0
Pablo Garcia,es ESP,MF,Real Betis,es La Liga,19.0,2006.0,14,2,372,4.1,0,0,0,0,0,0,1,0,0.0,912,es ESP,MF,es La Liga,19-277,2006.0,4.1,0,11,4,36.4,2.66,0.97,0.0,0.0,0,0,1147,es ESP,MF,es La Liga,19-277,2006.0,14,372,27,14.8,4.1,2,71.0,0,12,19.0,8,1.57,8,3,5,1.21,1.08,912,es ESP,MF,es La Liga,19-277,2006.0,4.1,1,0,0,5,9,3,3,3,5,0
Ulisses Garcia,ch SUI,DF,Sassuolo,it Serie A,30.0,1996.0,6,4,387,4.3,0,1,1,0,0,0,1,0,0.23,915,ch SUI,DF,it Serie A,30-065,1996.0,4.3,0,0,0,,0.0,0.0,,,0,0,1151,ch SUI,DF,it Serie A,30-065,1996.0,6,387,65,14.8,4.3,4,80.0,2,2,33.0,0,1.5,8,4,4,0.93,1.25,915,ch SUI,DF,it Serie A,30-065,1996.0,4.3,1,0,0,3,1,0,19,4,5,0
Erawan Garnier,th THA,DF,Lens,fr Ligue 1,20.0,2006.0,1,0,7,0.1,0,0,0,0,0,0,0,0,0.0,919,th THA,DF,fr Ligue 1,20-071,2006.0,0.1,0,0,0,,0.0,0.0,,,0,0,1156,th THA,DF,fr Ligue 1,20-071,2006.0,1,7,7,0.3,0.1,0,,0,1,7.0,2,0.0,0,0,0,0.0,-1.0,919,th THA,DF,fr Ligue 1,20-071,2006.0,0.1,0,0,0,0,0,0,2,0,1,0
Federico Gatti,it ITA,DF,Juventus,it Serie A,27.0,1998.0,16,11,957,10.6,2,0,2,2,0,0,3,0,0.19,920,it ITA,DF,it Serie A,27-266,1998.0,10.6,2,12,6,50.0,1.13,0.56,0.17,0.33,0,0,1158,it ITA,DF,it Serie A,27-266,1998.0,16,957,60,36.7,10.6,11,79.0,6,5,18.0,6,2.0,10,10,0,0.0,-1.25,920,it ITA,DF,it Serie A,27-266,1998.0,10.6,3,0,0,14,6,0,2,11,7,0
Federico Gattoni,ar ARG,DF,Sevilla,es La Liga,27.0,1999.0,1,0,10,0.1,0,0,0,0,0,0,0,0,0.0,921,ar ARG,DF,es La Liga,27-029,1999.0,0.1,0,0,0,,0.0,0.0,,,0,0,1159,ar ARG,DF,es La Liga,27-029,1999.0,1,10,10,0.4,0.1,0,,0,1,10.0,7,1.0,0,0,0,0.0,0.36,921,ar ARG,DF,es La Liga,27-029,1999.0,0.1,0,0,0,0,0,0,0,0,0,0
Jusuf Gazibegović,ba BIH,DF,Köln,de Bundesliga,26.0,2000.0,1,0,23,0.3,0,0,0,0,0,0,0,0,0.0,923,ba BIH,DF,de Bundesliga,26-006,2000.0,0.3,0,0,0,,0.0,0.0,,,0,0,1162,ba BIH,DF,de Bundesliga,26-006,2000.0,1,23,23,1.0,0.3,0,,0,1,23.0,5,3.0,1,1,0,0.0,0.35,923,ba BIH,DF,de Bundesliga,26-006,2000.0,0.3,0,0,0,0,0,0,1,0,0,0
Valentin Gendrey,fr FRA,DF,Hoffenheim,de Bundesliga,25.0,2000.0,8,0,59,0.7,1,1,2,1,0,0,0,0,3.05,929,fr FRA,DF,de Bundesliga,25-269,2000.0,0.7,1,2,1,50.0,3.05,1.53,0.5,1.0,0,0,1170,fr FRA,DF,de Bundesliga,25-269,2000.0,8,59,7,2.5,0.7,0,,0,8,7.0,6,2.13,2,1,1,1.53,0.78,929,fr FRA,DF,de Bundesliga,25-269,2000.0,0.7,0,0,0,2,1,0,2,1,0,0
Yannick Gerhardt,de GER,MF,Wolfsburg,de Bundesliga,32.0,1994.0,15,12,1006,11.2,1,0,1,1,0,0,1,0,0.09,932,de GER,MF,de Bundesliga,32-004,1994.0,11.2,1,10,1,10.0,0.89,0.09,0.1,1.0,0,0,1173,de GER,MF,de Bundesliga,32-004,1994.0,15,1006,67,43.0,11.2,12,81.0,4,3,10.0,7,1.0,16,28,-12,-1.07,-0.47,932,de GER,MF,de Bundesliga,32-004,1994.0,11.2,1,0,0,19,13,0,7,9,8,0
Willem Geubbels,fr FRA,FW,Paris FC,fr Ligue 1,24.0,2001.0,18,8,725,8.1,3,0,3,2,1,1,0,0,0.25,933,fr FRA,FW,fr Ligue 1,24-213,2001.0,8.1,3,23,6,26.1,2.86,0.74,0.09,0.33,1,1,1174,fr FRA,FW,fr Ligue 1,24-213,2001.0,18,725,40,31.0,8.1,8,66.0,0,10,20.0,4,1.0,10,15,-5,-0.62,-0.23,933,fr FRA,FW,fr Ligue 1,24-213,2001.0,8.1,0,0,0,15,2,7,7,4,1,0
Ismaël Gharbi,tn TUN,MF,Augsburg,de Bundesliga,21.0,2004.0,5,0,92,1.0,0,0,0,0,0,0,0,0,0.0,934,tn TUN,MF,de Bundesliga,21-341,2004.0,1.0,0,3,0,0.0,2.93,0.0,0.0,,0,0,1175,tn TUN,MF,de Bundesliga,21-341,2004.0,5,92,18,3.9,1.0,0,,0,5,18.0,12,0.0,0,0,0,0.0,0.56,934,tn TUN,MF,de Bundesliga,21-341,2004.0,1.0,0,0,0,2,8,0,4,0,1,0
Mourad El Ghezouani,ma MAR,FW,Elche,es La Liga,27.0,1998.0,2,0,50,0.6,0,0,0,0,0,0,0,0,0.0,935,ma MAR,FW,es La Liga,27-294,1998.0,0.6,0,1,0,0.0,1.8,0.0,0.0,,0,0,1176,ma MAR,FW,es La Liga,27-294,1998.0,2,50,25,2.0,0.6,0,,0,2,25.0,1,2.0,1,0,1,1.8,2.16,935,ma MAR,FW,es La Liga,27-294,1998.0,0.6,0,0,0,1,1,0,0,0,3,0
Rachid Ghezzal,dz ALG,FW,Lyon,fr Ligue 1,33.0,1992.0,8,1,153,1.7,0,0,0,0,0,0,0,0,0.0,936,dz ALG,FW,fr Ligue 1,33-312,1992.0,1.7,0,3,1,33.3,1.76,0.59,0.0,0.0,0,0,1177,dz ALG,FW,fr Ligue 1,33-312,1992.0,8,153,19,6.5,1.7,1,63.0,0,7,13.0,10,1.38,4,5,-1,-0.59,-1.16,936,dz ALG,FW,fr Ligue 1,33-312,1992.0,1.7,0,0,0,4,1,1,11,0,2,0
Daniele Ghilardi,it ITA,DF,Roma,it Serie A,23.0,2003.0,15,7,754,8.4,0,0,0,0,0,0,1,0,0.0,937,it ITA,DF,it Serie A,23-070,2003.0,8.4,0,1,0,0.0,0.12,0.0,0.0,,0,0,1178,it ITA,DF,it Serie A,23-070,2003.0,15,754,50,28.9,8.4,7,84.0,6,8,21.0,14,1.8,12,11,1,0.12,-0.61,937,it ITA,DF,it Serie A,23-070,2003.0,8.4,1,0,0,17,12,0,2,11,11,0
Andrea Ghion,it ITA,MF,Sassuolo,it Serie A,26.0,2000.0,1,0,10,0.1,0,0,0,0,0,0,0,0,0.0,938,it ITA,MF,it Serie A,26-022,2000.0,0.1,0,0,0,,0.0,0.0,,,0,0,1179,it ITA,MF,it Serie A,26-022,2000.0,1,10,10,0.4,0.1,0,,0,1,10.0,1,0.0,0,0,0,0.0,0.14,938,it ITA,MF,it Serie A,26-022,2000.0,0.1,0,0,0,0,0,0,1,0,1,0
Dimitris Giannoulis,gr GRE,MF,Augsburg,de Bundesliga,30.0,1995.0,20,18,1365,15.2,2,3,5,2,0,0,6,0,0.33,939,gr GRE,MF,de Bundesliga,30-151,1995.0,15.2,2,9,5,55.6,0.59,0.33,0.22,0.4,0,0,1181,gr GRE,MF,de Bundesliga,30-151,1995.0,20,1365,68,58.3,15.2,18,73.0,5,2,25.0,0,1.25,22,28,-6,-0.4,0.34,939,gr GRE,MF,de Bundesliga,30-151,1995.0,15.2,6,0,0,12,14,4,64,16,17,0
Bryan Gil,es ESP,MF,Girona,es La Liga,25.0,2001.0,23,17,1349,15.0,0,3,3,0,0,0,4,0,0.2,941,es ESP,MF,es La Liga,25-034,2001.0,15.0,0,20,5,25.0,1.33,0.33,0.0,0.0,0,0,1183,es ESP,MF,es La Liga,25-034,2001.0,23,1349,59,53.5,15.0,17,72.0,1,6,22.0,0,1.3,17,18,-1,-0.07,0.78,941,es ESP,MF,es La Liga,25-034,2001.0,15.0,4,0,0,16,33,6,41,9,17,0
Mario Gila,es ESP,DF,Lazio,it Serie A,25.0,2000.0,26,26,2197,24.4,0,0,0,0,0,0,3,1,0.0,942,es ESP,DF,it Serie A,25-200,2000.0,24.4,0,11,3,27.3,0.45,0.12,0.0,0.0,0,0,1184,es ESP,DF,it Serie A,25-200,2000.0,26,2197,85,84.2,24.4,26,85.0,18,0,,0,1.38,27,23,4,0.16,0.82,942,es ESP,DF,it Serie A,25-200,2000.0,24.4,3,1,0,17,21,0,1,24,33,0
Billy Gilmour,sct SCO,MF,Napoli,it Serie A,24.0,2001.0,13,7,623,6.9,1,0,1,1,0,0,1,0,0.14,943,sct SCO,MF,it Serie A,24-279,2001.0,6.9,1,8,2,25.0,1.16,0.29,0.13,0.5,0,0,1185,sct SCO,MF,it Serie A,24-279,2001.0,13,623,48,23.9,6.9,7,76.0,4,6,15.0,2,2.23,13,4,9,1.3,1.03,943,sct SCO,MF,it Serie A,24-279,2001.0,6.9,1,0,0,8,6,0,4,10,5,0
Benedikt Gimber,de GER,DF,Heidenheim,de Bundesliga,29.0,1997.0,19,17,1367,15.2,0,0,0,0,0,0,6,0,0.0,944,de GER,DF,de Bundesliga,29-026,1997.0,15.2,0,4,1,25.0,0.26,0.07,0.0,0.0,0,0,1186,de GER,DF,de Bundesliga,29-026,1997.0,19,1367,72,58.4,15.2,17,77.0,10,2,30.0,6,0.58,8,37,-29,-1.91,-1.45,944,de GER,DF,de Bundesliga,29-026,1997.0,15.2,6,0,0,26,29,0,5,14,18,0
Santiago Giménez,mx MEX,FW,Milan,it Serie A,24.0,2001.0,9,8,621,6.9,0,0,0,0,0,0,1,0,0.0,945,mx MEX,FW,it Serie A,24-333,2001.0,6.9,0,21,7,33.3,3.04,1.01,0.0,0.0,0,0,1187,mx MEX,FW,it Serie A,24-333,2001.0,9,621,69,23.8,6.9,8,73.0,1,1,34.0,0,2.0,13,5,8,1.16,0.48,945,mx MEX,FW,it Serie A,24-333,2001.0,6.9,1,0,0,7,10,6,1,1,4,0
Gvidas Gineitis,lt LTU,MF,Torino,it Serie A,21.0,2004.0,21,15,1146,12.7,0,1,1,0,0,0,4,0,0.08,946,lt LTU,MF,it Serie A,21-336,2004.0,12.7,0,11,2,18.2,0.86,0.16,0.0,0.0,0,0,1188,lt LTU,MF,it Serie A,21-336,2004.0,21,1146,55,43.9,12.7,15,70.0,5,6,17.0,5,1.24,13,22,-9,-0.71,-0.15,946,lt LTU,MF,it Serie A,21-336,2004.0,12.7,4,0,0,31,21,0,51,17,21,0
Matthias Ginter,de GER,DF,Freiburg,de Bundesliga,32.0,1994.0,25,25,2250,25.0,2,2,4,2,0,0,1,0,0.16,947,de GER,DF,de Bundesliga,32-057,1994.0,25.0,2,14,6,42.9,0.56,0.24,0.14,0.33,0,0,1189,de GER,DF,de Bundesliga,32-057,1994.0,25,2250,90,96.2,25.0,25,90.0,25,0,,0,1.36,37,41,-4,-0.16,1.84,947,de GER,DF,de Bundesliga,32-057,1994.0,25.0,1,0,0,13,14,2,8,20,10,0
Giovane,br BRA,FW,Napoli,it Serie A,22.0,2003.0,7,0,111,1.2,0,1,1,0,0,0,0,0,0.81,949,br BRA,FW,it Serie A,22-113,2003.0,1.2,0,2,0,0.0,1.62,0.0,0.0,,0,0,1191,br BRA,FW,it Serie A,22-113,2003.0,7,111,16,4.3,1.2,0,,0,7,16.0,1,1.86,2,4,-2,-1.62,-2.23,949,br BRA,FW,it Serie A,22-113,2003.0,1.2,0,0,0,3,5,1,5,0,0,0
Olivier Giroud,fr FRA,FW,Lille,fr Ligue 1,39.0,1986.0,23,17,1458,16.2,5,1,6,3,2,3,2,0,0.25,950,fr FRA,FW,fr Ligue 1,39-168,1986.0,16.2,5,38,13,34.2,2.35,0.8,0.08,0.23,2,3,1192,fr FRA,FW,fr Ligue 1,39-168,1986.0,23,1458,63,62.3,16.2,17,78.0,4,6,23.0,0,1.61,14,24,-10,-0.62,-2.35,950,fr FRA,FW,fr Ligue 1,39-168,1986.0,16.2,2,0,0,26,27,7,2,4,6,0
Robert Glatzel,de GER,FW,Hamburger SV,de Bundesliga,32.0,1994.0,14,3,295,3.3,1,1,2,1,0,0,0,0,0.61,952,de GER,FW,de Bundesliga,32-068,1994.0,3.3,1,9,4,44.4,2.75,1.22,0.11,0.25,0,0,1194,de GER,FW,de Bundesliga,32-068,1994.0,14,295,21,12.6,3.3,3,56.0,0,11,12.0,5,1.29,5,5,0,0.0,0.35,952,de GER,FW,de Bundesliga,32-068,1994.0,3.3,0,0,0,5,4,0,1,0,0,0
Serge Gnabry,de GER,MF,Bayern Munich,de Bundesliga,30.0,1995.0,19,14,1069,11.9,6,6,12,6,0,0,1,0,1.01,953,de GER,MF,de Bundesliga,30-246,1995.0,11.9,6,40,15,37.5,3.37,1.26,0.15,0.4,0,0,1196,de GER,MF,de Bundesliga,30-246,1995.0,19,1069,56,45.7,11.9,14,67.0,1,5,26.0,4,2.68,44,13,31,2.61,-0.01,953,de GER,MF,de Bundesliga,30-246,1995.0,11.9,1,0,0,8,3,6,19,4,8,0
Giorgi Gocholeishvili,ge GEO,MF,Hamburger SV,de Bundesliga,25.0,2001.0,20,9,858,9.5,0,2,2,0,0,0,3,1,0.21,955,ge GEO,MF,de Bundesliga,25-031,2001.0,9.5,0,13,2,15.4,1.36,0.21,0.0,0.0,0,0,1198,ge GEO,MF,de Bundesliga,25-031,2001.0,20,858,43,36.7,9.5,9,78.0,1,11,14.0,3,1.4,9,11,-2,-0.21,0.15,955,ge GEO,MF,de Bundesliga,25-031,2001.0,9.5,3,1,1,12,17,3,19,6,13,0
Martial Godo,eng ENG,MF,Strasbourg,fr Ligue 1,23.0,2003.0,21,13,1088,12.1,7,1,8,7,0,0,2,0,0.66,956,eng ENG,MF,fr Ligue 1,23-003,2003.0,12.1,7,28,13,46.4,2.32,1.08,0.25,0.54,0,0,1199,eng ENG,MF,fr Ligue 1,23-003,2003.0,21,1088,52,46.5,12.1,13,77.0,5,8,11.0,2,1.48,25,13,12,0.99,1.21,956,eng ENG,MF,fr Ligue 1,23-003,2003.0,12.1,2,0,0,13,22,5,21,12,8,0
Maxima Goffi,fr FRA,DF,Lille,fr Ligue 1,18.0,2008.0,1,0,39,0.4,0,0,0,0,0,0,0,0,0.0,957,fr FRA,DF,fr Ligue 1,18-053,2008.0,0.4,0,0,0,,0.0,0.0,,,0,0,1200,fr FRA,DF,fr Ligue 1,18-053,2008.0,1,39,39,1.7,0.4,0,,0,1,39.0,11,1.0,1,1,0,0.0,-0.27,957,fr FRA,DF,fr Ligue 1,18-053,2008.0,0.4,0,0,0,1,0,0,1,0,1,0
Saba Goglichidze,ge GEO,DF,Udinese,it Serie A,21.0,2004.0,8,4,424,4.7,0,0,0,0,0,0,2,0,0.0,958,ge GEO,DF,it Serie A,21-265,2004.0,4.7,0,3,1,33.3,0.64,0.21,0.0,0.0,0,0,1201,ge GEO,DF,it Serie A,21-265,2004.0,8,424,53,16.2,4.7,4,90.0,4,4,16.0,11,2.13,6,7,-1,-0.21,0.12,958,ge GEO,DF,it Serie A,21-265,2004.0,4.7,2,0,0,5,4,0,2,8,8,0
Edoardo Goldaniga,it ITA,DF,Como,it Serie A,32.0,1993.0,1,0,1,0.0,0,0,0,0,0,0,0,0,0.0,959,it ITA,DF,it Serie A,32-135,1993.0,0.0,0,0,0,,0.0,0.0,,,0,0,1203,it ITA,DF,it Serie A,32-135,1993.0,1,1,1,0.0,0.0,0,,0,1,1.0,12,3.0,0,0,0,0.0,-0.9,959,it ITA,DF,it Serie A,32-135,1993.0,0.0,0,0,0,0,0,0,0,0,0,0
Aleksandr Golovin,ru RUS,MF,Monaco,fr Ligue 1,29.0,1996.0,19,17,1339,14.9,4,5,9,4,0,0,3,1,0.6,960,ru RUS,MF,fr Ligue 1,29-291,1996.0,14.9,4,29,17,58.6,1.95,1.14,0.14,0.24,0,0,1205,ru RUS,MF,fr Ligue 1,29-291,1996.0,19,1339,70,57.2,14.9,17,75.0,4,2,30.0,2,1.68,24,16,8,0.54,0.54,960,ru RUS,MF,fr Ligue 1,29-291,1996.0,14.9,3,1,1,20,13,2,30,19,14,0
André Gomes,pt POR,MF,Lille,fr Ligue 1,32.0,1993.0,2,0,8,0.1,0,0,0,0,0,0,0,0,0.0,961,pt POR,MF,fr Ligue 1,32-230,1993.0,0.1,0,0,0,,0.0,0.0,,,0,0,1206,pt POR,MF,fr Ligue 1,32-230,1993.0,2,8,4,0.3,0.1,0,,0,2,4.0,5,3.0,0,0,0,0.0,-0.27,961,pt POR,MF,fr Ligue 1,32-230,1993.0,0.1,0,0,0,2,0,0,0,0,0,0
Angel Gomes,eng ENG,MF,Marseille,fr Ligue 1,25.0,2000.0,14,12,888,9.9,3,0,3,3,0,0,4,0,0.3,962,eng ENG,MF,fr Ligue 1,25-198,2000.0,9.9,3,11,5,45.5,1.11,0.51,0.27,0.6,0,0,1207,eng ENG,MF,fr Ligue 1,25-198,2000.0,14,888,63,37.9,9.9,12,72.0,4,2,13.0,3,2.07,21,9,12,1.22,0.72,962,eng ENG,MF,fr Ligue 1,25-198,2000.0,9.9,4,0,0,19,12,0,7,4,5,0
Moi Gómez,es ESP,MF,Osasuna,es La Liga,31.0,1994.0,20,10,980,10.9,0,1,1,0,0,0,2,0,0.09,969,es ESP,MF,es La Liga,31-267,1994.0,10.9,0,11,2,18.2,1.01,0.18,0.0,0.0,0,0,1215,es ESP,MF,es La Liga,31-267,1994.0,20,980,49,38.9,10.9,10,79.0,3,10,19.0,6,1.0,13,13,0,0.0,0.12,969,es ESP,MF,es La Liga,31-267,1994.0,10.9,2,0,0,15,20,0,24,9,6,0
Sergio Gómez,es ESP,DF,Real Sociedad,es La Liga,25.0,2000.0,26,22,1972,21.9,0,2,2,0,0,0,2,0,0.09,970,es ESP,DF,es La Liga,25-194,2000.0,21.9,0,9,0,0.0,0.41,0.0,0.0,,0,0,1217,es ESP,DF,es La Liga,25-194,2000.0,26,1972,76,78.3,21.9,22,86.0,15,4,20.0,1,1.35,32,31,1,0.05,0.05,970,es ESP,DF,es La Liga,25-194,2000.0,21.9,2,0,0,35,12,3,115,26,44,0
Valentín Gómez,ar ARG,DF,Real Betis,es La Liga,22.0,2003.0,20,12,1240,13.8,1,0,1,1,0,0,5,0,0.07,972,ar ARG,DF,es La Liga,22-264,2003.0,13.8,1,9,3,33.3,0.65,0.22,0.11,0.33,0,0,1219,ar ARG,DF,es La Liga,22-264,2003.0,20,1240,62,49.2,13.8,12,90.0,12,8,20.0,7,1.75,19,17,2,0.15,-0.28,972,ar ARG,DF,es La Liga,22-264,2003.0,13.8,5,0,0,18,7,1,10,18,21,0
Tidiam Gomis,fr FRA,FW,RB Leipzig,de Bundesliga,19.0,2006.0,15,2,316,3.5,1,0,1,1,0,0,0,0,0.28,973,fr FRA,FW,de Bundesliga,19-221,2006.0,3.5,1,9,3,33.3,2.56,0.85,0.11,0.33,0,0,1221,fr FRA,FW,de Bundesliga,19-221,2006.0,15,316,21,13.5,3.5,2,69.0,0,13,14.0,7,1.73,5,7,-2,-0.57,-1.24,973,fr FRA,FW,de Bundesliga,19-221,2006.0,3.5,0,0,0,3,2,3,6,0,2,0
Rafael Gonçalves,pt POR,MF,Strasbourg,fr Ligue 1,21.0,2005.0,8,3,273,3.0,0,0,0,0,0,0,0,0,0.0,974,pt POR,MF,fr Ligue 1,21-027,2005.0,3.0,0,1,1,100.0,0.33,0.33,0.0,0.0,0,0,1222,pt POR,MF,fr Ligue 1,21-027,2005.0,8,273,34,11.7,3.0,3,68.0,1,5,14.0,13,2.0,4,5,-1,-0.33,-0.77,974,pt POR,MF,fr Ligue 1,21-027,2005.0,3.0,0,0,0,4,1,0,1,2,7,0
Urko González,es ESP,MF,Espanyol,es La Liga,24.0,2001.0,26,19,1820,20.2,0,1,1,0,0,0,4,0,0.05,978,es ESP,MF,es La Liga,24-362,2001.0,20.2,0,13,1,7.7,0.64,0.05,0.0,0.0,0,0,1231,es ESP,MF,es La Liga,24-362,2001.0,26,1820,70,72.2,20.2,19,88.0,16,7,22.0,0,1.27,25,33,-8,-0.4,-0.52,978,es ESP,MF,es La Liga,24-362,2001.0,20.2,4,0,0,27,26,0,8,19,25,0
Leon Goretzka,de GER,MF,Bayern Munich,de Bundesliga,31.0,1995.0,23,17,1319,14.7,2,1,3,2,0,0,4,0,0.2,981,de GER,MF,de Bundesliga,31-039,1995.0,14.7,2,16,5,31.3,1.09,0.34,0.13,0.4,0,0,1234,de GER,MF,de Bundesliga,31-039,1995.0,23,1319,57,56.4,14.7,17,71.0,6,6,18.0,3,2.61,47,10,37,2.52,-0.21,981,de GER,MF,de Bundesliga,31-039,1995.0,14.7,4,0,0,11,12,0,3,21,13,0
Andoni Gorosabel,es ESP,DF,Athletic Club,es La Liga,29.0,1996.0,16,10,818,9.1,0,1,1,0,0,0,2,0,0.11,982,es ESP,DF,es La Liga,29-225,1996.0,9.1,0,5,1,20.0,0.55,0.11,0.0,0.0,0,0,1236,es ESP,DF,es La Liga,29-225,1996.0,16,818,51,32.5,9.1,10,74.0,4,6,13.0,12,1.38,12,16,-4,-0.44,-0.12,982,es ESP,DF,es La Liga,29-225,1996.0,9.1,2,0,0,9,9,0,28,8,16,0
Jon Gorrotxategi,es ESP,MF,Real Sociedad,es La Liga,24.0,2002.0,24,21,1863,20.7,1,3,4,1,0,0,7,0,0.19,983,es ESP,MF,es La Liga,24-043,2002.0,20.7,1,11,1,9.1,0.53,0.05,0.09,1.0,0,0,1237,es ESP,MF,es La Liga,24-043,2002.0,24,1863,78,73.9,20.7,21,84.0,14,3,31.0,2,1.38,32,31,1,0.05,0.05,983,es ESP,MF,es La Liga,24-043,2002.0,20.7,7,0,0,26,20,0,5,29,26,0
Olaf Gorter,nl NED,MF,Lecce,it Serie A,21.0,2005.0,2,0,28,0.3,0,0,0,0,0,0,0,0,0.0,984,nl NED,MF,it Serie A,21-045,2005.0,0.3,0,0,0,,0.0,0.0,,,0,0,1238,nl NED,MF,it Serie A,21-045,2005.0,2,28,14,1.1,0.3,0,,0,2,14.0,6,0.0,0,1,-1,-3.21,-2.62,984,nl NED,MF,it Serie A,21-045,2005.0,0.3,0,0,0,1,0,0,0,0,1,0
Mikel Goti,es ESP,MF,Real Sociedad,es La Liga,23.0,2002.0,4,1,76,0.8,0,0,0,0,0,0,0,0,0.0,987,es ESP,MF,es La Liga,23-298,2002.0,0.8,0,3,0,0.0,3.55,0.0,0.0,,0,0,1241,es ESP,MF,es La Liga,23-298,2002.0,4,76,19,3.0,0.8,1,56.0,0,3,7.0,13,0.75,3,3,0,0.0,-0.04,987,es ESP,MF,es La Liga,23-298,2002.0,0.8,0,0,0,6,0,0,3,0,1,0
Mario Götze,de GER,MF,Eintracht Frankfurt,de Bundesliga,33.0,1992.0,18,7,769,8.5,0,0,0,0,0,0,1,0,0.0,988,de GER,MF,de Bundesliga,33-287,1992.0,8.5,0,5,0,0.0,0.59,0.0,0.0,,0,0,1242,de GER,MF,de Bundesliga,33-287,1992.0,18,769,43,32.9,8.5,7,68.0,1,11,27.0,4,1.61,13,15,-2,-0.23,-0.35,988,de GER,MF,de Bundesliga,33-287,1992.0,8.5,1,0,0,6,12,1,21,4,6,0
Lucas Gourna-Douath,fr FRA,MF,Le Havre,fr Ligue 1,22.0,2003.0,8,8,713,7.9,0,0,0,0,0,0,3,0,0.0,990,fr FRA,MF,fr Ligue 1,22-224,2003.0,7.9,0,5,1,20.0,0.63,0.13,0.0,0.0,0,0,1244,fr FRA,MF,fr Ligue 1,22-224,2003.0,8,713,89,30.5,7.9,8,89.0,7,0,,0,1.0,4,8,-4,-0.5,-0.06,990,fr FRA,MF,fr Ligue 1,22-224,2003.0,7.9,3,0,0,11,17,1,2,10,5,0
Tiago Gouveia,pt POR,MF,Nice,fr Ligue 1,24.0,2001.0,14,5,531,5.9,0,0,0,0,0,0,2,0,0.0,991,pt POR,MF,fr Ligue 1,24-272,2001.0,5.9,0,12,4,33.3,2.03,0.68,0.0,0.0,0,0,1245,pt POR,MF,fr Ligue 1,24-272,2001.0,14,531,38,22.7,5.9,5,69.0,2,9,21.0,5,1.14,6,13,-7,-1.19,-0.74,991,pt POR,MF,fr Ligue 1,24-272,2001.0,5.9,2,0,0,6,9,0,4,9,3,0
Jeffrey Gouweleeuw,nl NED,DF,Augsburg,de Bundesliga,34.0,1991.0,5,4,365,4.1,0,0,0,0,0,0,2,0,0.0,992,nl NED,DF,de Bundesliga,34-250,1991.0,4.1,0,2,1,50.0,0.49,0.25,0.0,0.0,0,0,1246,nl NED,DF,de Bundesliga,34-250,1991.0,5,365,73,15.6,4.1,4,84.0,3,1,29.0,0,0.6,6,10,-4,-0.99,-0.53,992,nl NED,DF,de Bundesliga,34-250,1991.0,4.1,2,0,0,3,0,0,3,7,6,0
Jonathan Gradit,fr FRA,DF,Lens,fr Ligue 1,33.0,1992.0,10,10,807,9.0,0,0,0,0,0,0,2,1,0.0,994,fr FRA,DF,fr Ligue 1,33-113,1992.0,9.0,0,2,0,0.0,0.22,0.0,0.0,,0,0,1248,fr FRA,DF,fr Ligue 1,33-113,1992.0,10,807,81,34.5,9.0,10,81.0,8,0,,0,2.2,19,8,11,1.23,0.35,994,fr FRA,DF,fr Ligue 1,33-113,1992.0,9.0,2,1,0,15,9,0,3,16,12,0
Alberto Grassi,it ITA,MF,Cremonese,it Serie A,31.0,1995.0,21,10,1101,12.2,0,0,0,0,0,0,3,0,0.0,995,it ITA,MF,it Serie A,31-010,1995.0,12.2,0,7,3,42.9,0.57,0.25,0.0,0.0,0,0,1251,it ITA,MF,it Serie A,31-010,1995.0,21,1101,52,42.2,12.2,10,75.0,2,11,32.0,3,0.9,7,24,-17,-1.39,-1.15,995,it ITA,MF,it Serie A,31-010,1995.0,12.2,3,0,0,9,16,0,2,24,8,0
Mason Greenwood,eng ENG,MF,Marseille,fr Ligue 1,24.0,2001.0,25,23,1980,22.0,15,4,19,10,5,7,3,0,0.64,999,eng ENG,MF,fr Ligue 1,24-167,2001.0,22.0,15,95,38,40.0,4.32,1.73,0.11,0.26,5,7,1257,eng ENG,MF,fr Ligue 1,24-167,2001.0,25,1980,79,84.6,22.0,23,83.0,13,2,33.0,1,1.84,45,28,17,0.77,0.02,999,eng ENG,MF,fr Ligue 1,24-167,2001.0,22.0,3,0,0,17,21,0,95,3,9,0
Michael Gregoritsch,at AUT,FW,Augsburg,de Bundesliga,31.0,1994.0,10,5,437,4.9,3,1,4,2,1,1,2,0,0.62,1000,at AUT,FW,de Bundesliga,31-333,1994.0,4.9,3,11,4,36.4,2.27,0.82,0.18,0.5,1,1,1258,at AUT,FW,de Bundesliga,31-333,1994.0,10,437,44,18.7,4.9,5,74.0,1,5,14.0,1,1.4,8,5,3,0.62,1.42,1000,at AUT,FW,de Bundesliga,31-333,1994.0,4.9,2,0,0,4,8,1,4,2,3,0
Antoine Griezmann,fr FRA,FW,Atlético Madrid,es La Liga,34.0,1991.0,25,6,926,10.3,6,1,7,6,0,0,0,0,0.68,1002,fr FRA,FW,es La Liga,34-361,1991.0,10.3,6,33,18,54.5,3.21,1.75,0.18,0.33,0,0,1260,fr FRA,FW,es La Liga,34-361,1991.0,25,926,37,36.7,10.3,6,67.0,1,19,28.0,1,2.12,21,10,11,1.07,0.45,1002,fr FRA,FW,es La Liga,34-361,1991.0,10.3,0,0,0,1,6,13,52,3,5,0
Vincenzo Grifo,it ITA,MF,Freiburg,de Bundesliga,32.0,1993.0,26,16,1279,14.2,7,1,8,3,4,4,0,0,0.28,1003,it ITA,MF,de Bundesliga,32-344,1993.0,14.2,7,23,9,39.1,1.62,0.63,0.13,0.33,4,4,1261,it ITA,MF,de Bundesliga,32-344,1993.0,26,1279,49,54.7,14.2,16,68.0,2,10,20.0,0,1.31,21,24,-3,-0.21,0.04,1003,it ITA,MF,de Bundesliga,32-344,1993.0,14.2,0,0,0,8,9,2,97,11,4,0
Álex Grimaldo,es ESP,MF,Leverkusen,de Bundesliga,30.0,1995.0,21,21,1801,20.0,6,4,10,4,2,2,5,0,0.4,1004,es ESP,MF,de Bundesliga,30-178,1995.0,20.0,6,40,15,37.5,2.0,0.75,0.1,0.27,2,2,1262,es ESP,MF,de Bundesliga,30-178,1995.0,21,1801,86,77.0,20.0,21,86.0,17,0,,1,1.81,41,26,15,0.75,0.58,1004,es ESP,MF,de Bundesliga,30-178,1995.0,20.0,5,0,0,11,25,4,105,13,16,0
Pascal Groß,de GER,MF,Dortmund,de Bundesliga,34.0,1991.0,11,7,613,6.8,0,1,1,0,0,0,0,0,0.15,1005,de GER,MF,de Bundesliga,34-275,1991.0,6.8,0,8,1,12.5,1.17,0.15,0.0,0.0,0,0,1263,de GER,MF,de Bundesliga,34-275,1991.0,11,613,56,26.2,6.8,7,78.0,1,4,16.0,4,2.0,9,5,4,0.59,-0.72,1005,de GER,MF,de Bundesliga,34-275,1991.0,6.8,0,0,0,10,4,0,23,5,6,0
Albert Grønbaek,dk DEN,MF,Genoa,it Serie A,24.0,2001.0,4,1,103,1.1,0,0,0,0,0,0,1,0,0.0,1011,dk DEN,MF,it Serie A,24-298,2001.0,1.1,0,1,1,100.0,0.87,0.87,0.0,0.0,0,0,1269,dk DEN,MF,it Serie A,24-298,2001.0,4,103,26,3.9,1.1,1,59.0,0,3,15.0,10,1.25,2,0,2,1.75,1.96,1011,dk DEN,MF,it Serie A,24-298,2001.0,1.1,1,0,0,1,1,0,1,0,2,0
Gonçalo Guedes,pt POR,MF,Real Sociedad,es La Liga,29.0,1996.0,28,20,1592,17.7,8,4,12,8,0,0,1,0,0.68,1014,pt POR,MF,es La Liga,29-108,1996.0,17.7,8,38,16,42.1,2.15,0.9,0.21,0.5,0,0,1273,pt POR,MF,es La Liga,29-108,1996.0,28,1592,57,63.2,17.7,20,70.0,4,8,24.0,0,1.36,28,20,8,0.45,1.13,1014,pt POR,MF,es La Liga,29-108,1996.0,17.7,1,0,0,15,25,9,61,3,14,0
Mattéo Guendouzi,fr FRA,MF,Lazio,it Serie A,26.0,1999.0,16,16,1428,15.9,2,1,3,2,0,0,5,1,0.19,1017,fr FRA,MF,it Serie A,26-337,1999.0,15.9,2,16,8,50.0,1.01,0.5,0.13,0.25,0,0,1276,fr FRA,MF,it Serie A,26-337,1999.0,16,1428,89,54.7,15.9,16,89.0,14,0,,0,1.25,13,12,1,0.06,0.06,1017,fr FRA,MF,it Serie A,26-337,1999.0,15.9,5,1,0,17,21,0,20,11,8,0
Javier Guerra,es ESP,MF,Valencia,es La Liga,23.0,2003.0,27,17,1405,15.6,1,3,4,1,0,0,3,0,0.26,1018,es ESP,MF,es La Liga,23-075,2003.0,15.6,1,18,6,33.3,1.15,0.38,0.06,0.17,0,0,1277,es ESP,MF,es La Liga,23-075,2003.0,27,1405,52,55.8,15.6,17,73.0,4,10,17.0,1,1.19,16,21,-5,-0.32,0.24,1018,es ESP,MF,es La Liga,23-075,2003.0,15.6,3,0,0,23,11,1,27,19,10,0
Raphaël Guerreiro,pt POR,MF,Bayern Munich,de Bundesliga,32.0,1993.0,12,4,457,5.1,3,2,5,3,0,0,0,0,0.98,1019,pt POR,MF,de Bundesliga,32-085,1993.0,5.1,3,6,3,50.0,1.18,0.59,0.5,1.0,0,0,1278,pt POR,MF,de Bundesliga,32-085,1993.0,12,457,38,19.5,5.1,4,68.0,0,8,23.0,10,3.0,19,2,17,3.35,0.91,1019,pt POR,MF,de Bundesliga,32-085,1993.0,5.1,0,0,0,2,1,1,2,1,7,0
Daniel Guerrero,es ESP,MF,Real Betis,es La Liga,20.0,2005.0,1,0,1,0.0,0,0,0,0,0,0,0,0,0.0,1020,es ESP,MF,es La Liga,20-234,2005.0,0.0,0,0,0,,0.0,0.0,,,0,0,1279,es ESP,MF,es La Liga,20-234,2005.0,1,1,1,0.0,0.0,0,,0,1,1.0,4,1.0,0,0,0,0.0,-0.29,1020,es ESP,MF,es La Liga,20-234,2005.0,0.0,0,0,0,0,1,0,0,0,0,0
Ismaël Guerti,fr FRA,FW,Metz,fr Ligue 1,21.0,2004.0,3,0,27,0.3,0,0,0,0,0,0,0,0,0.0,1021,fr FRA,FW,fr Ligue 1,21-230,2004.0,0.3,0,0,0,,0.0,0.0,,,0,0,1280,fr FRA,FW,fr Ligue 1,21-230,2004.0,3,27,9,1.2,0.3,0,,0,3,9.0,5,1.0,3,4,-1,-3.33,-2.01,1021,fr FRA,FW,fr Ligue 1,21-230,2004.0,0.3,0,0,0,0,0,0,1,1,1,0
Ander Guevara,es ESP,MF,Alavés,es La Liga,28.0,1997.0,19,2,550,6.1,1,0,1,1,0,0,4,1,0.16,1024,es ESP,MF,es La Liga,28-253,1997.0,6.1,1,4,1,25.0,0.65,0.16,0.25,1.0,0,0,1283,es ESP,MF,es La Liga,28-253,1997.0,19,550,29,21.8,6.1,2,83.0,1,17,23.0,8,1.16,11,9,2,0.33,0.97,1024,es ESP,MF,es La Liga,28-253,1997.0,6.1,4,1,1,10,5,0,4,8,8,0
Idrissa Guèye,sn SEN,FW,Udinese,it Serie A,19.0,2006.0,11,0,185,2.1,0,0,0,0,0,0,2,0,0.0,1025,sn SEN,FW,it Serie A,19-182,2006.0,2.1,0,5,1,20.0,2.43,0.49,0.0,0.0,0,0,1284,sn SEN,FW,it Serie A,19-182,2006.0,11,185,17,7.1,2.1,0,,0,11,17.0,15,0.64,1,4,-3,-1.46,-1.24,1025,sn SEN,FW,it Serie A,19-182,2006.0,2.1,2,0,0,10,6,1,2,1,1,0
Idrissa Guèye,sn SEN,FW,Metz,fr Ligue 1,19.0,2006.0,3,1,132,1.5,0,0,0,0,0,0,0,0,0.0,1026,sn SEN,FW,fr Ligue 1,19-182,2006.0,1.5,0,2,0,0.0,1.36,0.0,0.0,,0,0,1285,sn SEN,FW,fr Ligue 1,19-182,2006.0,3,132,44,5.6,1.5,1,89.0,0,2,22.0,0,0.0,2,5,-3,-2.05,-0.74,1026,sn SEN,FW,fr Ligue 1,19-182,2006.0,1.5,0,0,0,3,2,0,0,0,2,0
Pape Gueye,sn SEN,MF,Villarreal,es La Liga,27.0,1999.0,22,18,1501,16.7,4,2,6,3,1,1,7,0,0.3,1027,sn SEN,MF,es La Liga,27-052,1999.0,16.7,4,32,10,31.3,1.92,0.6,0.09,0.3,1,1,1288,sn SEN,MF,es La Liga,27-052,1999.0,22,1501,68,59.6,16.7,18,78.0,8,4,23.0,1,1.95,32,19,13,0.78,0.34,1027,sn SEN,MF,es La Liga,27-052,1999.0,16.7,7,0,0,30,39,2,11,23,16,0
Morgan Guilavogui,gn GUI,MF,Lens,fr Ligue 1,28.0,1998.0,16,3,491,5.5,1,0,1,1,0,0,3,1,0.18,1028,gn GUI,MF,fr Ligue 1,28-007,1998.0,5.5,1,10,2,20.0,1.83,0.37,0.1,0.5,0,0,1289,gn GUI,MF,fr Ligue 1,28-007,1998.0,16,491,31,21.0,5.5,3,75.0,1,13,21.0,0,2.31,9,5,4,0.73,-0.34,1028,gn GUI,MF,fr Ligue 1,28-007,1998.0,5.5,3,1,0,15,12,4,4,3,10,0
Daouda Guindo,ml MLI,DF,Brest,fr Ligue 1,23.0,2002.0,19,13,1197,13.3,0,0,0,0,0,0,3,1,0.0,1032,ml MLI,DF,fr Ligue 1,23-154,2002.0,13.3,0,16,4,25.0,1.2,0.3,0.0,0.0,0,0,1293,ml MLI,DF,fr Ligue 1,23-154,2002.0,19,1197,63,51.2,13.3,13,83.0,10,6,19.0,3,1.42,17,16,1,0.08,0.31,1032,ml MLI,DF,fr Ligue 1,23-154,2002.0,13.3,3,1,0,22,12,1,23,19,24,0
Serhou Guirassy,gn GUI,FW,Dortmund,de Bundesliga,30.0,1996.0,25,21,1791,19.9,12,1,13,11,1,3,2,0,0.6,1034,gn GUI,FW,de Bundesliga,30-005,1996.0,19.9,12,62,29,46.8,3.12,1.46,0.18,0.38,1,3,1295,gn GUI,FW,de Bundesliga,30-005,1996.0,25,1791,72,76.5,19.9,21,82.0,8,4,17.0,1,2.2,41,19,22,1.11,-0.04,1034,gn GUI,FW,de Bundesliga,30-005,1996.0,19.9,2,0,0,31,27,7,3,0,1,0
Arda Güler,tr TUR,MF,Real Madrid,es La Liga,21.0,2005.0,28,22,1769,19.7,4,8,12,4,0,0,1,0,0.61,1038,tr TUR,MF,es La Liga,21-020,2005.0,19.7,4,44,17,38.6,2.24,0.86,0.09,0.24,0,0,1300,tr TUR,MF,es La Liga,21-020,2005.0,28,1769,63,70.2,19.7,22,73.0,3,6,28.0,0,2.36,37,17,20,1.02,-0.9,1038,tr TUR,MF,es La Liga,21-020,2005.0,19.7,1,0,0,21,27,3,113,7,26,0
Gerard Gumbau,es ESP,MF,Rayo Vallecano,es La Liga,31.0,1994.0,20,9,711,7.9,0,1,1,0,0,0,4,0,0.13,1039,es ESP,MF,es La Liga,31-089,1994.0,7.9,0,9,5,55.6,1.14,0.63,0.0,0.0,0,0,1301,es ESP,MF,es La Liga,31-089,1994.0,20,711,36,28.2,7.9,9,63.0,1,11,13.0,8,1.1,8,13,-5,-0.63,-0.58,1039,es ESP,MF,es La Liga,31-089,1994.0,7.9,4,0,0,28,3,0,25,6,11,0
Christian Günter,de GER,DF,Freiburg,de Bundesliga,33.0,1993.0,19,13,1155,12.8,0,3,3,0,0,0,2,0,0.23,1041,de GER,DF,de Bundesliga,33-017,1993.0,12.8,0,8,0,0.0,0.62,0.0,0.0,,0,0,1304,de GER,DF,de Bundesliga,33-017,1993.0,19,1155,61,49.4,12.8,13,81.0,7,6,17.0,7,1.32,18,25,-7,-0.55,-0.62,1041,de GER,DF,de Bundesliga,33-017,1993.0,12.8,2,0,0,7,6,4,61,7,9,0
Janik Haberer,de GER,MF,Union Berlin,de Bundesliga,31.0,1994.0,23,16,1314,14.6,0,1,1,0,0,0,8,0,0.07,1050,de GER,MF,de Bundesliga,31-349,1994.0,14.6,0,11,1,9.1,0.75,0.07,0.0,0.0,0,0,1314,de GER,MF,de Bundesliga,31-349,1994.0,23,1314,57,56.2,14.6,16,71.0,4,7,24.0,2,1.17,15,29,-14,-0.96,-1.22,1050,de GER,MF,de Bundesliga,31-349,1994.0,14.6,8,0,0,21,20,1,55,9,15,0
Robin Hack,de GER,MF,Gladbach,de Bundesliga,27.0,1998.0,4,3,248,2.8,0,0,0,0,0,0,0,0,0.0,1051,de GER,MF,de Bundesliga,27-202,1998.0,2.8,0,8,2,25.0,2.9,0.73,0.0,0.0,0,0,1315,de GER,MF,de Bundesliga,27-202,1998.0,4,248,62,10.6,2.8,3,80.0,2,1,9.0,1,1.0,0,3,-3,-1.09,-0.66,1051,de GER,MF,de Bundesliga,27-202,1998.0,2.8,0,0,0,3,3,1,10,1,1,0
Amadou Haidara,ml MLI,MF,Lens,fr Ligue 1,28.0,1998.0,4,0,99,1.1,1,0,1,1,0,0,0,0,0.91,1052,ml MLI,MF,fr Ligue 1,28-045,1998.0,1.1,1,2,2,100.0,1.82,1.82,0.5,0.5,0,0,1317,ml MLI,MF,fr Ligue 1,28-045,1998.0,4,99,25,4.2,1.1,0,,0,4,25.0,3,1.75,1,0,1,0.91,-0.09,1052,ml MLI,MF,fr Ligue 1,28-045,1998.0,1.1,0,0,0,1,2,0,0,2,0,0
Albian Hajdari,xk KVX,DF,Hoffenheim,de Bundesliga,22.0,2003.0,22,21,1808,20.1,1,1,2,1,0,0,8,0,0.1,1053,xk KVX,DF,de Bundesliga,22-303,2003.0,20.1,1,13,3,23.1,0.65,0.15,0.08,0.33,0,0,1318,xk KVX,DF,de Bundesliga,22-303,2003.0,22,1808,82,77.3,20.1,21,85.0,15,1,19.0,1,1.91,41,25,16,0.8,0.12,1053,xk KVX,DF,de Bundesliga,22-303,2003.0,20.1,8,0,0,34,21,0,12,26,30,0
Achraf Hakimi,ma MAR,DF,Paris Saint-Germain,fr Ligue 1,27.0,1998.0,14,11,1091,12.1,2,1,3,2,0,0,3,1,0.25,1054,ma MAR,DF,fr Ligue 1,27-133,1998.0,12.1,2,21,7,33.3,1.73,0.58,0.1,0.29,0,0,1319,ma MAR,DF,fr Ligue 1,27-133,1998.0,14,1091,78,48.5,12.1,11,89.0,10,3,39.0,1,2.21,23,12,11,0.91,-0.72,1054,ma MAR,DF,fr Ligue 1,27-133,1998.0,12.1,3,1,0,8,13,4,33,9,10,0
Adil Hamdani,fr FRA,MF,Lyon,fr Ligue 1,17.0,2009.0,4,0,27,0.3,0,0,0,0,0,0,0,0,0.0,1056,fr FRA,MF,fr Ligue 1,17-055,2009.0,0.3,0,2,0,0.0,6.67,0.0,0.0,,0,0,1321,fr FRA,MF,fr Ligue 1,17-055,2009.0,4,27,7,1.2,0.3,0,,0,4,7.0,5,1.5,1,0,1,3.33,2.87,1056,fr FRA,MF,fr Ligue 1,17-055,2009.0,0.3,0,0,0,1,0,0,4,0,0,0
Pierre-Yves Hamel,fr FRA,FW,Paris FC,fr Ligue 1,32.0,1994.0,2,1,78,0.9,0,0,0,0,0,0,0,0,0.0,1057,fr FRA,FW,fr Ligue 1,32-042,1994.0,0.9,0,0,0,,0.0,0.0,,,0,0,1322,fr FRA,FW,fr Ligue 1,32-042,1994.0,2,78,39,3.3,0.9,1,70.0,0,1,8.0,1,0.0,0,2,-2,-2.31,-1.91,1057,fr FRA,FW,fr Ligue 1,32-042,1994.0,0.9,0,0,0,2,0,0,0,1,0,0
Andreas Hanche-Olsen,no NOR,DF,Mainz 05,de Bundesliga,29.0,1997.0,13,8,851,9.5,0,1,1,0,0,0,3,0,0.11,1058,no NOR,DF,de Bundesliga,29-059,1997.0,9.5,0,6,3,50.0,0.63,0.32,0.0,0.0,0,0,1323,no NOR,DF,de Bundesliga,29-059,1997.0,13,851,65,36.4,9.5,8,83.0,5,5,38.0,1,0.54,9,13,-4,-0.42,-0.06,1058,no NOR,DF,de Bundesliga,29-059,1997.0,9.5,3,0,0,13,6,2,0,13,5,1
Dávid Hancko,sk SVK,DF,Atlético Madrid,es La Liga,28.0,1997.0,25,22,2027,22.5,0,2,2,0,0,0,1,0,0.09,1059,sk SVK,DF,es La Liga,28-094,1997.0,22.5,0,19,5,26.3,0.84,0.22,0.0,0.0,0,0,1324,sk SVK,DF,es La Liga,28-094,1997.0,25,2027,81,80.4,22.5,22,89.0,20,3,25.0,3,2.04,42,22,20,0.89,0.52,1059,sk SVK,DF,es La Liga,28-094,1997.0,22.5,1,0,0,13,4,2,29,18,24,0
Isak Hansen-Aarøen,no NOR,MF,Werder Bremen,de Bundesliga,21.0,2004.0,1,0,2,0.0,0,0,0,0,0,0,0,0,0.0,1061,no NOR,MF,de Bundesliga,21-207,2004.0,0.0,0,0,0,,0.0,0.0,,,0,0,1326,no NOR,MF,de Bundesliga,21-207,2004.0,1,2,2,0.1,0.0,0,,0,1,2.0,6,0.0,0,0,0,0.0,0.69,1061,no NOR,MF,de Bundesliga,21-207,2004.0,0.0,0,0,0,0,0,0,0,0,2,0
Taichi Hara,jp JPN,FW,St Pauli,de Bundesliga,26.0,1999.0,2,0,23,0.3,0,0,0,0,0,0,0,0,0.0,1062,jp JPN,FW,de Bundesliga,26-316,1999.0,0.3,0,1,0,0.0,3.91,0.0,0.0,,0,0,1328,jp JPN,FW,de Bundesliga,26-316,1999.0,2,23,12,1.0,0.3,0,,0,2,12.0,4,1.5,0,1,-1,-3.91,-3.21,1062,jp JPN,FW,de Bundesliga,26-316,1999.0,0.3,0,0,0,0,0,0,0,0,0,0
Hákon Haraldsson,is ISL,MF,Lille,fr Ligue 1,22.0,2003.0,24,21,1783,19.8,6,1,7,6,0,0,4,0,0.35,1063,is ISL,MF,fr Ligue 1,22-341,2003.0,19.8,6,34,8,23.5,1.72,0.4,0.18,0.75,0,0,1329,is ISL,MF,fr Ligue 1,22-341,2003.0,24,1783,74,76.2,19.8,21,82.0,6,3,22.0,0,1.71,30,23,7,0.35,0.35,1063,is ISL,MF,fr Ligue 1,22-341,2003.0,19.8,4,0,0,21,28,0,58,11,10,0
Conrad Harder,dk DEN,FW,RB Leipzig,de Bundesliga,20.0,2005.0,23,7,771,8.6,2,3,5,2,0,0,3,0,0.58,1064,dk DEN,FW,de Bundesliga,20-344,2005.0,8.6,2,36,11,30.6,4.2,1.28,0.06,0.18,0,0,1330,dk DEN,FW,de Bundesliga,20-344,2005.0,23,771,34,32.9,8.6,7,78.0,3,16,14.0,1,1.78,14,15,-1,-0.12,-0.92,1064,dk DEN,FW,de Bundesliga,20-344,2005.0,8.6,3,0,0,16,16,4,12,6,4,0
Abdou Harroui,nl NED,MF,Hellas Verona,it Serie A,28.0,1998.0,18,8,658,7.3,1,0,1,0,1,1,2,0,0.0,1067,nl NED,MF,it Serie A,28-063,1998.0,7.3,1,9,2,22.2,1.23,0.27,0.0,0.0,1,1,1334,nl NED,MF,it Serie A,28-063,1998.0,18,658,37,25.2,7.3,8,67.0,0,10,13.0,7,0.61,5,16,-11,-1.5,-0.67,1067,nl NED,MF,it Serie A,28-063,1998.0,7.3,2,0,0,17,1,1,20,1,14,0
Torbjørn Heggem,no NOR,DF,Bologna,it Serie A,27.0,1999.0,21,20,1817,20.2,0,0,0,0,0,0,0,1,0.0,1078,no NOR,DF,it Serie A,27-064,1999.0,20.2,0,10,2,20.0,0.5,0.1,0.0,0.0,0,0,1347,no NOR,DF,it Serie A,27-064,1999.0,21,1817,87,69.6,20.2,20,89.0,18,1,45.0,3,1.33,29,27,2,0.1,-0.13,1078,no NOR,DF,it Serie A,27-064,1999.0,20.2,0,1,0,28,11,0,1,21,13,0
Dominique Heintz,de GER,DF,Köln,de Bundesliga,32.0,1993.0,8,5,380,4.2,0,0,0,0,0,0,0,0,0.0,1080,de GER,DF,de Bundesliga,32-214,1993.0,4.2,0,0,0,,0.0,0.0,,,0,0,1349,de GER,DF,de Bundesliga,32-214,1993.0,8,380,48,16.2,4.2,5,63.0,1,3,22.0,5,1.0,7,6,1,0.24,0.7,1080,de GER,DF,de Bundesliga,32-214,1993.0,4.2,0,0,0,2,4,0,1,5,1,0
Ramon Hendriks,nl NED,DF,Stuttgart,de Bundesliga,24.0,2001.0,23,16,1419,15.8,0,2,2,0,0,0,2,0,0.13,1084,nl NED,DF,de Bundesliga,24-242,2001.0,15.8,0,3,0,0.0,0.19,0.0,0.0,,0,0,1355,nl NED,DF,de Bundesliga,24-242,2001.0,23,1419,62,60.6,15.8,16,85.0,11,7,9.0,2,1.87,34,25,9,0.57,-0.21,1084,nl NED,DF,de Bundesliga,24-242,2001.0,15.8,2,0,0,10,17,0,18,14,10,0
Benjamin Henrichs,de GER,DF,RB Leipzig,de Bundesliga,29.0,1997.0,9,2,189,2.1,0,0,0,0,0,0,0,0,0.0,1085,de GER,DF,de Bundesliga,29-022,1997.0,2.1,0,3,1,33.3,1.43,0.48,0.0,0.0,0,0,1356,de GER,DF,de Bundesliga,29-022,1997.0,9,189,21,8.1,2.1,2,63.0,0,7,9.0,1,1.67,4,3,1,0.48,-0.03,1085,de GER,DF,de Bundesliga,29-022,1997.0,2.1,0,0,0,1,0,0,0,4,4,0
Luis Henrique,br BRA,MF,Inter,it Serie A,24.0,2001.0,24,17,1414,15.7,1,2,3,1,0,0,1,0,0.19,1086,br BRA,MF,it Serie A,24-093,2001.0,15.7,1,14,6,42.9,0.89,0.38,0.07,0.17,0,0,1357,br BRA,MF,it Serie A,24-093,2001.0,24,1414,59,54.2,15.7,17,74.0,7,7,21.0,5,2.58,28,12,16,1.02,-0.94,1086,br BRA,MF,it Serie A,24-093,2001.0,15.7,1,0,0,5,0,1,39,7,14,0
Pharell Hensel,de GER,MF,Wolfsburg,de Bundesliga,19.0,2007.0,5,1,69,0.8,0,0,0,0,0,0,0,0,0.0,1088,de GER,MF,de Bundesliga,19-008,2007.0,0.8,0,1,0,0.0,1.3,0.0,0.0,,0,0,1359,de GER,MF,de Bundesliga,19-008,2007.0,5,69,14,2.9,0.8,1,61.0,0,4,2.0,10,1.4,0,4,-4,-5.22,-4.54,1088,de GER,MF,de Bundesliga,19-008,2007.0,0.8,0,0,0,0,1,0,0,0,1,0
Mario Hermoso,es ESP,DF,Roma,it Serie A,30.0,1995.0,18,16,1361,15.1,1,0,1,1,0,0,6,0,0.07,1090,es ESP,DF,it Serie A,30-272,1995.0,15.1,1,8,3,37.5,0.53,0.2,0.13,0.33,0,0,1362,es ESP,DF,it Serie A,30-272,1995.0,18,1361,76,52.1,15.1,16,80.0,9,2,39.0,2,1.67,14,10,4,0.26,-0.6,1090,es ESP,DF,it Serie A,30-272,1995.0,15.1,6,0,0,28,14,0,7,24,14,0
Lucas Hernández,fr FRA,DF,Paris Saint-Germain,fr Ligue 1,30.0,1996.0,17,13,1161,12.9,0,2,2,0,0,0,2,0,0.16,1091,fr FRA,DF,fr Ligue 1,30-031,1996.0,12.9,0,7,2,28.6,0.54,0.16,0.0,0.0,0,0,1366,fr FRA,DF,fr Ligue 1,30-031,1996.0,17,1161,68,51.6,12.9,13,85.0,10,4,15.0,8,2.59,29,8,21,1.63,0.72,1091,fr FRA,DF,fr Ligue 1,30-031,1996.0,12.9,2,0,0,14,15,0,9,14,7,0
Hernani,br BRA,MF,Parma,it Serie A,31.0,1994.0,4,0,73,0.8,0,0,0,0,0,0,0,0,0.0,1092,br BRA,MF,it Serie A,31-355,1994.0,0.8,0,1,0,0.0,1.23,0.0,0.0,,0,0,1367,br BRA,MF,it Serie A,31-355,1994.0,4,73,18,2.8,0.8,0,,0,4,18.0,8,0.5,0,2,-2,-2.47,-2.0,1092,br BRA,MF,it Serie A,31-355,1994.0,0.8,0,0,0,2,3,1,2,1,0,0
Jorge Herrando,es ESP,DF,Osasuna,es La Liga,25.0,2001.0,24,14,1399,15.5,0,1,1,0,0,0,2,0,0.06,1093,es ESP,DF,es La Liga,25-017,2001.0,15.5,0,3,0,0.0,0.19,0.0,0.0,,0,0,1369,es ESP,DF,es La Liga,25-017,2001.0,24,1399,58,55.5,15.5,14,83.0,9,10,24.0,4,1.29,16,22,-6,-0.39,-0.71,1093,es ESP,DF,es La Liga,25-017,2001.0,15.5,2,0,0,22,8,0,2,20,13,0
Yangel Herrera,ve VEN,MF,Girona,es La Liga,28.0,1998.0,2,2,110,1.2,0,0,0,0,0,0,0,0,0.0,1095,ve VEN,MF,es La Liga,28-062,1998.0,1.2,0,1,0,0.0,0.82,0.0,0.0,,0,0,1371,ve VEN,MF,es La Liga,28-062,1998.0,2,110,55,4.4,1.2,2,55.0,0,0,,0,0.0,1,7,-6,-4.91,-4.69,1095,ve VEN,MF,es La Liga,28-062,1998.0,1.2,0,0,0,1,3,0,2,1,1,0
Yangel Herrera,ve VEN,MF,Real Sociedad,es La Liga,28.0,1998.0,8,4,304,3.4,0,0,0,0,0,0,1,0,0.0,1096,ve VEN,MF,es La Liga,28-062,1998.0,3.4,0,5,1,20.0,1.48,0.3,0.0,0.0,0,0,1372,ve VEN,MF,es La Liga,28-062,1998.0,8,304,38,12.1,3.4,4,59.0,1,4,17.0,1,1.75,8,12,-4,-1.18,-1.39,1096,ve VEN,MF,es La Liga,28-062,1998.0,3.4,1,0,0,10,11,1,0,1,3,0
Charles Herrmann,de GER,FW,Gladbach,de Bundesliga,20.0,2006.0,1,0,5,0.1,0,1,1,0,0,0,0,0,18.0,1097,de GER,FW,de Bundesliga,20-055,2006.0,0.1,0,0,0,,0.0,0.0,,,0,0,1373,de GER,FW,de Bundesliga,20-055,2006.0,1,5,5,0.2,0.1,0,,0,1,5.0,5,1.0,1,0,1,18.0,18.54,1097,de GER,FW,de Bundesliga,20-055,2006.0,0.1,0,0,0,1,0,0,1,1,0,0
Isak Hien,se SWE,DF,Atalanta,it Serie A,27.0,1999.0,24,18,1741,19.3,1,0,1,1,0,0,3,0,0.05,1101,se SWE,DF,it Serie A,27-063,1999.0,19.3,1,8,3,37.5,0.41,0.16,0.13,0.33,0,0,1378,se SWE,DF,it Serie A,27-063,1999.0,24,1741,73,66.7,19.3,18,86.0,16,6,32.0,3,1.5,24,21,3,0.16,-0.88,1101,se SWE,DF,it Serie A,27-063,1999.0,19.3,3,0,0,32,15,0,0,22,31,1
Asier Hierro,es ESP,FW,Athletic Club,es La Liga,20.0,2005.0,1,0,34,0.4,0,0,0,0,0,0,0,0,0.0,1102,es ESP,FW,es La Liga,20-315,2005.0,0.4,0,1,0,0.0,2.65,0.0,0.0,,0,0,1379,es ESP,FW,es La Liga,20-315,2005.0,1,34,34,1.3,0.4,0,,0,1,34.0,2,0.0,0,0,0,0.0,0.36,1102,es ESP,FW,es La Liga,20-315,2005.0,0.4,0,0,0,0,0,0,0,0,0,0
Omar El Hilali,ma MAR,DF,Espanyol,es La Liga,22.0,2003.0,26,23,2030,22.6,0,2,2,0,0,0,5,0,0.09,1103,ma MAR,DF,es La Liga,22-186,2003.0,22.6,0,1,0,0.0,0.04,0.0,0.0,,0,0,1380,ma MAR,DF,es La Liga,22-186,2003.0,26,2030,78,80.6,22.6,23,86.0,18,3,14.0,1,1.42,28,34,-6,-0.27,-0.08,1103,ma MAR,DF,es La Liga,22-186,2003.0,22.6,5,0,0,30,18,1,40,27,40,0
Rémi Himbert,fr FRA,FW,Lyon,fr Ligue 1,18.0,2008.0,6,1,131,1.5,1,0,1,1,0,0,0,0,0.69,1105,fr FRA,FW,fr Ligue 1,18-016,2008.0,1.5,1,10,1,10.0,6.87,0.69,0.1,1.0,0,0,1382,fr FRA,FW,fr Ligue 1,18-016,2008.0,6,131,22,5.6,1.5,1,81.0,0,5,10.0,2,1.67,1,3,-2,-1.37,-1.99,1105,fr FRA,FW,fr Ligue 1,18-016,2008.0,1.5,0,0,0,2,4,0,2,0,3,0
Piero Hincapié,ec ECU,DF,Leverkusen,de Bundesliga,24.0,2002.0,1,1,90,1.0,0,0,0,0,0,0,0,0,0.0,1107,ec ECU,DF,de Bundesliga,24-067,2002.0,1.0,0,2,1,50.0,2.0,1.0,0.0,0.0,0,0,1384,ec ECU,DF,de Bundesliga,24-067,2002.0,1,90,90,3.8,1.0,1,90.0,1,0,,1,0.0,1,2,-1,-1.0,-1.68,1107,ec ECU,DF,de Bundesliga,24-067,2002.0,1.0,0,0,0,2,0,0,0,2,0,0
Nicolas Höfler,de GER,MF,Freiburg,de Bundesliga,36.0,1990.0,7,0,82,0.9,0,0,0,0,0,0,0,0,0.0,1111,de GER,MF,de Bundesliga,36-008,1990.0,0.9,0,2,1,50.0,2.2,1.1,0.0,0.0,0,0,1389,de GER,MF,de Bundesliga,36-008,1990.0,7,82,12,3.5,0.9,0,,0,7,12.0,15,1.86,3,2,1,1.1,1.38,1111,de GER,MF,de Bundesliga,36-008,1990.0,0.9,0,0,0,2,1,0,0,1,1,0
Jonas Hofmann,de GER,MF,Leverkusen,de Bundesliga,33.0,1992.0,21,11,974,10.8,2,2,4,2,0,0,3,0,0.37,1112,de GER,MF,de Bundesliga,33-246,1992.0,10.8,2,21,7,33.3,1.94,0.65,0.1,0.29,0,0,1390,de GER,MF,de Bundesliga,33-246,1992.0,21,974,46,41.6,10.8,11,72.0,3,10,19.0,2,1.76,20,9,11,1.02,0.69,1112,de GER,MF,de Bundesliga,33-246,1992.0,10.8,3,0,0,4,9,2,35,2,10,0
Malthe Hojholt,dk DEN,MF,Pisa,it Serie A,24.0,2001.0,11,5,471,5.2,0,0,0,0,0,0,1,0,0.0,1113,dk DEN,MF,it Serie A,24-335,2001.0,5.2,0,3,1,33.3,0.57,0.19,0.0,0.0,0,0,1391,dk DEN,MF,it Serie A,24-335,2001.0,11,471,43,18.0,5.2,5,60.0,0,6,28.0,18,0.82,7,11,-4,-0.76,0.16,1113,dk DEN,MF,it Serie A,24-335,2001.0,5.2,1,0,0,9,3,0,4,6,5,0
Emil Holm,se SWE,DF,Bologna,it Serie A,25.0,2000.0,11,8,655,7.3,1,4,5,1,0,0,3,1,0.69,1116,se SWE,DF,it Serie A,25-308,2000.0,7.3,1,8,1,12.5,1.1,0.14,0.13,1.0,0,0,1395,se SWE,DF,it Serie A,25-308,2000.0,11,655,60,25.1,7.3,8,78.0,2,3,11.0,5,1.36,14,9,5,0.69,0.73,1116,se SWE,DF,it Serie A,25-308,2000.0,7.3,3,1,1,11,14,0,23,7,13,0
Ali Houary,ma MAR,MF,Elche,es La Liga,20.0,2005.0,2,2,123,1.4,0,0,0,0,0,0,0,0,0.0,1120,ma MAR,MF,es La Liga,20-224,2005.0,1.4,0,2,0,0.0,1.46,0.0,0.0,,0,0,1399,ma MAR,MF,es La Liga,20-224,2005.0,2,123,62,4.9,1.4,2,62.0,0,0,,8,1.0,1,2,-1,-0.73,-0.43,1120,ma MAR,MF,es La Liga,20-224,2005.0,1.4,0,0,0,7,2,0,0,1,2,0
Robin Hranáč,cz CZE,DF,Hoffenheim,de Bundesliga,26.0,2000.0,24,23,2032,22.6,0,0,0,0,0,0,4,0,0.0,1124,cz CZE,DF,de Bundesliga,26-047,2000.0,22.6,0,7,2,28.6,0.31,0.09,0.0,0.0,0,0,1403,cz CZE,DF,de Bundesliga,26-047,2000.0,24,2032,85,86.8,22.6,23,88.0,20,1,14.0,1,1.96,46,27,19,0.84,0.55,1124,cz CZE,DF,de Bundesliga,26-047,2000.0,22.6,4,0,0,21,10,0,5,17,14,0
Timo Hübers,de GER,DF,Köln,de Bundesliga,29.0,1996.0,8,8,675,7.5,0,0,0,0,0,0,0,0,0.0,1125,de GER,DF,de Bundesliga,29-240,1996.0,7.5,0,0,0,,0.0,0.0,,,0,0,1404,de GER,DF,de Bundesliga,29-240,1996.0,8,675,84,28.8,7.5,8,84.0,7,0,,0,1.38,9,10,-1,-0.13,0.3,1125,de GER,DF,de Bundesliga,29-240,1996.0,7.5,0,0,0,8,10,0,1,10,9,0
Dean Huijsen,es ESP,DF,Real Madrid,es La Liga,20.0,2005.0,20,18,1496,16.6,2,2,4,2,0,0,5,1,0.24,1128,es ESP,DF,es La Liga,20-337,2005.0,16.6,2,17,4,23.5,1.02,0.24,0.12,0.5,0,0,1407,es ESP,DF,es La Liga,20-337,2005.0,20,1496,75,59.4,16.6,18,80.0,12,2,25.0,0,2.5,39,13,26,1.56,0.69,1128,es ESP,DF,es La Liga,20-337,2005.0,16.6,5,1,0,17,9,0,1,16,11,0
Denis Huseinbasic,ba BIH,MF,Köln,de Bundesliga,24.0,2001.0,14,8,660,7.3,0,0,0,0,0,0,1,0,0.0,1131,ba BIH,MF,de Bundesliga,24-257,2001.0,7.3,0,6,0,0.0,0.82,0.0,0.0,,0,0,1411,ba BIH,MF,de Bundesliga,24-257,2001.0,14,660,47,28.2,7.3,8,68.0,2,6,19.0,8,0.86,12,13,-1,-0.14,0.29,1131,ba BIH,MF,de Bundesliga,24-257,2001.0,7.3,1,0,0,8,8,0,1,5,9,0
Kwon Hyeokkyu,kr KOR,MF,Nantes,fr Ligue 1,25.0,2001.0,12,9,753,8.4,0,0,0,0,0,0,2,0,0.0,1133,kr KOR,MF,fr Ligue 1,25-004,2001.0,8.4,0,3,0,0.0,0.36,0.0,0.0,,0,0,1414,kr KOR,MF,fr Ligue 1,25-004,2001.0,12,753,63,33.5,8.4,9,77.0,2,3,20.0,4,0.83,6,14,-8,-0.96,-0.23,1133,kr KOR,MF,fr Ligue 1,25-004,2001.0,8.4,2,0,0,11,10,0,1,6,6,0
Elseid Hysaj,al ALB,DF,Lazio,it Serie A,32.0,1994.0,4,1,165,1.8,0,0,0,0,0,0,0,0,0.0,1134,al ALB,DF,it Serie A,32-025,1994.0,1.8,0,0,0,,0.0,0.0,,,0,0,1415,al ALB,DF,it Serie A,32-025,1994.0,4,165,41,6.3,1.8,1,90.0,1,3,25.0,18,2.0,5,4,1,0.55,0.55,1134,al ALB,DF,it Serie A,32-025,1994.0,1.8,0,0,0,0,1,0,2,2,0,0
Hong Hyunseok,kr KOR,MF,Nantes,fr Ligue 1,26.0,1999.0,6,3,284,3.2,0,0,0,0,0,0,0,0,0.0,1135,kr KOR,MF,fr Ligue 1,26-274,1999.0,3.2,0,4,2,50.0,1.27,0.63,0.0,0.0,0,0,1416,kr KOR,MF,fr Ligue 1,26-274,1999.0,6,284,47,12.6,3.2,3,71.0,0,3,23.0,6,0.83,1,3,-2,-0.63,0.19,1135,kr KOR,MF,fr Ligue 1,26-274,1999.0,3.2,0,0,0,0,1,1,14,2,7,0
Lucas Høgsberg,dk DEN,DF,Strasbourg,fr Ligue 1,19.0,2006.0,16,15,1248,13.9,0,0,0,0,0,0,3,1,0.0,1136,dk DEN,DF,fr Ligue 1,19-267,2006.0,13.9,0,4,1,25.0,0.29,0.07,0.0,0.0,0,0,1417,dk DEN,DF,fr Ligue 1,19-267,2006.0,16,1248,78,53.3,13.9,15,82.0,8,1,15.0,7,1.25,20,19,1,0.07,-0.59,1136,dk DEN,DF,fr Ligue 1,19-267,2006.0,13.9,3,1,1,13,8,1,0,8,7,0
Pierre Højbjerg,dk DEN,MF,Marseille,fr Ligue 1,30.0,1995.0,24,22,2018,22.4,2,4,6,2,0,0,3,0,0.27,1137,dk DEN,MF,fr Ligue 1,30-224,1995.0,22.4,2,33,11,33.3,1.47,0.49,0.06,0.18,0,0,1418,dk DEN,MF,fr Ligue 1,30-224,1995.0,24,2018,84,86.2,22.4,22,90.0,20,2,24.0,0,1.92,44,29,15,0.67,-0.73,1137,dk DEN,MF,fr Ligue 1,30-224,1995.0,22.4,3,0,0,24,34,0,6,19,16,0
Oscar Højlund,dk DEN,MF,Eintracht Frankfurt,de Bundesliga,21.0,2005.0,19,7,741,8.2,0,1,1,0,0,0,3,1,0.12,1138,dk DEN,MF,de Bundesliga,21-072,2005.0,8.2,0,2,0,0.0,0.24,0.0,0.0,,0,0,1419,dk DEN,MF,de Bundesliga,21-072,2005.0,19,741,39,31.7,8.2,7,71.0,0,12,20.0,2,1.26,10,19,-9,-1.09,-1.6,1138,dk DEN,MF,de Bundesliga,21-072,2005.0,8.2,3,1,1,19,3,1,1,5,15,0
Rasmus Højlund,dk DEN,FW,Napoli,it Serie A,23.0,2003.0,25,24,2085,23.2,10,2,12,9,1,1,1,0,0.47,1139,dk DEN,FW,it Serie A,23-041,2003.0,23.2,10,45,22,48.9,1.94,0.95,0.2,0.41,1,1,1420,dk DEN,FW,it Serie A,23-041,2003.0,25,2085,83,79.9,23.2,24,86.0,13,1,30.0,0,2.0,38,25,13,0.56,0.22,1139,dk DEN,FW,it Serie A,23-041,2003.0,23.2,1,0,0,30,43,9,3,0,1,0
Edoardo Iannoni,it ITA,MF,Sassuolo,it Serie A,24.0,2001.0,13,1,238,2.6,1,0,1,1,0,0,3,0,0.38,1140,it ITA,MF,it Serie A,24-340,2001.0,2.6,1,3,1,33.3,1.13,0.38,0.33,1.0,0,0,1421,it ITA,MF,it Serie A,24-340,2001.0,13,238,18,9.1,2.6,1,76.0,0,12,14.0,15,1.69,1,5,-4,-1.51,-1.51,1140,it ITA,MF,it Serie A,24-340,2001.0,2.6,3,0,0,11,0,1,1,3,3,0
Pablo Ibáñez,es ESP,MF,Alavés,es La Liga,27.0,1998.0,27,21,1695,18.8,1,1,2,1,0,0,5,0,0.11,1141,es ESP,MF,es La Liga,27-178,1998.0,18.8,1,38,11,28.9,2.02,0.58,0.03,0.09,0,0,1422,es ESP,MF,es La Liga,27-178,1998.0,27,1695,63,67.3,18.8,21,73.0,5,6,27.0,0,1.04,13,22,-9,-0.48,-0.15,1141,es ESP,MF,es La Liga,27-178,1998.0,18.8,5,0,0,28,52,2,28,15,23,0
Arijon Ibrahimović,de GER,MF,Heidenheim,de Bundesliga,20.0,2005.0,25,21,1835,20.4,1,2,3,0,1,1,2,0,0.1,1142,de GER,MF,de Bundesliga,20-096,2005.0,20.4,1,41,17,41.5,2.01,0.83,0.0,0.0,1,1,1423,de GER,MF,de Bundesliga,20-096,2005.0,25,1835,73,78.4,20.4,21,79.0,10,4,42.0,0,0.56,20,42,-22,-1.08,1.06,1142,de GER,MF,de Bundesliga,20-096,2005.0,20.4,2,0,0,10,24,4,106,18,15,0
Stanis Idumbo,be BEL,MF,Sevilla,es La Liga,20.0,2005.0,1,1,45,0.5,0,0,0,0,0,0,0,0,0.0,1144,be BEL,MF,es La Liga,20-261,2005.0,0.5,0,1,0,0.0,2.0,0.0,0.0,,0,0,1425,be BEL,MF,es La Liga,20-261,2005.0,1,45,45,1.8,0.5,1,45.0,0,0,,0,0.0,0,2,-2,-4.0,-3.71,1144,be BEL,MF,es La Liga,20-261,2005.0,0.5,0,0,0,0,0,0,0,0,0,0
Stanis Idumbo,be BEL,MF,Monaco,fr Ligue 1,20.0,2005.0,8,0,171,1.9,1,1,2,1,0,0,0,0,1.05,1145,be BEL,MF,fr Ligue 1,20-261,2005.0,1.9,1,6,2,33.3,3.16,1.05,0.17,0.5,0,0,1426,be BEL,MF,fr Ligue 1,20-261,2005.0,8,171,21,7.3,1.9,0,,0,8,21.0,9,1.0,6,5,1,0.53,0.24,1145,be BEL,MF,fr Ligue 1,20-261,2005.0,1.9,0,0,0,3,2,0,1,0,3,0
Jay Idzes,id IDN,DF,Sassuolo,it Serie A,25.0,2000.0,28,28,2519,28.0,0,0,0,0,0,0,2,0,0.0,1146,id IDN,DF,it Serie A,25-288,2000.0,28.0,0,4,0,0.0,0.14,0.0,0.0,,0,0,1427,id IDN,DF,it Serie A,25-288,2000.0,28,2519,90,96.5,28.0,28,90.0,27,0,,1,1.36,35,37,-2,-0.07,1.91,1146,id IDN,DF,it Serie A,25-288,2000.0,28.0,2,0,0,29,11,1,1,33,13,0
Hamza Igamane,ma MAR,FW,Lille,fr Ligue 1,23.0,2002.0,13,4,432,4.8,5,1,6,5,0,0,2,0,1.25,1147,ma MAR,FW,fr Ligue 1,23-135,2002.0,4.8,5,24,9,37.5,5.0,1.87,0.21,0.56,0,0,1428,ma MAR,FW,fr Ligue 1,23-135,2002.0,13,432,33,18.5,4.8,4,55.0,0,9,23.0,0,1.92,17,3,14,2.92,3.25,1147,ma MAR,FW,fr Ligue 1,23-135,2002.0,4.8,2,0,0,6,3,5,5,2,4,0
Borja Iglesias,es ESP,FW,Celta Vigo,es La Liga,33.0,1993.0,25,16,1437,16.0,11,2,13,8,3,3,6,0,0.63,1149,es ESP,FW,es La Liga,33-059,1993.0,16.0,11,40,22,55.0,2.51,1.38,0.2,0.36,3,3,1430,es ESP,FW,es La Liga,33-059,1993.0,25,1437,57,57.0,16.0,16,76.0,4,9,24.0,1,1.36,23,19,4,0.25,0.0,1149,es ESP,FW,es La Liga,33-059,1993.0,16.0,6,0,0,30,19,18,2,0,3,0
George Ilenikhena,ng NGA,FW,Monaco,fr Ligue 1,19.0,2006.0,15,3,385,4.3,2,0,2,2,0,0,0,0,0.47,1152,ng NGA,FW,fr Ligue 1,19-213,2006.0,4.3,2,15,7,46.7,3.51,1.64,0.13,0.29,0,0,1434,ng NGA,FW,fr Ligue 1,19-213,2006.0,15,385,26,16.5,4.3,3,60.0,0,12,17.0,4,1.2,6,8,-2,-0.47,-0.93,1152,ng NGA,FW,fr Ligue 1,19-213,2006.0,4.3,0,0,0,2,6,8,0,0,0,0
Andrej Ilic,rs SRB,FW,Union Berlin,de Bundesliga,25.0,2000.0,24,18,1676,18.6,1,8,9,1,0,1,5,0,0.48,1153,rs SRB,FW,de Bundesliga,25-348,2000.0,18.6,1,48,14,29.2,2.58,0.75,0.02,0.07,0,1,1435,rs SRB,FW,de Bundesliga,25-348,2000.0,24,1676,70,71.6,18.6,18,85.0,13,6,26.0,0,1.25,26,34,-8,-0.43,-0.02,1153,rs SRB,FW,de Bundesliga,25-348,2000.0,18.6,5,0,0,27,19,12,13,1,2,0
Ivan Ilić,rs SRB,MF,Torino,it Serie A,25.0,2001.0,8,5,416,4.6,0,0,0,0,0,0,2,0,0.0,1154,rs SRB,MF,it Serie A,25-000,2001.0,4.6,0,0,0,,0.0,0.0,,,0,0,1436,rs SRB,MF,it Serie A,25-000,2001.0,8,416,52,15.9,4.6,5,67.0,1,3,28.0,8,1.63,3,5,-2,-0.43,0.22,1154,rs SRB,MF,it Serie A,25-000,2001.0,4.6,2,0,0,9,4,0,2,5,5,0
Samuel Iling-Junior,eng ENG,MF,Pisa,it Serie A,22.0,2003.0,4,1,95,1.1,0,0,0,0,0,0,0,0,0.0,1156,eng ENG,MF,it Serie A,22-164,2003.0,1.1,0,0,0,,0.0,0.0,,,0,0,1438,eng ENG,MF,it Serie A,22-164,2003.0,4,95,24,3.6,1.1,1,45.0,0,3,17.0,2,0.0,1,3,-2,-1.89,-1.04,1156,eng ENG,MF,it Serie A,22-164,2003.0,1.1,0,0,0,1,0,0,5,0,1,0
Emirhan İlkhan,tr TUR,MF,Torino,it Serie A,21.0,2004.0,13,9,657,7.3,1,1,2,1,0,0,1,1,0.27,1157,tr TUR,MF,it Serie A,21-289,2004.0,7.3,1,6,3,50.0,0.82,0.41,0.17,0.33,0,0,1440,tr TUR,MF,it Serie A,21-289,2004.0,13,657,51,25.2,7.3,9,64.0,0,4,21.0,15,1.0,7,17,-10,-1.37,-1.0,1157,tr TUR,MF,it Serie A,21-289,2004.0,7.3,1,1,0,9,13,0,3,10,14,0
Ciro Immobile,it ITA,FW,Paris FC,fr Ligue 1,36.0,1990.0,6,5,380,4.2,0,0,0,0,0,0,1,0,0.0,1158,it ITA,FW,fr Ligue 1,36-025,1990.0,4.2,0,5,2,40.0,1.18,0.47,0.0,0.0,0,0,1441,it ITA,FW,fr Ligue 1,36-025,1990.0,6,380,63,16.2,4.2,5,72.0,0,1,18.0,0,1.17,2,4,-2,-0.47,-0.01,1158,it ITA,FW,fr Ligue 1,36-025,1990.0,4.2,1,0,0,4,0,4,2,0,0,0
Ciro Immobile,it ITA,FW,Bologna,it Serie A,36.0,1990.0,6,2,193,2.1,0,0,0,0,0,0,1,0,0.0,1159,it ITA,FW,it Serie A,36-025,1990.0,2.1,0,2,0,0.0,0.93,0.0,0.0,,0,0,1442,it ITA,FW,it Serie A,36-025,1990.0,6,193,32,7.4,2.1,2,51.0,0,4,23.0,4,0.83,2,3,-1,-0.47,-0.65,1159,it ITA,FW,it Serie A,36-025,1990.0,2.1,1,0,0,8,3,5,3,0,0,0
Samuele Inácio,it ITA,FW,Dortmund,de Bundesliga,17.0,2008.0,1,0,16,0.2,0,0,0,0,0,0,0,0,0.0,1160,it ITA,FW,de Bundesliga,17-349,2008.0,0.2,0,1,0,0.0,5.63,0.0,0.0,,0,0,1444,it ITA,FW,de Bundesliga,17-349,2008.0,1,16,16,0.7,0.2,0,,0,1,16.0,5,0.0,1,1,0,0.0,-1.12,1160,it ITA,FW,de Bundesliga,17-349,2008.0,0.2,0,0,0,0,1,0,1,0,0,0
Cyriaque Irié,bf BFA,MF,Freiburg,de Bundesliga,20.0,2005.0,6,2,210,2.3,0,0,0,0,0,0,3,0,0.0,1161,bf BFA,MF,de Bundesliga,20-270,2005.0,2.3,0,5,0,0.0,2.14,0.0,0.0,,0,0,1445,bf BFA,MF,de Bundesliga,20-270,2005.0,6,210,35,9.0,2.3,2,61.0,0,4,22.0,5,0.17,1,3,-2,-0.86,-0.69,1161,bf BFA,MF,de Bundesliga,20-270,2005.0,2.3,3,0,0,6,8,3,2,2,4,0
Jackson Irvine,au AUS,MF,St Pauli,de Bundesliga,33.0,1993.0,17,11,1003,11.1,0,0,0,0,0,0,0,0,0.0,1163,au AUS,MF,de Bundesliga,33-010,1993.0,11.1,0,15,3,20.0,1.35,0.27,0.0,0.0,0,0,1447,au AUS,MF,de Bundesliga,33-010,1993.0,17,1003,59,42.9,11.1,11,82.0,7,6,16.0,2,1.0,11,11,0,0.0,1.28,1163,au AUS,MF,de Bundesliga,33-010,1993.0,11.1,0,0,0,13,9,1,8,18,6,0
Isaac,br BRA,FW,Hellas Verona,it Serie A,21.0,2004.0,1,0,20,0.2,0,0,0,0,0,0,0,0,0.0,1165,br BRA,FW,it Serie A,21-356,2004.0,0.2,0,0,0,,0.0,0.0,,,0,0,1449,br BRA,FW,it Serie A,21-356,2004.0,1,20,20,0.8,0.2,0,,0,1,20.0,9,0.0,0,0,0,0.0,1.01,1165,br BRA,FW,it Serie A,21-356,2004.0,0.2,0,0,0,0,0,0,1,0,0,0
Gustav Isaksen,dk DEN,FW,Lazio,it Serie A,24.0,2001.0,23,15,1291,14.3,4,1,5,4,0,0,0,0,0.35,1167,dk DEN,FW,it Serie A,24-332,2001.0,14.3,4,38,14,36.8,2.65,0.98,0.11,0.29,0,0,1451,dk DEN,FW,it Serie A,24-332,2001.0,23,1291,56,49.5,14.3,15,72.0,0,8,26.0,2,1.3,12,14,-2,-0.14,-0.34,1167,dk DEN,FW,it Serie A,24-332,2001.0,14.3,0,0,0,16,44,0,23,7,7,0
Ardian Ismajli,al ALB,DF,Torino,it Serie A,29.0,1996.0,20,16,1456,16.2,0,1,1,0,0,0,4,0,0.06,1170,al ALB,DF,it Serie A,29-168,1996.0,16.2,0,5,3,60.0,0.31,0.19,0.0,0.0,0,0,1454,al ALB,DF,it Serie A,29-168,1996.0,20,1456,73,55.8,16.2,16,84.0,12,4,29.0,0,1.35,19,20,-1,-0.06,1.26,1170,al ALB,DF,it Serie A,29-168,1996.0,16.2,4,0,0,20,12,1,8,28,10,0
Hiroki Ito,jp JPN,DF,Bayern Munich,de Bundesliga,26.0,1999.0,10,5,481,5.3,1,2,3,1,0,0,0,0,0.56,1172,jp JPN,DF,de Bundesliga,26-309,1999.0,5.3,1,9,3,33.3,1.68,0.56,0.11,0.33,0,0,1456,jp JPN,DF,de Bundesliga,26-309,1999.0,10,481,48,20.6,5.3,5,76.0,0,5,20.0,3,2.5,16,6,10,1.87,-0.94,1172,jp JPN,DF,de Bundesliga,26-309,1999.0,5.3,0,0,0,6,1,0,4,8,0,0
Urko Izeta,es ESP,FW,Athletic Club,es La Liga,26.0,1999.0,11,1,171,1.9,0,0,0,0,0,0,2,0,0.0,1174,es ESP,FW,es La Liga,26-169,1999.0,1.9,0,8,4,50.0,4.21,2.11,0.0,0.0,0,0,1460,es ESP,FW,es La Liga,26-169,1999.0,11,171,16,6.8,1.9,1,56.0,0,10,12.0,14,1.18,4,3,1,0.53,0.95,1174,es ESP,FW,es La Liga,26-169,1999.0,1.9,2,0,0,4,1,0,2,0,0,0
Nicolas Jackson,sn SEN,FW,Bayern Munich,de Bundesliga,24.0,2001.0,17,7,580,6.4,4,0,4,4,0,0,1,1,0.62,1176,sn SEN,FW,de Bundesliga,24-270,2001.0,6.4,4,19,11,57.9,2.95,1.71,0.21,0.36,0,0,1463,sn SEN,FW,de Bundesliga,24-270,2001.0,17,580,34,24.8,6.4,7,61.0,1,10,15.0,3,2.47,20,3,17,2.64,0.03,1176,sn SEN,FW,de Bundesliga,24-270,2001.0,6.4,1,1,0,12,7,2,0,2,1,0
Jérémy Jacquet,fr FRA,DF,Rennes,fr Ligue 1,20.0,2005.0,19,19,1671,18.6,0,0,0,0,0,0,6,1,0.0,1177,fr FRA,DF,fr Ligue 1,20-247,2005.0,18.6,0,11,3,27.3,0.59,0.16,0.0,0.0,0,0,1464,fr FRA,DF,fr Ligue 1,20-247,2005.0,19,1671,88,71.4,18.6,19,88.0,17,0,,0,1.42,27,29,-2,-0.11,-1.18,1177,fr FRA,DF,fr Ligue 1,20-247,2005.0,18.6,6,1,1,20,17,1,0,22,17,0
Ricky Jade-Jones,eng ENG,FW,St Pauli,de Bundesliga,24.0,2001.0,8,3,337,3.7,2,0,2,2,0,0,1,0,0.53,1178,eng ENG,FW,de Bundesliga,24-266,2001.0,3.7,2,11,6,54.5,2.94,1.6,0.18,0.33,0,0,1465,eng ENG,FW,de Bundesliga,24-266,2001.0,8,337,42,14.4,3.7,3,65.0,0,5,28.0,2,0.88,4,5,-1,-0.27,0.54,1178,eng ENG,FW,de Bundesliga,24-266,2001.0,3.7,1,0,0,8,7,5,8,1,2,0
Mathis Jangeal,fr FRA,FW,Paris Saint-Germain,fr Ligue 1,17.0,2008.0,1,0,11,0.1,0,0,0,0,0,0,0,0,0.0,1185,fr FRA,FW,fr Ligue 1,17-266,2008.0,0.1,0,0,0,,0.0,0.0,,,0,0,1474,fr FRA,FW,fr Ligue 1,17-266,2008.0,1,11,11,0.5,0.1,0,,0,1,11.0,1,3.0,0,0,0,0.0,-1.29,1185,fr FRA,FW,fr Ligue 1,17-266,2008.0,0.1,0,0,0,1,0,0,0,0,0,0
Luca Jaquez,ch SUI,DF,Stuttgart,de Bundesliga,22.0,2003.0,9,8,642,7.1,0,1,1,0,0,0,1,0,0.14,1188,ch SUI,DF,de Bundesliga,22-288,2003.0,7.1,0,2,0,0.0,0.28,0.0,0.0,,0,0,1477,ch SUI,DF,de Bundesliga,22-288,2003.0,9,642,71,27.4,7.1,8,80.0,4,1,1.0,1,2.11,11,7,4,0.56,-0.13,1188,ch SUI,DF,de Bundesliga,22-288,2003.0,7.1,1,0,0,2,2,0,0,8,5,0
Ardon Jashari,ch SUI,MF,Milan,it Serie A,23.0,2002.0,9,4,461,5.1,0,1,1,0,0,0,0,0,0.2,1189,ch SUI,MF,it Serie A,23-230,2002.0,5.1,0,6,2,33.3,1.17,0.39,0.0,0.0,0,0,1478,ch SUI,MF,it Serie A,23-230,2002.0,9,461,51,17.7,5.1,4,81.0,2,5,27.0,12,1.56,3,3,0,0.0,-0.96,1189,ch SUI,MF,it Serie A,23-230,2002.0,5.1,0,0,0,7,5,0,8,5,8,0
Bakery Jatta,gm GAM,MF,Hamburger SV,de Bundesliga,27.0,1998.0,11,9,690,7.7,0,1,1,0,0,0,0,0,0.13,1190,gm GAM,MF,de Bundesliga,27-284,1998.0,7.7,0,6,2,33.3,0.78,0.26,0.0,0.0,0,0,1479,gm GAM,MF,de Bundesliga,27-284,1998.0,11,690,63,29.5,7.7,9,72.0,2,2,22.0,0,1.27,11,7,4,0.52,1.18,1190,gm GAM,MF,de Bundesliga,27-284,1998.0,7.7,0,0,0,10,5,2,18,5,6,0
Mikel Jauregizar,es ESP,MF,Athletic Club,es La Liga,22.0,2003.0,27,27,2243,24.9,2,0,2,2,0,0,3,0,0.08,1191,es ESP,MF,es La Liga,22-124,2003.0,24.9,2,31,8,25.8,1.24,0.32,0.06,0.25,0,0,1481,es ESP,MF,es La Liga,22-124,2003.0,27,2243,83,89.0,24.9,27,83.0,17,0,,0,1.19,25,33,-8,-0.32,0.33,1191,es ESP,MF,es La Liga,22-124,2003.0,24.9,3,0,0,33,30,0,53,40,38,0
Gaby Jean,fr FRA,DF,Lecce,it Serie A,26.0,2000.0,2,0,19,0.2,0,0,0,0,0,0,0,0,0.0,1192,fr FRA,DF,it Serie A,26-026,2000.0,0.2,0,0,0,,0.0,0.0,,,0,0,1482,fr FRA,DF,it Serie A,26-026,2000.0,2,19,10,0.7,0.2,0,,0,2,10.0,11,1.5,0,0,0,0.0,0.63,1192,fr FRA,DF,it Serie A,26-026,2000.0,0.2,0,0,0,0,0,0,0,0,0,0
Finn Jeltsch,de GER,DF,Stuttgart,de Bundesliga,19.0,2006.0,19,14,1282,14.2,0,1,1,0,0,0,3,0,0.07,1193,de GER,DF,de Bundesliga,19-243,2006.0,14.2,0,3,0,0.0,0.21,0.0,0.0,,0,0,1484,de GER,DF,de Bundesliga,19-243,2006.0,19,1282,67,54.8,14.2,14,87.0,12,5,14.0,5,2.11,31,15,16,1.12,1.04,1193,de GER,DF,de Bundesliga,19-243,2006.0,14.2,3,0,0,9,13,3,3,14,11,0
Castrop Jens,kr KOR,MF,Gladbach,de Bundesliga,22.0,2003.0,21,15,1166,13.0,1,0,1,1,0,0,1,1,0.08,1194,kr KOR,MF,de Bundesliga,22-231,2003.0,13.0,1,18,8,44.4,1.39,0.62,0.06,0.13,0,0,1485,kr KOR,MF,de Bundesliga,22-231,2003.0,21,1166,56,49.8,13.0,15,71.0,3,6,17.0,1,1.05,15,25,-10,-0.77,-0.54,1194,kr KOR,MF,de Bundesliga,22-231,2003.0,13.0,1,1,0,27,21,3,18,12,25,0
Oliver Jensen,dk DEN,MF,Parma,it Serie A,24.0,2002.0,27,18,1679,18.7,1,0,1,1,0,0,2,0,0.05,1196,dk DEN,MF,it Serie A,24-007,2002.0,18.7,1,14,3,21.4,0.75,0.16,0.07,0.33,0,0,1487,dk DEN,MF,it Serie A,24-007,2002.0,27,1679,62,64.3,18.7,18,80.0,9,9,28.0,2,1.22,12,25,-13,-0.7,-0.5,1196,dk DEN,MF,it Serie A,24-007,2002.0,18.7,2,0,0,13,19,2,14,17,7,0
Moritz Jenz,de GER,DF,Wolfsburg,de Bundesliga,26.0,1999.0,18,18,1606,17.8,1,0,1,1,0,0,6,0,0.06,1197,de GER,DF,de Bundesliga,26-321,1999.0,17.8,1,5,1,20.0,0.28,0.06,0.2,1.0,0,0,1488,de GER,DF,de Bundesliga,26-321,1999.0,18,1606,89,68.6,17.8,18,89.0,17,0,,2,0.61,20,41,-21,-1.18,-1.18,1197,de GER,DF,de Bundesliga,26-321,1999.0,17.8,6,0,0,27,7,0,1,12,21,1
Juan Jesus,br BRA,DF,Napoli,it Serie A,34.0,1991.0,20,17,1494,16.6,0,0,0,0,0,0,10,1,0.0,1200,br BRA,DF,it Serie A,34-280,1991.0,16.6,0,3,0,0.0,0.18,0.0,0.0,,0,0,1491,br BRA,DF,it Serie A,34-280,1991.0,20,1494,75,57.2,16.6,17,85.0,13,3,17.0,6,2.15,26,17,9,0.54,0.06,1200,br BRA,DF,it Serie A,34-280,1991.0,16.6,10,1,1,38,2,0,0,25,20,0
Álex Jiménez,es ESP,DF,Milan,it Serie A,20.0,2005.0,1,0,45,0.5,0,0,0,0,0,0,1,0,0.0,1202,es ESP,DF,it Serie A,20-313,2005.0,0.5,0,0,0,,0.0,0.0,,,0,0,1493,es ESP,DF,it Serie A,20-313,2005.0,1,45,45,1.7,0.5,0,,0,1,45.0,0,0.0,0,1,-1,-2.0,-2.84,1202,es ESP,DF,it Serie A,20-313,2005.0,0.5,1,0,0,0,1,0,1,0,0,0
David Jiménez,es ESP,DF,Real Madrid,es La Liga,22.0,2004.0,2,1,76,0.8,0,0,0,0,0,0,0,0,0.0,1203,es ESP,DF,es La Liga,22-003,2004.0,0.8,0,1,1,100.0,1.18,1.18,0.0,0.0,0,0,1494,es ESP,DF,es La Liga,22-003,2004.0,2,76,38,3.0,0.8,1,75.0,0,1,1.0,4,3.0,1,0,1,1.18,-0.1,1203,es ESP,DF,es La Liga,22-003,2004.0,0.8,0,0,0,0,0,0,3,0,1,0
Jofre,es ESP,MF,Espanyol,es La Liga,24.0,2001.0,20,8,771,8.6,1,0,1,1,0,0,1,0,0.12,1208,es ESP,MF,es La Liga,24-273,2001.0,8.6,1,19,5,26.3,2.22,0.58,0.05,0.2,0,0,1500,es ESP,MF,es La Liga,24-273,2001.0,20,771,39,30.6,8.6,8,61.0,0,12,23.0,8,1.15,9,18,-9,-1.05,-1.15,1208,es ESP,MF,es La Liga,24-273,2001.0,8.6,1,0,0,12,20,1,30,5,5,0
Þórir Jóhann Helgason,is ISL,MF,Lecce,it Serie A,25.0,2000.0,6,1,120,1.3,0,0,0,0,0,0,0,0,0.0,1209,is ISL,MF,it Serie A,25-170,2000.0,1.3,0,2,1,50.0,1.5,0.75,0.0,0.0,0,0,1501,is ISL,MF,it Serie A,25-170,2000.0,6,120,20,4.6,1.3,1,45.0,0,5,15.0,21,0.33,0,3,-3,-2.25,-1.71,1209,is ISL,MF,it Serie A,25-170,2000.0,1.3,0,0,0,0,0,0,4,1,0,0
Ísak Jóhannesson,is ISL,MF,Köln,de Bundesliga,22.0,2003.0,24,16,1365,15.2,1,1,2,1,0,0,3,0,0.13,1210,is ISL,MF,de Bundesliga,22-359,2003.0,15.2,1,8,2,25.0,0.53,0.13,0.13,0.5,0,0,1502,is ISL,MF,de Bundesliga,22-359,2003.0,24,1365,57,58.3,15.2,16,75.0,6,8,22.0,1,1.0,17,27,-10,-0.66,-0.75,1210,is ISL,MF,de Bundesliga,22-359,2003.0,15.2,3,0,0,8,4,2,57,3,11,0
Frenkie de Jong,nl NED,MF,Barcelona,es La Liga,28.0,1997.0,19,16,1495,16.6,1,4,5,1,0,0,4,1,0.3,1218,nl NED,MF,es La Liga,28-309,1997.0,16.6,1,7,2,28.6,0.42,0.12,0.14,0.5,0,0,1513,nl NED,MF,es La Liga,28-309,1997.0,19,1495,79,59.3,16.6,16,88.0,13,3,30.0,1,2.26,38,17,21,1.26,-1.19,1218,nl NED,MF,es La Liga,28-309,1997.0,16.6,4,1,1,10,24,2,4,17,16,0
Joan Jordán,es ESP,MF,Sevilla,es La Liga,31.0,1994.0,3,0,25,0.3,0,0,0,0,0,0,1,1,0.0,1219,es ESP,MF,es La Liga,31-254,1994.0,0.3,0,0,0,,0.0,0.0,,,0,0,1514,es ESP,MF,es La Liga,31-254,1994.0,3,25,8,1.0,0.3,0,,0,3,8.0,11,2.0,2,2,0,0.0,0.36,1219,es ESP,MF,es La Liga,31-254,1994.0,0.3,1,1,0,4,0,0,0,0,0,0
Lazar Jovanović,rs SRB,FW,Stuttgart,de Bundesliga,19.0,2006.0,3,0,40,0.4,0,0,0,0,0,0,0,0,0.0,1222,rs SRB,FW,de Bundesliga,19-107,2006.0,0.4,0,1,0,0.0,2.25,0.0,0.0,,0,0,1519,rs SRB,FW,de Bundesliga,19-107,2006.0,3,40,13,1.7,0.4,0,,0,3,13.0,4,1.0,2,1,1,2.25,1.62,1222,rs SRB,FW,de Bundesliga,19-107,2006.0,0.4,0,0,0,1,1,0,0,0,0,0
Abdulai Juma Bah,sl SLE,DF,Nice,fr Ligue 1,19.0,2006.0,20,16,1463,16.3,0,0,0,0,0,0,6,0,0.0,1224,sl SLE,DF,fr Ligue 1,19-340,2006.0,16.3,0,6,1,16.7,0.37,0.06,0.0,0.0,0,0,1522,sl SLE,DF,fr Ligue 1,19-340,2006.0,20,1463,73,62.5,16.3,16,87.0,15,4,17.0,4,1.15,18,31,-13,-0.8,-0.49,1224,sl SLE,DF,fr Ligue 1,19-340,2006.0,16.3,6,0,0,25,7,1,0,17,15,0
Anthony Jung,de GER,DF,Freiburg,de Bundesliga,34.0,1991.0,10,4,490,5.4,0,0,0,0,0,0,2,0,0.0,1225,de GER,DF,de Bundesliga,34-134,1991.0,5.4,0,1,0,0.0,0.18,0.0,0.0,,0,0,1523,de GER,DF,de Bundesliga,34-134,1991.0,10,490,49,20.9,5.4,4,86.0,3,6,24.0,12,1.4,9,11,-2,-0.37,-0.17,1225,de GER,DF,de Bundesliga,34-134,1991.0,5.4,2,0,0,4,3,0,0,8,0,0
Hamed Junior Traorè,ci CIV,MF,Marseille,fr Ligue 1,26.0,2000.0,8,4,343,3.8,1,1,2,1,0,0,1,0,0.52,1229,ci CIV,MF,fr Ligue 1,26-029,2000.0,3.8,1,5,3,60.0,1.31,0.79,0.2,0.33,0,0,1527,ci CIV,MF,fr Ligue 1,26-029,2000.0,8,343,43,14.7,3.8,4,70.0,0,4,16.0,4,1.63,7,5,2,0.52,-0.29,1229,ci CIV,MF,fr Ligue 1,26-029,2000.0,3.8,1,0,0,6,6,2,18,4,4,0
Josip Juranović,hr CRO,MF,Union Berlin,de Bundesliga,30.0,1995.0,6,2,191,2.1,0,0,0,0,0,0,1,0,0.0,1231,hr CRO,MF,de Bundesliga,30-213,1995.0,2.1,0,3,0,0.0,1.41,0.0,0.0,,0,0,1529,hr CRO,MF,de Bundesliga,30-213,1995.0,6,191,32,8.2,2.1,2,67.0,0,4,15.0,5,1.83,3,5,-2,-0.94,-0.57,1231,hr CRO,MF,de Bundesliga,30-213,1995.0,2.1,1,0,0,0,3,0,29,0,3,0
Martijn Kaars,nl NED,FW,St Pauli,de Bundesliga,27.0,1999.0,21,11,1018,11.3,3,0,3,2,1,1,1,0,0.18,1235,nl NED,FW,de Bundesliga,27-012,1999.0,11.3,3,20,9,45.0,1.77,0.8,0.1,0.22,1,1,1533,nl NED,FW,de Bundesliga,27-012,1999.0,21,1018,48,43.5,11.3,11,68.0,1,10,27.0,3,0.86,7,19,-12,-1.06,-0.58,1235,nl NED,FW,de Bundesliga,27-012,1999.0,11.3,1,0,0,6,6,4,10,0,2,0
Mohamed Kaba,fr FRA,MF,Nantes,fr Ligue 1,24.0,2001.0,6,5,443,4.9,0,1,1,0,0,0,2,0,0.2,1236,fr FRA,MF,fr Ligue 1,24-141,2001.0,4.9,0,3,0,0.0,0.61,0.0,0.0,,0,0,1534,fr FRA,MF,fr Ligue 1,24-141,2001.0,6,443,74,19.7,4.9,5,82.0,2,1,31.0,0,0.5,4,6,-2,-0.41,0.49,1236,fr FRA,MF,fr Ligue 1,24-141,2001.0,4.9,2,0,0,7,11,0,0,6,9,0
Mohamed Kaba,fr FRA,MF,Lecce,it Serie A,24.0,2001.0,15,5,633,7.0,0,0,0,0,0,0,1,0,0.0,1237,fr FRA,MF,it Serie A,24-141,2001.0,7.0,0,9,4,44.4,1.28,0.57,0.0,0.0,0,0,1535,fr FRA,MF,it Serie A,24-141,2001.0,15,633,42,24.3,7.0,5,81.0,3,10,23.0,6,1.0,3,12,-9,-1.28,-0.87,1237,fr FRA,MF,it Serie A,24-141,2001.0,7.0,1,0,0,12,21,0,8,4,7,0
Ozan Kabak,tr TUR,DF,Hoffenheim,de Bundesliga,25.0,2000.0,17,10,1031,11.5,4,0,4,4,0,0,2,0,0.35,1238,tr TUR,DF,de Bundesliga,25-357,2000.0,11.5,4,25,9,36.0,2.18,0.79,0.16,0.44,0,0,1537,tr TUR,DF,de Bundesliga,25-357,2000.0,17,1031,61,44.1,11.5,10,90.0,10,7,19.0,3,2.29,28,16,12,1.05,0.5,1238,tr TUR,DF,de Bundesliga,25-357,2000.0,11.5,2,0,0,14,7,0,1,17,11,0
Christian Kabasele,be BEL,DF,Udinese,it Serie A,35.0,1991.0,22,20,1627,18.1,3,0,3,3,0,0,4,0,0.17,1239,be BEL,DF,it Serie A,35-021,1991.0,18.1,3,7,5,71.4,0.39,0.28,0.43,0.6,0,0,1539,be BEL,DF,it Serie A,35-021,1991.0,22,1627,74,62.3,18.1,20,81.0,13,2,9.0,7,1.18,20,24,-4,-0.22,0.24,1239,be BEL,DF,it Serie A,35-021,1991.0,18.1,4,0,0,24,18,1,0,26,6,0
Florian Kainz,at AUT,MF,Köln,de Bundesliga,33.0,1992.0,12,2,244,2.7,1,0,1,1,0,0,0,0,0.37,1242,at AUT,MF,de Bundesliga,33-144,1992.0,2.7,1,7,4,57.1,2.58,1.48,0.14,0.25,0,0,1543,at AUT,MF,de Bundesliga,33-144,1992.0,12,244,20,10.4,2.7,2,56.0,0,10,13.0,8,0.92,9,6,3,1.11,1.62,1242,at AUT,MF,de Bundesliga,33-144,1992.0,2.7,0,0,0,3,4,0,15,3,2,0
Justin-Noël Kalumba,fr FRA,FW,Mallorca,es La Liga,21.0,2004.0,1,0,34,0.4,0,0,0,0,0,0,0,0,0.0,1247,fr FRA,FW,es La Liga,21-082,2004.0,0.4,0,0,0,,0.0,0.0,,,0,0,1549,fr FRA,FW,es La Liga,21-082,2004.0,1,34,34,1.3,0.4,0,,0,1,34.0,8,3.0,2,0,2,5.29,5.8,1247,fr FRA,FW,es La Liga,21-082,2004.0,0.4,0,0,0,0,1,0,1,0,0,0
Warren Kamanzi,no NOR,MF,Toulouse,fr Ligue 1,25.0,2000.0,17,6,653,7.3,0,1,1,0,0,0,1,0,0.14,1250,no NOR,MF,fr Ligue 1,25-126,2000.0,7.3,0,9,1,11.1,1.24,0.14,0.0,0.0,0,0,1552,no NOR,MF,fr Ligue 1,25-126,2000.0,17,653,38,27.9,7.3,6,71.0,1,11,21.0,9,1.29,14,14,0,0.0,-0.27,1250,no NOR,MF,fr Ligue 1,25-126,2000.0,7.3,1,0,0,7,6,1,10,5,9,0
Abu Kamara,eng ENG,MF,Getafe,es La Liga,22.0,2003.0,9,1,196,2.2,0,0,0,0,0,0,1,0,0.0,1251,eng ENG,MF,es La Liga,22-239,2003.0,2.2,0,3,1,33.3,1.38,0.46,0.0,0.0,0,0,1553,eng ENG,MF,es La Liga,22-239,2003.0,9,196,22,7.8,2.2,1,45.0,0,8,19.0,4,1.11,0,2,-2,-0.92,-0.72,1251,eng ENG,MF,es La Liga,22-239,2003.0,2.2,1,0,0,2,2,2,9,3,2,0
Glen Kamara,fi FIN,MF,Rennes,fr Ligue 1,30.0,1995.0,3,0,52,0.6,0,0,0,0,0,0,0,0,0.0,1254,fi FIN,MF,fr Ligue 1,30-140,1995.0,0.6,0,0,0,,0.0,0.0,,,0,0,1556,fi FIN,MF,fr Ligue 1,30-140,1995.0,3,52,17,2.2,0.6,0,,0,3,17.0,12,1.33,0,3,-3,-5.19,-5.55,1254,fi FIN,MF,fr Ligue 1,30-140,1995.0,0.6,0,0,0,0,2,0,0,0,0,0
Noham Kamara,fr FRA,DF,Lyon,fr Ligue 1,19.0,2007.0,1,0,1,0.0,0,0,0,0,0,0,0,0,0.0,1256,fr FRA,DF,fr Ligue 1,19-054,2007.0,0.0,0,0,0,,0.0,0.0,,,0,0,1558,fr FRA,DF,fr Ligue 1,19-054,2007.0,1,1,1,0.0,0.0,0,,0,1,1.0,3,3.0,0,0,0,0.0,-0.5,1256,fr FRA,DF,fr Ligue 1,19-054,2007.0,0.0,0,0,0,0,0,0,0,0,0,0
Kevin Kampl,si SVN,MF,RB Leipzig,de Bundesliga,35.0,1990.0,3,0,3,0.0,0,0,0,0,0,0,0,0,0.0,1258,si SVN,MF,de Bundesliga,35-159,1990.0,0.0,0,0,0,,0.0,0.0,,,0,0,1563,si SVN,MF,de Bundesliga,35-159,1990.0,3,3,1,0.1,0.0,0,,0,3,1.0,0,3.0,0,0,0,0.0,-0.5,1258,si SVN,MF,de Bundesliga,35-159,1990.0,0.0,0,0,0,0,0,0,0,0,0,0
Steeve Kango,fr FRA,DF,Lyon,fr Ligue 1,19.0,2006.0,1,0,11,0.1,0,0,0,0,0,0,0,0,0.0,1261,fr FRA,DF,fr Ligue 1,19-098,2006.0,0.1,0,0,0,,0.0,0.0,,,0,0,1566,fr FRA,DF,fr Ligue 1,19-098,2006.0,1,11,11,0.5,0.1,0,,0,1,11.0,1,1.0,0,0,0,0.0,-0.5,1261,fr FRA,DF,fr Ligue 1,19-098,2006.0,0.1,0,0,0,1,0,0,2,0,0,0
Atakan Karazor,tr TUR,MF,Stuttgart,de Bundesliga,29.0,1996.0,24,19,1615,17.9,0,0,0,0,0,0,4,0,0.0,1264,tr TUR,MF,de Bundesliga,29-155,1996.0,17.9,0,7,2,28.6,0.39,0.11,0.0,0.0,0,0,1570,tr TUR,MF,de Bundesliga,29-155,1996.0,24,1615,67,69.0,17.9,19,84.0,10,5,5.0,2,1.96,32,19,13,0.72,0.23,1264,tr TUR,MF,de Bundesliga,29-155,1996.0,17.9,4,0,0,16,29,1,7,11,21,0
Dermane Karim,tg TOG,MF,Lorient,fr Ligue 1,22.0,2003.0,24,13,1161,12.9,1,2,3,1,0,0,3,0,0.23,1265,tg TOG,MF,fr Ligue 1,22-100,2003.0,12.9,1,15,2,13.3,1.16,0.16,0.07,0.5,0,0,1571,tg TOG,MF,fr Ligue 1,22-100,2003.0,24,1161,48,49.6,12.9,13,72.0,2,11,20.0,0,1.5,16,22,-6,-0.47,-0.69,1265,tg TOG,MF,fr Ligue 1,22-100,2003.0,12.9,3,0,0,17,36,0,15,9,12,0
Lennart Karl,de GER,MF,Bayern Munich,de Bundesliga,18.0,2008.0,22,13,1056,11.7,4,3,7,4,0,0,0,0,0.6,1266,de GER,MF,de Bundesliga,18-023,2008.0,11.7,4,34,16,47.1,2.9,1.36,0.12,0.25,0,0,1572,de GER,MF,de Bundesliga,18-023,2008.0,22,1056,48,45.1,11.7,13,66.0,3,9,22.0,4,2.5,41,11,30,2.56,-0.11,1266,de GER,MF,de Bundesliga,18-023,2008.0,11.7,0,0,0,4,11,4,25,9,13,0
Jesper Karlström,se SWE,MF,Udinese,it Serie A,30.0,1995.0,29,29,2548,28.3,1,0,1,1,0,0,4,0,0.04,1267,se SWE,MF,it Serie A,30-269,1995.0,28.3,1,15,2,13.3,0.53,0.07,0.07,0.5,0,0,1574,se SWE,MF,it Serie A,30-269,1995.0,29,2548,88,97.6,28.3,29,88.0,23,0,,0,1.24,32,42,-10,-0.35,-1.8,1267,se SWE,MF,it Serie A,30-269,1995.0,28.3,4,0,0,30,24,1,9,31,28,0
Jon Karrikaburu,es ESP,FW,Real Sociedad,es La Liga,23.0,2002.0,6,0,132,1.5,0,0,0,0,0,0,0,0,0.0,1268,es ESP,FW,es La Liga,23-179,2002.0,1.5,0,6,2,33.3,4.09,1.36,0.0,0.0,0,0,1575,es ESP,FW,es La Liga,23-179,2002.0,6,132,22,5.2,1.5,0,,0,6,22.0,15,0.17,1,3,-2,-1.36,-1.48,1268,es ESP,FW,es La Liga,23-179,2002.0,1.5,0,0,0,3,4,2,1,0,1,0
Grigoris Kastanos,cy CYP,MF,Hellas Verona,it Serie A,28.0,1998.0,6,0,44,0.5,0,0,0,0,0,0,0,0,0.0,1269,cy CYP,MF,it Serie A,28-046,1998.0,0.5,0,1,0,0.0,2.05,0.0,0.0,,0,0,1576,cy CYP,MF,it Serie A,28-046,1998.0,6,44,7,1.7,0.5,0,,0,6,7.0,11,0.67,0,2,-2,-4.09,-3.14,1269,cy CYP,MF,it Serie A,28-046,1998.0,0.5,0,0,0,3,1,0,2,3,3,0
Silas Katompa,cd COD,FW,Mainz 05,de Bundesliga,27.0,1998.0,8,4,334,3.7,1,0,1,1,0,0,1,0,0.27,1270,cd COD,FW,de Bundesliga,27-162,1998.0,3.7,1,8,7,87.5,2.16,1.89,0.13,0.14,0,0,1577,cd COD,FW,de Bundesliga,27-162,1998.0,8,334,42,14.3,3.7,4,57.0,0,4,27.0,0,1.5,6,8,-2,-0.54,-0.18,1270,cd COD,FW,de Bundesliga,27-162,1998.0,3.7,1,0,0,4,5,2,11,0,0,0
Mikkel Kaufmann,dk DEN,FW,Heidenheim,de Bundesliga,25.0,2001.0,14,6,522,5.8,1,1,2,1,0,0,2,0,0.34,1272,dk DEN,FW,de Bundesliga,25-073,2001.0,5.8,1,11,3,27.3,1.9,0.52,0.09,0.33,0,0,1581,dk DEN,FW,de Bundesliga,25-073,2001.0,14,522,37,22.3,5.8,6,63.0,0,8,18.0,1,0.43,2,9,-7,-1.21,0.13,1272,dk DEN,FW,de Bundesliga,25-073,2001.0,5.8,2,0,0,13,13,1,1,1,2,0
Moise Kean,it ITA,FW,Fiorentina,it Serie A,26.0,2000.0,24,21,1876,20.8,8,1,9,6,2,2,3,0,0.34,1275,it ITA,FW,it Serie A,26-017,2000.0,20.8,8,95,26,27.4,4.56,1.25,0.06,0.23,2,2,1584,it ITA,FW,it Serie A,26-017,2000.0,24,1876,78,71.9,20.8,21,87.0,15,3,19.0,1,0.83,23,31,-8,-0.38,-0.26,1275,it ITA,FW,it Serie A,26-017,2000.0,20.8,3,0,0,27,43,27,6,6,3,0
Yassine Kechta,ma MAR,MF,Le Havre,fr Ligue 1,24.0,2002.0,24,12,1083,12.0,1,1,2,1,0,0,3,0,0.17,1278,ma MAR,MF,fr Ligue 1,24-020,2002.0,12.0,1,17,7,41.2,1.41,0.58,0.06,0.14,0,0,1587,ma MAR,MF,fr Ligue 1,24-020,2002.0,24,1083,45,46.3,12.0,12,73.0,1,12,17.0,1,1.08,10,18,-8,-0.66,-0.38,1278,ma MAR,MF,fr Ligue 1,24-020,2002.0,12.0,3,0,0,31,15,3,23,16,16,0
Thilo Kehrer,de GER,DF,Monaco,fr Ligue 1,29.0,1996.0,20,20,1736,19.3,0,0,0,0,0,0,7,2,0.0,1279,de GER,DF,fr Ligue 1,29-177,1996.0,19.3,0,15,1,6.7,0.78,0.05,0.0,0.0,0,0,1588,de GER,DF,fr Ligue 1,29-177,1996.0,20,1736,87,74.2,19.3,20,87.0,18,0,,3,1.8,35,24,11,0.57,1.02,1279,de GER,DF,fr Ligue 1,29-177,1996.0,19.3,7,2,1,22,23,1,3,26,25,0
Mandela Keita,be BEL,MF,Parma,it Serie A,23.0,2002.0,28,27,2256,25.1,0,1,1,0,0,0,1,0,0.04,1280,be BEL,MF,it Serie A,23-311,2002.0,25.1,0,12,1,8.3,0.48,0.04,0.0,0.0,0,0,1589,be BEL,MF,it Serie A,23-311,2002.0,28,2256,81,86.4,25.1,27,83.0,15,1,6.0,0,1.21,14,28,-14,-0.56,-0.3,1280,be BEL,MF,it Serie A,23-311,2002.0,25.1,1,0,0,23,46,0,2,33,39,1
Yannik Keitel,de GER,DF,Augsburg,de Bundesliga,26.0,2000.0,4,1,165,1.8,0,0,0,0,0,0,2,0,0.0,1281,de GER,DF,de Bundesliga,26-030,2000.0,1.8,0,0,0,,0.0,0.0,,,0,0,1590,de GER,DF,de Bundesliga,26-030,2000.0,4,165,41,7.1,1.8,1,62.0,0,3,34.0,3,2.5,7,2,5,2.73,3.51,1281,de GER,DF,de Bundesliga,26-030,2000.0,1.8,2,0,0,1,1,0,0,1,3,0
Thomas Keller,de GER,DF,Heidenheim,de Bundesliga,26.0,1999.0,4,3,188,2.1,0,0,0,0,0,0,1,0,0.0,1283,de GER,DF,de Bundesliga,26-224,1999.0,2.1,0,2,0,0.0,0.96,0.0,0.0,,0,0,1592,de GER,DF,de Bundesliga,26-224,1999.0,4,188,47,8.0,2.1,3,60.0,1,1,8.0,4,1.5,2,3,-1,-0.48,0.9,1283,de GER,DF,de Bundesliga,26-224,1999.0,2.1,1,0,0,3,2,0,1,0,1,0
Lloyd Kelly,eng ENG,DF,Juventus,it Serie A,27.0,1998.0,26,24,2219,24.7,1,0,1,1,0,0,4,0,0.04,1284,eng ENG,DF,it Serie A,27-162,1998.0,24.7,1,11,2,18.2,0.45,0.08,0.09,0.5,0,0,1593,eng ENG,DF,it Serie A,27-162,1998.0,26,2219,85,85.0,24.7,24,90.0,24,2,30.0,0,1.77,45,25,20,0.81,0.12,1284,eng ENG,DF,it Serie A,27-162,1998.0,24.7,4,0,0,37,14,3,8,11,25,0
Aljoscha Kemlein,de GER,MF,Union Berlin,de Bundesliga,21.0,2004.0,24,18,1524,16.9,0,1,1,0,0,0,3,0,0.06,1285,de GER,MF,de Bundesliga,21-227,2004.0,16.9,0,12,2,16.7,0.71,0.12,0.0,0.0,0,0,1594,de GER,MF,de Bundesliga,21-227,2004.0,24,1524,64,65.1,16.9,18,79.0,5,6,19.0,2,1.13,18,22,-4,-0.24,0.54,1285,de GER,MF,de Bundesliga,21-227,2004.0,16.9,3,0,0,17,10,0,8,16,21,0
Marc-Oliver Kempf,de GER,DF,Como,it Serie A,31.0,1995.0,26,20,1671,18.6,4,0,4,4,0,0,2,0,0.22,1286,de GER,DF,it Serie A,31-048,1995.0,18.6,4,15,6,40.0,0.81,0.32,0.27,0.67,0,0,1595,de GER,DF,it Serie A,31-048,1995.0,26,1671,64,64.0,18.6,20,79.0,16,6,15.0,3,1.92,31,13,18,0.97,0.2,1286,de GER,DF,it Serie A,31-048,1995.0,18.6,2,0,0,21,15,0,0,4,7,0
Luca Kerber,de GER,MF,Heidenheim,de Bundesliga,24.0,2002.0,13,7,563,6.3,2,0,2,2,0,0,2,0,0.32,1287,de GER,MF,de Bundesliga,24-007,2002.0,6.3,2,7,3,42.9,1.12,0.48,0.29,0.67,0,0,1596,de GER,MF,de Bundesliga,24-007,2002.0,13,563,43,24.1,6.3,7,72.0,2,6,10.0,11,0.54,3,15,-12,-1.92,-0.8,1287,de GER,MF,de Bundesliga,24-007,2002.0,6.3,2,0,0,9,5,1,4,3,9,0
Reda Khadra,de GER,FW,Le Havre,fr Ligue 1,24.0,2001.0,7,1,213,2.4,0,0,0,0,0,0,0,0,0.0,1290,de GER,FW,fr Ligue 1,24-256,2001.0,2.4,0,6,3,50.0,2.54,1.27,0.0,0.0,0,0,1600,de GER,FW,fr Ligue 1,24-256,2001.0,7,213,30,9.1,2.4,1,84.0,0,6,22.0,5,0.43,1,4,-3,-1.27,-0.89,1290,de GER,FW,fr Ligue 1,24-256,2001.0,2.4,0,0,0,4,1,0,13,0,4,0
Rani Khedira,de GER,MF,Union Berlin,de Bundesliga,32.0,1994.0,25,25,2207,24.5,5,0,5,5,0,0,6,0,0.2,1292,de GER,MF,de Bundesliga,32-049,1994.0,24.5,5,19,10,52.6,0.77,0.41,0.26,0.5,0,0,1603,de GER,MF,de Bundesliga,32-049,1994.0,25,2207,88,94.3,24.5,25,88.0,22,0,,0,1.24,28,37,-9,-0.37,0.99,1292,de GER,MF,de Bundesliga,32-049,1994.0,24.5,6,0,0,39,17,2,18,33,34,0
Cassiano Kiala,de GER,DF,Bayern Munich,de Bundesliga,17.0,2009.0,1,0,1,0.0,0,0,0,0,0,0,0,0,0.0,1294,de GER,DF,de Bundesliga,17-065,2009.0,0.0,0,0,0,,0.0,0.0,,,0,0,1605,de GER,DF,de Bundesliga,17-065,2009.0,1,1,1,0.0,0.0,0,,0,1,1.0,8,3.0,1,0,1,90.0,87.42,1294,de GER,DF,de Bundesliga,17-065,2009.0,0.0,0,0,0,0,0,0,0,0,0,0
Kialonda,ao ANG,DF,Lecce,it Serie A,28.0,1997.0,22,21,1828,20.3,0,0,0,0,0,0,6,1,0.0,1295,ao ANG,DF,it Serie A,28-171,1997.0,20.3,0,9,1,11.1,0.44,0.05,0.0,0.0,0,0,1606,ao ANG,DF,it Serie A,28-171,1997.0,22,1828,83,70.0,20.3,21,86.0,19,1,26.0,0,1.05,17,25,-8,-0.39,0.76,1295,ao ANG,DF,it Serie A,28-171,1997.0,20.3,6,1,0,12,22,2,1,19,9,0
Kiké,es ESP,FW,Espanyol,es La Liga,36.0,1989.0,27,12,1247,13.9,6,1,7,5,1,1,3,0,0.43,1296,es ESP,FW,es La Liga,36-112,1989.0,13.9,6,42,19,45.2,3.03,1.37,0.12,0.26,1,1,1607,es ESP,FW,es La Liga,36-112,1989.0,27,1247,46,49.5,13.9,12,74.0,3,15,24.0,1,1.26,23,19,4,0.29,1.07,1296,es ESP,FW,es La Liga,36-112,1989.0,13.9,3,0,0,27,32,20,13,2,7,0
Semih Kılıçsoy,tr TUR,FW,Cagliari,it Serie A,20.0,2005.0,20,11,941,10.5,4,0,4,4,0,0,1,0,0.38,1297,tr TUR,FW,it Serie A,20-214,2005.0,10.5,4,17,8,47.1,1.63,0.77,0.24,0.5,0,0,1608,tr TUR,FW,it Serie A,20-214,2005.0,20,941,47,36.1,10.5,11,72.0,1,9,16.0,9,1.15,10,15,-5,-0.48,-0.21,1297,tr TUR,FW,it Serie A,20-214,2005.0,10.5,1,0,0,13,15,2,1,0,3,0
Joshua Kimmich,de GER,MF,Bayern Munich,de Bundesliga,31.0,1995.0,22,18,1727,19.2,2,6,8,2,0,0,4,0,0.42,1299,de GER,MF,de Bundesliga,31-037,1995.0,19.2,2,20,8,40.0,1.04,0.42,0.1,0.25,0,0,1610,de GER,MF,de Bundesliga,31-037,1995.0,22,1727,79,73.8,19.2,18,89.0,14,4,34.0,1,2.5,67,19,48,2.5,-0.43,1299,de GER,MF,de Bundesliga,31-037,1995.0,19.2,4,0,0,6,17,0,95,16,18,0
Tim Kleindienst,de GER,FW,Gladbach,de Bundesliga,30.0,1995.0,2,0,2,0.0,0,0,0,0,0,0,0,0,0.0,1301,de GER,FW,de Bundesliga,30-198,1995.0,0.0,0,0,0,,0.0,0.0,,,0,0,1621,de GER,FW,de Bundesliga,30-198,1995.0,2,2,1,0.1,0.0,0,,0,2,1.0,0,2.0,0,0,0,0.0,0.5,1301,de GER,FW,de Bundesliga,30-198,1995.0,0.0,0,0,0,0,0,1,0,1,0,0
Ruben Kluivert,nl NED,DF,Lyon,fr Ligue 1,24.0,2001.0,11,7,642,7.1,1,2,3,1,0,0,2,0,0.42,1304,nl NED,DF,fr Ligue 1,24-300,2001.0,7.1,1,1,1,100.0,0.14,0.14,1.0,1.0,0,0,1624,nl NED,DF,fr Ligue 1,24-300,2001.0,11,642,58,27.4,7.1,7,89.0,6,4,5.0,7,1.91,16,15,1,0.14,-0.5,1304,nl NED,DF,fr Ligue 1,24-300,2001.0,7.1,2,0,0,7,3,0,1,7,7,0
Robin Koch,de GER,DF,Eintracht Frankfurt,de Bundesliga,29.0,1996.0,25,25,2203,24.5,3,1,4,3,0,0,3,1,0.16,1308,de GER,DF,de Bundesliga,29-243,1996.0,24.5,3,13,5,38.5,0.53,0.2,0.23,0.6,0,0,1629,de GER,DF,de Bundesliga,29-243,1996.0,25,2203,88,94.1,24.5,25,88.0,23,0,,0,1.52,46,46,0,0.0,0.0,1308,de GER,DF,de Bundesliga,29-243,1996.0,24.5,3,1,1,22,8,0,2,33,18,0
Enzo Koffi Vinette,fr FRA,DF,Le Havre,fr Ligue 1,20.0,2006.0,10,2,272,3.0,0,0,0,0,0,0,1,0,0.0,1311,fr FRA,DF,fr Ligue 1,20-013,2006.0,3.0,0,3,1,33.3,0.99,0.33,0.0,0.0,0,0,1633,fr FRA,DF,fr Ligue 1,20-013,2006.0,10,272,27,11.6,3.0,2,65.0,0,8,18.0,2,1.0,3,2,1,0.33,0.9,1311,fr FRA,DF,fr Ligue 1,20-013,2006.0,3.0,1,0,0,7,8,1,18,7,9,0
Dominik Kohr,de GER,DF,Mainz 05,de Bundesliga,32.0,1994.0,21,21,1753,19.5,1,0,1,1,0,0,8,2,0.05,1314,de GER,DF,de Bundesliga,32-045,1994.0,19.5,1,9,2,22.2,0.46,0.1,0.11,0.5,0,0,1636,de GER,DF,de Bundesliga,32-045,1994.0,21,1753,83,74.9,19.5,21,83.0,14,0,,0,1.1,25,28,-3,-0.15,0.92,1314,de GER,DF,de Bundesliga,32-045,1994.0,19.5,8,2,1,30,34,0,10,34,25,0
Koke,es ESP,MF,Atlético Madrid,es La Liga,34.0,1992.0,26,17,1635,18.2,2,2,4,2,0,0,4,0,0.22,1315,es ESP,MF,es La Liga,34-068,1992.0,18.2,2,10,4,40.0,0.55,0.22,0.2,0.5,0,0,1637,es ESP,MF,es La Liga,34-068,1992.0,26,1635,63,64.9,18.2,17,79.0,9,9,33.0,2,2.15,32,16,16,0.88,0.27,1315,es ESP,MF,es La Liga,34-068,1992.0,18.2,4,0,0,16,14,0,26,17,22,0
Sead Kolašinac,ba BIH,DF,Atalanta,it Serie A,32.0,1993.0,12,9,766,8.5,0,0,0,0,0,0,3,0,0.0,1316,ba BIH,DF,it Serie A,32-270,1993.0,8.5,0,3,0,0.0,0.35,0.0,0.0,,0,0,1638,ba BIH,DF,it Serie A,32-270,1993.0,12,766,64,29.3,8.5,9,72.0,2,3,38.0,6,1.92,13,9,4,0.47,0.03,1316,ba BIH,DF,it Serie A,32-270,1993.0,8.5,3,0,0,10,6,0,2,5,10,0
Luca Koleosho,it ITA,MF,Paris FC,fr Ligue 1,21.0,2004.0,8,1,241,2.7,1,0,1,1,0,0,0,0,0.37,1317,it ITA,MF,fr Ligue 1,21-183,2004.0,2.7,1,7,4,57.1,2.61,1.49,0.14,0.25,0,0,1639,it ITA,MF,fr Ligue 1,21-183,2004.0,8,241,30,10.3,2.7,1,62.0,0,7,26.0,1,1.13,3,5,-2,-0.75,-0.32,1317,it ITA,MF,fr Ligue 1,21-183,2004.0,2.7,0,0,0,6,2,0,5,0,7,0
Luca Koleosho,it ITA,MF,Espanyol,es La Liga,21.0,2004.0,3,0,63,0.7,0,0,0,0,0,0,0,0,0.0,1318,it ITA,MF,es La Liga,21-183,2004.0,0.7,0,1,0,0.0,1.43,0.0,0.0,,0,0,1640,it ITA,MF,es La Liga,21-183,2004.0,3,63,21,2.5,0.7,0,,0,3,21.0,12,1.0,0,0,0,0.0,0.26,1318,it ITA,MF,es La Liga,21-183,2004.0,0.7,0,0,0,3,0,0,5,1,1,0
Adam Kölle,de GER,DF,Heidenheim,de Bundesliga,19.0,2006.0,6,0,93,1.0,1,0,1,1,0,0,1,0,0.97,1319,de GER,DF,de Bundesliga,19-323,2006.0,1.0,1,2,1,50.0,1.94,0.97,0.5,1.0,0,0,1642,de GER,DF,de Bundesliga,19-323,2006.0,6,93,16,4.0,1.0,0,,0,6,16.0,9,0.83,2,3,-1,-0.97,0.35,1319,de GER,DF,de Bundesliga,19-323,2006.0,1.0,1,0,0,5,1,0,1,1,1,0
Timothée Kolodziejczak,fr FRA,DF,Paris FC,fr Ligue 1,34.0,1991.0,11,7,662,7.4,0,0,0,0,0,0,2,0,0.0,1321,fr FRA,DF,fr Ligue 1,34-167,1991.0,7.4,0,1,1,100.0,0.14,0.14,0.0,0.0,0,0,1644,fr FRA,DF,fr Ligue 1,34-167,1991.0,11,662,60,28.3,7.4,7,89.0,6,4,10.0,14,1.18,6,14,-8,-1.09,-0.87,1321,fr FRA,DF,fr Ligue 1,34-167,1991.0,7.4,2,0,0,8,1,0,0,7,6,0
Samba Konaté,fr FRA,FW,RB Leipzig,de Bundesliga,17.0,2009.0,1,0,4,0.0,0,0,0,0,0,0,0,0,0.0,1324,fr FRA,FW,de Bundesliga,17-018,2009.0,0.0,0,1,0,0.0,22.5,0.0,0.0,,0,0,1648,fr FRA,FW,de Bundesliga,17-018,2009.0,1,4,4,0.2,0.0,0,,0,1,4.0,2,3.0,0,0,0,0.0,-0.5,1324,fr FRA,FW,de Bundesliga,17-018,2009.0,0.0,0,0,0,0,0,0,0,0,0,0
Ismaël Koné,ca CAN,MF,Sassuolo,it Serie A,23.0,2002.0,26,25,2077,23.1,5,0,5,5,0,0,4,1,0.22,1326,ca CAN,MF,it Serie A,23-284,2002.0,23.1,5,17,9,52.9,0.74,0.39,0.29,0.56,0,0,1650,ca CAN,MF,it Serie A,23-284,2002.0,26,2077,80,79.6,23.1,25,82.0,8,1,32.0,1,1.42,29,30,-1,-0.04,0.46,1326,ca CAN,MF,it Serie A,23-284,2002.0,23.1,4,1,1,18,40,0,4,7,10,0
Manu Koné,fr FRA,MF,Roma,it Serie A,24.0,2001.0,26,26,2300,25.6,2,2,4,2,0,0,2,0,0.16,1327,fr FRA,MF,it Serie A,24-304,2001.0,25.6,2,21,5,23.8,0.82,0.2,0.1,0.4,0,0,1652,fr FRA,MF,it Serie A,24-304,2001.0,26,2300,88,88.1,25.6,26,88.0,24,0,,0,1.81,34,19,15,0.59,0.3,1327,fr FRA,MF,it Serie A,24-304,2001.0,25.6,2,0,0,44,48,2,1,19,26,0
Ville Koski,fi FIN,DF,Alavés,es La Liga,24.0,2002.0,1,0,11,0.1,0,0,0,0,0,0,0,0,0.0,1331,fi FIN,DF,es La Liga,24-049,2002.0,0.1,0,0,0,,0.0,0.0,,,0,0,1657,fi FIN,DF,es La Liga,24-049,2002.0,1,11,11,0.4,0.1,0,,0,1,11.0,1,1.0,0,1,-1,-8.18,-7.79,1331,fi FIN,DF,es La Liga,24-049,2002.0,0.1,0,0,0,0,0,0,0,0,1,0
Odilon Kossounou,ci CIV,DF,Atalanta,it Serie A,25.0,2001.0,15,10,888,9.9,1,0,1,1,0,0,1,0,0.1,1332,ci CIV,DF,it Serie A,25-072,2001.0,9.9,1,5,1,20.0,0.51,0.1,0.2,1.0,0,0,1659,ci CIV,DF,it Serie A,25-072,2001.0,15,888,59,34.0,9.9,10,76.0,5,5,26.0,7,1.53,14,11,3,0.3,-0.22,1332,ci CIV,DF,it Serie A,25-072,2001.0,9.9,1,0,0,14,3,0,2,9,12,0
Filip Kostić,rs SRB,MF,Juventus,it Serie A,33.0,1992.0,17,4,467,5.2,3,1,4,3,0,0,0,0,0.77,1333,rs SRB,MF,it Serie A,33-136,1992.0,5.2,3,9,4,44.4,1.73,0.77,0.33,0.75,0,0,1660,rs SRB,MF,it Serie A,33-136,1992.0,17,467,27,17.9,5.2,4,69.0,0,13,15.0,12,1.94,12,4,8,1.54,0.91,1333,rs SRB,MF,it Serie A,33-136,1992.0,5.2,0,0,0,7,5,0,49,4,10,0
Eddy Kouadio,ci CIV,DF,Fiorentina,it Serie A,19.0,2006.0,3,0,72,0.8,0,0,0,0,0,0,0,0,0.0,1335,ci CIV,DF,it Serie A,19-291,2006.0,0.8,0,0,0,,0.0,0.0,,,0,0,1664,ci CIV,DF,it Serie A,19-291,2006.0,3,72,24,2.8,0.8,0,,0,3,24.0,25,0.67,0,0,0,0.0,0.32,1335,ci CIV,DF,it Serie A,19-291,2006.0,0.8,0,0,0,1,1,0,1,0,3,0
Arsène Kouassi,bf BFA,MF,Lorient,fr Ligue 1,21.0,2004.0,24,23,1993,22.1,2,5,7,2,0,0,3,0,0.32,1338,bf BFA,MF,fr Ligue 1,21-187,2004.0,22.1,2,5,2,40.0,0.23,0.09,0.4,1.0,0,0,1667,bf BFA,MF,fr Ligue 1,21-187,2004.0,24,1993,83,85.2,22.1,23,83.0,15,1,77.0,0,1.46,30,30,0,0.0,0.78,1338,bf BFA,MF,fr Ligue 1,21-187,2004.0,22.1,3,0,0,12,42,6,96,19,15,0
Christ-Owen Kouassi,fr FRA,DF,Lecce,it Serie A,22.0,2003.0,4,3,228,2.5,0,0,0,0,0,0,0,0,0.0,1339,fr FRA,DF,it Serie A,22-336,2003.0,2.5,0,0,0,,0.0,0.0,,,0,0,1668,fr FRA,DF,it Serie A,22-336,2003.0,4,228,57,8.7,2.5,3,68.0,1,1,23.0,18,0.5,2,6,-4,-1.58,-1.05,1339,fr FRA,DF,it Serie A,22-336,2003.0,2.5,0,0,0,1,3,0,2,1,6,0
Konstantinos Koulierakis,gr GRE,DF,Wolfsburg,de Bundesliga,22.0,2003.0,22,20,1853,20.6,2,0,2,2,0,0,4,0,0.1,1340,gr GRE,DF,de Bundesliga,22-109,2003.0,20.6,2,21,9,42.9,1.02,0.44,0.1,0.22,0,0,1669,gr GRE,DF,de Bundesliga,22-109,2003.0,22,1853,84,79.2,20.6,20,90.0,20,2,27.0,3,0.95,29,43,-14,-0.68,0.61,1340,gr GRE,DF,de Bundesliga,22-109,2003.0,20.6,4,0,0,19,8,0,11,29,14,1
Seny Koumbassa,fr FRA,DF,Toulouse,fr Ligue 1,18.0,2007.0,4,0,83,0.9,0,0,0,0,0,0,0,0,0.0,1341,fr FRA,DF,fr Ligue 1,18-270,2007.0,0.9,0,1,0,0.0,1.08,0.0,0.0,,0,0,1670,fr FRA,DF,fr Ligue 1,18-270,2007.0,4,83,21,3.5,0.9,0,,0,4,21.0,21,1.5,3,2,1,1.08,0.92,1341,fr FRA,DF,fr Ligue 1,18-270,2007.0,0.9,0,0,0,1,0,0,0,1,3,0
Jules Koundé,fr FRA,DF,Barcelona,es La Liga,27.0,1998.0,25,20,1903,21.1,1,3,4,1,0,0,4,0,0.19,1342,fr FRA,DF,es La Liga,27-125,1998.0,21.1,1,12,3,25.0,0.57,0.14,0.08,0.33,0,0,1671,fr FRA,DF,es La Liga,27-125,1998.0,25,1903,76,75.5,21.1,20,89.0,17,5,26.0,1,2.44,59,20,39,1.84,0.39,1342,fr FRA,DF,es La Liga,27-125,1998.0,21.1,4,0,0,19,22,1,31,27,20,0
Lancinet Kourouma,gn GUI,FW,Girona,es La Liga,21.0,2004.0,5,0,43,0.5,0,0,0,0,0,0,0,1,0.0,1343,gn GUI,FW,es La Liga,21-352,2004.0,0.5,0,0,0,,0.0,0.0,,,0,0,1672,gn GUI,FW,es La Liga,21-352,2004.0,5,43,9,1.7,0.5,0,,0,5,9.0,13,1.6,0,1,-1,-2.09,-1.69,1343,gn GUI,FW,es La Liga,21-352,2004.0,0.5,0,1,0,2,1,0,0,1,0,0
Hamza Koutoune,ma MAR,DF,Nice,fr Ligue 1,19.0,2006.0,1,0,1,0.0,0,0,0,0,0,0,0,0,0.0,1344,ma MAR,DF,fr Ligue 1,19-181,2006.0,0.0,0,0,0,,0.0,0.0,,,0,0,1673,ma MAR,DF,fr Ligue 1,19-181,2006.0,1,1,1,0.0,0.0,0,,0,1,1.0,2,3.0,0,0,0,0.0,0.62,1344,ma MAR,DF,fr Ligue 1,19-181,2006.0,0.0,0,0,0,0,0,0,1,0,0,0
Goduine Koyalipou,cf CTA,FW,Angers,fr Ligue 1,26.0,2000.0,7,6,482,5.4,0,0,0,0,0,0,0,0,0.0,1346,cf CTA,FW,fr Ligue 1,26-030,2000.0,5.4,0,15,5,33.3,2.8,0.93,0.0,0.0,0,0,1676,cf CTA,FW,fr Ligue 1,26-030,2000.0,7,482,69,20.6,5.4,6,77.0,1,1,22.0,0,1.29,1,5,-4,-0.75,-0.5,1346,cf CTA,FW,fr Ligue 1,26-030,2000.0,5.4,0,0,0,4,3,3,1,1,2,0
Goduine Koyalipou,cf CTA,FW,Levante,es La Liga,26.0,2000.0,11,2,247,2.7,1,0,1,1,0,0,1,0,0.36,1347,cf CTA,FW,es La Liga,26-030,2000.0,2.7,1,10,4,40.0,3.64,1.46,0.1,0.25,0,0,1677,cf CTA,FW,es La Liga,26-030,2000.0,11,247,22,9.8,2.7,2,51.0,0,9,16.0,3,0.82,2,5,-3,-1.09,-0.58,1347,cf CTA,FW,es La Liga,26-030,2000.0,2.7,1,0,0,2,1,3,1,1,3,0
Alex Král,cz CZE,MF,Union Berlin,de Bundesliga,27.0,1998.0,16,1,325,3.6,0,0,0,0,0,0,1,0,0.0,1349,cz CZE,MF,de Bundesliga,27-302,1998.0,3.6,0,5,3,60.0,1.38,0.83,0.0,0.0,0,0,1679,cz CZE,MF,de Bundesliga,27-302,1998.0,16,325,20,13.9,3.6,1,63.0,0,15,17.0,6,1.19,6,9,-3,-0.83,-0.47,1349,cz CZE,MF,de Bundesliga,27-302,1998.0,3.6,1,0,0,4,8,0,9,1,4,0
Jean-Philippe Krasso,ci CIV,FW,Paris FC,fr Ligue 1,28.0,1997.0,25,12,1092,12.1,2,2,4,1,1,1,0,0,0.25,1352,ci CIV,FW,fr Ligue 1,28-243,1997.0,12.1,2,27,10,37.0,2.23,0.82,0.04,0.1,1,1,1682,ci CIV,FW,fr Ligue 1,28-243,1997.0,25,1092,44,46.7,12.1,12,70.0,1,13,19.0,0,1.12,15,17,-2,-0.16,0.56,1352,ci CIV,FW,fr Ligue 1,28-243,1997.0,12.1,0,0,0,20,19,10,4,1,8,0
Ladislav Krejčí,cz CZE,DF,Girona,es La Liga,26.0,1999.0,2,2,180,2.0,0,0,0,0,0,0,1,0,0.0,1355,cz CZE,DF,es La Liga,26-331,1999.0,2.0,0,1,0,0.0,0.5,0.0,0.0,,0,0,1685,cz CZE,DF,es La Liga,26-331,1999.0,2,180,90,7.1,2.0,2,90.0,2,0,,0,0.0,1,8,-7,-3.5,-3.31,1355,cz CZE,DF,es La Liga,26-331,1999.0,2.0,1,0,0,2,0,0,0,1,0,0
Thomas Kristensen,dk DEN,DF,Udinese,it Serie A,24.0,2002.0,19,19,1704,18.9,2,0,2,2,0,0,2,0,0.11,1357,dk DEN,DF,it Serie A,24-059,2002.0,18.9,2,7,4,57.1,0.37,0.21,0.29,0.5,0,0,1687,dk DEN,DF,it Serie A,24-059,2002.0,19,1704,90,65.3,18.9,19,90.0,18,0,,2,1.26,21,25,-4,-0.21,0.29,1357,dk DEN,DF,it Serie A,24-059,2002.0,18.9,2,0,0,19,6,1,3,18,10,0
Nikola Krstović,me MNE,FW,Atalanta,it Serie A,25.0,2000.0,25,11,1156,12.8,8,4,12,8,0,0,2,0,0.93,1358,me MNE,FW,it Serie A,25-346,2000.0,12.8,8,71,24,33.8,5.53,1.87,0.11,0.33,0,0,1688,me MNE,FW,it Serie A,25-346,2000.0,25,1156,46,44.3,12.8,11,72.0,3,14,26.0,4,1.72,24,11,13,1.01,1.01,1358,me MNE,FW,it Serie A,25-346,2000.0,12.8,2,0,0,24,23,19,4,2,6,0
Lukas Kübler,de GER,DF,Freiburg,de Bundesliga,33.0,1992.0,16,15,1207,13.4,2,1,3,2,0,0,2,0,0.22,1359,de GER,DF,de Bundesliga,33-199,1992.0,13.4,2,18,4,22.2,1.34,0.3,0.11,0.5,0,0,1690,de GER,DF,de Bundesliga,33-199,1992.0,16,1207,75,51.6,13.4,15,79.0,8,1,17.0,3,1.44,26,24,2,0.15,0.78,1359,de GER,DF,de Bundesliga,33-199,1992.0,13.4,2,0,0,15,8,4,21,20,21,0
Takefusa Kubo,jp JPN,MF,Real Sociedad,es La Liga,24.0,2001.0,18,13,1179,13.1,2,3,5,2,0,0,0,0,0.38,1360,jp JPN,MF,es La Liga,24-286,2001.0,13.1,2,25,12,48.0,1.91,0.92,0.08,0.17,0,0,1691,jp JPN,MF,es La Liga,24-286,2001.0,18,1179,66,46.8,13.1,13,79.0,3,5,30.0,0,1.11,14,17,-3,-0.23,-0.5,1360,jp JPN,MF,es La Liga,24-286,2001.0,13.1,0,0,0,6,38,10,31,7,15,0
Nicolas-Gerrit Kühn,de GER,MF,Como,it Serie A,26.0,2000.0,20,6,631,7.0,1,0,1,1,0,0,0,0,0.14,1362,de GER,MF,it Serie A,26-075,2000.0,7.0,1,8,3,37.5,1.14,0.43,0.13,0.33,0,0,1694,de GER,MF,it Serie A,26-075,2000.0,20,631,32,24.2,7.0,6,63.0,0,14,18.0,8,1.65,9,6,3,0.43,-0.62,1362,de GER,MF,it Serie A,26-075,2000.0,7.0,0,0,0,6,2,2,13,3,6,0
Sandro Kulenović,hr CRO,FW,Torino,it Serie A,26.0,1999.0,6,2,175,1.9,0,1,1,0,0,0,2,0,0.51,1363,hr CRO,FW,it Serie A,26-103,1999.0,1.9,0,4,1,25.0,2.06,0.51,0.0,0.0,0,0,1696,hr CRO,FW,it Serie A,26-103,1999.0,6,175,29,6.7,1.9,2,59.0,0,4,15.0,1,1.67,3,5,-2,-1.03,-0.44,1363,hr CRO,FW,it Serie A,26-103,1999.0,1.9,2,0,0,7,2,0,0,1,0,0
Sael Kumbedi,fr FRA,DF,Wolfsburg,de Bundesliga,20.0,2005.0,18,15,1343,14.9,0,5,5,0,0,0,2,0,0.34,1364,fr FRA,DF,de Bundesliga,20-356,2005.0,14.9,0,3,0,0.0,0.2,0.0,0.0,,0,0,1697,fr FRA,DF,de Bundesliga,20-356,2005.0,18,1343,75,57.4,14.9,15,85.0,9,3,24.0,4,0.89,23,36,-13,-0.87,-0.15,1364,fr FRA,DF,de Bundesliga,20-356,2005.0,14.9,2,0,0,18,15,4,28,10,23,0
Sael Kumbedi,fr FRA,DF,Lyon,fr Ligue 1,20.0,2005.0,1,1,65,0.7,0,0,0,0,0,0,1,0,0.0,1365,fr FRA,DF,fr Ligue 1,20-356,2005.0,0.7,0,1,0,0.0,1.38,0.0,0.0,,0,0,1698,fr FRA,DF,fr Ligue 1,20-356,2005.0,1,65,65,2.8,0.7,1,65.0,0,0,,1,3.0,1,0,1,1.38,0.91,1365,fr FRA,DF,fr Ligue 1,20-356,2005.0,0.7,1,0,0,4,2,0,1,1,0,0
Marash Kumbulla,al ALB,DF,Mallorca,es La Liga,26.0,2000.0,7,5,420,4.7,0,0,0,0,0,0,1,0,0.0,1366,al ALB,DF,es La Liga,26-037,2000.0,4.7,0,3,0,0.0,0.64,0.0,0.0,,0,0,1699,al ALB,DF,es La Liga,26-037,2000.0,7,420,60,16.7,4.7,5,70.0,3,2,35.0,5,0.86,7,8,-1,-0.21,0.26,1366,al ALB,DF,es La Liga,26-037,2000.0,4.7,1,0,0,1,5,1,2,2,2,0
Jonah Kusi-Asare,se SWE,FW,Bayern Munich,de Bundesliga,18.0,2007.0,1,0,5,0.1,0,0,0,0,0,0,0,0,0.0,1367,se SWE,FW,de Bundesliga,18-256,2007.0,0.1,0,0,0,,0.0,0.0,,,0,0,1701,se SWE,FW,de Bundesliga,18-256,2007.0,1,5,5,0.2,0.1,0,,0,1,5.0,1,3.0,0,0,0,0.0,-2.62,1367,se SWE,FW,de Bundesliga,18-256,2007.0,0.1,0,0,0,1,0,0,0,0,0,0
Khvicha Kvaratskhelia,ge GEO,FW,Paris Saint-Germain,fr Ligue 1,25.0,2001.0,21,13,1083,12.0,4,3,7,4,0,0,1,0,0.58,1369,ge GEO,FW,fr Ligue 1,25-033,2001.0,12.0,4,47,18,38.3,3.91,1.5,0.09,0.22,0,0,1703,ge GEO,FW,fr Ligue 1,25-033,2001.0,21,1083,52,48.1,12.0,13,68.0,3,8,25.0,1,2.24,20,10,10,0.83,-0.87,1369,ge GEO,FW,fr Ligue 1,25-033,2001.0,12.0,1,0,0,16,21,4,37,8,8,0
Giorgi Kvilitaia,ge GEO,FW,Metz,fr Ligue 1,32.0,1993.0,5,1,120,1.3,0,0,0,0,0,0,0,0,0.0,1370,ge GEO,FW,fr Ligue 1,32-167,1993.0,1.3,0,3,1,33.3,2.25,0.75,0.0,0.0,0,0,1704,ge GEO,FW,fr Ligue 1,32-167,1993.0,5,120,24,5.1,1.3,1,53.0,0,4,17.0,0,0.2,1,6,-5,-3.75,-2.53,1370,ge GEO,FW,fr Ligue 1,32-167,1993.0,1.3,0,0,0,3,2,0,0,0,2,0
Godson Kyeremeh,fr FRA,FW,Le Havre,fr Ligue 1,25.0,2000.0,10,3,344,3.8,0,1,1,0,0,0,0,0,0.26,1371,fr FRA,FW,fr Ligue 1,25-276,2000.0,3.8,0,4,1,25.0,1.05,0.26,0.0,0.0,0,0,1706,fr FRA,FW,fr Ligue 1,25-276,2000.0,10,344,34,14.7,3.8,3,80.0,1,7,15.0,11,0.9,4,2,2,0.52,1.15,1371,fr FRA,FW,fr Ligue 1,25-276,2000.0,3.8,0,0,0,7,17,3,15,0,5,0
Adrián de la Fuente,es ESP,DF,Levante,es La Liga,27.0,1999.0,24,21,1916,21.3,2,1,3,1,1,1,5,0,0.09,1372,es ESP,DF,es La Liga,27-019,1999.0,21.3,2,25,4,16.0,1.17,0.19,0.04,0.25,1,1,1707,es ESP,DF,es La Liga,27-019,1999.0,24,1916,80,76.0,21.3,21,89.0,20,3,17.0,1,0.79,19,37,-18,-0.85,-1.14,1372,es ESP,DF,es La Liga,27-019,1999.0,21.3,5,0,0,20,14,1,21,34,14,1
Yoel Lago,es ESP,DF,Celta Vigo,es La Liga,21.0,2004.0,4,4,333,3.7,0,0,0,0,0,0,2,0,0.0,1376,es ESP,DF,es La Liga,21-357,2004.0,3.7,0,0,0,,0.0,0.0,,,0,0,1714,es ESP,DF,es La Liga,21-357,2004.0,4,333,83,13.2,3.7,4,83.0,2,0,,15,0.5,3,6,-3,-0.81,-1.22,1376,es ESP,DF,es La Liga,21-357,2004.0,3.7,2,0,0,6,3,1,0,3,3,0
Konrad Laimer,at AUT,DF,Bayern Munich,de Bundesliga,28.0,1997.0,21,17,1513,16.8,3,4,7,3,0,0,5,0,0.42,1378,at AUT,DF,de Bundesliga,28-294,1997.0,16.8,3,15,8,53.3,0.89,0.48,0.2,0.38,0,0,1718,at AUT,DF,de Bundesliga,28-294,1997.0,21,1513,72,64.7,16.8,17,81.0,9,4,33.0,0,2.71,65,11,54,3.21,1.69,1378,at AUT,DF,de Bundesliga,28-294,1997.0,16.8,5,0,0,21,6,2,24,16,17,0
Kenny Lala,mg MAD,DF,Brest,fr Ligue 1,34.0,1991.0,25,25,2227,24.7,0,2,2,0,0,0,3,0,0.08,1379,mg MAD,DF,fr Ligue 1,34-165,1991.0,24.7,0,8,1,12.5,0.32,0.04,0.0,0.0,0,0,1719,mg MAD,DF,fr Ligue 1,34-165,1991.0,25,2227,89,95.2,24.7,25,89.0,23,0,,0,1.32,30,35,-5,-0.2,-2.59,1379,mg MAD,DF,fr Ligue 1,34-165,1991.0,24.7,3,0,0,11,20,0,80,19,21,0
Tariq Lamptey,gh GHA,MF,Fiorentina,it Serie A,25.0,2000.0,2,1,25,0.3,0,0,0,0,0,0,0,0,0.0,1381,gh GHA,MF,it Serie A,25-168,2000.0,0.3,0,0,0,,0.0,0.0,,,0,0,1723,gh GHA,MF,it Serie A,25-168,2000.0,2,25,13,1.0,0.3,1,21.0,0,1,4.0,0,0.0,1,0,1,3.6,3.95,1381,gh GHA,MF,it Serie A,25-168,2000.0,0.3,0,0,0,0,0,0,1,0,2,0
Aymeric Laporte,es ESP,DF,Athletic Club,es La Liga,31.0,1994.0,17,16,1399,15.5,0,1,1,0,0,0,2,0,0.06,1383,es ESP,DF,es La Liga,31-294,1994.0,15.5,0,12,4,33.3,0.77,0.26,0.0,0.0,0,0,1725,es ESP,DF,es La Liga,31-294,1994.0,17,1399,82,55.5,15.5,16,86.0,14,1,27.0,0,1.24,15,25,-10,-0.64,-0.64,1383,es ESP,DF,es La Liga,31-294,1994.0,15.5,2,0,0,6,9,1,1,19,11,0
Hugo Larsson,se SWE,MF,Eintracht Frankfurt,de Bundesliga,21.0,2004.0,19,15,1310,14.6,1,2,3,1,0,0,0,0,0.21,1384,se SWE,MF,de Bundesliga,21-263,2004.0,14.6,1,8,4,50.0,0.55,0.27,0.13,0.25,0,0,1726,se SWE,MF,de Bundesliga,21-263,2004.0,19,1310,69,56.0,14.6,15,80.0,7,4,29.0,1,1.42,25,23,2,0.14,0.31,1384,se SWE,MF,de Bundesliga,21-263,2004.0,14.6,0,0,0,6,1,0,7,18,8,0
Armand Lauriente,fr FRA,FW,Sassuolo,it Serie A,27.0,1998.0,29,25,1910,21.2,5,7,12,5,0,0,3,0,0.57,1388,fr FRA,FW,it Serie A,27-103,1998.0,21.2,5,52,20,38.5,2.45,0.94,0.1,0.25,0,0,1734,fr FRA,FW,it Serie A,27-103,1998.0,29,1910,66,73.2,21.2,25,72.0,3,4,26.0,0,1.31,25,30,-5,-0.24,-0.36,1388,fr FRA,FW,it Serie A,27-103,1998.0,21.2,3,0,0,28,30,18,90,5,8,0
Matteo Lavelli,it ITA,FW,Inter,it Serie A,19.0,2006.0,1,0,8,0.1,0,0,0,0,0,0,0,0,0.0,1389,it ITA,FW,it Serie A,19-099,2006.0,0.1,0,0,0,,0.0,0.0,,,0,0,1735,it ITA,FW,it Serie A,19-099,2006.0,1,8,8,0.3,0.1,0,,0,1,8.0,5,3.0,0,0,0,0.0,-1.45,1389,it ITA,FW,it Serie A,19-099,2006.0,0.1,0,0,0,0,0,0,1,0,0,0
Valentino Lazaro,at AUT,MF,Torino,it Serie A,29.0,1996.0,27,23,2043,22.7,0,2,2,0,0,0,4,0,0.09,1391,at AUT,MF,it Serie A,29-358,1996.0,22.7,0,7,2,28.6,0.31,0.09,0.0,0.0,0,0,1738,at AUT,MF,it Serie A,29-358,1996.0,27,2043,76,78.3,22.7,23,84.0,14,4,28.0,2,1.0,23,44,-21,-0.93,-1.4,1391,at AUT,MF,it Serie A,29-358,1996.0,22.7,4,0,0,36,9,1,117,22,25,0
Manuel Lazzari,it ITA,DF,Lazio,it Serie A,32.0,1993.0,16,6,608,6.8,0,0,0,0,0,0,2,0,0.0,1392,it ITA,DF,it Serie A,32-108,1993.0,6.8,0,1,0,0.0,0.15,0.0,0.0,,0,0,1739,it ITA,DF,it Serie A,32-108,1993.0,16,608,38,23.3,6.8,6,67.0,0,10,20.0,7,1.25,6,6,0,0.0,-0.04,1392,it ITA,DF,it Serie A,32-108,1993.0,6.8,2,0,0,6,15,0,11,4,4,0
Andréa Le Borgne,fr FRA,MF,Como,it Serie A,19.0,2006.0,1,0,1,0.0,0,0,0,0,0,0,0,0,0.0,1393,fr FRA,MF,it Serie A,19-233,2006.0,0.0,0,0,0,,0.0,0.0,,,0,0,1740,fr FRA,MF,it Serie A,19-233,2006.0,1,1,1,0.0,0.0,0,,0,1,1.0,8,3.0,0,0,0,0.0,-0.9,1393,fr FRA,MF,it Serie A,19-233,2006.0,0.0,0,0,0,0,0,0,0,0,0,0
Théo Le Bris,fr FRA,MF,Lorient,fr Ligue 1,23.0,2002.0,25,19,1713,19.0,2,2,4,2,0,0,0,0,0.21,1394,fr FRA,MF,fr Ligue 1,23-167,2002.0,19.0,2,16,6,37.5,0.84,0.32,0.13,0.33,0,0,1741,fr FRA,MF,fr Ligue 1,23-167,2002.0,25,1713,69,73.2,19.0,19,84.0,7,6,19.0,1,1.48,29,25,4,0.21,1.21,1394,fr FRA,MF,fr Ligue 1,23-167,2002.0,19.0,0,0,0,7,6,0,69,13,28,0
Julien Le Cardinal,fr FRA,DF,Brest,fr Ligue 1,28.0,1997.0,5,3,328,3.6,1,0,1,1,0,0,1,0,0.27,1395,fr FRA,DF,fr Ligue 1,28-226,1997.0,3.6,1,5,2,40.0,1.37,0.55,0.2,0.5,0,0,1742,fr FRA,DF,fr Ligue 1,28-226,1997.0,5,328,66,14.0,3.6,3,90.0,3,2,29.0,13,1.0,7,9,-2,-0.55,-0.55,1395,fr FRA,DF,fr Ligue 1,28-226,1997.0,3.6,1,0,0,2,4,0,0,3,5,0
Raphael Le Guen,fr FRA,DF,Brest,fr Ligue 1,19.0,2006.0,1,0,5,0.1,0,0,0,0,0,0,0,0,0.0,1397,fr FRA,DF,fr Ligue 1,19-197,2006.0,0.1,0,0,0,,0.0,0.0,,,0,0,1744,fr FRA,DF,fr Ligue 1,19-197,2006.0,1,5,5,0.2,0.1,0,,0,1,5.0,14,0.0,0,1,-1,-18.0,-17.96,1397,fr FRA,DF,fr Ligue 1,19-197,2006.0,0.1,0,0,0,0,0,0,0,0,0,0
Robin Le Normand,es ESP,DF,Atlético Madrid,es La Liga,29.0,1996.0,20,12,1288,14.3,1,0,1,1,0,0,3,0,0.07,1398,es ESP,DF,es La Liga,29-126,1996.0,14.3,1,3,1,33.3,0.21,0.07,0.33,1.0,0,0,1745,es ESP,DF,es La Liga,29-126,1996.0,20,1288,64,51.1,14.3,12,89.0,11,8,28.0,4,1.95,24,13,11,0.77,-0.03,1398,es ESP,DF,es La Liga,29-126,1996.0,14.3,3,0,0,15,14,1,3,10,11,0
Rafael Leão,pt POR,FW,Milan,it Serie A,26.0,1999.0,22,18,1487,16.5,9,2,11,7,2,2,3,0,0.54,1400,pt POR,FW,it Serie A,26-280,1999.0,16.5,9,49,23,46.9,2.97,1.39,0.14,0.3,2,2,1747,pt POR,FW,it Serie A,26-280,1999.0,22,1487,68,57.0,16.5,18,77.0,6,4,25.0,1,2.0,23,14,9,0.54,-0.58,1400,pt POR,FW,it Serie A,26-280,1999.0,16.5,3,0,0,17,30,9,10,4,1,0
Pierre Lees-Melou,fr FRA,MF,Paris FC,fr Ligue 1,32.0,1993.0,16,14,1256,14.0,1,1,2,1,0,0,4,0,0.14,1401,fr FRA,MF,fr Ligue 1,32-296,1993.0,14.0,1,23,6,26.1,1.65,0.43,0.04,0.17,0,0,1751,fr FRA,MF,fr Ligue 1,32-296,1993.0,16,1256,79,53.7,14.0,14,87.0,10,2,18.0,0,1.25,17,18,-1,-0.07,0.84,1401,fr FRA,MF,fr Ligue 1,32-296,1993.0,14.0,4,0,0,22,16,0,8,10,27,0
Pierre Lees-Melou,fr FRA,MF,Brest,fr Ligue 1,32.0,1993.0,2,2,180,2.0,0,0,0,0,0,0,0,0,0.0,1402,fr FRA,MF,fr Ligue 1,32-296,1993.0,2.0,0,4,0,0.0,2.0,0.0,0.0,,0,0,1752,fr FRA,MF,fr Ligue 1,32-296,1993.0,2,180,90,7.7,2.0,2,90.0,2,0,,0,0.5,3,5,-2,-1.0,-1.0,1402,fr FRA,MF,fr Ligue 1,32-296,1993.0,2.0,0,0,0,2,5,0,5,0,4,0
Jordan Lefort,fr FRA,DF,Angers,fr Ligue 1,32.0,1993.0,26,26,2340,26.0,0,2,2,0,0,0,2,0,0.08,1403,fr FRA,DF,fr Ligue 1,32-220,1993.0,26.0,0,8,2,25.0,0.31,0.08,0.0,0.0,0,0,1753,fr FRA,DF,fr Ligue 1,32-220,1993.0,26,2340,90,100.0,26.0,26,90.0,26,0,,0,1.23,23,32,-9,-0.35,,1403,fr FRA,DF,fr Ligue 1,32-220,1993.0,26.0,2,0,0,16,14,1,14,36,22,0
Alexander Legendre,ec ECU,MF,Rennes,fr Ligue 1,17.0,2008.0,6,0,45,0.5,0,0,0,0,0,0,0,0,0.0,1404,ec ECU,MF,fr Ligue 1,17-329,2008.0,0.5,0,1,0,0.0,2.0,0.0,0.0,,0,0,1754,ec ECU,MF,fr Ligue 1,17-329,2008.0,6,45,8,1.9,0.5,0,,0,6,8.0,3,1.17,1,3,-2,-4.0,-4.31,1404,ec ECU,MF,fr Ligue 1,17-329,2008.0,0.5,0,0,0,1,1,0,3,0,0,0
Diogo Leite,pt POR,DF,Union Berlin,de Bundesliga,27.0,1999.0,16,16,1355,15.1,0,0,0,0,0,0,2,0,0.0,1405,pt POR,DF,de Bundesliga,27-053,1999.0,15.1,0,9,1,11.1,0.6,0.07,0.0,0.0,0,0,1756,pt POR,DF,de Bundesliga,27-053,1999.0,16,1355,85,57.9,15.1,16,85.0,10,0,,1,1.31,18,21,-3,-0.2,0.53,1405,pt POR,DF,de Bundesliga,27-053,1999.0,15.1,2,0,0,21,17,0,3,24,10,1
Maxim Leitsch,de GER,DF,Mainz 05,de Bundesliga,27.0,1998.0,3,2,162,1.8,0,0,0,0,0,0,0,0,0.0,1406,de GER,DF,de Bundesliga,27-303,1998.0,1.8,0,1,0,0.0,0.56,0.0,0.0,,0,0,1757,de GER,DF,de Bundesliga,27-303,1998.0,3,162,54,6.9,1.8,2,76.0,1,1,10.0,8,1.0,0,4,-4,-2.22,-1.97,1406,de GER,DF,de Bundesliga,27-303,1998.0,1.8,0,0,0,2,1,0,2,5,1,0
Florian Lejeune,fr FRA,DF,Rayo Vallecano,es La Liga,34.0,1991.0,28,28,2510,27.9,0,1,1,0,0,0,4,0,0.04,1407,fr FRA,DF,es La Liga,34-301,1991.0,27.9,0,39,12,30.8,1.4,0.43,0.0,0.0,0,0,1759,fr FRA,DF,es La Liga,34-301,1991.0,28,2510,90,99.6,27.9,28,90.0,27,0,,0,1.14,28,34,-6,-0.22,-0.22,1407,fr FRA,DF,es La Liga,34-301,1991.0,27.9,4,0,0,42,10,1,5,32,34,0
Iñigo Lekue,es ESP,DF,Athletic Club,es La Liga,32.0,1993.0,8,6,434,4.8,0,0,0,0,0,0,2,2,0.0,1409,es ESP,DF,es La Liga,32-317,1993.0,4.8,0,3,1,33.3,0.62,0.21,0.0,0.0,0,0,1761,es ESP,DF,es La Liga,32-317,1993.0,8,434,54,17.2,4.8,6,71.0,3,2,5.0,13,1.33,7,10,-3,-0.62,-0.32,1409,es ESP,DF,es La Liga,32-317,1993.0,4.8,2,2,0,9,0,0,12,3,8,0
Thomas Lemar,fr FRA,MF,Girona,es La Liga,30.0,1995.0,18,11,975,10.8,2,1,3,2,0,0,2,0,0.28,1410,fr FRA,MF,es La Liga,30-125,1995.0,10.8,2,15,7,46.7,1.38,0.65,0.13,0.29,0,0,1762,fr FRA,MF,es La Liga,30-125,1995.0,18,975,54,38.7,10.8,11,71.0,1,7,28.0,1,1.11,13,13,0,0.0,0.7,1410,fr FRA,MF,es La Liga,30-125,1995.0,10.8,2,0,0,16,17,0,40,3,9,0
Tim Lemperle,de GER,FW,Hoffenheim,de Bundesliga,24.0,2002.0,21,16,1341,14.9,7,2,9,6,1,1,1,0,0.54,1412,de GER,FW,de Bundesliga,24-040,2002.0,14.9,7,37,16,43.2,2.48,1.07,0.16,0.38,1,1,1765,de GER,FW,de Bundesliga,24-040,2002.0,21,1341,64,57.3,14.9,16,77.0,1,5,22.0,0,2.05,37,17,20,1.34,1.34,1412,de GER,FW,de Bundesliga,24-040,2002.0,14.9,1,0,0,41,12,15,18,5,12,0
Ruben Lendinez,es ESP,DF,Valencia,es La Liga,23.0,2003.0,1,0,4,0.0,0,0,0,0,0,0,0,0,0.0,1413,es ESP,DF,es La Liga,23-003,2003.0,0.0,0,0,0,,0.0,0.0,,,0,0,1766,es ESP,DF,es La Liga,23-003,2003.0,1,4,4,0.2,0.0,0,,0,1,4.0,16,3.0,0,0,0,0.0,0.43,1413,es ESP,DF,es La Liga,23-003,2003.0,0.0,0,0,0,1,0,0,0,0,1,0
Clément Lenglet,fr FRA,DF,Atlético Madrid,es La Liga,30.0,1995.0,12,12,927,10.3,0,0,0,0,0,0,4,1,0.0,1414,fr FRA,DF,es La Liga,30-273,1995.0,10.3,0,3,0,0.0,0.29,0.0,0.0,,0,0,1767,fr FRA,DF,es La Liga,30-273,1995.0,12,927,77,36.8,10.3,12,77.0,8,0,,12,1.58,15,9,6,0.58,-0.32,1414,fr FRA,DF,es La Liga,30-273,1995.0,10.3,4,1,1,16,4,0,2,12,5,0
Esteban Lepaul,fr FRA,FW,Angers,fr Ligue 1,25.0,2000.0,2,2,174,1.9,1,0,1,1,0,0,0,0,0.52,1417,fr FRA,FW,fr Ligue 1,25-333,2000.0,1.9,1,3,1,33.3,1.55,0.52,0.33,1.0,0,0,1774,fr FRA,FW,fr Ligue 1,25-333,2000.0,2,174,87,7.4,1.9,2,87.0,1,0,,0,1.5,1,1,0,0.0,0.37,1417,fr FRA,FW,fr Ligue 1,25-333,2000.0,1.9,0,0,0,2,1,1,0,0,0,0
Esteban Lepaul,fr FRA,FW,Rennes,fr Ligue 1,25.0,2000.0,24,23,1799,20.0,13,3,16,13,0,1,2,0,0.8,1418,fr FRA,FW,fr Ligue 1,25-333,2000.0,20.0,13,57,25,43.9,2.85,1.25,0.23,0.52,0,1,1775,fr FRA,FW,fr Ligue 1,25-333,2000.0,24,1799,75,76.9,20.0,23,77.0,5,1,29.0,0,1.67,33,25,8,0.4,0.73,1418,fr FRA,FW,fr Ligue 1,25-333,2000.0,20.0,2,0,0,20,10,5,9,2,5,0
Johann Lepenant,fr FRA,MF,Nantes,fr Ligue 1,23.0,2002.0,19,15,1471,16.3,0,1,1,0,0,0,2,0,0.06,1419,fr FRA,MF,fr Ligue 1,23-146,2002.0,16.3,0,14,2,14.3,0.86,0.12,0.0,0.0,0,0,1776,fr FRA,MF,fr Ligue 1,23-146,2002.0,19,1471,77,65.4,16.3,15,88.0,10,4,40.0,0,0.63,14,23,-9,-0.55,0.72,1419,fr FRA,MF,fr Ligue 1,23-146,2002.0,16.3,2,0,0,21,34,0,48,14,39,0
Mehdi Léris,dz ALG,MF,Pisa,it Serie A,27.0,1998.0,26,13,1306,14.5,1,3,4,1,0,0,2,0,0.28,1420,dz ALG,MF,it Serie A,27-298,1998.0,14.5,1,21,6,28.6,1.45,0.41,0.05,0.17,0,0,1777,dz ALG,MF,it Serie A,27-298,1998.0,26,1306,50,50.0,14.5,13,72.0,2,13,28.0,3,0.62,14,26,-12,-0.83,0.14,1420,dz ALG,MF,it Serie A,27-298,1998.0,14.5,2,0,0,19,18,4,74,13,20,0
Robert Lewandowski,pl POL,FW,Barcelona,es La Liga,37.0,1988.0,23,11,1149,12.8,11,1,12,10,1,3,2,0,0.86,1423,pl POL,FW,es La Liga,37-208,1988.0,12.8,11,54,25,46.3,4.23,1.96,0.19,0.4,1,3,1783,pl POL,FW,es La Liga,37-208,1988.0,23,1149,50,45.6,12.8,11,79.0,6,12,23.0,2,2.52,42,13,29,2.27,0.96,1423,pl POL,FW,es La Liga,37-208,1988.0,12.8,2,0,0,10,15,13,0,2,3,0
Jamie Leweling,de GER,MF,Stuttgart,de Bundesliga,25.0,2001.0,25,20,1842,20.5,7,6,13,7,0,0,4,0,0.64,1424,de GER,MF,de Bundesliga,25-019,2001.0,20.5,7,40,17,42.5,1.95,0.83,0.18,0.41,0,0,1784,de GER,MF,de Bundesliga,25-019,2001.0,25,1842,74,78.7,20.5,20,85.0,8,5,30.0,0,1.88,37,27,10,0.49,-0.78,1424,de GER,MF,de Bundesliga,25-019,2001.0,20.5,4,0,0,14,33,8,96,12,9,0
Philipp Lienhart,at AUT,DF,Freiburg,de Bundesliga,29.0,1996.0,12,11,896,10.0,0,0,0,0,0,0,4,1,0.0,1428,at AUT,DF,de Bundesliga,29-249,1996.0,10.0,0,5,1,20.0,0.5,0.1,0.0,0.0,0,0,1791,at AUT,DF,de Bundesliga,29-249,1996.0,12,896,75,38.3,10.0,11,80.0,7,1,14.0,2,1.42,17,15,2,0.2,0.7,1428,at AUT,DF,de Bundesliga,29-249,1996.0,10.0,4,1,1,6,5,1,12,9,8,0
Jesper Lindstrøm,dk DEN,MF,Wolfsburg,de Bundesliga,26.0,2000.0,9,2,245,2.7,0,0,0,0,0,0,2,0,0.0,1432,dk DEN,MF,de Bundesliga,26-016,2000.0,2.7,0,6,4,66.7,2.2,1.47,0.0,0.0,0,0,1796,dk DEN,MF,de Bundesliga,26-016,2000.0,9,245,27,10.5,2.7,2,61.0,0,7,18.0,0,0.33,4,7,-3,-1.1,-0.33,1432,dk DEN,MF,de Bundesliga,26-016,2000.0,2.7,2,0,0,5,2,0,4,0,4,0
Luca Lipani,it ITA,MF,Sassuolo,it Serie A,20.0,2005.0,15,8,722,8.0,0,0,0,0,0,0,1,0,0.0,1433,it ITA,MF,it Serie A,20-303,2005.0,8.0,0,10,2,20.0,1.25,0.25,0.0,0.0,0,0,1797,it ITA,MF,it Serie A,20-303,2005.0,15,722,48,27.7,8.0,8,72.0,2,7,21.0,13,1.13,10,11,-1,-0.12,0.02,1433,it ITA,MF,it Serie A,20-303,2005.0,8.0,1,0,0,23,4,0,4,8,14,0
Pol Lirola,es ESP,MF,Hellas Verona,it Serie A,28.0,1997.0,4,3,231,2.6,0,0,0,0,0,0,1,0,0.0,1434,es ESP,MF,it Serie A,28-216,1997.0,2.6,0,0,0,,0.0,0.0,,,0,0,1798,es ESP,MF,it Serie A,28-216,1997.0,4,231,58,8.9,2.6,3,70.0,0,1,21.0,1,0.5,1,5,-4,-1.56,-0.61,1434,es ESP,MF,it Serie A,28-216,1997.0,2.6,1,0,0,3,0,0,9,1,3,0
Joseph Liteta,zm ZAM,MF,Cagliari,it Serie A,20.0,2006.0,4,4,264,2.9,0,0,0,0,0,0,0,0,0.0,1437,zm ZAM,MF,it Serie A,20-023,2006.0,2.9,0,0,0,,0.0,0.0,,,0,0,1801,zm ZAM,MF,it Serie A,20-023,2006.0,4,264,66,10.1,2.9,4,66.0,1,0,,16,0.5,3,6,-3,-1.02,-0.75,1437,zm ZAM,MF,it Serie A,20-023,2006.0,2.9,0,0,0,4,0,0,0,8,2,0
Marin Ljubicic,hr CRO,FW,Union Berlin,de Bundesliga,24.0,2002.0,2,0,22,0.2,2,0,2,2,0,0,0,0,8.18,1439,hr CRO,FW,de Bundesliga,24-017,2002.0,0.2,2,2,2,100.0,8.18,8.18,1.0,1.0,0,0,1805,hr CRO,FW,de Bundesliga,24-017,2002.0,2,22,11,0.9,0.2,0,,0,2,11.0,9,1.0,2,0,2,8.18,8.69,1439,hr CRO,FW,de Bundesliga,24-017,2002.0,0.2,0,0,0,2,0,0,0,0,0,0
Javier Llabrés,es ESP,MF,Mallorca,es La Liga,23.0,2002.0,14,1,168,1.9,0,0,0,0,0,0,0,0,0.0,1440,es ESP,MF,es La Liga,23-187,2002.0,1.9,0,4,1,25.0,2.14,0.54,0.0,0.0,0,0,1806,es ESP,MF,es La Liga,23-187,2002.0,14,168,12,6.7,1.9,1,61.0,0,13,8.0,10,0.79,3,4,-1,-0.54,-0.11,1440,es ESP,MF,es La Liga,23-187,2002.0,1.9,0,0,0,3,3,0,9,0,2,0
Diego Llorente,es ESP,DF,Real Betis,es La Liga,32.0,1993.0,10,7,540,6.0,1,0,1,1,0,0,3,0,0.17,1441,es ESP,DF,es La Liga,32-213,1993.0,6.0,1,2,1,50.0,0.33,0.17,0.5,1.0,0,0,1807,es ESP,DF,es La Liga,32-213,1993.0,10,540,54,21.4,6.0,7,65.0,3,3,28.0,11,1.5,12,5,7,1.17,1.12,1441,es ESP,DF,es La Liga,32-213,1993.0,6.0,3,0,0,7,9,0,0,11,6,0
Gautier Lloris,fr FRA,DF,Le Havre,fr Ligue 1,30.0,1995.0,22,21,1768,19.6,1,1,2,1,0,0,1,1,0.1,1443,fr FRA,DF,fr Ligue 1,30-242,1995.0,19.6,1,9,3,33.3,0.46,0.15,0.11,0.33,0,0,1809,fr FRA,DF,fr Ligue 1,30-242,1995.0,22,1768,80,75.6,19.6,21,84.0,18,1,12.0,0,1.0,15,22,-7,-0.36,0.43,1443,fr FRA,DF,fr Ligue 1,30-242,1995.0,19.6,1,1,0,22,12,0,0,36,20,1
Giovani Lo Celso,ar ARG,MF,Real Betis,es La Liga,29.0,1996.0,17,11,1094,12.2,2,2,4,2,0,0,3,0,0.33,1444,ar ARG,MF,es La Liga,29-342,1996.0,12.2,2,27,10,37.0,2.22,0.82,0.07,0.2,0,0,1810,ar ARG,MF,es La Liga,29-342,1996.0,17,1094,64,43.4,12.2,11,79.0,2,6,38.0,2,1.53,18,13,5,0.41,0.22,1444,ar ARG,MF,es La Liga,29-342,1996.0,12.2,3,0,0,7,38,4,48,5,10,0
Stanislav Lobotka,sk SVK,MF,Napoli,it Serie A,31.0,1994.0,23,20,1791,19.9,1,1,2,1,0,0,1,0,0.1,1446,sk SVK,MF,it Serie A,31-112,1994.0,19.9,1,7,4,57.1,0.35,0.2,0.14,0.25,0,0,1812,sk SVK,MF,it Serie A,31-112,1994.0,23,1791,78,68.6,19.9,20,86.0,15,3,22.0,0,1.91,31,25,6,0.3,-0.69,1446,sk SVK,MF,it Serie A,31-112,1994.0,19.9,1,0,0,9,35,0,3,9,12,0
Manuel Locatelli,it ITA,MF,Juventus,it Serie A,28.0,1998.0,27,27,2184,24.3,1,2,3,1,0,0,5,0,0.12,1447,it ITA,MF,it Serie A,28-068,1998.0,24.3,1,31,9,29.0,1.28,0.37,0.03,0.11,0,0,1813,it ITA,MF,it Serie A,28-068,1998.0,27,2184,81,83.7,24.3,27,81.0,15,0,,1,1.89,39,22,17,0.7,-0.57,1447,it ITA,MF,it Serie A,28-068,1998.0,24.3,5,0,0,39,35,0,10,30,48,0
Bradley Locko,fr FRA,DF,Brest,fr Ligue 1,23.0,2002.0,18,13,1172,13.0,0,1,1,0,0,0,0,0,0.08,1448,fr FRA,DF,fr Ligue 1,23-315,2002.0,13.0,0,2,1,50.0,0.15,0.08,0.0,0.0,0,0,1814,fr FRA,DF,fr Ligue 1,23-315,2002.0,18,1172,65,50.1,13.0,13,83.0,7,5,19.0,1,1.22,17,19,-2,-0.15,-0.15,1448,fr FRA,DF,fr Ligue 1,23-315,2002.0,13.0,0,0,0,11,17,2,30,9,26,0
Ademola Lookman,ng NGA,FW,Atlético Madrid,es La Liga,28.0,1997.0,6,4,279,3.1,1,0,1,1,0,0,1,0,0.32,1452,ng NGA,FW,es La Liga,28-148,1997.0,3.1,1,11,2,18.2,3.55,0.65,0.09,0.5,0,0,1819,ng NGA,FW,es La Liga,28-148,1997.0,6,279,47,11.1,3.1,4,57.0,0,2,27.0,0,2.0,4,4,0,0.0,-0.88,1452,ng NGA,FW,es La Liga,28-148,1997.0,3.1,1,0,0,3,3,4,6,1,1,0
David López,es ESP,DF,Mallorca,es La Liga,23.0,2003.0,6,5,459,5.1,0,0,0,0,0,0,1,0,0.0,1454,es ESP,DF,es La Liga,23-042,2003.0,5.1,0,3,0,0.0,0.59,0.0,0.0,,0,0,1822,es ESP,DF,es La Liga,23-042,2003.0,6,459,77,18.2,5.1,5,84.0,4,1,38.0,22,0.67,6,12,-6,-1.18,-0.91,1454,es ESP,DF,es La Liga,23-042,2003.0,5.1,1,0,0,5,3,0,0,6,2,1
David López,es ESP,DF,Girona,es La Liga,36.0,1989.0,4,2,203,2.3,0,0,0,0,0,0,0,0,0.0,1455,es ESP,DF,es La Liga,36-159,1989.0,2.3,0,1,1,100.0,0.44,0.44,0.0,0.0,0,0,1823,es ESP,DF,es La Liga,36-159,1989.0,4,203,51,8.1,2.3,2,77.0,1,2,25.0,10,0.75,1,6,-5,-2.22,-1.94,1455,es ESP,DF,es La Liga,36-159,1989.0,2.3,0,0,0,1,0,1,0,0,1,0
Fermin López,es ESP,MF,Barcelona,es La Liga,22.0,2003.0,22,12,1261,14.0,5,8,13,5,0,0,2,0,0.93,1459,es ESP,MF,es La Liga,22-310,2003.0,14.0,5,48,17,35.4,3.43,1.21,0.1,0.29,0,0,1827,es ESP,MF,es La Liga,22-310,2003.0,22,1261,57,50.0,14.0,12,79.0,6,10,32.0,1,2.5,43,15,28,2.0,0.5,1459,es ESP,MF,es La Liga,22-310,2003.0,14.0,2,0,0,17,15,4,27,6,13,0
Hugo López,es ESP,MF,Villarreal,es La Liga,19.0,2007.0,2,1,56,0.6,0,0,0,0,0,0,0,0,0.0,1460,es ESP,MF,es La Liga,19-075,2007.0,0.6,0,0,0,,0.0,0.0,,,0,0,1828,es ESP,MF,es La Liga,19-075,2007.0,2,56,28,2.2,0.6,1,45.0,0,1,11.0,8,1.5,0,2,-2,-3.21,-3.94,1460,es ESP,MF,es La Liga,19-075,2007.0,0.6,0,0,0,2,0,0,2,1,1,0
Javi López,es ESP,DF,Oviedo,es La Liga,23.0,2002.0,16,13,1112,12.4,0,0,0,0,0,0,2,0,0.0,1461,es ESP,DF,es La Liga,23-357,2002.0,12.4,0,4,0,0.0,0.32,0.0,0.0,,0,0,1829,es ESP,DF,es La Liga,23-357,2002.0,16,1112,70,44.1,12.4,13,83.0,9,3,11.0,7,0.81,9,18,-9,-0.73,0.36,1461,es ESP,DF,es La Liga,23-357,2002.0,12.4,2,0,0,28,23,1,36,12,17,0
Maxime Lopez,fr FRA,MF,Paris FC,fr Ligue 1,28.0,1997.0,20,19,1686,18.7,0,3,3,0,0,0,9,0,0.16,1463,fr FRA,MF,fr Ligue 1,28-103,1997.0,18.7,0,8,5,62.5,0.43,0.27,0.0,0.0,0,0,1831,fr FRA,MF,fr Ligue 1,28-103,1997.0,20,1686,84,72.1,18.7,19,87.0,17,1,31.0,1,1.05,21,31,-10,-0.53,-0.26,1463,fr FRA,MF,fr Ligue 1,28-103,1997.0,18.7,9,0,0,27,8,3,71,8,14,0
Unai López,es ESP,MF,Rayo Vallecano,es La Liga,30.0,1995.0,20,15,1179,13.1,0,3,3,0,0,0,7,1,0.23,1465,es ESP,MF,es La Liga,30-138,1995.0,13.1,0,16,3,18.8,1.22,0.23,0.0,0.0,0,0,1834,es ESP,MF,es La Liga,30-138,1995.0,20,1179,59,46.8,13.1,15,73.0,3,5,17.0,3,1.3,13,10,3,0.23,0.83,1465,es ESP,MF,es La Liga,30-138,1995.0,13.1,7,1,1,26,10,1,40,14,12,0
Dachi Lordkipanidze,ge GEO,MF,Cremonese,it Serie A,21.0,2005.0,1,0,29,0.3,0,0,0,0,0,0,0,0,0.0,1466,ge GEO,MF,it Serie A,21-009,2005.0,0.3,0,0,0,,0.0,0.0,,,0,0,1835,ge GEO,MF,it Serie A,21-009,2005.0,1,29,29,1.1,0.3,0,,0,1,29.0,20,1.0,0,0,0,0.0,0.73,1466,ge GEO,MF,it Serie A,21-009,2005.0,0.3,0,0,0,0,0,0,0,0,0,0
Lorran,br BRA,FW,Pisa,it Serie A,19.0,2006.0,8,0,111,1.2,1,0,1,1,0,0,0,0,0.81,1467,br BRA,FW,it Serie A,19-256,2006.0,1.2,1,3,1,33.3,2.43,0.81,0.33,1.0,0,0,1836,br BRA,FW,it Serie A,19-256,2006.0,8,111,14,4.3,1.2,0,,0,8,14.0,16,0.13,2,7,-5,-4.05,-3.3,1467,br BRA,FW,it Serie A,19-256,2006.0,1.2,0,0,0,0,2,0,5,3,3,0
Iker Losada,es ESP,MF,Levante,es La Liga,24.0,2001.0,16,7,583,6.5,2,1,3,2,0,0,1,0,0.46,1468,es ESP,MF,es La Liga,24-228,2001.0,6.5,2,11,3,27.3,1.7,0.46,0.18,0.67,0,0,1837,es ESP,MF,es La Liga,24-228,2001.0,16,583,36,23.1,6.5,7,64.0,0,9,15.0,11,0.81,7,7,0,0.0,0.74,1468,es ESP,MF,es La Liga,24-228,2001.0,6.5,1,0,0,5,4,1,15,7,7,0
Tom Louchet,fr FRA,MF,Nice,fr Ligue 1,22.0,2003.0,21,12,1133,12.6,3,2,5,3,0,0,1,1,0.4,1469,fr FRA,MF,fr Ligue 1,22-317,2003.0,12.6,3,20,6,30.0,1.59,0.48,0.15,0.5,0,0,1839,fr FRA,MF,fr Ligue 1,22-317,2003.0,21,1133,54,48.4,12.6,12,77.0,2,9,23.0,2,1.19,13,23,-10,-0.79,-0.35,1469,fr FRA,MF,fr Ligue 1,22-317,2003.0,12.6,1,1,0,14,11,0,39,9,12,0
Marius Louer,fr FRA,MF,Angers,fr Ligue 1,19.0,2007.0,3,0,23,0.3,0,0,0,0,0,0,0,0,0.0,1470,fr FRA,MF,fr Ligue 1,19-006,2007.0,0.3,0,0,0,,0.0,0.0,,,0,0,1840,fr FRA,MF,fr Ligue 1,19-006,2007.0,3,23,8,1.0,0.3,0,,0,3,8.0,7,0.0,1,1,0,0.0,0.35,1470,fr FRA,MF,fr Ligue 1,19-006,2007.0,0.3,0,0,0,0,1,0,2,0,0,0
Sandi Lovrić,si SVN,MF,Udinese,it Serie A,27.0,1998.0,6,1,161,1.8,0,1,1,0,0,0,1,0,0.56,1471,si SVN,MF,it Serie A,27-354,1998.0,1.8,0,3,1,33.3,1.68,0.56,0.0,0.0,0,0,1841,si SVN,MF,it Serie A,27-354,1998.0,6,161,27,6.2,1.8,1,60.0,0,5,20.0,14,0.67,2,5,-3,-1.68,-1.46,1471,si SVN,MF,it Serie A,27-354,1998.0,1.8,1,0,0,4,1,0,16,4,4,0
Sandi Lovrić,si SVN,MF,Hellas Verona,it Serie A,27.0,1998.0,1,1,84,0.9,0,0,0,0,0,0,0,0,0.0,1472,si SVN,MF,it Serie A,27-354,1998.0,0.9,0,1,0,0.0,1.07,0.0,0.0,,0,0,1842,si SVN,MF,it Serie A,27-354,1998.0,1,84,84,3.2,0.9,1,84.0,0,0,,0,1.0,0,0,0,0.0,1.03,1472,si SVN,MF,it Serie A,27-354,1998.0,0.9,0,0,0,1,1,0,8,0,2,0
Felipe Loyola,cl CHI,MF,Pisa,it Serie A,25.0,2000.0,5,3,284,3.2,1,0,1,1,0,0,0,0,0.32,1473,cl CHI,MF,it Serie A,25-128,2000.0,3.2,1,3,1,33.3,0.95,0.32,0.33,1.0,0,0,1843,cl CHI,MF,it Serie A,25-128,2000.0,5,284,57,10.9,3.2,3,69.0,0,2,38.0,3,0.2,2,7,-5,-1.58,-0.77,1473,cl CHI,MF,it Serie A,25-128,2000.0,3.2,0,0,0,5,2,0,3,6,3,0
Pol Lozano,es ESP,MF,Espanyol,es La Liga,26.0,1999.0,26,23,1788,19.9,1,1,2,1,0,0,7,0,0.1,1474,es ESP,MF,es La Liga,26-162,1999.0,19.9,1,15,4,26.7,0.76,0.2,0.07,0.25,0,0,1845,es ESP,MF,es La Liga,26-162,1999.0,26,1788,69,71.0,19.9,23,75.0,8,3,21.0,1,1.38,25,32,-7,-0.35,-0.35,1474,es ESP,MF,es La Liga,26-162,1999.0,19.9,7,0,0,51,23,0,25,20,16,0
Sergio Lozano,es ESP,MF,Levante,es La Liga,26.0,1999.0,1,0,12,0.1,0,0,0,0,0,0,0,0,0.0,1475,es ESP,MF,es La Liga,26-358,1999.0,0.1,0,0,0,,0.0,0.0,,,0,0,1846,es ESP,MF,es La Liga,26-358,1999.0,1,12,12,0.5,0.1,0,,0,1,12.0,2,0.0,0,1,-1,-7.5,-6.96,1475,es ESP,MF,es La Liga,26-358,1999.0,0.1,0,0,0,0,0,0,0,0,1,0
Lorenzo Lucca,it ITA,FW,Napoli,it Serie A,25.0,2000.0,16,4,408,4.5,1,0,1,1,0,0,1,0,0.22,1477,it ITA,FW,it Serie A,25-188,2000.0,4.5,1,15,5,33.3,3.31,1.1,0.07,0.2,0,0,1848,it ITA,FW,it Serie A,25-188,2000.0,16,408,26,15.6,4.5,4,72.0,0,12,10.0,4,1.88,4,3,1,0.22,-0.35,1477,it ITA,FW,it Serie A,25-188,2000.0,4.5,1,0,0,17,12,4,0,0,0,0
Jhon Lucumí,co COL,DF,Bologna,it Serie A,27.0,1998.0,21,19,1641,18.2,1,0,1,1,0,0,4,0,0.05,1479,co COL,DF,it Serie A,27-264,1998.0,18.2,1,7,2,28.6,0.38,0.11,0.14,0.5,0,0,1851,co COL,DF,it Serie A,27-264,1998.0,21,1641,78,62.9,18.2,19,84.0,16,2,26.0,4,1.52,23,17,6,0.33,0.51,1479,co COL,DF,it Serie A,27-264,1998.0,18.2,4,0,0,13,15,1,1,27,16,0
Oier Luengo,es ESP,DF,Oviedo,es La Liga,28.0,1997.0,3,3,225,2.5,0,1,1,0,0,0,1,0,0.4,1480,es ESP,DF,es La Liga,28-126,1997.0,2.5,0,1,0,0.0,0.4,0.0,0.0,,0,0,1852,es ESP,DF,es La Liga,28-126,1997.0,3,225,75,8.9,2.5,3,75.0,2,0,,12,0.25,2,6,-4,-1.6,-0.74,1480,es ESP,DF,es La Liga,28-126,1997.0,2.5,1,0,0,2,1,0,0,2,5,0
José Luis Gayà,es ESP,DF,Valencia,es La Liga,30.0,1995.0,24,23,1868,20.8,1,1,2,1,0,0,6,1,0.1,1482,es ESP,DF,es La Liga,30-296,1995.0,20.8,1,9,2,22.2,0.43,0.1,0.11,0.5,0,0,1855,es ESP,DF,es La Liga,30-296,1995.0,24,1868,78,74.1,20.8,23,81.0,13,1,9.0,2,1.08,17,31,-14,-0.67,-0.95,1482,es ESP,DF,es La Liga,30-296,1995.0,20.8,6,1,0,20,13,2,70,15,30,0
José Luis Morales,es ESP,MF,Levante,es La Liga,38.0,1987.0,19,1,338,3.8,1,1,2,0,1,1,1,0,0.27,1483,es ESP,MF,es La Liga,38-237,1987.0,3.8,1,9,4,44.4,2.4,1.07,0.0,0.0,1,1,1858,es ESP,MF,es La Liga,38-237,1987.0,19,338,18,13.4,3.8,1,58.0,0,18,16.0,8,0.89,8,7,1,0.27,0.97,1483,es ESP,MF,es La Liga,38-237,1987.0,3.8,1,0,0,3,4,4,9,3,4,0
Romelu Lukaku,be BEL,FW,Napoli,it Serie A,32.0,1993.0,5,0,44,0.5,1,0,1,1,0,0,1,0,2.05,1486,be BEL,FW,it Serie A,32-308,1993.0,0.5,1,2,1,50.0,4.09,2.05,0.5,1.0,0,0,1861,be BEL,FW,it Serie A,32-308,1993.0,5,44,9,1.7,0.5,0,,0,5,9.0,3,1.8,1,2,-1,-2.05,-2.61,1486,be BEL,FW,it Serie A,32-308,1993.0,0.5,1,0,0,2,0,0,0,0,0,0
Castello Lukeba,fr FRA,DF,RB Leipzig,de Bundesliga,23.0,2002.0,21,20,1806,20.1,1,0,1,1,0,0,2,0,0.05,1487,fr FRA,DF,de Bundesliga,23-090,2002.0,20.1,1,8,2,25.0,0.4,0.1,0.13,0.5,0,0,1862,fr FRA,DF,de Bundesliga,23-090,2002.0,21,1806,86,77.2,20.1,20,90.0,19,1,9.0,1,1.9,39,26,13,0.65,0.65,1487,fr FRA,DF,de Bundesliga,23-090,2002.0,20.1,2,0,0,10,8,0,3,29,10,0
Dodi Lukebakio,be BEL,MF,Sevilla,es La Liga,28.0,1997.0,2,2,180,2.0,1,0,1,1,0,0,0,0,0.5,1488,be BEL,MF,es La Liga,28-174,1997.0,2.0,1,2,1,50.0,1.0,0.5,0.5,1.0,0,0,1863,be BEL,MF,es La Liga,28-174,1997.0,2,180,90,7.1,2.0,2,90.0,2,0,,0,0.0,3,5,-2,-1.0,-0.69,1488,be BEL,MF,es La Liga,28-174,1997.0,2.0,0,0,0,3,3,0,10,1,0,0
Sebastiano Luperto,it ITA,DF,Cremonese,it Serie A,29.0,1996.0,6,6,540,6.0,0,1,1,0,0,0,1,0,0.17,1491,it ITA,DF,it Serie A,29-192,1996.0,6.0,0,2,1,50.0,0.33,0.17,0.0,0.0,0,0,1869,it ITA,DF,it Serie A,29-192,1996.0,6,540,90,20.7,6.0,6,90.0,6,0,,0,0.17,3,13,-10,-1.67,-1.19,1491,it ITA,DF,it Serie A,29-192,1996.0,6.0,1,0,0,5,8,1,8,3,3,0
Sebastiano Luperto,it ITA,DF,Cagliari,it Serie A,29.0,1996.0,19,19,1706,19.0,1,0,1,1,0,0,3,0,0.05,1492,it ITA,DF,it Serie A,29-192,1996.0,19.0,1,7,3,42.9,0.37,0.16,0.14,0.33,0,0,1870,it ITA,DF,it Serie A,29-192,1996.0,19,1706,90,65.4,19.0,19,90.0,18,0,,4,1.32,22,24,-2,-0.11,0.69,1492,it ITA,DF,it Serie A,29-192,1996.0,19.0,3,0,0,23,17,0,1,19,12,0
Mateus Lusuardi,br BRA,DF,Pisa,it Serie A,22.0,2004.0,3,3,198,2.2,0,0,0,0,0,0,1,0,0.0,1493,br BRA,DF,it Serie A,22-068,2004.0,2.2,0,4,0,0.0,1.82,0.0,0.0,,0,0,1873,br BRA,DF,it Serie A,22-068,2004.0,3,198,66,7.6,2.2,3,66.0,1,0,,5,0.0,2,5,-3,-1.36,-0.51,1493,br BRA,DF,it Serie A,22-068,2004.0,2.2,1,0,0,4,0,0,1,0,2,0
Babis Lykogiannis,gr GRE,DF,Bologna,it Serie A,32.0,1993.0,10,7,627,7.0,0,1,1,0,0,0,3,0,0.14,1496,gr GRE,DF,it Serie A,32-146,1993.0,7.0,0,7,2,28.6,1.0,0.29,0.0,0.0,0,0,1876,gr GRE,DF,it Serie A,32-146,1993.0,10,627,63,24.0,7.0,7,81.0,4,3,19.0,16,0.7,5,8,-3,-0.43,-0.75,1496,gr GRE,DF,it Serie A,32-146,1993.0,7.0,3,0,0,8,1,0,45,6,10,0
Senne Lynen,be BEL,MF,Werder Bremen,de Bundesliga,27.0,1999.0,24,24,2122,23.6,0,0,0,0,0,0,4,0,0.0,1497,be BEL,MF,de Bundesliga,27-026,1999.0,23.6,0,17,2,11.8,0.72,0.08,0.0,0.0,0,0,1877,be BEL,MF,de Bundesliga,27-026,1999.0,24,2122,88,90.7,23.6,24,88.0,19,0,,0,1.0,26,41,-15,-0.64,0.6,1497,be BEL,MF,de Bundesliga,27-026,1999.0,23.6,4,0,0,31,9,0,12,50,19,0
Mathias Løvik,no NOR,MF,Parma,it Serie A,22.0,2003.0,9,5,471,5.2,0,0,0,0,0,0,0,0,0.0,1498,no NOR,MF,it Serie A,22-101,2003.0,5.2,0,3,0,0.0,0.57,0.0,0.0,,0,0,1879,no NOR,MF,it Serie A,22-101,2003.0,9,471,52,18.0,5.2,5,79.0,2,4,19.0,10,1.0,5,8,-3,-0.57,-0.07,1498,no NOR,MF,it Serie A,22-101,2003.0,5.2,0,0,0,3,2,2,15,7,8,0
Deiver Machado,co COL,MF,Lens,fr Ligue 1,32.0,1993.0,5,4,273,3.0,0,0,0,0,0,0,1,0,0.0,1502,co COL,MF,fr Ligue 1,32-196,1993.0,3.0,0,6,1,16.7,1.98,0.33,0.0,0.0,0,0,1884,co COL,MF,fr Ligue 1,32-196,1993.0,5,273,55,11.7,3.0,4,68.0,1,1,1.0,3,1.8,2,3,-1,-0.33,-1.51,1502,co COL,MF,fr Ligue 1,32-196,1993.0,3.0,1,0,0,4,8,0,4,3,1,0
Koki Machida,jp JPN,DF,Hoffenheim,de Bundesliga,28.0,1997.0,1,1,44,0.5,0,0,0,0,0,0,1,0,0.0,1503,jp JPN,DF,de Bundesliga,28-204,1997.0,0.5,0,0,0,,0.0,0.0,,,0,0,1885,jp JPN,DF,de Bundesliga,28-204,1997.0,1,44,44,1.9,0.5,1,44.0,0,0,,0,3.0,1,1,0,0.0,-0.78,1503,jp JPN,DF,de Bundesliga,28-204,1997.0,0.5,1,0,0,2,0,0,0,1,0,0
Lanroy Machine,fr FRA,MF,Angers,fr Ligue 1,20.0,2005.0,14,0,231,2.6,0,0,0,0,0,0,0,0,0.0,1504,fr FRA,MF,fr Ligue 1,20-155,2005.0,2.6,0,9,2,22.2,3.51,0.78,0.0,0.0,0,0,1886,fr FRA,MF,fr Ligue 1,20-155,2005.0,14,231,17,9.9,2.6,0,,0,14,17.0,4,1.14,4,1,3,1.17,1.68,1504,fr FRA,MF,fr Ligue 1,20-155,2005.0,2.6,0,0,0,5,2,1,3,0,3,0
Carlos Macià,es ESP,MF,Villarreal,es La Liga,17.0,2008.0,4,0,81,0.9,0,0,0,0,0,0,1,0,0.0,1506,es ESP,MF,es La Liga,17-197,2008.0,0.9,0,1,0,0.0,1.11,0.0,0.0,,0,0,1888,es ESP,MF,es La Liga,17-197,2008.0,4,81,20,3.2,0.9,0,,0,4,20.0,3,1.5,2,1,1,1.11,0.48,1506,es ESP,MF,es La Liga,17-197,2008.0,0.9,1,0,0,1,0,0,0,2,0,0
Brian Madjo,lu LUX,FW,Metz,fr Ligue 1,17.0,2009.0,5,2,157,1.7,0,0,0,0,0,0,0,0,0.0,1507,lu LUX,FW,fr Ligue 1,17-064,2009.0,1.7,0,3,1,33.3,1.72,0.57,0.0,0.0,0,0,1889,lu LUX,FW,fr Ligue 1,17-064,2009.0,5,157,31,6.7,1.7,2,69.0,0,3,7.0,4,0.0,0,3,-3,-1.72,-0.4,1507,lu LUX,FW,fr Ligue 1,17-064,2009.0,1.7,0,0,0,3,3,3,0,0,0,0
Pablo Maffeo,es ESP,DF,Mallorca,es La Liga,28.0,1997.0,23,22,1958,21.8,1,0,1,1,0,0,7,0,0.05,1509,es ESP,DF,es La Liga,28-248,1997.0,21.8,1,5,1,20.0,0.23,0.05,0.2,1.0,0,0,1891,es ESP,DF,es La Liga,28-248,1997.0,23,1958,85,77.7,21.8,22,87.0,14,1,45.0,1,1.0,24,30,-6,-0.28,0.69,1509,es ESP,DF,es La Liga,28-248,1997.0,21.8,7,0,0,17,16,0,62,25,24,1
Hugo Magnetti,fr FRA,MF,Brest,fr Ligue 1,27.0,1998.0,25,24,2081,23.1,1,1,2,1,0,0,4,1,0.09,1512,fr FRA,MF,fr Ligue 1,27-291,1998.0,23.1,1,18,3,16.7,0.78,0.13,0.06,0.33,0,0,1894,fr FRA,MF,fr Ligue 1,27-291,1998.0,25,2081,83,88.9,23.1,24,86.0,16,1,20.0,0,1.44,32,29,3,0.13,1.87,1512,fr FRA,MF,fr Ligue 1,27-291,1998.0,23.1,4,1,0,27,28,0,14,38,36,0
Arne Maier,de GER,MF,Augsburg,de Bundesliga,27.0,1999.0,1,0,4,0.0,0,0,0,0,0,0,0,0,0.0,1515,de GER,MF,de Bundesliga,27-068,1999.0,0.0,0,0,0,,0.0,0.0,,,0,0,1897,de GER,MF,de Bundesliga,27-068,1999.0,1,4,4,0.2,0.0,0,,0,1,4.0,10,3.0,0,0,0,0.0,0.54,1515,de GER,MF,de Bundesliga,27-068,1999.0,0.0,0,0,0,0,0,0,1,1,1,0
Patrick Mainka,de GER,DF,Heidenheim,de Bundesliga,31.0,1994.0,26,26,2340,26.0,1,1,2,1,0,0,1,0,0.08,1518,de GER,DF,de Bundesliga,31-131,1994.0,26.0,1,26,5,19.2,1.0,0.19,0.04,0.2,0,0,1900,de GER,DF,de Bundesliga,31-131,1994.0,26,2340,90,100.0,26.0,26,90.0,26,0,,0,0.54,24,58,-34,-1.31,,1518,de GER,DF,de Bundesliga,31-131,1994.0,26.0,1,0,0,5,14,2,0,27,26,0
Lovro Majer,hr CRO,MF,Wolfsburg,de Bundesliga,28.0,1998.0,23,16,1264,14.0,2,3,5,2,0,0,4,0,0.36,1522,hr CRO,MF,de Bundesliga,28-059,1998.0,14.0,2,22,5,22.7,1.57,0.36,0.09,0.4,0,0,1904,hr CRO,MF,de Bundesliga,28-059,1998.0,23,1264,55,54.0,14.0,16,70.0,1,7,20.0,2,0.74,19,29,-10,-0.71,0.21,1522,hr CRO,MF,de Bundesliga,28-059,1998.0,14.0,4,0,0,28,19,3,18,8,16,0
Hamidou Makalou,ml MLI,MF,Brest,fr Ligue 1,19.0,2006.0,11,1,164,1.8,0,0,0,0,0,0,0,0,0.0,1523,ml MLI,MF,fr Ligue 1,19-245,2006.0,1.8,0,2,0,0.0,1.1,0.0,0.0,,0,0,1905,ml MLI,MF,fr Ligue 1,19-245,2006.0,11,164,15,7.0,1.8,1,67.0,0,10,10.0,14,0.73,1,6,-5,-2.74,-2.87,1523,ml MLI,MF,fr Ligue 1,19-245,2006.0,1.8,0,0,0,1,2,0,8,3,1,0
Jean-Victor Makengo,fr FRA,MF,Lorient,fr Ligue 1,27.0,1998.0,23,16,1261,14.0,3,2,5,3,0,0,0,0,0.36,1524,fr FRA,MF,fr Ligue 1,27-278,1998.0,14.0,3,31,11,35.5,2.21,0.79,0.1,0.27,0,0,1906,fr FRA,MF,fr Ligue 1,27-278,1998.0,23,1261,55,53.9,14.0,16,68.0,1,7,24.0,3,1.48,20,20,0,0.0,0.25,1524,fr FRA,MF,fr Ligue 1,27-278,1998.0,14.0,0,0,0,7,28,0,14,9,12,1
Jordy Makengo,fr FRA,DF,Freiburg,de Bundesliga,24.0,2001.0,15,10,945,10.5,0,0,0,0,0,0,1,0,0.0,1525,fr FRA,DF,de Bundesliga,24-226,2001.0,10.5,0,0,0,,0.0,0.0,,,0,0,1907,fr FRA,DF,de Bundesliga,24-226,2001.0,15,945,63,40.4,10.5,10,84.0,7,5,20.0,8,1.13,11,16,-5,-0.48,-0.41,1525,fr FRA,DF,de Bundesliga,24-226,2001.0,10.5,1,0,0,9,8,2,27,8,9,0
Andrija Maksimović,rs SRB,FW,RB Leipzig,de Bundesliga,18.0,2007.0,8,0,93,1.0,0,0,0,0,0,0,0,0,0.0,1526,rs SRB,FW,de Bundesliga,18-285,2007.0,1.0,0,2,0,0.0,1.94,0.0,0.0,,0,0,1908,rs SRB,FW,de Bundesliga,18-285,2007.0,8,93,12,4.0,1.0,0,,0,8,12.0,12,1.63,0,2,-2,-1.94,-2.54,1526,rs SRB,FW,de Bundesliga,18-285,2007.0,1.0,0,0,0,1,2,0,2,0,0,0
Julián Malatini,ar ARG,DF,Werder Bremen,de Bundesliga,24.0,2001.0,11,5,516,5.7,0,0,0,0,0,0,3,0,0.0,1529,ar ARG,DF,de Bundesliga,24-290,2001.0,5.7,0,2,0,0.0,0.35,0.0,0.0,,0,0,1911,ar ARG,DF,de Bundesliga,24-290,2001.0,11,516,47,22.1,5.7,5,71.0,1,6,27.0,7,1.0,4,12,-8,-1.4,-0.9,1529,ar ARG,DF,de Bundesliga,24-290,2001.0,5.7,3,0,0,7,1,0,5,6,6,0
Daniel Maldini,it ITA,FW,Lazio,it Serie A,24.0,2001.0,6,6,453,5.0,1,1,2,1,0,0,0,0,0.4,1530,it ITA,FW,it Serie A,24-157,2001.0,5.0,1,10,3,30.0,1.99,0.6,0.1,0.33,0,0,1912,it ITA,FW,it Serie A,24-157,2001.0,6,453,76,17.4,5.0,6,76.0,2,0,,0,1.83,6,6,0,0.0,-0.04,1530,it ITA,FW,it Serie A,24-157,2001.0,5.0,0,0,0,8,16,3,1,3,8,0
Daniel Maldini,it ITA,MF,Atalanta,it Serie A,24.0,2001.0,9,3,264,2.9,0,0,0,0,0,0,1,0,0.0,1531,it ITA,MF,it Serie A,24-157,2001.0,2.9,0,8,2,25.0,2.73,0.68,0.0,0.0,0,0,1913,it ITA,MF,it Serie A,24-157,2001.0,9,264,29,10.1,2.9,3,63.0,0,6,13.0,12,1.78,1,2,-1,-0.34,-0.88,1531,it ITA,MF,it Serie A,24-157,2001.0,2.9,1,0,0,4,7,0,10,0,2,0
Youssef Maleh,ma MAR,MF,Cremonese,it Serie A,27.0,1998.0,7,7,600,6.7,0,0,0,0,0,0,1,0,0.0,1532,ma MAR,MF,it Serie A,27-207,1998.0,6.7,0,8,1,12.5,1.2,0.15,0.0,0.0,0,0,1914,ma MAR,MF,it Serie A,27-207,1998.0,7,600,86,23.0,6.7,7,86.0,5,0,,0,0.14,3,14,-11,-1.65,-1.2,1532,ma MAR,MF,it Serie A,27-207,1998.0,6.7,1,0,0,18,6,0,22,6,4,0
Youssef Maleh,ma MAR,MF,Lecce,it Serie A,27.0,1998.0,9,5,460,5.1,0,0,0,0,0,0,2,0,0.0,1533,ma MAR,MF,it Serie A,27-207,1998.0,5.1,0,7,1,14.3,1.37,0.2,0.0,0.0,0,0,1915,ma MAR,MF,it Serie A,27-207,1998.0,9,460,51,17.6,5.1,5,82.0,2,4,13.0,9,0.44,3,9,-6,-1.17,-0.67,1533,ma MAR,MF,it Serie A,27-207,1998.0,5.1,2,0,0,9,8,0,12,7,4,0
Donyell Malen,nl NED,FW,Roma,it Serie A,27.0,1999.0,9,9,723,8.0,7,0,7,5,2,2,1,0,0.62,1535,nl NED,FW,it Serie A,27-067,1999.0,8.0,7,40,14,35.0,4.98,1.74,0.13,0.36,2,2,1917,nl NED,FW,it Serie A,27-067,1999.0,9,723,80,27.7,8.0,9,80.0,4,0,,0,1.33,14,9,5,0.62,0.1,1535,nl NED,FW,it Serie A,27-067,1999.0,8.0,1,0,0,7,8,11,2,0,1,0
Ruslan Malinovskyi,ua UKR,MF,Genoa,it Serie A,32.0,1993.0,27,24,1874,20.8,5,3,8,2,3,3,9,0,0.24,1536,ua UKR,MF,it Serie A,32-317,1993.0,20.8,5,40,13,32.5,1.92,0.62,0.05,0.15,3,3,1919,ua UKR,MF,it Serie A,32-317,1993.0,27,1874,69,71.8,20.8,24,74.0,4,3,30.0,1,1.15,26,26,0,0.0,0.49,1536,ua UKR,MF,it Serie A,32-317,1993.0,20.8,9,0,0,32,25,1,47,14,17,0
Aitor Mañas,es ESP,FW,Alavés,es La Liga,23.0,2003.0,6,0,71,0.8,0,0,0,0,0,0,0,0,0.0,1541,es ESP,FW,es La Liga,23-071,2003.0,0.8,0,1,1,100.0,1.27,1.27,0.0,0.0,0,0,1925,es ESP,FW,es La Liga,23-071,2003.0,6,71,12,2.8,0.8,0,,0,6,12.0,6,0.33,2,3,-1,-1.27,-0.86,1541,es ESP,FW,es La Liga,23-071,2003.0,0.8,0,0,0,1,0,0,0,0,2,0
Gianluca Mancini,it ITA,DF,Roma,it Serie A,29.0,1996.0,28,28,2487,27.6,0,2,2,0,0,0,9,0,0.07,1542,it ITA,DF,it Serie A,29-334,1996.0,27.6,0,15,4,26.7,0.54,0.14,0.0,0.0,0,0,1926,it ITA,DF,it Serie A,29-334,1996.0,28,2487,89,95.3,27.6,28,89.0,24,0,,0,1.71,37,21,16,0.58,0.58,1542,it ITA,DF,it Serie A,29-334,1996.0,27.6,9,0,0,59,34,4,22,41,23,0
Aïssa Mandi,dz ALG,DF,Lille,fr Ligue 1,34.0,1991.0,21,20,1704,18.9,1,0,1,1,0,0,7,0,0.05,1544,dz ALG,DF,fr Ligue 1,34-146,1991.0,18.9,1,9,2,22.2,0.48,0.11,0.11,0.5,0,0,1930,dz ALG,DF,fr Ligue 1,34-146,1991.0,21,1704,81,72.8,18.9,20,85.0,16,1,6.0,2,1.71,25,24,1,0.05,-0.8,1544,dz ALG,DF,fr Ligue 1,34-146,1991.0,18.9,7,0,0,13,13,0,8,28,17,0
Rolando Mandragora,it ITA,MF,Fiorentina,it Serie A,28.0,1997.0,28,25,1987,22.1,6,2,8,5,1,1,6,0,0.32,1545,it ITA,MF,it Serie A,28-261,1997.0,22.1,6,55,13,23.6,2.49,0.59,0.09,0.38,1,1,1931,it ITA,MF,it Serie A,28-261,1997.0,28,1987,71,76.1,22.1,25,74.0,8,3,45.0,0,0.89,25,31,-6,-0.27,0.16,1545,it ITA,MF,it Serie A,28-261,1997.0,22.1,6,0,0,29,47,0,64,14,20,0
Filippo Mane,it ITA,DF,Dortmund,de Bundesliga,21.0,2005.0,4,2,131,1.5,0,0,0,0,0,0,0,1,0.0,1546,it ITA,DF,de Bundesliga,21-009,2005.0,1.5,0,0,0,,0.0,0.0,,,0,0,1932,it ITA,DF,de Bundesliga,21-009,2005.0,4,131,33,5.6,1.5,2,65.0,0,2,1.0,5,2.5,4,2,2,1.37,0.27,1546,it ITA,DF,de Bundesliga,21-009,2005.0,1.5,0,1,0,1,2,0,1,2,0,0
Orel Mangala,be BEL,MF,Lyon,fr Ligue 1,27.0,1998.0,4,1,104,1.2,0,0,0,0,0,0,0,0,0.0,1548,be BEL,MF,fr Ligue 1,27-364,1998.0,1.2,0,1,0,0.0,0.87,0.0,0.0,,0,0,1934,be BEL,MF,fr Ligue 1,27-364,1998.0,4,104,26,4.4,1.2,1,71.0,0,3,11.0,1,2.5,0,1,-1,-0.87,-1.43,1548,be BEL,MF,fr Ligue 1,27-364,1998.0,1.2,0,0,0,5,2,0,3,0,3,0
Brad Mantsounga,cg CGO,DF,Nice,fr Ligue 1,18.0,2007.0,1,1,90,1.0,0,0,0,0,0,0,0,0,0.0,1550,cg CGO,DF,fr Ligue 1,18-192,2007.0,1.0,0,0,0,,0.0,0.0,,,0,0,1937,cg CGO,DF,fr Ligue 1,18-192,2007.0,1,90,90,3.8,1.0,1,90.0,1,0,,3,0.0,1,5,-4,-4.0,-3.52,1550,cg CGO,DF,fr Ligue 1,18-192,2007.0,1.0,0,0,0,0,2,0,0,0,3,0
Johan Manzambi,ch SUI,MF,Freiburg,de Bundesliga,20.0,2005.0,20,19,1537,17.1,3,2,5,3,0,0,4,2,0.29,1551,ch SUI,MF,de Bundesliga,20-154,2005.0,17.1,3,35,8,22.9,2.05,0.47,0.09,0.38,0,0,1938,ch SUI,MF,de Bundesliga,20-154,2005.0,20,1537,77,65.7,17.1,19,79.0,6,1,45.0,1,1.2,25,31,-6,-0.35,-0.35,1551,ch SUI,MF,de Bundesliga,20-154,2005.0,17.1,4,2,0,17,58,1,25,21,8,0
Sekou Mara,fr FRA,FW,Auxerre,fr Ligue 1,23.0,2002.0,21,11,941,10.5,0,1,1,0,0,0,0,0,0.1,1552,fr FRA,FW,fr Ligue 1,23-230,2002.0,10.5,0,24,8,33.3,2.3,0.77,0.0,0.0,0,0,1939,fr FRA,FW,fr Ligue 1,23-230,2002.0,21,941,45,40.2,10.5,11,69.0,1,10,19.0,0,0.71,10,15,-5,-0.48,0.29,1552,fr FRA,FW,fr Ligue 1,23-230,2002.0,10.5,0,0,0,25,21,2,0,2,6,0
Alessandro Marcandalli,it ITA,DF,Genoa,it Serie A,23.0,2002.0,23,20,1804,20.0,0,2,2,0,0,0,4,0,0.1,1553,it ITA,DF,it Serie A,23-143,2002.0,20.0,0,3,2,66.7,0.15,0.1,0.0,0.0,0,0,1942,it ITA,DF,it Serie A,23-143,2002.0,23,1804,78,69.1,20.0,20,86.0,17,3,28.0,4,1.35,31,25,6,0.3,1.42,1553,it ITA,DF,it Serie A,23-143,2002.0,20.0,4,0,0,18,9,0,7,12,12,0
Marcão,br BRA,DF,Sevilla,es La Liga,29.0,1996.0,13,11,938,10.4,1,0,1,1,0,0,5,1,0.1,1554,br BRA,DF,es La Liga,29-285,1996.0,10.4,1,10,2,20.0,0.96,0.19,0.1,0.5,0,0,1943,br BRA,DF,es La Liga,29-285,1996.0,13,938,72,37.2,10.4,11,84.0,9,2,8.0,2,1.23,13,15,-2,-0.19,0.26,1554,br BRA,DF,es La Liga,29-285,1996.0,10.4,5,1,1,22,21,1,1,4,4,0
Vincent Marchetti,fr FRA,MF,Paris FC,fr Ligue 1,28.0,1997.0,19,9,764,8.5,2,0,2,2,0,0,1,0,0.24,1556,fr FRA,MF,fr Ligue 1,28-256,1997.0,8.5,2,23,7,30.4,2.71,0.82,0.09,0.29,0,0,1946,fr FRA,MF,fr Ligue 1,28-256,1997.0,19,764,40,32.6,8.5,9,71.0,1,10,12.0,2,0.95,11,19,-8,-0.94,-0.71,1556,fr FRA,MF,fr Ligue 1,28-256,1997.0,8.5,1,0,0,12,4,1,1,4,12,0
Pablo Marí,es ESP,DF,Fiorentina,it Serie A,32.0,1993.0,11,9,808,9.0,0,0,0,0,0,0,3,0,0.0,1557,es ESP,DF,it Serie A,32-198,1993.0,9.0,0,2,0,0.0,0.22,0.0,0.0,,0,0,1948,es ESP,DF,it Serie A,32-198,1993.0,11,808,73,31.0,9.0,9,86.0,7,2,15.0,6,0.55,9,19,-10,-1.11,-1.16,1557,es ESP,DF,it Serie A,32-198,1993.0,9.0,3,0,0,17,8,0,0,19,8,0
José María Giménez,uy URU,DF,Atlético Madrid,es La Liga,31.0,1995.0,13,12,1084,12.0,0,1,1,0,0,0,3,0,0.08,1558,uy URU,DF,es La Liga,31-056,1995.0,12.0,0,13,3,23.1,1.08,0.25,0.0,0.0,0,0,1949,uy URU,DF,es La Liga,31-056,1995.0,13,1084,83,43.0,12.0,12,90.0,12,1,4.0,4,2.31,19,10,9,0.75,-0.07,1558,uy URU,DF,es La Liga,31-056,1995.0,12.0,3,0,0,16,10,1,0,13,11,0
Mariano,do DOM,FW,Alavés,es La Liga,32.0,1993.0,10,3,288,3.2,0,0,0,0,0,0,1,0,0.0,1559,do DOM,FW,es La Liga,32-228,1993.0,3.2,0,6,3,50.0,1.87,0.94,0.0,0.0,0,0,1950,do DOM,FW,es La Liga,32-228,1993.0,10,288,29,11.4,3.2,3,56.0,0,7,17.0,8,0.8,2,4,-2,-0.62,-0.22,1559,do DOM,FW,es La Liga,32-228,1993.0,3.2,1,0,0,13,0,6,3,0,1,0
Luca Marianucci,it ITA,DF,Torino,it Serie A,21.0,2004.0,4,3,265,2.9,0,0,0,0,0,0,1,0,0.0,1560,it ITA,DF,it Serie A,21-237,2004.0,2.9,0,0,0,,0.0,0.0,,,0,0,1951,it ITA,DF,it Serie A,21-237,2004.0,4,265,66,10.2,2.9,3,88.0,2,1,1.0,3,1.75,4,4,0,0.0,0.69,1560,it ITA,DF,it Serie A,21-237,2004.0,2.9,1,0,0,6,0,0,1,6,4,0
Luca Marianucci,it ITA,DF,Napoli,it Serie A,21.0,2004.0,2,1,119,1.3,0,1,1,0,0,0,0,0,0.76,1561,it ITA,DF,it Serie A,21-237,2004.0,1.3,0,1,0,0.0,0.76,0.0,0.0,,0,0,1952,it ITA,DF,it Serie A,21-237,2004.0,2,119,60,4.6,1.3,1,90.0,1,1,29.0,19,0.5,2,2,0,0.0,-0.54,1561,it ITA,DF,it Serie A,21-237,2004.0,1.3,0,0,0,2,0,0,2,1,2,0
Arkaitz Mariezkurrena,es ESP,FW,Real Sociedad,es La Liga,20.0,2005.0,1,0,1,0.0,0,0,0,0,0,0,0,0,0.0,1562,es ESP,FW,es La Liga,20-346,2005.0,0.0,0,0,0,,0.0,0.0,,,0,0,1953,es ESP,FW,es La Liga,20-346,2005.0,1,1,1,0.0,0.0,0,,0,1,1.0,0,1.0,0,1,-1,-90.0,-90.07,1562,es ESP,FW,es La Liga,20-346,2005.0,0.0,0,0,0,2,0,0,0,0,0,0
Rafa Marín,es ESP,DF,Villarreal,es La Liga,23.0,2002.0,18,17,1574,17.5,1,0,1,1,0,0,1,0,0.06,1563,es ESP,DF,es La Liga,23-302,2002.0,17.5,1,4,1,25.0,0.23,0.06,0.25,1.0,0,0,1954,es ESP,DF,es La Liga,23-302,2002.0,18,1574,87,62.5,17.5,17,89.0,15,1,67.0,9,2.06,31,20,11,0.63,-0.04,1563,es ESP,DF,es La Liga,23-302,2002.0,17.5,1,0,0,11,7,3,0,19,16,1
Marius Marin,ro ROU,MF,Pisa,it Serie A,27.0,1998.0,23,18,1281,14.2,0,0,0,0,0,0,7,0,0.0,1564,ro ROU,MF,it Serie A,27-199,1998.0,14.2,0,3,0,0.0,0.21,0.0,0.0,,0,0,1955,ro ROU,MF,it Serie A,27-199,1998.0,23,1281,56,49.1,14.2,18,66.0,4,5,19.0,4,0.65,7,22,-15,-1.05,-0.31,1564,ro ROU,MF,it Serie A,27-199,1998.0,14.2,7,0,0,36,20,0,18,14,26,0
Pablo Marín,es ESP,MF,Real Sociedad,es La Liga,22.0,2003.0,25,12,1101,12.2,0,0,0,0,0,0,1,0,0.0,1565,es ESP,MF,es La Liga,22-257,2003.0,12.2,0,12,4,33.3,0.98,0.33,0.0,0.0,0,0,1956,es ESP,MF,es La Liga,22-257,2003.0,25,1101,44,43.7,12.2,12,72.0,3,13,18.0,3,1.4,20,25,-5,-0.41,-0.79,1565,es ESP,MF,es La Liga,22-257,2003.0,12.2,1,0,0,17,14,2,10,6,13,0
João Mário Lopes,pt POR,DF,Bologna,it Serie A,26.0,2000.0,5,5,371,4.1,0,0,0,0,0,0,0,0,0.0,1566,pt POR,DF,it Serie A,26-073,2000.0,4.1,0,1,0,0.0,0.24,0.0,0.0,,0,0,1959,pt POR,DF,it Serie A,26-073,2000.0,5,371,74,14.2,4.1,5,74.0,2,0,,2,1.8,4,3,1,0.24,0.12,1566,pt POR,DF,it Serie A,26-073,2000.0,4.1,0,0,0,1,10,0,8,6,2,0
João Mário Lopes,pt POR,MF,Juventus,it Serie A,26.0,2000.0,10,2,258,2.9,0,0,0,0,0,0,1,0,0.0,1567,pt POR,MF,it Serie A,26-073,2000.0,2.9,0,3,0,0.0,1.05,0.0,0.0,,0,0,1960,pt POR,MF,it Serie A,26-073,2000.0,10,258,26,9.9,2.9,2,72.0,0,8,14.0,12,2.0,6,2,4,1.4,0.67,1567,pt POR,MF,it Serie A,26-073,2000.0,2.9,1,0,0,5,10,0,5,3,3,0
Guillermo Maripán,cl CHI,DF,Torino,it Serie A,31.0,1994.0,24,23,2026,22.5,2,0,2,2,0,0,3,0,0.09,1568,cl CHI,DF,it Serie A,31-315,1994.0,22.5,2,18,8,44.4,0.8,0.36,0.11,0.25,0,0,1961,cl CHI,DF,it Serie A,31-315,1994.0,24,2026,84,77.6,22.5,23,85.0,20,1,70.0,5,1.13,25,37,-12,-0.53,0.39,1568,cl CHI,DF,it Serie A,31-315,1994.0,22.5,3,0,0,27,6,2,3,26,28,0
Tomas Marques,es ESP,MF,Barcelona,es La Liga,19.0,2006.0,1,0,7,0.1,0,0,0,0,0,0,0,0,0.0,1570,es ESP,MF,es La Liga,19-138,2006.0,0.1,0,0,0,,0.0,0.0,,,0,0,1965,es ESP,MF,es La Liga,19-138,2006.0,1,7,7,0.3,0.1,0,,0,1,7.0,12,3.0,0,0,0,0.0,-1.75,1570,es ESP,MF,es La Liga,19-138,2006.0,0.1,0,0,0,0,0,0,0,0,0,0
Marquinhos,br BRA,DF,Paris Saint-Germain,fr Ligue 1,31.0,1994.0,11,8,782,8.7,0,0,0,0,0,0,0,0,0.0,1571,br BRA,DF,fr Ligue 1,31-307,1994.0,8.7,0,1,0,0.0,0.12,0.0,0.0,,0,0,1966,br BRA,DF,fr Ligue 1,31-307,1994.0,11,782,71,34.8,8.7,8,90.0,8,3,21.0,10,2.27,19,4,15,1.73,0.68,1571,br BRA,DF,fr Ligue 1,31-307,1994.0,8.7,0,0,0,7,1,0,1,6,9,1
Gerard Martín,es ESP,DF,Barcelona,es La Liga,24.0,2002.0,23,17,1354,15.0,0,0,0,0,0,0,5,0,0.0,1576,es ESP,DF,es La Liga,24-075,2002.0,15.0,0,3,1,33.3,0.2,0.07,0.0,0.0,0,0,1974,es ESP,DF,es La Liga,24-075,2002.0,23,1354,59,53.7,15.0,17,76.0,7,6,9.0,2,2.39,42,10,32,2.13,0.81,1576,es ESP,DF,es La Liga,24-075,2002.0,15.0,5,0,0,10,7,0,10,21,22,0
Iván Martín,es ESP,MF,Girona,es La Liga,27.0,1999.0,26,22,1921,21.3,0,1,1,0,0,0,5,1,0.05,1577,es ESP,MF,es La Liga,27-031,1999.0,21.3,0,9,4,44.4,0.42,0.19,0.0,0.0,0,0,1975,es ESP,MF,es La Liga,27-031,1999.0,26,1921,74,76.2,21.3,22,83.0,12,4,22.0,1,1.31,22,25,-3,-0.14,1.21,1577,es ESP,MF,es La Liga,27-031,1999.0,21.3,5,1,1,25,26,2,7,13,34,0
Jon Martin,es ESP,DF,Real Sociedad,es La Liga,19.0,2006.0,17,17,1530,17.0,0,0,0,0,0,0,4,0,0.0,1578,es ESP,DF,es La Liga,19-328,2006.0,17.0,0,11,3,27.3,0.65,0.18,0.0,0.0,0,0,1976,es ESP,DF,es La Liga,19-328,2006.0,17,1530,90,60.7,17.0,17,90.0,17,0,,7,1.41,30,29,1,0.06,0.06,1578,es ESP,DF,es La Liga,19-328,2006.0,17.0,4,0,0,13,9,0,0,27,10,0
Lautaro Martínez,ar ARG,FW,Inter,it Serie A,28.0,1997.0,25,23,1888,21.0,14,4,18,14,0,0,3,0,0.86,1585,ar ARG,FW,it Serie A,28-207,1997.0,21.0,14,83,32,38.6,3.96,1.53,0.17,0.44,0,0,1986,ar ARG,FW,it Serie A,28-207,1997.0,25,1888,76,72.3,21.0,23,80.0,4,2,23.0,1,2.44,51,17,34,1.62,0.62,1585,ar ARG,FW,it Serie A,28-207,1997.0,21.0,3,0,0,41,39,7,16,4,10,0
Pablo Martínez,es ESP,MF,Levante,es La Liga,28.0,1998.0,17,13,1172,13.0,1,2,3,1,0,0,2,0,0.23,1587,es ESP,MF,es La Liga,28-023,1998.0,13.0,1,23,4,17.4,1.77,0.31,0.04,0.25,0,0,1988,es ESP,MF,es La Liga,28-023,1998.0,17,1172,69,46.5,13.0,13,83.0,6,4,23.0,1,1.06,14,18,-4,-0.31,0.49,1587,es ESP,MF,es La Liga,28-023,1998.0,13.0,2,0,0,19,8,2,41,16,7,0
Ramón Martínez,es ESP,DF,Sevilla,es La Liga,23.0,2002.0,2,0,102,1.1,0,0,0,0,0,0,0,0,0.0,1588,es ESP,DF,es La Liga,23-146,2002.0,1.1,0,0,0,,0.0,0.0,,,0,0,1989,es ESP,DF,es La Liga,23-146,2002.0,2,102,51,4.0,1.1,0,,0,2,51.0,9,1.5,2,3,-1,-0.88,-0.55,1588,es ESP,DF,es La Liga,23-146,2002.0,1.1,0,0,0,1,1,0,0,1,0,0
Toni Martínez,es ESP,FW,Alavés,es La Liga,28.0,1997.0,27,22,1858,20.6,5,2,7,5,0,0,1,0,0.34,1589,es ESP,FW,es La Liga,28-260,1997.0,20.6,5,59,19,32.2,2.86,0.92,0.08,0.26,0,0,1990,es ESP,FW,es La Liga,28-260,1997.0,27,1858,69,73.7,20.6,22,78.0,6,5,28.0,1,0.93,22,24,-2,-0.1,1.26,1589,es ESP,FW,es La Liga,28-260,1997.0,20.6,1,0,0,31,27,10,11,4,12,0
Adam Marušić,me MNE,DF,Lazio,it Serie A,33.0,1992.0,27,26,2298,25.5,1,2,3,1,0,0,1,1,0.12,1590,me MNE,DF,it Serie A,33-151,1992.0,25.5,1,13,6,46.2,0.51,0.23,0.08,0.17,0,0,1991,me MNE,DF,it Serie A,33-151,1992.0,27,2298,85,88.0,25.5,26,87.0,22,1,30.0,0,1.41,23,22,1,0.04,0.04,1590,me MNE,DF,it Serie A,33-151,1992.0,25.5,1,1,0,19,14,1,27,25,16,0
Omar Mascarell,gq EQG,MF,Mallorca,es La Liga,33.0,1993.0,21,17,1482,16.5,1,2,3,1,0,0,4,0,0.18,1591,gq EQG,MF,es La Liga,33-043,1993.0,16.5,1,2,2,100.0,0.12,0.12,0.5,0.5,0,0,1993,gq EQG,MF,es La Liga,33-043,1993.0,21,1482,71,58.8,16.5,17,80.0,10,4,32.0,4,1.05,20,25,-5,-0.3,0.3,1591,gq EQG,MF,es La Liga,33-043,1993.0,16.5,4,0,0,23,8,0,5,26,20,0
Adam Masina,ma MAR,DF,Torino,it Serie A,32.0,1994.0,5,2,235,2.6,0,1,1,0,0,0,0,0,0.38,1592,ma MAR,DF,it Serie A,32-074,1994.0,2.6,0,0,0,,0.0,0.0,,,0,0,1994,ma MAR,DF,it Serie A,32-074,1994.0,5,235,47,9.0,2.6,2,90.0,2,3,18.0,8,0.2,3,11,-8,-3.06,-2.68,1592,ma MAR,DF,it Serie A,32-074,1994.0,2.6,0,0,0,6,2,0,0,5,4,0
Patrizio Masini,it ITA,MF,Genoa,it Serie A,25.0,2001.0,22,11,1166,13.0,0,1,1,0,0,0,5,0,0.08,1593,it ITA,MF,it Serie A,25-049,2001.0,13.0,0,13,3,23.1,1.0,0.23,0.0,0.0,0,0,1995,it ITA,MF,it Serie A,25-049,2001.0,22,1166,53,44.7,13.0,11,88.0,10,11,18.0,6,1.0,12,19,-7,-0.54,-0.73,1593,it ITA,MF,it Serie A,25-049,2001.0,13.0,5,0,0,32,36,0,12,23,34,0
Han-Noah Massengo,fr FRA,MF,Augsburg,de Bundesliga,24.0,2001.0,26,25,2090,23.2,2,1,3,2,0,0,2,0,0.13,1594,fr FRA,MF,de Bundesliga,24-253,2001.0,23.2,2,16,5,31.3,0.69,0.22,0.13,0.4,0,0,1996,fr FRA,MF,de Bundesliga,24-253,2001.0,26,2090,80,89.3,23.2,25,82.0,13,1,28.0,0,1.19,25,44,-19,-0.82,-2.62,1594,fr FRA,MF,de Bundesliga,24-253,2001.0,23.2,2,0,0,20,22,0,15,33,16,0
Clinton Mata,ao ANG,DF,Lyon,fr Ligue 1,33.0,1992.0,24,24,2113,23.5,0,0,0,0,0,0,5,0,0.0,1598,ao ANG,DF,fr Ligue 1,33-130,1992.0,23.5,0,3,0,0.0,0.13,0.0,0.0,,0,0,2000,ao ANG,DF,fr Ligue 1,33-130,1992.0,24,2113,88,90.3,23.5,24,88.0,21,0,,0,1.79,36,27,9,0.38,-1.2,1598,ao ANG,DF,fr Ligue 1,33-130,1992.0,23.5,5,0,0,27,31,0,7,15,18,1
Igor Matanovic,hr CRO,FW,Freiburg,de Bundesliga,22.0,2003.0,23,8,1042,11.6,6,1,7,5,1,2,0,0,0.52,1599,hr CRO,FW,de Bundesliga,22-351,2003.0,11.6,6,37,13,35.1,3.2,1.12,0.14,0.38,1,2,2002,hr CRO,FW,de Bundesliga,22-351,2003.0,23,1042,45,44.5,11.6,8,87.0,6,15,23.0,1,1.48,16,15,1,0.09,0.57,1599,hr CRO,FW,de Bundesliga,22-351,2003.0,11.6,0,0,0,33,20,4,0,8,8,0
Nemanja Matić,rs SRB,MF,Sassuolo,it Serie A,37.0,1988.0,26,25,2183,24.3,1,1,2,1,0,0,6,1,0.08,1602,rs SRB,MF,it Serie A,37-228,1988.0,24.3,1,10,4,40.0,0.41,0.16,0.1,0.25,0,0,2005,rs SRB,MF,it Serie A,37-228,1988.0,26,2183,84,83.6,24.3,25,86.0,19,1,45.0,0,1.23,28,32,-4,-0.16,-0.16,1602,rs SRB,MF,it Serie A,37-228,1988.0,24.3,6,1,0,21,36,0,10,18,26,0
Rudy Matondo,fr FRA,MF,Paris FC,fr Ligue 1,18.0,2008.0,4,3,286,3.2,0,0,0,0,0,0,1,0,0.0,1603,fr FRA,MF,fr Ligue 1,18-004,2008.0,3.2,0,2,1,50.0,0.63,0.31,0.0,0.0,0,0,2006,fr FRA,MF,fr Ligue 1,18-004,2008.0,4,286,72,12.2,3.2,3,88.0,1,1,22.0,0,1.25,1,5,-4,-1.26,-0.91,1603,fr FRA,MF,fr Ligue 1,18-004,2008.0,3.2,1,0,0,8,3,0,7,2,6,0
Rudy Matondo,fr FRA,MF,Auxerre,fr Ligue 1,18.0,2008.0,16,6,614,6.8,0,0,0,0,0,0,3,0,0.0,1604,fr FRA,MF,fr Ligue 1,18-004,2008.0,6.8,0,4,0,0.0,0.59,0.0,0.0,,0,0,2007,fr FRA,MF,fr Ligue 1,18-004,2008.0,16,614,38,26.2,6.8,6,74.0,3,10,17.0,3,0.5,4,8,-4,-0.59,0.09,1604,fr FRA,MF,fr Ligue 1,18-004,2008.0,6.8,3,0,0,12,9,1,5,7,7,0
Chrislain Matsima,fr FRA,DF,Augsburg,de Bundesliga,23.0,2002.0,14,14,1260,14.0,1,1,2,1,0,0,5,0,0.14,1605,fr FRA,DF,de Bundesliga,23-306,2002.0,14.0,1,6,1,16.7,0.43,0.07,0.17,1.0,0,0,2008,fr FRA,DF,de Bundesliga,23-306,2002.0,14,1260,90,53.8,14.0,14,90.0,14,0,,0,0.93,17,28,-11,-0.79,-0.54,1605,fr FRA,DF,de Bundesliga,23-306,2002.0,14.0,5,0,0,8,4,0,4,29,9,0
Alan Matturro,uy URU,DF,Levante,es La Liga,21.0,2004.0,14,8,703,7.8,1,0,1,1,0,0,0,1,0.13,1607,uy URU,DF,es La Liga,21-157,2004.0,7.8,1,5,1,20.0,0.64,0.13,0.2,1.0,0,0,2011,uy URU,DF,es La Liga,21-157,2004.0,14,703,50,27.9,7.8,8,77.0,6,6,15.0,6,0.71,7,14,-7,-0.9,-0.45,1607,uy URU,DF,es La Liga,21-157,2004.0,7.8,0,1,0,7,6,0,0,6,12,0
Neal Maupay,fr FRA,FW,Sevilla,es La Liga,29.0,1996.0,5,4,361,4.0,1,0,1,1,0,0,0,0,0.25,1609,fr FRA,FW,es La Liga,29-215,1996.0,4.0,1,4,1,25.0,1.0,0.25,0.25,1.0,0,0,2014,fr FRA,FW,es La Liga,29-215,1996.0,5,361,72,14.3,4.0,4,79.0,1,1,45.0,0,1.0,5,7,-2,-0.5,-0.17,1609,fr FRA,FW,es La Liga,29-215,1996.0,4.0,0,0,0,5,6,0,1,0,0,0
Christian Mawissa,fr FRA,DF,Monaco,fr Ligue 1,20.0,2005.0,10,7,622,6.9,0,0,0,0,0,0,1,0,0.0,1611,fr FRA,DF,fr Ligue 1,20-333,2005.0,6.9,0,0,0,,0.0,0.0,,,0,0,2016,fr FRA,DF,fr Ligue 1,20-333,2005.0,10,622,62,26.6,6.9,7,79.0,5,3,23.0,2,2.1,13,10,3,0.43,0.17,1611,fr FRA,DF,fr Ligue 1,20-333,2005.0,6.9,1,0,0,4,7,0,1,10,14,0
Borja Mayoral,es ESP,FW,Getafe,es La Liga,28.0,1997.0,14,12,1041,11.6,4,1,5,4,0,1,0,0,0.43,1614,es ESP,FW,es La Liga,28-346,1997.0,11.6,4,14,7,50.0,1.21,0.61,0.29,0.57,0,1,2021,es ESP,FW,es La Liga,28-346,1997.0,14,1041,74,41.3,11.6,12,81.0,6,2,34.0,2,1.0,9,15,-6,-0.52,-0.46,1614,es ESP,FW,es La Liga,28-346,1997.0,11.6,0,0,0,6,7,10,6,4,5,0
Ibrahim Maza,dz ALG,MF,Leverkusen,de Bundesliga,20.0,2005.0,20,12,1166,13.0,2,3,5,2,0,0,1,0,0.39,1616,dz ALG,MF,de Bundesliga,20-113,2005.0,13.0,2,34,10,29.4,2.62,0.77,0.06,0.2,0,0,2023,dz ALG,MF,de Bundesliga,20-113,2005.0,20,1166,58,49.8,13.0,12,75.0,4,8,33.0,2,1.6,24,14,10,0.77,0.31,1616,dz ALG,MF,de Bundesliga,20-113,2005.0,13.0,1,0,0,12,26,2,45,14,16,0
Luca Mazzitelli,it ITA,MF,Cagliari,it Serie A,30.0,1995.0,17,8,737,8.2,2,2,4,2,0,0,3,0,0.49,1618,it ITA,MF,it Serie A,30-122,1995.0,8.2,2,15,5,33.3,1.83,0.61,0.13,0.4,0,0,2025,it ITA,MF,it Serie A,30-122,1995.0,17,737,43,28.2,8.2,8,69.0,1,9,20.0,7,1.24,12,9,3,0.37,0.99,1618,it ITA,MF,it Serie A,30-122,1995.0,8.2,3,0,0,22,11,0,9,10,10,0
Pasquale Mazzocchi,it ITA,MF,Napoli,it Serie A,30.0,1995.0,11,2,235,2.6,0,0,0,0,0,0,0,1,0.0,1619,it ITA,MF,it Serie A,30-233,1995.0,2.6,0,2,1,50.0,0.77,0.38,0.0,0.0,0,0,2026,it ITA,MF,it Serie A,30-233,1995.0,11,235,21,9.0,2.6,2,60.0,0,9,13.0,13,2.18,2,2,0,0.0,-0.57,1619,it ITA,MF,it Serie A,30-233,1995.0,2.6,0,1,0,1,0,1,9,2,1,0
Nathan Mbala,,FW,Metz,fr Ligue 1,18.0,2008.0,6,1,138,1.5,2,0,2,2,0,0,0,0,1.3,1620,,FW,fr Ligue 1,18-026,2008.0,1.5,2,8,3,37.5,5.22,1.96,0.25,0.67,0,0,2027,,FW,fr Ligue 1,18-026,2008.0,6,138,23,5.9,1.5,1,69.0,0,5,14.0,1,0.0,3,4,-1,-0.65,0.74,1620,,FW,fr Ligue 1,18-026,2008.0,1.5,0,0,0,1,1,0,23,0,1,0
Kylian Mbappé,fr FRA,FW,Real Madrid,es La Liga,27.0,1998.0,23,23,2020,22.4,23,4,27,15,8,9,3,0,0.85,1623,fr FRA,FW,es La Liga,27-087,1998.0,22.4,23,111,51,45.9,4.95,2.27,0.14,0.29,8,9,2031,fr FRA,FW,es La Liga,27-087,1998.0,23,2020,88,80.2,22.4,23,88.0,15,0,,1,2.35,43,19,24,1.07,-1.09,1623,fr FRA,FW,es La Liga,27-087,1998.0,22.4,3,0,0,9,27,21,19,3,1,0
Malick Mbaye,sn SEN,MF,Metz,fr Ligue 1,21.0,2004.0,5,3,300,3.3,0,0,0,0,0,0,1,0,0.0,1625,sn SEN,MF,fr Ligue 1,21-345,2004.0,3.3,0,2,1,50.0,0.6,0.3,0.0,0.0,0,0,2033,sn SEN,MF,fr Ligue 1,21-345,2004.0,5,300,60,12.8,3.3,3,87.0,1,2,19.0,3,0.2,4,7,-3,-0.9,0.51,1625,sn SEN,MF,fr Ligue 1,21-345,2004.0,3.3,1,0,0,2,3,0,8,3,8,0
Chancel Mbemba,cd COD,DF,Lille,fr Ligue 1,31.0,1994.0,11,8,863,9.6,0,0,0,0,0,0,2,0,0.0,1626,cd COD,DF,fr Ligue 1,31-221,1994.0,9.6,0,5,3,60.0,0.52,0.31,0.0,0.0,0,0,2034,cd COD,DF,fr Ligue 1,31-221,1994.0,11,863,78,36.9,9.6,8,90.0,8,3,48.0,11,2.27,22,15,7,0.73,0.73,1626,cd COD,DF,fr Ligue 1,31-221,1994.0,9.6,2,0,0,9,6,0,0,11,8,1
Pathé Mboup,sn SEN,MF,Brest,fr Ligue 1,22.0,2003.0,21,8,877,9.7,1,0,1,1,0,0,5,0,0.1,1629,sn SEN,MF,fr Ligue 1,22-203,2003.0,9.7,1,18,9,50.0,1.85,0.92,0.06,0.11,0,0,2038,sn SEN,MF,fr Ligue 1,22-203,2003.0,21,877,42,37.5,9.7,8,70.0,1,13,24.0,2,1.38,10,13,-3,-0.31,-0.37,1629,sn SEN,MF,fr Ligue 1,22-203,2003.0,9.7,5,0,0,29,15,4,5,11,14,0
Moustapha Mbow,sn SEN,DF,Paris FC,fr Ligue 1,26.0,2000.0,25,24,2177,24.2,0,1,1,0,0,0,3,0,0.04,1630,sn SEN,DF,fr Ligue 1,26-009,2000.0,24.2,0,6,2,33.3,0.25,0.08,0.0,0.0,0,0,2039,sn SEN,DF,fr Ligue 1,26-009,2000.0,25,2177,87,93.0,24.2,24,90.0,24,1,17.0,1,1.12,28,36,-8,-0.33,1.88,1630,sn SEN,DF,fr Ligue 1,26-009,2000.0,24.2,3,0,0,19,15,1,2,28,29,0
Weston McKennie,us USA,MF,Juventus,it Serie A,27.0,1998.0,28,24,2120,23.6,4,4,8,4,0,0,4,0,0.34,1633,us USA,MF,it Serie A,27-201,1998.0,23.6,4,36,14,38.9,1.53,0.59,0.11,0.29,0,0,2043,us USA,MF,it Serie A,27-201,1998.0,28,2120,76,81.2,23.6,24,86.0,16,4,13.0,1,1.86,44,25,19,0.81,0.07,1633,us USA,MF,it Serie A,27-201,1998.0,23.6,4,0,0,33,11,7,25,20,17,0
Mark McKenzie,us USA,DF,Toulouse,fr Ligue 1,27.0,1999.0,23,21,1907,21.2,0,2,2,0,0,0,6,0,0.09,1634,us USA,DF,fr Ligue 1,27-020,1999.0,21.2,0,6,1,16.7,0.28,0.05,0.0,0.0,0,0,2044,us USA,DF,fr Ligue 1,27-020,1999.0,23,1907,83,81.5,21.2,21,89.0,19,2,19.0,0,1.26,29,30,-1,-0.05,-1.29,1634,us USA,DF,fr Ligue 1,27-020,1999.0,21.2,6,0,0,26,10,1,2,19,25,0
Scott McTominay,sct SCO,MF,Napoli,it Serie A,29.0,1996.0,24,22,1981,22.0,6,3,9,6,0,0,1,0,0.41,1636,sct SCO,MF,it Serie A,29-099,1996.0,22.0,6,65,25,38.5,2.95,1.14,0.09,0.24,0,0,2048,sct SCO,MF,it Serie A,29-099,1996.0,24,1981,83,75.9,22.0,22,87.0,18,2,38.0,0,2.17,36,21,15,0.68,0.68,1636,sct SCO,MF,it Serie A,29-099,1996.0,22.0,1,0,0,16,51,3,7,19,11,0
Facundo Medina,ar ARG,DF,Marseille,fr Ligue 1,26.0,1999.0,10,9,735,8.2,0,0,0,0,0,0,3,0,0.0,1637,ar ARG,DF,fr Ligue 1,26-293,1999.0,8.2,0,2,0,0.0,0.24,0.0,0.0,,0,0,2049,ar ARG,DF,fr Ligue 1,26-293,1999.0,10,735,74,31.4,8.2,9,81.0,6,1,6.0,3,2.0,16,13,3,0.37,-0.59,1637,ar ARG,DF,fr Ligue 1,26-293,1999.0,8.2,3,0,0,13,7,0,2,11,9,1
Jonas Meffert,de GER,MF,Hamburger SV,de Bundesliga,31.0,1994.0,4,1,145,1.6,0,0,0,0,0,0,0,0,0.0,1638,de GER,MF,de Bundesliga,31-194,1994.0,1.6,0,0,0,,0.0,0.0,,,0,0,2050,de GER,MF,de Bundesliga,31-194,1994.0,4,145,36,6.2,1.6,1,66.0,0,3,26.0,9,1.0,0,4,-4,-2.48,-2.32,1638,de GER,MF,de Bundesliga,31-194,1994.0,1.6,0,0,0,1,0,0,0,1,3,0
Henrik Meister,dk DEN,FW,Pisa,it Serie A,22.0,2003.0,21,14,1275,14.2,2,0,2,2,0,0,1,0,0.14,1639,dk DEN,FW,it Serie A,22-120,2003.0,14.2,2,18,7,38.9,1.27,0.49,0.11,0.29,0,0,2052,dk DEN,FW,it Serie A,22-120,2003.0,21,1275,61,48.9,14.2,14,77.0,6,7,29.0,6,0.62,13,22,-9,-0.64,0.51,1639,dk DEN,FW,it Serie A,22-120,2003.0,14.2,1,0,0,22,14,3,0,0,1,0
Bamo Meïté,ci CIV,DF,Lorient,fr Ligue 1,24.0,2001.0,20,18,1601,17.8,0,3,3,0,0,0,4,0,0.17,1640,ci CIV,DF,fr Ligue 1,24-104,2001.0,17.8,0,6,1,16.7,0.34,0.06,0.0,0.0,0,0,2053,ci CIV,DF,fr Ligue 1,24-104,2001.0,20,1601,80,68.4,17.8,18,86.0,14,2,25.0,3,1.6,26,23,3,0.17,0.9,1640,ci CIV,DF,fr Ligue 1,24-104,2001.0,17.8,4,0,0,24,19,1,10,12,12,0
Kader Meïté,fr FRA,FW,Rennes,fr Ligue 1,18.0,2007.0,17,6,535,5.9,3,2,5,3,0,0,0,0,0.84,1641,fr FRA,FW,fr Ligue 1,18-157,2007.0,5.9,3,22,7,31.8,3.7,1.18,0.14,0.43,0,0,2054,fr FRA,FW,fr Ligue 1,18-157,2007.0,17,535,31,22.9,5.9,6,52.0,0,11,20.0,2,1.59,14,5,9,1.51,1.66,1641,fr FRA,FW,fr Ligue 1,18-157,2007.0,5.9,0,0,0,12,4,8,3,1,2,0
Cléo Melieres,fr FRA,FW,Metz,fr Ligue 1,20.0,2005.0,2,0,31,0.3,0,0,0,0,0,0,1,0,0.0,1643,fr FRA,FW,fr Ligue 1,20-338,2005.0,0.3,0,0,0,,0.0,0.0,,,0,0,2056,fr FRA,FW,fr Ligue 1,20-338,2005.0,2,31,16,1.3,0.3,0,,0,2,16.0,11,1.5,1,3,-2,-5.81,-4.52,1643,fr FRA,FW,fr Ligue 1,20-338,2005.0,0.3,1,0,0,1,0,0,3,0,0,0
Nuno Mendes,pt POR,DF,Paris Saint-Germain,fr Ligue 1,23.0,2002.0,17,12,1139,12.7,3,3,6,3,0,0,1,0,0.47,1644,pt POR,DF,fr Ligue 1,23-271,2002.0,12.7,3,28,13,46.4,2.21,1.03,0.11,0.23,0,0,2058,pt POR,DF,fr Ligue 1,23-271,2002.0,17,1139,67,50.6,12.7,12,85.0,10,5,23.0,4,2.12,26,12,14,1.11,-0.35,1644,pt POR,DF,fr Ligue 1,23-271,2002.0,12.7,1,0,0,11,22,1,42,13,20,0
Rodrigo Mendoza,es ESP,MF,Atlético Madrid,es La Liga,21.0,2005.0,4,4,214,2.4,0,0,0,0,0,0,1,0,0.0,1647,es ESP,MF,es La Liga,21-002,2005.0,2.4,0,3,0,0.0,1.26,0.0,0.0,,0,0,2061,es ESP,MF,es La Liga,21-002,2005.0,4,214,54,8.5,2.4,4,54.0,0,0,,0,1.5,1,4,-3,-1.26,-2.24,1647,es ESP,MF,es La Liga,21-002,2005.0,2.4,1,0,0,3,4,0,2,0,3,0
Antoine Mendy,sn SEN,DF,Nice,fr Ligue 1,21.0,2004.0,17,16,1377,15.3,0,0,0,0,0,0,5,0,0.0,1648,sn SEN,DF,fr Ligue 1,21-294,2004.0,15.3,0,12,5,41.7,0.78,0.33,0.0,0.0,0,0,2062,sn SEN,DF,fr Ligue 1,21-294,2004.0,17,1377,81,58.8,15.3,16,85.0,13,1,11.0,6,1.06,21,26,-5,-0.33,0.7,1648,sn SEN,DF,fr Ligue 1,21-294,2004.0,15.3,5,0,0,22,19,1,13,7,25,0
Batista Mendy,fr FRA,MF,Sevilla,es La Liga,26.0,2000.0,22,18,1471,16.3,1,0,1,1,0,0,6,0,0.06,1649,fr FRA,MF,es La Liga,26-064,2000.0,16.3,1,14,4,28.6,0.86,0.24,0.07,0.25,0,0,2063,fr FRA,MF,es La Liga,26-064,2000.0,22,1471,67,58.4,16.3,18,79.0,10,4,15.0,1,1.14,16,23,-7,-0.43,-0.17,1649,fr FRA,MF,es La Liga,26-064,2000.0,16.3,6,0,0,33,26,0,5,15,20,0
Ferland Mendy,fr FRA,DF,Real Madrid,es La Liga,30.0,1995.0,2,1,92,1.0,0,0,0,0,0,0,0,0,0.0,1650,fr FRA,DF,es La Liga,30-282,1995.0,1.0,0,0,0,,0.0,0.0,,,0,0,2064,fr FRA,DF,es La Liga,30-282,1995.0,2,92,46,3.7,1.0,1,90.0,1,1,2.0,9,3.0,3,1,2,1.96,0.7,1650,fr FRA,DF,es La Liga,30-282,1995.0,1.0,0,0,0,0,1,0,0,1,1,0
Formose Mendy,sn SEN,DF,Lorient,fr Ligue 1,25.0,2001.0,2,2,135,1.5,0,0,0,0,0,0,1,0,0.0,1651,sn SEN,DF,fr Ligue 1,25-074,2001.0,1.5,0,0,0,,0.0,0.0,,,0,0,2065,sn SEN,DF,fr Ligue 1,25-074,2001.0,2,135,68,5.8,1.5,2,68.0,1,0,,0,1.5,1,1,0,0.0,0.12,1651,sn SEN,DF,fr Ligue 1,25-074,2001.0,1.5,1,0,0,2,3,0,1,3,1,0
Nobel Mendy,fr FRA,DF,Rayo Vallecano,es La Liga,21.0,2004.0,18,17,1416,15.7,2,0,2,2,0,0,6,2,0.13,1652,fr FRA,DF,es La Liga,21-195,2004.0,15.7,2,11,3,27.3,0.7,0.19,0.18,0.67,0,0,2066,fr FRA,DF,es La Liga,21-195,2004.0,18,1416,79,56.2,15.7,17,80.0,9,1,51.0,5,1.17,15,19,-4,-0.25,-0.09,1652,fr FRA,DF,es La Liga,21-195,2004.0,15.7,6,2,1,24,9,0,6,19,8,0
Rafik Messali,fr FRA,MF,Toulouse,fr Ligue 1,22.0,2003.0,12,5,502,5.6,0,0,0,0,0,0,2,0,0.0,1658,fr FRA,MF,fr Ligue 1,22-323,2003.0,5.6,0,0,0,,0.0,0.0,,,0,0,2079,fr FRA,MF,fr Ligue 1,22-323,2003.0,12,502,42,21.5,5.6,5,70.0,2,7,22.0,1,1.25,8,2,6,1.08,1.12,1658,fr FRA,MF,fr Ligue 1,22-323,2003.0,5.6,2,0,0,11,9,0,9,12,6,0
Junior Messias,br BRA,MF,Genoa,it Serie A,34.0,1991.0,14,3,477,5.3,3,0,3,2,1,1,0,0,0.38,1659,br BRA,MF,it Serie A,34-308,1991.0,5.3,3,15,6,40.0,2.83,1.13,0.13,0.33,1,1,2080,br BRA,MF,it Serie A,34-308,1991.0,14,477,34,18.3,5.3,3,70.0,0,11,24.0,5,1.79,10,4,6,1.13,1.55,1659,br BRA,MF,it Serie A,34-308,1991.0,5.3,0,0,0,6,16,0,13,3,6,0
Alejandro Mestanza,es ESP,MF,Getafe,es La Liga,21.0,2004.0,3,1,71,0.8,0,0,0,0,0,0,0,0,0.0,1660,es ESP,MF,es La Liga,21-100,2004.0,0.8,0,1,0,0.0,1.27,0.0,0.0,,0,0,2081,es ESP,MF,es La Liga,21-100,2004.0,3,71,24,2.8,0.8,1,56.0,0,2,8.0,0,0.33,1,1,0,0.0,0.26,1660,es ESP,MF,es La Liga,21-100,2004.0,0.8,0,0,0,1,2,1,4,0,1,0
Connor Metcalfe,au AUS,FW,St Pauli,de Bundesliga,26.0,1999.0,17,1,303,3.4,0,1,1,0,0,0,1,0,0.3,1661,au AUS,FW,de Bundesliga,26-132,1999.0,3.4,0,11,2,18.2,3.27,0.59,0.0,0.0,0,0,2083,au AUS,FW,de Bundesliga,26-132,1999.0,17,303,18,12.9,3.4,1,81.0,0,16,14.0,1,0.88,4,6,-2,-0.59,0.16,1661,au AUS,FW,de Bundesliga,26-132,1999.0,3.4,1,0,0,7,2,0,10,4,6,0
Dayann Methalie,fr FRA,MF,Toulouse,fr Ligue 1,20.0,2006.0,21,17,1464,16.3,0,0,0,0,0,0,6,0,0.0,1662,fr FRA,MF,fr Ligue 1,20-030,2006.0,16.3,0,11,5,45.5,0.68,0.31,0.0,0.0,0,0,2084,fr FRA,MF,fr Ligue 1,20-030,2006.0,21,1464,70,62.6,16.3,17,80.0,5,4,27.0,0,1.14,16,18,-2,-0.12,-0.84,1662,fr FRA,MF,fr Ligue 1,20-030,2006.0,16.3,6,0,0,42,8,0,33,17,24,0
Karol Mets,ee EST,DF,St Pauli,de Bundesliga,32.0,1993.0,18,17,1482,16.5,0,0,0,0,0,0,2,0,0.0,1663,ee EST,DF,de Bundesliga,32-305,1993.0,16.5,0,3,0,0.0,0.18,0.0,0.0,,0,0,2085,ee EST,DF,de Bundesliga,32-305,1993.0,18,1482,82,63.3,16.5,17,86.0,13,1,16.0,2,0.89,14,29,-15,-0.91,-0.49,1663,ee EST,DF,de Bundesliga,32-305,1993.0,16.5,2,0,0,9,9,1,5,18,20,0
Thomas Meunier,be BEL,DF,Lille,fr Ligue 1,34.0,1991.0,18,14,1294,14.4,0,1,1,0,0,0,2,0,0.07,1664,be BEL,DF,fr Ligue 1,34-186,1991.0,14.4,0,13,2,15.4,0.9,0.14,0.0,0.0,0,0,2086,be BEL,DF,fr Ligue 1,34-186,1991.0,18,1294,72,55.3,14.4,14,87.0,11,4,18.0,0,1.94,25,17,8,0.56,0.64,1664,be BEL,DF,fr Ligue 1,34-186,1991.0,14.4,2,0,0,19,2,1,32,13,12,0
Lucas Michal,fr FRA,MF,Metz,fr Ligue 1,20.0,2005.0,5,2,172,1.9,0,0,0,0,0,0,1,0,0.0,1665,fr FRA,MF,fr Ligue 1,20-269,2005.0,1.9,0,3,2,66.7,1.57,1.05,0.0,0.0,0,0,2090,fr FRA,MF,fr Ligue 1,20-269,2005.0,5,172,34,7.4,1.9,2,63.0,0,3,15.0,0,0.2,1,5,-4,-2.09,-0.81,1665,fr FRA,MF,fr Ligue 1,20-269,2005.0,1.9,1,0,0,3,2,1,1,0,0,0
Lucas Michal,fr FRA,FW,Monaco,fr Ligue 1,20.0,2005.0,2,0,59,0.7,0,0,0,0,0,0,0,0,0.0,1666,fr FRA,FW,fr Ligue 1,20-269,2005.0,0.7,0,1,0,0.0,1.53,0.0,0.0,,0,0,2091,fr FRA,FW,fr Ligue 1,20-269,2005.0,2,59,30,2.5,0.7,0,,0,2,30.0,6,0.0,0,1,-1,-1.53,-1.88,1666,fr FRA,FW,fr Ligue 1,20-269,2005.0,0.7,0,0,0,2,1,0,3,0,0,0
Georges Mikautadze,ge GEO,FW,Villarreal,es La Liga,25.0,2000.0,23,17,1529,17.0,8,4,12,8,0,0,1,0,0.71,1667,ge GEO,FW,es La Liga,25-137,2000.0,17.0,8,43,22,51.2,2.53,1.29,0.19,0.36,0,0,2093,ge GEO,FW,es La Liga,25-137,2000.0,23,1529,66,60.7,17.0,17,80.0,6,6,29.0,1,1.91,29,21,8,0.47,-0.44,1667,ge GEO,FW,es La Liga,25-137,2000.0,17.0,1,0,0,10,36,2,10,4,2,0
Georges Mikautadze,ge GEO,FW,Lyon,fr Ligue 1,25.0,2000.0,2,2,179,2.0,1,0,1,1,0,0,0,0,0.5,1668,ge GEO,FW,fr Ligue 1,25-137,2000.0,2.0,1,10,4,40.0,5.03,2.01,0.1,0.25,0,0,2094,ge GEO,FW,fr Ligue 1,25-137,2000.0,2,179,90,7.6,2.0,2,90.0,1,0,,0,3.0,4,0,4,2.01,1.64,1668,ge GEO,FW,fr Ligue 1,25-137,2000.0,2.0,0,0,0,0,1,1,0,1,0,0
Wisdom Mike,de GER,FW,Bayern Munich,de Bundesliga,17.0,2008.0,4,0,30,0.3,0,0,0,0,0,0,0,0,0.0,1669,de GER,FW,de Bundesliga,17-174,2008.0,0.3,0,2,1,50.0,6.0,3.0,0.0,0.0,0,0,2095,de GER,FW,de Bundesliga,17-174,2008.0,4,30,8,1.3,0.3,0,,0,4,8.0,9,3.0,4,0,4,12.0,9.51,1669,de GER,FW,de Bundesliga,17-174,2008.0,0.3,0,0,0,0,0,0,1,1,0,0
Éder Militão,br BRA,DF,Real Madrid,es La Liga,28.0,1998.0,13,12,1000,11.1,1,1,2,1,0,0,2,0,0.18,1675,br BRA,DF,es La Liga,28-058,1998.0,11.1,1,17,8,47.1,1.53,0.72,0.06,0.13,0,0,2103,br BRA,DF,es La Liga,28-058,1998.0,13,1000,77,39.7,11.1,12,80.0,9,1,45.0,2,2.23,23,7,16,1.44,0.26,1675,br BRA,DF,es La Liga,28-058,1998.0,11.1,2,0,0,13,11,0,0,9,14,0
Luis Milla,es ESP,MF,Getafe,es La Liga,31.0,1994.0,27,27,2383,26.5,0,8,8,0,0,0,3,1,0.3,1676,es ESP,MF,es La Liga,31-161,1994.0,26.5,0,19,2,10.5,0.72,0.08,0.0,0.0,0,0,2104,es ESP,MF,es La Liga,31-161,1994.0,27,2383,88,94.6,26.5,27,88.0,22,0,,0,1.3,23,27,-4,-0.15,1.82,1676,es ESP,MF,es La Liga,31-161,1994.0,26.5,3,1,0,22,40,1,154,26,21,0
Lennon Miller,sct SCO,MF,Udinese,it Serie A,19.0,2006.0,16,6,663,7.4,0,1,1,0,0,0,2,0,0.14,1678,sct SCO,MF,it Serie A,19-204,2006.0,7.4,0,8,1,12.5,1.09,0.14,0.0,0.0,0,0,2106,sct SCO,MF,it Serie A,19-204,2006.0,16,663,41,25.4,7.4,6,72.0,0,10,23.0,12,1.0,12,10,2,0.27,0.78,1678,sct SCO,MF,it Serie A,19-204,2006.0,7.4,2,0,0,12,10,0,20,7,9,0
Jovan Milošević,rs SRB,FW,Werder Bremen,de Bundesliga,20.0,2005.0,8,2,298,3.3,3,0,3,3,0,0,2,0,0.91,1681,rs SRB,FW,de Bundesliga,20-229,2005.0,3.3,3,9,4,44.4,2.72,1.21,0.33,0.75,0,0,2109,rs SRB,FW,de Bundesliga,20-229,2005.0,8,298,37,12.7,3.3,2,79.0,1,6,23.0,1,0.63,5,6,-1,-0.3,0.45,1681,rs SRB,FW,de Bundesliga,20-229,2005.0,3.3,2,0,0,6,2,2,2,0,1,0
Kim Min-jae,kr KOR,DF,Bayern Munich,de Bundesliga,29.0,1996.0,18,12,1041,11.6,1,1,2,1,0,0,1,0,0.17,1682,kr KOR,DF,de Bundesliga,29-122,1996.0,11.6,1,2,1,50.0,0.17,0.09,0.5,1.0,0,0,2110,kr KOR,DF,de Bundesliga,29-122,1996.0,18,1041,58,44.5,11.6,12,83.0,7,6,8.0,5,2.5,36,11,25,2.16,-0.82,1682,kr KOR,DF,de Bundesliga,29-122,1996.0,11.6,1,0,0,8,1,0,0,21,12,0
Yerry Mina,co COL,DF,Cagliari,it Serie A,31.0,1994.0,18,18,1430,15.9,1,0,1,1,0,0,5,1,0.06,1683,co COL,DF,it Serie A,31-175,1994.0,15.9,1,4,2,50.0,0.25,0.13,0.25,0.5,0,0,2111,co COL,DF,it Serie A,31-175,1994.0,18,1430,79,54.8,15.9,18,79.0,13,0,,2,1.22,17,19,-2,-0.13,0.48,1683,co COL,DF,it Serie A,31-175,1994.0,15.9,5,1,1,22,26,3,1,14,10,0
Takumi Minamino,jp JPN,MF,Monaco,fr Ligue 1,31.0,1995.0,15,11,944,10.5,3,2,5,3,0,0,4,0,0.48,1684,jp JPN,MF,fr Ligue 1,31-060,1995.0,10.5,3,21,7,33.3,2.0,0.67,0.14,0.43,0,0,2112,jp JPN,MF,fr Ligue 1,31-060,1995.0,15,944,63,40.3,10.5,11,78.0,1,4,22.0,1,1.53,17,14,3,0.29,-0.04,1684,jp JPN,MF,fr Ligue 1,31-060,1995.0,10.5,4,0,0,10,8,3,8,3,3,0
Bojan Miovski,mk MKD,FW,Girona,es La Liga,26.0,1999.0,1,1,44,0.5,0,0,0,0,0,0,0,0,0.0,1688,mk MKD,FW,es La Liga,26-266,1999.0,0.5,0,0,0,,0.0,0.0,,,0,0,2116,mk MKD,FW,es La Liga,26-266,1999.0,1,44,44,1.7,0.5,1,44.0,0,0,,0,0.0,0,3,-3,-6.14,-5.81,1688,mk MKD,FW,es La Liga,26-266,1999.0,0.5,0,0,0,0,0,0,0,0,0,0
Juan Miranda,es ESP,DF,Bologna,it Serie A,26.0,2000.0,23,20,1808,20.1,1,0,1,1,0,0,6,0,0.05,1690,es ESP,DF,it Serie A,26-057,2000.0,20.1,1,11,4,36.4,0.55,0.2,0.09,0.25,0,0,2118,es ESP,DF,it Serie A,26-057,2000.0,23,1808,79,69.3,20.1,20,87.0,17,3,20.0,2,1.65,31,24,7,0.35,0.69,1690,es ESP,DF,it Serie A,26-057,2000.0,20.1,6,0,0,21,19,2,129,24,16,0
Fabio Miretti,it ITA,MF,Juventus,it Serie A,22.0,2003.0,17,5,524,5.8,1,2,3,1,0,0,1,0,0.52,1691,it ITA,MF,it Serie A,22-226,2003.0,5.8,1,16,4,25.0,2.75,0.69,0.06,0.25,0,0,2120,it ITA,MF,it Serie A,22-226,2003.0,17,524,31,20.1,5.8,5,68.0,0,12,15.0,5,1.94,17,5,12,2.06,1.59,1691,it ITA,MF,it Serie A,22-226,2003.0,5.8,1,0,0,12,5,0,12,4,8,0
Henrikh Mkhitaryan,am ARM,MF,Inter,it Serie A,37.0,1989.0,22,13,1205,13.4,2,1,3,2,0,0,3,0,0.22,1695,am ARM,MF,it Serie A,37-055,1989.0,13.4,2,35,9,25.7,2.61,0.67,0.06,0.22,0,0,2127,am ARM,MF,it Serie A,37-055,1989.0,22,1205,55,46.2,13.4,13,74.0,5,9,27.0,3,2.27,35,10,25,1.87,0.78,1695,am ARM,MF,it Serie A,37-055,1989.0,13.4,3,0,0,20,13,3,36,15,24,0
Branimir Mlacic,hr CRO,DF,Udinese,it Serie A,19.0,2007.0,3,1,78,0.9,0,0,0,0,0,0,2,0,0.0,1696,hr CRO,DF,it Serie A,19-005,2007.0,0.9,0,0,0,,0.0,0.0,,,0,0,2128,hr CRO,DF,it Serie A,19-005,2007.0,3,78,26,3.0,0.9,1,45.0,0,2,17.0,3,1.33,2,0,2,2.31,2.7,1696,hr CRO,DF,it Serie A,19-005,2007.0,0.9,2,0,0,4,0,0,0,1,2,0
Tadjidine Mmadi,fr FRA,FW,Marseille,fr Ligue 1,19.0,2007.0,2,0,16,0.2,0,0,0,0,0,0,0,0,0.0,1697,fr FRA,FW,fr Ligue 1,19-014,2007.0,0.2,0,0,0,,0.0,0.0,,,0,0,2129,fr FRA,FW,fr Ligue 1,19-014,2007.0,2,16,8,0.7,0.2,0,,0,2,8.0,4,1.5,0,0,0,0.0,-0.77,1697,fr FRA,FW,fr Ligue 1,19-014,2007.0,0.2,0,0,0,0,0,0,0,1,1,0
Rui Modesto,ao ANG,MF,Udinese,it Serie A,26.0,1999.0,3,0,119,1.3,0,1,1,0,0,0,0,0,0.76,1698,ao ANG,MF,it Serie A,26-161,1999.0,1.3,0,1,1,100.0,0.76,0.76,0.0,0.0,0,0,2130,ao ANG,MF,it Serie A,26-161,1999.0,3,119,40,4.6,1.3,0,,0,3,40.0,14,1.0,1,2,-1,-0.76,-0.47,1698,ao ANG,MF,it Serie A,26-161,1999.0,1.3,0,0,0,0,0,0,5,1,4,0
Luka Modrić,hr CRO,MF,Milan,it Serie A,40.0,1985.0,28,27,2362,26.2,2,3,5,2,0,0,4,0,0.19,1699,hr CRO,MF,it Serie A,40-189,1985.0,26.2,2,17,7,41.2,0.65,0.27,0.12,0.29,0,0,2131,hr CRO,MF,it Serie A,40-189,1985.0,28,2362,84,90.5,26.2,27,87.0,22,1,4.0,1,2.11,41,20,21,0.8,0.07,1699,hr CRO,MF,it Serie A,40-189,1985.0,26.2,4,0,0,19,26,0,98,34,23,0
Max Moerstedt,de GER,FW,Hoffenheim,de Bundesliga,20.0,2006.0,17,1,370,4.1,2,0,2,2,0,0,2,0,0.49,1700,de GER,FW,de Bundesliga,20-061,2006.0,4.1,2,5,3,60.0,1.22,0.73,0.4,0.67,0,0,2132,de GER,FW,de Bundesliga,20-061,2006.0,17,370,22,15.8,4.1,1,75.0,0,16,18.0,6,2.06,8,4,4,0.97,0.24,1700,de GER,FW,de Bundesliga,20-061,2006.0,4.1,2,0,0,12,7,2,3,0,2,0
Terem Moffi,ng NGA,FW,Nice,fr Ligue 1,26.0,1999.0,10,6,488,5.4,2,0,2,2,0,0,0,0,0.37,1701,ng NGA,FW,fr Ligue 1,26-296,1999.0,5.4,2,16,8,50.0,2.95,1.48,0.13,0.25,0,0,2133,ng NGA,FW,fr Ligue 1,26-296,1999.0,10,488,49,20.9,5.4,6,68.0,1,4,21.0,0,0.8,6,11,-5,-0.92,-0.39,1701,ng NGA,FW,fr Ligue 1,26-296,1999.0,5.4,0,0,0,2,2,7,0,0,1,0
Mostafa Mohamed,eg EGY,FW,Nantes,fr Ligue 1,28.0,1997.0,19,11,989,11.0,3,0,3,3,0,0,1,0,0.27,1702,eg EGY,FW,fr Ligue 1,28-109,1997.0,11.0,3,30,6,20.0,2.73,0.55,0.1,0.5,0,0,2134,eg EGY,FW,fr Ligue 1,28-109,1997.0,19,989,52,44.0,11.0,11,75.0,2,8,21.0,4,0.53,6,20,-14,-1.27,-0.85,1702,eg EGY,FW,fr Ligue 1,28-109,1997.0,11.0,1,0,0,16,22,3,6,6,5,0
Wael Mohya,de GER,MF,Gladbach,de Bundesliga,17.0,2008.0,10,2,297,3.3,1,0,1,1,0,0,0,0,0.3,1703,de GER,MF,de Bundesliga,17-076,2008.0,3.3,1,6,3,50.0,1.82,0.91,0.17,0.33,0,0,2135,de GER,MF,de Bundesliga,17-076,2008.0,10,297,30,12.7,3.3,2,64.0,0,8,21.0,7,0.9,3,5,-2,-0.61,-0.12,1703,de GER,MF,de Bundesliga,17-076,2008.0,3.3,0,0,0,3,8,0,7,2,3,0
Johan Mojica,co COL,DF,Mallorca,es La Liga,33.0,1992.0,28,23,2134,23.7,0,3,3,0,0,0,5,0,0.13,1704,co COL,DF,es La Liga,33-208,1992.0,23.7,0,13,2,15.4,0.55,0.08,0.0,0.0,0,0,2136,co COL,DF,es La Liga,33-208,1992.0,28,2134,76,84.7,23.7,23,89.0,19,5,17.0,0,1.0,28,38,-10,-0.42,0.04,1704,co COL,DF,es La Liga,33-208,1992.0,23.7,5,0,0,22,24,2,99,16,26,0
Enzo Molebe,fr FRA,FW,Lyon,fr Ligue 1,18.0,2007.0,1,0,10,0.1,0,0,0,0,0,0,0,0,0.0,1705,fr FRA,FW,fr Ligue 1,18-180,2007.0,0.1,0,0,0,,0.0,0.0,,,0,0,2139,fr FRA,FW,fr Ligue 1,18-180,2007.0,1,10,10,0.4,0.1,0,,0,1,10.0,7,3.0,0,0,0,0.0,-0.5,1705,fr FRA,FW,fr Ligue 1,18-180,2007.0,0.1,0,0,0,0,0,0,0,0,0,0
Alberto Moleiro,es ESP,MF,Villarreal,es La Liga,22.0,2003.0,27,23,1818,20.2,9,4,13,9,0,0,3,0,0.64,1706,es ESP,MF,es La Liga,22-168,2003.0,20.2,9,39,17,43.6,1.93,0.84,0.23,0.53,0,0,2140,es ESP,MF,es La Liga,22-168,2003.0,27,1818,67,72.1,20.2,23,75.0,5,4,23.0,1,2.04,37,19,18,0.89,0.89,1706,es ESP,MF,es La Liga,22-168,2003.0,20.2,3,0,0,27,20,3,20,8,13,0
Nahuel Molina,ar ARG,DF,Atlético Madrid,es La Liga,27.0,1998.0,20,11,1013,11.3,1,1,2,1,0,0,3,0,0.18,1707,ar ARG,DF,es La Liga,27-345,1998.0,11.3,1,9,2,22.2,0.8,0.18,0.11,0.5,0,0,2142,ar ARG,DF,es La Liga,27-345,1998.0,20,1013,51,40.2,11.3,11,83.0,9,9,11.0,8,2.15,15,12,3,0.27,-0.87,1707,ar ARG,DF,es La Liga,27-345,1998.0,11.3,3,0,0,11,2,2,37,14,17,0
Jon Moncayola,es ESP,MF,Osasuna,es La Liga,27.0,1998.0,26,25,2172,24.1,0,4,4,0,0,0,6,0,0.17,1708,es ESP,MF,es La Liga,27-308,1998.0,24.1,0,17,3,17.6,0.7,0.12,0.0,0.0,0,0,2143,es ESP,MF,es La Liga,27-308,1998.0,26,2172,84,86.2,24.1,25,86.0,15,1,25.0,0,1.08,24,31,-7,-0.29,-1.58,1708,es ESP,MF,es La Liga,27-308,1998.0,24.1,6,0,0,27,10,0,100,20,19,0
Jano Monserrate,es ESP,MF,Atlético Madrid,es La Liga,20.0,2006.0,1,0,18,0.2,0,0,0,0,0,0,0,0,0.0,1709,es ESP,MF,es La Liga,20-048,2006.0,0.2,0,0,0,,0.0,0.0,,,0,0,2146,es ESP,MF,es La Liga,20-048,2006.0,1,18,18,0.7,0.2,0,,0,1,18.0,7,1.0,0,0,0,0.0,-0.79,1709,es ESP,MF,es La Liga,20-048,2006.0,0.2,0,0,0,1,1,0,1,0,2,0
Jorge Montes,es ESP,DF,Getafe,es La Liga,22.0,2004.0,1,0,27,0.3,0,0,0,0,0,0,0,0,0.0,1710,es ESP,DF,es La Liga,22-011,2004.0,0.3,0,0,0,,0.0,0.0,,,0,0,2148,es ESP,DF,es La Liga,22-011,2004.0,1,27,27,1.1,0.3,0,,0,1,27.0,12,0.0,1,1,0,0.0,0.25,1710,es ESP,DF,es La Liga,22-011,2004.0,0.3,0,0,0,1,0,0,2,0,2,0
Álvaro Morata,es ESP,FW,Como,it Serie A,33.0,1992.0,18,8,747,8.3,0,1,1,0,0,1,3,1,0.12,1712,es ESP,FW,it Serie A,33-145,1992.0,8.3,0,21,7,33.3,2.53,0.84,0.0,0.0,0,1,2153,es ESP,FW,it Serie A,33-145,1992.0,18,747,42,28.6,8.3,8,67.0,0,10,22.0,2,1.72,10,4,6,0.72,-0.24,1712,es ESP,FW,it Serie A,33-145,1992.0,8.3,3,1,1,14,26,6,7,1,8,0
Diego Morcillo,es ESP,FW,Alavés,es La Liga,22.0,2003.0,1,0,10,0.1,0,0,0,0,0,0,0,0,0.0,1714,es ESP,FW,es La Liga,22-272,2003.0,0.1,0,1,0,0.0,9.0,0.0,0.0,,0,0,2155,es ESP,FW,es La Liga,22-272,2003.0,1,10,10,0.4,0.1,0,,0,1,10.0,5,0.0,0,0,0,0.0,0.43,1714,es ESP,FW,es La Liga,22-272,2003.0,0.1,0,0,0,1,1,0,1,0,0,0
Diego Moreira,be BEL,MF,Strasbourg,fr Ligue 1,21.0,2004.0,23,21,1830,20.3,3,4,7,3,0,0,4,0,0.34,1716,be BEL,MF,fr Ligue 1,21-223,2004.0,20.3,3,23,9,39.1,1.13,0.44,0.13,0.33,0,0,2157,be BEL,MF,fr Ligue 1,21-223,2004.0,23,1830,80,78.2,20.3,21,84.0,7,2,31.0,0,1.39,34,25,9,0.44,0.44,1716,be BEL,MF,fr Ligue 1,21-223,2004.0,20.3,4,0,0,15,25,8,81,16,22,0
Alberto Moreno,es ESP,DF,Como,it Serie A,33.0,1992.0,12,9,811,9.0,1,0,1,1,0,0,1,0,0.11,1717,es ESP,DF,it Serie A,33-255,1992.0,9.0,1,7,3,42.9,0.78,0.33,0.14,0.33,0,0,2158,es ESP,DF,it Serie A,33-255,1992.0,12,811,68,31.1,9.0,9,83.0,4,3,23.0,17,2.17,15,6,9,1.0,0.15,1717,es ESP,DF,it Serie A,33-255,1992.0,9.0,1,0,0,11,4,2,17,4,6,0
Fabio Moreno Fell,de GER,FW,Mainz 05,de Bundesliga,25.0,2000.0,2,1,77,0.9,0,0,0,0,0,0,0,0,0.0,1719,de GER,FW,de Bundesliga,25-286,2000.0,0.9,0,1,0,0.0,1.17,0.0,0.0,,0,0,2161,de GER,FW,de Bundesliga,25-286,2000.0,2,77,39,3.3,0.9,1,76.0,0,1,1.0,6,0.0,0,1,-1,-1.17,-0.81,1719,de GER,FW,de Bundesliga,25-286,2000.0,0.9,0,0,0,0,0,1,0,0,0,0
Gerard Moreno,es ESP,FW,Villarreal,es La Liga,33.0,1992.0,14,10,779,8.7,7,0,7,5,2,2,0,0,0.58,1720,es ESP,FW,es La Liga,33-344,1992.0,8.7,7,22,10,45.5,2.54,1.16,0.23,0.5,2,2,2162,es ESP,FW,es La Liga,33-344,1992.0,14,779,56,30.9,8.7,10,65.0,0,4,32.0,1,2.14,20,8,12,1.39,1.08,1720,es ESP,FW,es La Liga,33-344,1992.0,8.7,0,0,0,9,8,2,8,2,5,0
Matias Moreno,ar ARG,DF,Levante,es La Liga,22.0,2003.0,19,18,1487,16.5,0,0,0,0,0,0,5,0,0.0,1721,ar ARG,DF,es La Liga,22-174,2003.0,16.5,0,7,0,0.0,0.42,0.0,0.0,,0,0,2163,ar ARG,DF,es La Liga,22-174,2003.0,19,1487,78,59.0,16.5,18,82.0,13,1,6.0,5,1.05,20,20,0,0.0,1.39,1721,ar ARG,DF,es La Liga,22-174,2003.0,16.5,5,0,0,13,16,2,1,25,18,0
Tete Morente,es ESP,MF,Elche,es La Liga,29.0,1996.0,3,3,223,2.5,0,0,0,0,0,0,1,0,0.0,1722,es ESP,MF,es La Liga,29-103,1996.0,2.5,0,1,0,0.0,0.4,0.0,0.0,,0,0,2164,es ESP,MF,es La Liga,29-103,1996.0,3,223,74,8.8,2.5,3,74.0,0,0,,3,0.67,2,3,-1,-0.4,-0.09,1722,es ESP,MF,es La Liga,29-103,1996.0,2.5,1,0,0,7,2,1,11,3,0,0
Ilaix Moriba,gn GUI,MF,Celta Vigo,es La Liga,23.0,2003.0,28,19,1820,20.2,0,1,1,0,0,0,5,0,0.05,1726,gn GUI,MF,es La Liga,23-057,2003.0,20.2,0,15,3,20.0,0.74,0.15,0.0,0.0,0,0,2168,gn GUI,MF,es La Liga,23-057,2003.0,28,1820,65,72.2,20.2,19,85.0,15,9,23.0,0,1.46,30,22,8,0.4,0.52,1726,gn GUI,MF,es La Liga,23-057,2003.0,20.2,5,0,0,22,44,0,1,13,30,0
Manu Morlanes,es ESP,MF,Mallorca,es La Liga,27.0,1999.0,22,14,1102,12.2,1,0,1,1,0,0,4,1,0.08,1727,es ESP,MF,es La Liga,27-064,1999.0,12.2,1,6,2,33.3,0.49,0.16,0.17,0.5,0,0,2169,es ESP,MF,es La Liga,27-064,1999.0,22,1102,50,43.7,12.2,14,69.0,1,8,17.0,2,1.05,15,22,-7,-0.57,-0.25,1727,es ESP,MF,es La Liga,27-064,1999.0,12.2,4,1,1,14,7,0,2,11,19,0
Luca Moro,it ITA,FW,Sassuolo,it Serie A,25.0,2001.0,12,1,204,2.3,0,0,0,0,0,0,1,0,0.0,1728,it ITA,FW,it Serie A,25-051,2001.0,2.3,0,6,1,16.7,2.65,0.44,0.0,0.0,0,0,2170,it ITA,FW,it Serie A,25-051,2001.0,12,204,17,7.8,2.3,1,70.0,0,11,12.0,17,0.92,1,3,-2,-0.88,-0.81,1728,it ITA,FW,it Serie A,25-051,2001.0,2.3,1,0,0,7,9,2,0,2,4,0
Nikola Moro,hr CRO,MF,Bologna,it Serie A,28.0,1998.0,22,15,1365,15.2,2,0,2,2,0,0,1,0,0.13,1729,hr CRO,MF,it Serie A,28-005,1998.0,15.2,2,13,1,7.7,0.86,0.07,0.15,2.0,0,0,2171,hr CRO,MF,it Serie A,28-005,1998.0,22,1365,62,52.3,15.2,15,78.0,8,7,28.0,7,1.68,22,14,8,0.53,0.82,1729,hr CRO,MF,it Serie A,28-005,1998.0,15.2,1,0,0,14,14,1,36,11,6,0
Raúl Moro,es ESP,MF,Osasuna,es La Liga,23.0,2002.0,7,4,340,3.8,0,2,2,0,0,0,0,0,0.53,1730,es ESP,MF,es La Liga,23-102,2002.0,3.8,0,4,0,0.0,1.06,0.0,0.0,,0,0,2172,es ESP,MF,es La Liga,23-102,2002.0,7,340,49,13.5,3.8,4,68.0,0,3,22.0,1,1.29,7,6,1,0.26,0.39,1730,es ESP,MF,es La Liga,23-102,2002.0,3.8,0,0,0,0,4,2,16,0,0,0
Tyler Morton,eng ENG,MF,Lyon,fr Ligue 1,23.0,2002.0,23,23,2034,22.6,2,2,4,2,0,0,5,1,0.18,1731,eng ENG,MF,fr Ligue 1,23-137,2002.0,22.6,2,23,6,26.1,1.02,0.27,0.09,0.33,0,0,2174,eng ENG,MF,fr Ligue 1,23-137,2002.0,23,2034,88,86.9,22.6,23,88.0,20,0,,0,1.74,37,24,13,0.58,0.58,1731,eng ENG,MF,fr Ligue 1,23-137,2002.0,22.6,5,1,0,26,16,0,80,19,25,0
Daren Mosengo,fr FRA,MF,Le Havre,fr Ligue 1,19.0,2006.0,5,0,106,1.2,0,0,0,0,0,0,0,0,0.0,1732,fr FRA,MF,fr Ligue 1,19-218,2006.0,1.2,0,0,0,,0.0,0.0,,,0,0,2176,fr FRA,MF,fr Ligue 1,19-218,2006.0,5,106,21,4.5,1.2,0,,0,5,21.0,12,1.8,1,0,1,0.85,1.37,1732,fr FRA,MF,fr Ligue 1,19-218,2006.0,1.2,0,0,0,1,2,0,0,1,0,0
Daniel Mosquera,co COL,FW,Hellas Verona,it Serie A,26.0,1999.0,20,5,586,6.5,0,2,2,0,0,0,1,0,0.31,1734,co COL,FW,it Serie A,26-148,1999.0,6.5,0,16,5,31.3,2.46,0.77,0.0,0.0,0,0,2178,co COL,FW,it Serie A,26-148,1999.0,20,586,29,22.5,6.5,5,64.0,0,15,18.0,5,0.5,8,12,-4,-0.61,0.5,1734,co COL,FW,it Serie A,26-148,1999.0,6.5,1,0,0,22,6,3,2,2,2,0
Samir El Mourabet,ma MAR,MF,Strasbourg,fr Ligue 1,20.0,2005.0,26,21,1717,19.1,0,1,1,0,0,0,4,0,0.05,1738,ma MAR,MF,fr Ligue 1,20-162,2005.0,19.1,0,9,0,0.0,0.47,0.0,0.0,,0,0,2183,ma MAR,MF,fr Ligue 1,20-162,2005.0,26,1717,66,73.4,19.1,21,77.0,8,5,22.0,0,1.42,28,20,8,0.42,0.27,1738,ma MAR,MF,fr Ligue 1,20-162,2005.0,19.1,4,0,0,19,18,2,17,24,32,0
Santiago Mouriño,uy URU,DF,Villarreal,es La Liga,24.0,2002.0,21,20,1781,19.8,1,2,3,1,0,0,9,1,0.15,1739,uy URU,DF,es La Liga,24-032,2002.0,19.8,1,12,2,16.7,0.61,0.1,0.08,0.5,0,0,2184,uy URU,DF,es La Liga,24-032,2002.0,21,1781,85,70.7,19.8,20,87.0,15,1,45.0,2,2.0,39,23,16,0.81,0.56,1739,uy URU,DF,es La Liga,24-032,2002.0,19.8,9,1,1,42,26,1,6,23,45,0
Louis Mouton,fr FRA,MF,Angers,fr Ligue 1,23.0,2002.0,25,21,1646,18.3,2,1,3,2,0,0,1,1,0.16,1740,fr FRA,MF,fr Ligue 1,23-287,2002.0,18.3,2,31,8,25.8,1.7,0.44,0.06,0.25,0,0,2185,fr FRA,MF,fr Ligue 1,23-287,2002.0,25,1646,66,70.3,18.3,21,75.0,2,4,18.0,0,1.28,14,20,-6,-0.33,0.06,1740,fr FRA,MF,fr Ligue 1,23-287,2002.0,18.3,1,1,0,17,16,4,25,11,23,0
Tarik Muharemovic,ba BIH,DF,Sassuolo,it Serie A,23.0,2003.0,25,25,2205,24.5,2,2,4,2,0,0,5,0,0.16,1742,ba BIH,DF,it Serie A,23-017,2003.0,24.5,2,16,5,31.3,0.65,0.2,0.13,0.4,0,0,2187,ba BIH,DF,it Serie A,23-017,2003.0,25,2205,88,84.5,24.5,25,88.0,24,0,,1,1.24,28,37,-9,-0.37,-1.48,1742,ba BIH,DF,it Serie A,23-017,2003.0,24.5,5,0,0,19,19,0,2,35,19,2
Ngal'Ayel Mukau,cd COD,MF,Lille,fr Ligue 1,21.0,2004.0,22,11,979,10.9,1,0,1,1,0,0,2,0,0.09,1745,cd COD,MF,fr Ligue 1,21-107,2004.0,10.9,1,15,3,20.0,1.38,0.28,0.07,0.33,0,0,2190,cd COD,MF,fr Ligue 1,21-107,2004.0,22,979,45,41.8,10.9,11,73.0,1,11,16.0,1,1.68,14,18,-4,-0.37,-1.1,1745,cd COD,MF,fr Ligue 1,21-107,2004.0,10.9,2,0,0,19,12,3,1,7,9,0
Nordan Mukiele,fr FRA,MF,Rennes,fr Ligue 1,20.0,2006.0,3,0,51,0.6,1,0,1,1,0,0,0,0,1.76,1746,fr FRA,MF,fr Ligue 1,20-033,2006.0,0.6,1,3,1,33.3,5.29,1.76,0.33,1.0,0,0,2191,fr FRA,MF,fr Ligue 1,20-033,2006.0,3,51,17,2.2,0.6,0,,0,3,17.0,10,2.33,2,0,2,3.53,3.37,1746,fr FRA,MF,fr Ligue 1,20-033,2006.0,0.6,0,0,0,3,0,0,1,0,0,0
Marshall Munetsi,zw ZIM,MF,Paris FC,fr Ligue 1,29.0,1996.0,9,5,504,5.6,3,0,3,3,0,0,0,0,0.54,1749,zw ZIM,MF,fr Ligue 1,29-268,1996.0,5.6,3,13,5,38.5,2.32,0.89,0.23,0.6,0,0,2199,zw ZIM,MF,fr Ligue 1,29-268,1996.0,9,504,56,21.5,5.6,5,81.0,1,4,25.0,0,1.33,5,4,1,0.18,0.82,1749,zw ZIM,MF,fr Ligue 1,29-268,1996.0,5.6,0,0,0,6,7,0,0,2,2,0
Believe Munongo,fr FRA,MF,Metz,fr Ligue 1,16.0,2009.0,6,4,295,3.3,0,0,0,0,0,0,0,0,0.0,1752,fr FRA,MF,fr Ligue 1,16-114,2009.0,3.3,0,3,0,0.0,0.92,0.0,0.0,,0,0,2202,fr FRA,MF,fr Ligue 1,16-114,2009.0,6,295,49,12.6,3.3,4,61.0,1,2,25.0,4,0.17,2,8,-6,-1.83,-0.55,1752,fr FRA,MF,fr Ligue 1,16-114,2009.0,3.3,0,0,0,10,2,0,2,3,3,0
Aihen Muñoz,es ESP,DF,Real Sociedad,es La Liga,28.0,1997.0,16,7,686,7.6,0,0,0,0,0,0,1,0,0.0,1753,es ESP,DF,es La Liga,28-213,1997.0,7.6,0,5,1,20.0,0.66,0.13,0.0,0.0,0,0,2203,es ESP,DF,es La Liga,28-213,1997.0,16,686,43,27.2,7.6,7,80.0,3,9,14.0,10,1.63,12,14,-2,-0.26,-0.41,1753,es ESP,DF,es La Liga,28-213,1997.0,7.6,1,0,0,6,3,0,18,5,16,0
Iker Muñoz,es ESP,MF,Osasuna,es La Liga,23.0,2002.0,12,4,583,6.5,0,0,0,0,0,0,3,0,0.0,1755,es ESP,MF,es La Liga,23-132,2002.0,6.5,0,6,2,33.3,0.93,0.31,0.0,0.0,0,0,2206,es ESP,MF,es La Liga,23-132,2002.0,12,583,49,23.1,6.5,4,78.0,2,8,34.0,16,1.42,7,7,0,0.0,0.09,1755,es ESP,MF,es La Liga,23-132,2002.0,6.5,3,0,0,15,11,1,1,8,4,0
Vedat Muriqi,xk KVX,FW,Mallorca,es La Liga,31.0,1994.0,27,26,2228,24.8,18,1,19,13,5,6,3,1,0.57,1760,xk KVX,FW,es La Liga,31-327,1994.0,24.8,18,83,39,47.0,3.35,1.58,0.16,0.33,5,6,2211,xk KVX,FW,es La Liga,31-327,1994.0,27,2228,83,88.4,24.8,26,85.0,16,1,17.0,0,1.0,30,39,-9,-0.36,0.56,1760,xk KVX,FW,es La Liga,31-327,1994.0,24.8,3,1,0,27,49,12,1,3,3,0
Salim Musah,de GER,FW,Werder Bremen,de Bundesliga,20.0,2006.0,1,0,6,0.1,0,0,0,0,0,0,0,0,0.0,1763,de GER,FW,de Bundesliga,20-023,2006.0,0.1,0,1,0,0.0,15.0,0.0,0.0,,0,0,2214,de GER,FW,de Bundesliga,20-023,2006.0,1,6,6,0.3,0.1,0,,0,1,6.0,2,0.0,0,0,0,0.0,0.69,1763,de GER,FW,de Bundesliga,20-023,2006.0,0.1,0,0,0,0,0,0,0,1,0,0
Yunus Musah,us USA,MF,Atalanta,it Serie A,23.0,2002.0,15,3,435,4.8,1,0,1,1,0,0,1,0,0.21,1764,us USA,MF,it Serie A,23-108,2002.0,4.8,1,6,1,16.7,1.24,0.21,0.17,1.0,0,0,2215,us USA,MF,it Serie A,23-108,2002.0,15,435,29,16.7,4.8,3,63.0,1,12,20.0,12,1.93,4,7,-3,-0.62,-1.28,1764,us USA,MF,it Serie A,23-108,2002.0,4.8,1,0,0,6,14,2,9,3,4,0
Yunus Musah,us USA,MF,Milan,it Serie A,23.0,2002.0,1,1,90,1.0,0,0,0,0,0,0,0,0,0.0,1765,us USA,MF,it Serie A,23-108,2002.0,1.0,0,0,0,,0.0,0.0,,,0,0,2216,us USA,MF,it Serie A,23-108,2002.0,1,90,90,3.4,1.0,1,90.0,1,0,,1,3.0,2,0,2,2.0,1.25,1765,us USA,MF,it Serie A,23-108,2002.0,1.0,0,0,0,2,2,1,1,0,1,0
Jamal Musiala,de GER,MF,Bayern Munich,de Bundesliga,23.0,2003.0,8,2,306,3.4,1,2,3,0,1,1,1,0,0.59,1766,de GER,MF,de Bundesliga,23-019,2003.0,3.4,1,13,4,30.8,3.82,1.18,0.0,0.0,1,1,2217,de GER,MF,de Bundesliga,23-019,2003.0,8,306,38,13.1,3.4,2,84.0,1,6,23.0,0,2.38,12,5,7,2.06,-0.64,1766,de GER,MF,de Bundesliga,23-019,2003.0,3.4,1,0,0,2,12,0,2,2,2,0
Almoatasem Al Musrati,ly LBY,MF,Hellas Verona,it Serie A,29.0,1996.0,15,8,759,8.4,0,1,1,0,0,0,5,1,0.12,1767,ly LBY,MF,it Serie A,29-345,1996.0,8.4,0,6,1,16.7,0.71,0.12,0.0,0.0,0,0,2218,ly LBY,MF,it Serie A,29-345,1996.0,15,759,51,29.1,8.4,8,76.0,3,7,21.0,6,0.73,7,18,-11,-1.3,-0.43,1767,ly LBY,MF,it Serie A,29-345,1996.0,8.4,5,1,1,14,2,1,2,9,6,0
Cheveyo Muy,nl NED,FW,Milan,it Serie A,,,2,0,5,0.1,0,0,0,0,0,0,0,0,0.0,1769,nl NED,FW,it Serie A,,,0.1,0,1,0,0.0,18.0,0.0,0.0,,0,0,2220,nl NED,FW,it Serie A,,,2,5,3,0.2,0.1,0,,0,2,3.0,2,3.0,0,0,0,0.0,-0.79,1769,nl NED,FW,it Serie A,,,0.1,0,0,0,0,0,0,0,0,0,0
Junior Mwanga,fr FRA,MF,Nantes,fr Ligue 1,22.0,2003.0,15,15,1260,14.0,1,1,2,1,0,0,2,1,0.14,1773,fr FRA,MF,fr Ligue 1,22-310,2003.0,14.0,1,9,3,33.3,0.64,0.21,0.11,0.33,0,0,2224,fr FRA,MF,fr Ligue 1,22-310,2003.0,15,1260,84,56.0,14.0,15,84.0,12,0,,0,0.73,15,27,-12,-0.86,-0.13,1773,fr FRA,MF,fr Ligue 1,22-310,2003.0,14.0,2,1,0,15,14,0,5,8,14,0
Phillipp Mwene,at AUT,MF,Mainz 05,de Bundesliga,32.0,1994.0,21,17,1453,16.1,0,1,1,0,0,0,3,0,0.06,1774,at AUT,MF,de Bundesliga,32-047,1994.0,16.1,0,6,0,0.0,0.37,0.0,0.0,,0,0,2225,at AUT,MF,de Bundesliga,32-047,1994.0,21,1453,69,62.1,16.1,17,81.0,9,4,19.0,0,1.0,19,25,-6,-0.37,0.03,1774,at AUT,MF,de Bundesliga,32-047,1994.0,16.1,3,0,0,16,21,3,58,7,13,0
Obite N'Dicka,ci CIV,DF,Roma,it Serie A,26.0,1999.0,23,23,2014,22.4,3,0,3,3,0,0,5,0,0.13,1778,ci CIV,DF,it Serie A,26-209,1999.0,22.4,3,17,4,23.5,0.76,0.18,0.18,0.75,0,0,2229,ci CIV,DF,it Serie A,26-209,1999.0,23,2014,88,77.2,22.4,23,88.0,21,0,,0,1.83,29,17,12,0.54,-0.07,1778,ci CIV,DF,it Serie A,26-209,1999.0,22.4,5,0,0,27,32,0,2,27,12,0
Bilal Nadir,ma MAR,MF,Marseille,fr Ligue 1,22.0,2003.0,18,5,565,6.3,0,4,4,0,0,0,5,1,0.64,1781,ma MAR,MF,fr Ligue 1,22-109,2003.0,6.3,0,7,1,14.3,1.12,0.16,0.0,0.0,0,0,2232,ma MAR,MF,fr Ligue 1,22-109,2003.0,18,565,31,24.1,6.3,5,70.0,1,13,17.0,2,1.56,22,5,17,2.71,2.56,1781,ma MAR,MF,fr Ligue 1,22-109,2003.0,6.3,5,1,1,22,4,1,9,4,9,0
Mahamadou Nagida,cm CMR,DF,Rennes,fr Ligue 1,20.0,2005.0,11,5,534,5.9,0,0,0,0,0,0,2,0,0.0,1782,cm CMR,DF,fr Ligue 1,20-262,2005.0,5.9,0,8,2,25.0,1.35,0.34,0.0,0.0,0,0,2233,cm CMR,DF,fr Ligue 1,20-262,2005.0,11,534,49,22.8,5.9,5,85.0,3,6,18.0,14,1.82,12,9,3,0.51,0.36,1782,cm CMR,DF,fr Ligue 1,20-262,2005.0,5.9,2,0,0,10,4,0,7,14,9,0
Sebastian Nanasi,se SWE,MF,Strasbourg,fr Ligue 1,23.0,2002.0,12,4,439,4.9,3,1,4,3,0,0,0,0,0.82,1784,se SWE,MF,fr Ligue 1,23-305,2002.0,4.9,3,10,6,60.0,2.05,1.23,0.3,0.5,0,0,2237,se SWE,MF,fr Ligue 1,23-305,2002.0,12,439,37,18.8,4.9,4,67.0,1,8,21.0,9,1.33,7,3,4,0.82,0.58,1784,se SWE,MF,fr Ligue 1,23-305,2002.0,4.9,0,0,0,4,1,0,8,3,3,0
Natan,br BRA,DF,Real Betis,es La Liga,25.0,2001.0,25,25,2164,24.0,0,0,0,0,0,0,6,0,0.0,1787,br BRA,DF,es La Liga,25-039,2001.0,24.0,0,8,1,12.5,0.33,0.04,0.0,0.0,0,0,2242,br BRA,DF,es La Liga,25-039,2001.0,25,2164,87,85.9,24.0,25,87.0,22,0,,2,1.6,37,31,6,0.25,-0.26,1787,br BRA,DF,es La Liga,25-039,2001.0,24.0,6,0,0,18,10,0,1,28,13,0
Pau Navarro,es ESP,DF,Villarreal,es La Liga,20.0,2005.0,16,16,1346,15.0,0,0,0,0,0,0,3,0,0.0,1788,es ESP,DF,es La Liga,20-326,2005.0,15.0,0,1,1,100.0,0.07,0.07,0.0,0.0,0,0,2246,es ESP,DF,es La Liga,20-326,2005.0,16,1346,84,53.4,15.0,16,84.0,13,0,,9,1.81,23,18,5,0.33,-0.66,1788,es ESP,DF,es La Liga,20-326,2005.0,15.0,3,0,0,27,10,1,2,12,30,0
Roberto Navarro,es ESP,MF,Athletic Club,es La Liga,23.0,2002.0,23,7,891,9.9,5,1,6,5,0,0,1,0,0.61,1789,es ESP,MF,es La Liga,23-339,2002.0,9.9,5,14,7,50.0,1.41,0.71,0.36,0.71,0,0,2247,es ESP,MF,es La Liga,23-339,2002.0,23,891,39,35.4,9.9,7,64.0,1,16,28.0,2,1.22,15,15,0,0.0,0.55,1789,es ESP,MF,es La Liga,23-339,2002.0,9.9,1,0,0,12,14,4,45,6,7,0
Corrie Ndaba,ie IRL,DF,Lecce,it Serie A,26.0,1999.0,11,4,402,4.5,0,0,0,0,0,0,0,0,0.0,1790,ie IRL,DF,it Serie A,26-082,1999.0,4.5,0,2,0,0.0,0.45,0.0,0.0,,0,0,2248,ie IRL,DF,it Serie A,26-082,1999.0,11,402,37,15.4,4.5,4,71.0,1,7,17.0,18,1.27,4,8,-4,-0.9,-0.32,1790,ie IRL,DF,it Serie A,26-082,1999.0,4.5,0,0,0,2,0,0,2,1,4,0
Michel Ndary Adopo,fr FRA,MF,Cagliari,it Serie A,25.0,2000.0,29,25,2313,25.7,1,1,2,1,0,0,2,0,0.08,1791,fr FRA,MF,it Serie A,25-241,2000.0,25.7,1,23,10,43.5,0.89,0.39,0.04,0.1,0,0,2249,fr FRA,MF,it Serie A,25-241,2000.0,29,2313,80,88.6,25.7,25,85.0,19,4,46.0,0,1.03,26,35,-9,-0.35,-0.05,1791,fr FRA,MF,it Serie A,25-241,2000.0,25.7,2,0,0,28,22,4,14,24,24,0
Rassoul Ndiaye,sn SEN,MF,Le Havre,fr Ligue 1,24.0,2001.0,26,23,1982,22.0,3,3,6,3,0,0,1,0,0.27,1794,sn SEN,MF,fr Ligue 1,24-096,2001.0,22.0,3,25,6,24.0,1.14,0.27,0.12,0.5,0,0,2252,sn SEN,MF,fr Ligue 1,24-096,2001.0,26,1982,76,84.7,22.0,23,83.0,10,3,26.0,0,1.04,16,23,-7,-0.32,0.94,1794,sn SEN,MF,fr Ligue 1,24-096,2001.0,22.0,1,0,0,14,29,3,81,13,24,0
Quentin Ndjantou Mbitcha,fr FRA,MF,Paris Saint-Germain,fr Ligue 1,18.0,2007.0,10,3,360,4.0,1,1,2,1,0,0,1,0,0.5,1795,fr FRA,MF,fr Ligue 1,18-237,2007.0,4.0,1,9,3,33.3,2.25,0.75,0.11,0.33,0,0,2253,fr FRA,MF,fr Ligue 1,18-237,2007.0,10,360,36,16.0,4.0,3,67.0,1,7,23.0,1,2.1,11,3,8,2.0,0.86,1795,fr FRA,MF,fr Ligue 1,18-237,2007.0,4.0,1,0,0,7,2,0,4,2,1,0
Tanguy Ndombele,fr FRA,MF,Nice,fr Ligue 1,29.0,1996.0,7,2,192,2.1,0,1,1,0,0,0,0,0,0.47,1796,fr FRA,MF,fr Ligue 1,29-079,1996.0,2.1,0,4,1,25.0,1.87,0.47,0.0,0.0,0,0,2254,fr FRA,MF,fr Ligue 1,29-079,1996.0,7,192,27,8.2,2.1,2,63.0,0,5,13.0,5,0.71,2,3,-1,-0.47,0.16,1796,fr FRA,MF,fr Ligue 1,29-079,1996.0,2.1,0,0,0,1,6,0,1,0,1,0
Cher Ndour,it ITA,MF,Fiorentina,it Serie A,21.0,2004.0,24,12,1161,12.9,1,0,1,1,0,0,1,0,0.08,1797,it ITA,MF,it Serie A,21-233,2004.0,12.9,1,14,4,28.6,1.09,0.31,0.07,0.25,0,0,2255,it ITA,MF,it Serie A,21-233,2004.0,24,1161,48,44.5,12.9,12,73.0,3,12,23.0,5,1.13,12,15,-3,-0.23,0.14,1797,it ITA,MF,it Serie A,21-233,2004.0,12.9,1,0,0,15,14,1,15,9,9,0
Joseph Nduquidi,fr FRA,MF,Metz,fr Ligue 1,21.0,2004.0,1,0,7,0.1,0,0,0,0,0,0,0,0,0.0,1799,fr FRA,MF,fr Ligue 1,21-137,2004.0,0.1,0,0,0,,0.0,0.0,,,0,0,2257,fr FRA,MF,fr Ligue 1,21-137,2004.0,1,7,7,0.3,0.1,0,,0,1,7.0,2,0.0,0,1,-1,-12.86,-11.55,1799,fr FRA,MF,fr Ligue 1,21-137,2004.0,0.1,0,0,0,0,0,0,1,0,0,0
Paul Nebel,de GER,MF,Mainz 05,de Bundesliga,23.0,2002.0,22,16,1416,15.7,2,1,3,2,0,0,2,2,0.19,1800,de GER,MF,de Bundesliga,23-158,2002.0,15.7,2,19,3,15.8,1.21,0.19,0.11,0.67,0,0,2259,de GER,MF,de Bundesliga,23-158,2002.0,22,1416,64,60.5,15.7,16,82.0,10,6,17.0,0,1.14,15,27,-12,-0.76,-0.96,1800,de GER,MF,de Bundesliga,23-158,2002.0,15.7,2,2,0,20,14,2,99,9,23,0
Kosta Nedeljković,rs SRB,DF,RB Leipzig,de Bundesliga,20.0,2005.0,5,3,251,2.8,0,0,0,0,0,0,0,0,0.0,1801,rs SRB,DF,de Bundesliga,20-091,2005.0,2.8,0,0,0,,0.0,0.0,,,0,0,2260,rs SRB,DF,de Bundesliga,20-091,2005.0,5,251,50,10.7,2.8,3,80.0,1,2,6.0,9,1.8,8,4,4,1.43,1.05,1801,rs SRB,DF,de Bundesliga,20-091,2005.0,2.8,0,0,0,1,1,0,6,1,1,0
Victor Nelsson,dk DEN,DF,Hellas Verona,it Serie A,27.0,1998.0,29,28,2506,27.8,0,0,0,0,0,0,3,0,0.0,1805,dk DEN,DF,it Serie A,27-154,1998.0,27.8,0,6,0,0.0,0.22,0.0,0.0,,0,0,2266,dk DEN,DF,it Serie A,27-154,1998.0,29,2506,86,96.0,27.8,28,89.0,27,1,13.0,0,0.62,19,49,-30,-1.08,-1.94,1805,dk DEN,DF,it Serie A,27-154,1998.0,27.8,3,0,0,34,15,0,1,54,24,1
Martim Neto,pt POR,MF,Elche,es La Liga,23.0,2003.0,22,13,1177,13.1,2,5,7,2,0,0,2,0,0.54,1807,pt POR,MF,es La Liga,23-062,2003.0,13.1,2,12,4,33.3,0.92,0.31,0.17,0.5,0,0,2269,pt POR,MF,es La Liga,23-062,2003.0,22,1177,54,46.7,13.1,13,68.0,1,9,32.0,4,0.77,16,20,-4,-0.31,0.03,1807,pt POR,MF,es La Liga,23-062,2003.0,13.1,2,0,0,16,9,0,25,2,9,0
Cenny Neumann,de GER,FW,Köln,de Bundesliga,19.0,2007.0,1,0,5,0.1,0,0,0,0,0,0,0,0,0.0,1813,de GER,FW,de Bundesliga,19-064,2007.0,0.1,0,0,0,,0.0,0.0,,,0,0,2275,de GER,FW,de Bundesliga,19-064,2007.0,1,5,5,0.2,0.1,0,,0,1,5.0,3,0.0,1,0,1,18.0,18.39,1813,de GER,FW,de Bundesliga,19-064,2007.0,0.1,0,0,0,1,0,0,0,0,0,0
João Neves,pt POR,MF,Paris Saint-Germain,fr Ligue 1,21.0,2004.0,14,11,1002,11.1,5,1,6,5,0,0,0,0,0.54,1814,pt POR,MF,fr Ligue 1,21-171,2004.0,11.1,5,21,6,28.6,1.89,0.54,0.24,0.83,0,0,2276,pt POR,MF,fr Ligue 1,21-171,2004.0,14,1002,72,44.5,11.1,11,83.0,7,3,31.0,1,2.43,28,11,17,1.53,0.45,1814,pt POR,MF,fr Ligue 1,21-171,2004.0,11.1,0,0,0,12,8,0,2,4,12,0
Yvan Neyou,cm CMR,MF,Getafe,es La Liga,29.0,1997.0,5,0,67,0.7,0,0,0,0,0,0,2,0,0.0,1815,cm CMR,MF,es La Liga,29-073,1997.0,0.7,0,0,0,,0.0,0.0,,,0,0,2277,cm CMR,MF,es La Liga,29-073,1997.0,5,67,13,2.7,0.7,0,,0,5,13.0,10,2.0,0,2,-2,-2.69,-2.5,1815,cm CMR,MF,es La Liga,29-073,1997.0,0.7,2,0,0,4,2,0,0,0,0,0
Jessic Ngankam,de GER,FW,Eintracht Frankfurt,de Bundesliga,25.0,2000.0,3,0,62,0.7,0,0,0,0,0,0,0,0,0.0,1816,de GER,FW,de Bundesliga,25-240,2000.0,0.7,0,0,0,,0.0,0.0,,,0,0,2278,de GER,FW,de Bundesliga,25-240,2000.0,3,62,21,2.6,0.7,0,,0,3,21.0,2,0.67,1,4,-3,-4.35,-4.47,1816,de GER,FW,de Bundesliga,25-240,2000.0,0.7,0,0,0,4,2,0,0,0,0,0
Oumar Ngom,mr MTN,MF,Lecce,it Serie A,22.0,2004.0,6,2,244,2.7,0,0,0,0,0,0,0,0,0.0,1817,mr MTN,MF,it Serie A,22-008,2004.0,2.7,0,2,0,0.0,0.74,0.0,0.0,,0,0,2279,mr MTN,MF,it Serie A,22-008,2004.0,6,244,41,9.3,2.7,2,87.0,1,4,18.0,4,1.0,3,5,-2,-0.74,-0.13,1817,mr MTN,MF,it Serie A,22-008,2004.0,2.7,0,0,0,6,3,0,1,7,6,0
Cyril Ngonge,be BEL,FW,Torino,it Serie A,25.0,2000.0,20,11,994,11.0,1,1,2,1,0,0,2,0,0.18,1818,be BEL,FW,it Serie A,25-295,2000.0,11.0,1,24,12,50.0,2.17,1.09,0.04,0.08,0,0,2280,be BEL,FW,it Serie A,25-295,2000.0,20,994,50,38.1,11.0,11,72.0,2,9,22.0,1,1.0,9,20,-11,-1.0,-0.61,1818,be BEL,FW,it Serie A,25-295,2000.0,11.0,2,0,0,20,18,6,19,2,4,0
Cyril Ngonge,be BEL,MF,Espanyol,es La Liga,25.0,2000.0,4,2,169,1.9,0,2,2,0,0,0,2,0,1.07,1819,be BEL,MF,es La Liga,25-295,2000.0,1.9,0,6,2,33.3,3.2,1.07,0.0,0.0,0,0,2281,be BEL,MF,es La Liga,25-295,2000.0,4,169,42,6.7,1.9,2,58.0,0,2,27.0,2,0.5,3,3,0,0.0,0.27,1819,be BEL,MF,es La Liga,25-295,2000.0,1.9,2,0,0,3,4,0,16,3,1,0
Mikayil Ngor Faye,sn SEN,MF,Rennes,fr Ligue 1,21.0,2004.0,1,0,8,0.1,0,0,0,0,0,0,0,0,0.0,1821,sn SEN,MF,fr Ligue 1,21-246,2004.0,0.1,0,0,0,,0.0,0.0,,,0,0,2283,sn SEN,MF,fr Ligue 1,21-246,2004.0,1,8,8,0.3,0.1,0,,0,1,8.0,1,1.0,0,0,0,0.0,-0.23,1821,sn SEN,MF,fr Ligue 1,21-246,2004.0,0.1,0,0,0,0,0,0,0,0,0,0
Nathan Ngoy,be BEL,DF,Lille,fr Ligue 1,22.0,2003.0,22,20,1775,19.7,1,2,3,1,0,0,6,1,0.15,1822,be BEL,DF,fr Ligue 1,22-280,2003.0,19.7,1,18,5,27.8,0.91,0.25,0.06,0.2,0,0,2284,be BEL,DF,fr Ligue 1,22-280,2003.0,22,1775,81,75.9,19.7,20,87.0,19,2,14.0,2,1.64,26,27,-1,-0.05,-1.33,1822,be BEL,DF,fr Ligue 1,22-280,2003.0,19.7,6,1,0,15,6,0,5,33,18,0
Bernard Nguene,cm CMR,FW,Nice,fr Ligue 1,19.0,2006.0,6,0,138,1.5,0,0,0,0,0,0,1,0,0.0,1823,cm CMR,FW,fr Ligue 1,19-225,2006.0,1.5,0,3,0,0.0,1.96,0.0,0.0,,0,0,2285,cm CMR,FW,fr Ligue 1,19-225,2006.0,6,138,23,5.9,1.5,0,,0,6,23.0,4,0.67,0,3,-3,-1.96,-1.43,1823,cm CMR,FW,fr Ligue 1,19-225,2006.0,1.5,1,0,0,3,2,1,1,3,1,0
Moussa Niakhate,sn SEN,DF,Lyon,fr Ligue 1,30.0,1996.0,24,22,2039,22.7,0,2,2,0,0,0,3,0,0.09,1825,sn SEN,DF,fr Ligue 1,30-009,1996.0,22.7,0,3,0,0.0,0.13,0.0,0.0,,0,0,2287,sn SEN,DF,fr Ligue 1,30-009,1996.0,24,2039,85,87.1,22.7,22,90.0,22,2,30.0,0,1.71,30,21,9,0.4,-0.8,1825,sn SEN,DF,fr Ligue 1,30-009,1996.0,22.7,3,0,0,30,20,0,3,20,17,0
Abdoulaye Niakhate Ndiaye,sn SEN,DF,Parma,it Serie A,23.0,2002.0,7,6,496,5.5,0,0,0,0,0,0,4,1,0.0,1826,sn SEN,DF,it Serie A,23-341,2002.0,5.5,0,4,0,0.0,0.73,0.0,0.0,,0,0,2288,sn SEN,DF,it Serie A,23-341,2002.0,7,496,71,19.0,5.5,6,74.0,4,1,50.0,4,0.86,3,8,-5,-0.91,-0.48,1826,sn SEN,DF,it Serie A,23-341,2002.0,5.5,4,1,1,10,7,0,0,9,8,0
Youssoupha Niang,de GER,MF,Köln,de Bundesliga,19.0,2006.0,6,2,156,1.7,0,0,0,0,0,0,0,0,0.0,1827,de GER,MF,de Bundesliga,19-357,2006.0,1.7,0,5,1,20.0,2.88,0.58,0.0,0.0,0,0,2289,de GER,MF,de Bundesliga,19-357,2006.0,6,156,26,6.7,1.7,2,60.0,0,4,9.0,2,0.83,1,4,-3,-1.73,-1.48,1827,de GER,MF,de Bundesliga,19-357,2006.0,1.7,0,0,0,4,3,0,2,0,1,0
Tanguy Nianzou,fr FRA,DF,Sevilla,es La Liga,23.0,2002.0,11,7,618,6.9,0,0,0,0,0,0,5,0,0.0,1828,fr FRA,DF,es La Liga,23-283,2002.0,6.9,0,6,0,0.0,0.87,0.0,0.0,,0,0,2290,fr FRA,DF,es La Liga,23-283,2002.0,11,618,56,24.5,6.9,7,72.0,2,4,28.0,1,1.18,7,15,-8,-1.17,-1.07,1828,fr FRA,DF,es La Liga,23-283,2002.0,6.9,5,0,0,14,6,0,0,4,10,0
Cheikh Niasse,sn SEN,MF,Hellas Verona,it Serie A,26.0,2000.0,19,11,970,10.8,0,1,1,0,0,0,1,0,0.09,1829,sn SEN,MF,it Serie A,26-057,2000.0,10.8,0,6,1,16.7,0.56,0.09,0.0,0.0,0,0,2291,sn SEN,MF,it Serie A,26-057,2000.0,19,970,51,37.2,10.8,11,77.0,2,8,15.0,10,0.63,10,20,-10,-0.93,0.11,1829,sn SEN,MF,it Serie A,26-057,2000.0,10.8,1,0,0,20,15,2,14,15,14,0
Samuel Nibombé,be BEL,DF,Monaco,fr Ligue 1,18.0,2007.0,1,0,1,0.0,0,0,0,0,0,0,0,0,0.0,1830,be BEL,DF,fr Ligue 1,18-214,2007.0,0.0,0,0,0,,0.0,0.0,,,0,0,2292,be BEL,DF,fr Ligue 1,18-214,2007.0,1,1,1,0.0,0.0,0,,0,1,1.0,7,3.0,0,0,0,0.0,-0.31,1830,be BEL,DF,fr Ligue 1,18-214,2007.0,0.0,0,0,0,0,0,0,0,0,0,0
Rasmus Nicolaisen,dk DEN,DF,Toulouse,fr Ligue 1,29.0,1997.0,25,23,1934,21.5,0,0,0,0,0,0,3,0,0.0,1831,dk DEN,DF,fr Ligue 1,29-001,1997.0,21.5,0,13,4,30.8,0.6,0.19,0.0,0.0,0,0,2293,dk DEN,DF,fr Ligue 1,29-001,1997.0,25,1934,77,82.6,21.5,23,83.0,17,2,15.0,0,1.36,33,27,6,0.28,0.5,1831,dk DEN,DF,fr Ligue 1,29-001,1997.0,21.5,3,0,0,25,13,1,2,33,9,0
Hans Nicolussi Caviglia,it ITA,MF,Fiorentina,it Serie A,25.0,2000.0,11,7,585,6.5,0,1,1,0,0,0,4,0,0.15,1833,it ITA,MF,it Serie A,25-272,2000.0,6.5,0,4,1,25.0,0.62,0.15,0.0,0.0,0,0,2295,it ITA,MF,it Serie A,25-272,2000.0,11,585,53,22.4,6.5,7,78.0,3,4,11.0,10,0.91,7,12,-5,-0.77,-0.59,1833,it ITA,MF,it Serie A,25-272,2000.0,6.5,4,0,0,15,15,0,30,3,7,0
Hans Nicolussi Caviglia,it ITA,MF,Parma,it Serie A,25.0,2000.0,6,2,227,2.5,0,2,2,0,0,0,0,0,0.79,1834,it ITA,MF,it Serie A,25-272,2000.0,2.5,0,5,0,0.0,1.98,0.0,0.0,,0,0,2296,it ITA,MF,it Serie A,25-272,2000.0,6,227,38,8.7,2.5,2,59.0,0,4,28.0,1,1.83,5,5,0,0.0,0.57,1834,it ITA,MF,it Serie A,25-272,2000.0,2.5,0,0,0,3,2,0,9,0,0,0
Julian Niehues,de GER,MF,Heidenheim,de Bundesliga,24.0,2001.0,19,14,1107,12.3,3,0,3,3,0,0,1,0,0.24,1835,de GER,MF,de Bundesliga,24-334,2001.0,12.3,3,16,5,31.3,1.3,0.41,0.19,0.6,0,0,2298,de GER,MF,de Bundesliga,24-334,2001.0,19,1107,58,47.3,12.3,14,70.0,2,5,24.0,7,0.68,16,25,-9,-0.73,1.09,1835,de GER,MF,de Bundesliga,24-334,2001.0,12.3,1,0,0,8,6,1,3,16,7,0
Oliver Nielsen,dk DEN,DF,Lazio,it Serie A,22.0,2003.0,17,8,911,10.1,0,0,0,0,0,0,2,0,0.0,1836,dk DEN,DF,it Serie A,22-286,2003.0,10.1,0,3,1,33.3,0.3,0.1,0.0,0.0,0,0,2299,dk DEN,DF,it Serie A,22-286,2003.0,17,911,54,34.9,10.1,8,89.0,7,9,22.0,12,1.59,14,10,4,0.4,0.55,1836,dk DEN,DF,it Serie A,22-286,2003.0,10.1,2,0,0,8,5,0,1,10,5,0
Alieu Njie,se SWE,FW,Torino,it Serie A,20.0,2005.0,9,1,120,1.3,1,1,2,1,0,0,1,0,1.5,1837,se SWE,FW,it Serie A,20-307,2005.0,1.3,1,3,2,66.7,2.25,1.5,0.33,0.5,0,0,2300,se SWE,FW,it Serie A,20-307,2005.0,9,120,13,4.6,1.3,1,45.0,0,8,9.0,19,0.67,2,3,-1,-0.75,-0.14,1837,se SWE,FW,it Serie A,20-307,2005.0,1.3,1,0,0,4,1,0,2,0,0,0
Christopher Nkunku,fr FRA,FW,Milan,it Serie A,28.0,1997.0,23,11,996,11.1,5,3,8,2,3,3,0,0,0.45,1842,fr FRA,FW,it Serie A,28-123,1997.0,11.1,5,20,11,55.0,1.81,0.99,0.1,0.18,3,3,2306,fr FRA,FW,it Serie A,28-123,1997.0,23,996,43,38.2,11.1,11,73.0,3,12,16.0,1,2.04,23,8,15,1.36,0.91,1842,fr FRA,FW,it Serie A,28-123,1997.0,11.1,0,0,0,7,18,7,8,1,2,0
Felix Nmecha,de GER,MF,Dortmund,de Bundesliga,25.0,2000.0,26,23,1980,22.0,2,3,5,2,0,0,0,0,0.23,1843,de GER,MF,de Bundesliga,25-158,2000.0,22.0,2,27,6,22.2,1.23,0.27,0.07,0.33,0,0,2307,de GER,MF,de Bundesliga,25-158,2000.0,26,1980,76,84.6,22.0,23,83.0,7,3,25.0,0,2.23,46,25,21,0.95,-1.05,1843,de GER,MF,de Bundesliga,25-158,2000.0,22.0,0,0,0,26,19,1,6,23,20,0
Tochukwu Nnadi,ng NGA,MF,Marseille,fr Ligue 1,22.0,2003.0,3,0,27,0.3,0,0,0,0,0,0,0,0,0.0,1845,ng NGA,MF,fr Ligue 1,22-260,2003.0,0.3,0,0,0,,0.0,0.0,,,0,0,2309,ng NGA,MF,fr Ligue 1,22-260,2003.0,3,27,9,1.2,0.3,0,,0,3,9.0,0,3.0,0,0,0,0.0,-0.78,1845,ng NGA,MF,fr Ligue 1,22-260,2003.0,0.3,0,0,0,2,0,0,0,1,0,0
Martin Nogoto Bley,bf BFA,MF,Lorient,fr Ligue 1,20.0,2006.0,1,0,1,0.0,0,0,0,0,0,0,0,0,0.0,1846,bf BFA,MF,fr Ligue 1,20-053,2006.0,0.0,0,0,0,,0.0,0.0,,,0,0,2310,bf BFA,MF,fr Ligue 1,20-053,2006.0,1,1,1,0.0,0.0,0,,0,1,1.0,6,3.0,0,0,0,0.0,0.12,1846,bf BFA,MF,fr Ligue 1,20-053,2006.0,0.0,0,0,0,0,0,0,0,0,0,0
Tijjani Noslin,nl NED,FW,Lazio,it Serie A,26.0,1999.0,20,4,557,6.2,2,0,2,2,0,0,2,1,0.32,1850,nl NED,FW,it Serie A,26-253,1999.0,6.2,2,19,8,42.1,3.07,1.29,0.11,0.25,0,0,2314,nl NED,FW,it Serie A,26-253,1999.0,20,557,28,21.3,6.2,4,68.0,0,16,18.0,8,1.25,5,7,-2,-0.32,-0.45,1850,nl NED,FW,it Serie A,26-253,1999.0,6.2,2,1,1,6,12,2,3,0,3,0
Noah Nsoki,fr FRA,MF,Paris Saint-Germain,fr Ligue 1,19.0,2007.0,1,0,8,0.1,0,0,0,0,0,0,0,0,0.0,1851,fr FRA,MF,fr Ligue 1,19-025,2007.0,0.1,0,0,0,,0.0,0.0,,,0,0,2316,fr FRA,MF,fr Ligue 1,19-025,2007.0,1,8,8,0.4,0.1,0,,0,1,8.0,2,3.0,0,0,0,0.0,-1.28,1851,fr FRA,MF,fr Ligue 1,19-025,2007.0,0.1,0,0,0,0,0,0,0,0,1,0
Álvaro Núñez,es ESP,DF,Celta Vigo,es La Liga,25.0,2000.0,1,1,57,0.6,0,0,0,0,0,0,0,0,0.0,1856,es ESP,DF,es La Liga,25-253,2000.0,0.6,0,1,1,100.0,1.58,1.58,0.0,0.0,0,0,2322,es ESP,DF,es La Liga,25-253,2000.0,1,57,57,2.3,0.6,1,57.0,0,0,,2,1.0,1,1,0,0.0,-0.26,1856,es ESP,DF,es La Liga,25-253,2000.0,0.6,0,0,0,1,0,0,0,1,0,0
Unai Núñez,es ESP,DF,Hellas Verona,it Serie A,29.0,1997.0,17,15,1265,14.1,0,0,0,0,0,0,6,0,0.0,1857,es ESP,DF,it Serie A,29-046,1997.0,14.1,0,7,1,14.3,0.5,0.07,0.0,0.0,0,0,2324,es ESP,DF,it Serie A,29-046,1997.0,17,1265,74,48.5,14.1,15,82.0,12,2,21.0,1,0.71,12,26,-14,-1.0,0.01,1857,es ESP,DF,it Serie A,29-046,1997.0,14.1,6,0,0,27,10,0,11,23,18,1
Unai Núñez,es ESP,DF,Valencia,es La Liga,29.0,1997.0,6,6,500,5.6,0,0,0,0,0,0,2,0,0.0,1858,es ESP,DF,es La Liga,29-046,1997.0,5.6,0,4,0,0.0,0.72,0.0,0.0,,0,0,2325,es ESP,DF,es La Liga,29-046,1997.0,6,500,83,19.8,5.6,6,83.0,4,0,,1,1.5,7,6,1,0.18,0.76,1858,es ESP,DF,es La Liga,29-046,1997.0,5.6,2,0,0,5,3,0,2,5,6,0
Joi Nuredini,al ALB,FW,Genoa,it Serie A,18.0,2007.0,1,0,2,0.0,0,0,0,0,0,0,0,0,0.0,1859,al ALB,FW,it Serie A,18-224,2007.0,0.0,0,0,0,,0.0,0.0,,,0,0,2327,al ALB,FW,it Serie A,18-224,2007.0,1,2,2,0.1,0.0,0,,0,1,2.0,4,1.0,0,0,0,0.0,0.14,1859,al ALB,FW,it Serie A,18-224,2007.0,0.0,0,0,0,0,0,0,0,0,0,0
Ethan Nwaneri,eng ENG,MF,Marseille,fr Ligue 1,18.0,2007.0,6,3,217,2.4,1,1,2,1,0,0,1,0,0.83,1862,eng ENG,MF,fr Ligue 1,18-361,2007.0,2.4,1,6,2,33.3,2.49,0.83,0.17,0.5,0,0,2330,eng ENG,MF,fr Ligue 1,18-361,2007.0,6,217,36,9.3,2.4,3,56.0,0,3,16.0,2,1.67,6,3,3,1.24,0.52,1862,eng ENG,MF,fr Ligue 1,18-361,2007.0,2.4,1,0,0,4,1,0,6,2,1,0
Allan Nyom,cm CMR,DF,Getafe,es La Liga,37.0,1988.0,11,4,289,3.2,0,0,0,0,0,0,4,1,0.0,1864,cm CMR,DF,es La Liga,37-311,1988.0,3.2,0,3,1,33.3,0.93,0.31,0.0,0.0,0,0,2333,cm CMR,DF,es La Liga,37-311,1988.0,11,289,26,11.5,3.2,4,64.0,1,7,5.0,11,1.27,2,6,-4,-1.25,-1.12,1864,cm CMR,DF,es La Liga,37-311,1988.0,3.2,4,1,0,11,3,1,6,1,5,0
Rabby Nzingoula,fr FRA,MF,Strasbourg,fr Ligue 1,20.0,2005.0,4,0,51,0.6,0,0,0,0,0,0,0,1,0.0,1866,fr FRA,MF,fr Ligue 1,20-112,2005.0,0.6,0,1,0,0.0,1.76,0.0,0.0,,0,0,2336,fr FRA,MF,fr Ligue 1,20-112,2005.0,4,51,13,2.2,0.6,0,,0,4,13.0,6,0.75,1,0,1,1.76,1.45,1866,fr FRA,MF,fr Ligue 1,20-112,2005.0,0.6,0,1,0,3,2,0,2,1,1,0
M'Bala Nzola,ao ANG,FW,Pisa,it Serie A,29.0,1996.0,16,11,1052,11.7,3,0,3,1,2,3,1,1,0.09,1867,ao ANG,FW,it Serie A,29-211,1996.0,11.7,3,28,7,25.0,2.4,0.6,0.04,0.14,2,3,2337,ao ANG,FW,it Serie A,29-211,1996.0,16,1052,66,40.3,11.7,11,82.0,4,5,30.0,0,0.69,5,15,-10,-0.86,0.07,1867,ao ANG,FW,it Serie A,29-211,1996.0,11.7,1,1,0,18,17,11,7,1,2,0
M'Bala Nzola,ao ANG,FW,Sassuolo,it Serie A,29.0,1996.0,6,1,176,2.0,0,0,0,0,0,0,1,0,0.0,1868,ao ANG,FW,it Serie A,29-211,1996.0,2.0,0,3,1,33.3,1.53,0.51,0.0,0.0,0,0,2338,ao ANG,FW,it Serie A,29-211,1996.0,6,176,29,6.7,2.0,1,67.0,0,5,22.0,0,1.5,1,3,-2,-1.02,-0.95,1868,ao ANG,FW,it Serie A,29-211,1996.0,2.0,1,0,0,6,3,4,0,1,2,0
Matt O'Riley,dk DEN,MF,Marseille,fr Ligue 1,25.0,2000.0,15,6,741,8.2,1,2,3,1,0,0,2,0,0.36,1872,dk DEN,MF,fr Ligue 1,25-116,2000.0,8.2,1,7,3,42.9,0.85,0.36,0.14,0.33,0,0,2342,dk DEN,MF,fr Ligue 1,25-116,2000.0,15,741,49,31.7,8.2,6,81.0,2,9,28.0,2,2.33,16,9,7,0.85,0.12,1872,dk DEN,MF,fr Ligue 1,25-116,2000.0,8.2,2,0,0,15,1,1,7,6,8,0
Noam Obougou Jacquet,fr FRA,FW,Le Havre,fr Ligue 1,20.0,2006.0,5,0,104,1.2,1,0,1,1,0,0,0,0,0.87,1876,fr FRA,FW,fr Ligue 1,20-002,2006.0,1.2,1,4,3,75.0,3.46,2.6,0.25,0.33,0,0,2347,fr FRA,FW,fr Ligue 1,20-002,2006.0,5,104,21,4.4,1.2,0,,0,5,21.0,3,1.0,1,0,1,0.87,1.39,1876,fr FRA,FW,fr Ligue 1,20-002,2006.0,1.2,0,0,0,5,3,0,2,1,0,0
Rafel Obrador,es ESP,MF,Torino,it Serie A,22.0,2004.0,7,5,389,4.3,0,1,1,0,0,0,0,0,0.23,1877,es ESP,MF,it Serie A,22-021,2004.0,4.3,0,3,1,33.3,0.69,0.23,0.0,0.0,0,0,2348,es ESP,MF,it Serie A,22-021,2004.0,7,389,56,14.9,4.3,5,69.0,1,2,23.0,0,1.43,7,7,0,0.0,0.73,1877,es ESP,MF,it Serie A,22-021,2004.0,4.3,0,0,0,3,1,1,13,6,4,0
Job Ochieng',ke KEN,FW,Real Sociedad,es La Liga,23.0,2003.0,1,0,26,0.3,0,0,0,0,0,0,0,0,0.0,1878,ke KEN,FW,es La Liga,23-059,2003.0,0.3,0,0,0,,0.0,0.0,,,0,0,2350,ke KEN,FW,es La Liga,23-059,2003.0,1,26,26,1.0,0.3,0,,0,1,26.0,5,3.0,1,0,1,3.46,3.46,1878,ke KEN,FW,es La Liga,23-059,2003.0,0.3,0,0,0,0,0,0,1,0,0,0
Cas Odenthal,nl NED,DF,Sassuolo,it Serie A,25.0,2000.0,1,0,1,0.0,0,0,0,0,0,0,0,0,0.0,1879,nl NED,DF,it Serie A,25-172,2000.0,0.0,0,0,0,,0.0,0.0,,,0,0,2351,nl NED,DF,it Serie A,25-172,2000.0,1,1,1,0.0,0.0,0,,0,1,1.0,17,0.0,0,0,0,0.0,0.14,1879,nl NED,DF,it Serie A,25-172,2000.0,0.0,0,0,0,0,0,0,0,0,0,0
Jens Odgaard,dk DEN,MF,Bologna,it Serie A,26.0,1999.0,22,15,1240,13.8,5,1,6,5,0,0,1,0,0.44,1880,dk DEN,MF,it Serie A,26-351,1999.0,13.8,5,32,12,37.5,2.32,0.87,0.16,0.42,0,0,2352,dk DEN,MF,it Serie A,26-351,1999.0,22,1240,56,47.5,13.8,15,75.0,4,7,16.0,6,1.55,21,20,1,0.07,-0.12,1880,dk DEN,MF,it Serie A,26-351,1999.0,13.8,1,0,0,26,27,3,13,4,10,0
David Odogu,de GER,DF,Milan,it Serie A,19.0,2006.0,1,0,5,0.1,0,0,0,0,0,0,0,0,0.0,1882,de GER,DF,it Serie A,19-287,2006.0,0.1,0,0,0,,0.0,0.0,,,0,0,2355,de GER,DF,it Serie A,19-287,2006.0,1,5,5,0.2,0.1,0,,0,1,5.0,26,3.0,0,0,0,0.0,-0.79,1882,de GER,DF,it Serie A,19-287,2006.0,0.1,0,0,0,0,0,0,0,0,0,0
Álvaro Odriozola,es ESP,DF,Real Sociedad,es La Liga,30.0,1995.0,5,2,201,2.2,1,0,1,1,0,0,0,0,0.45,1883,es ESP,DF,es La Liga,30-093,1995.0,2.2,1,1,1,100.0,0.45,0.45,1.0,1.0,0,0,2356,es ESP,DF,es La Liga,30-093,1995.0,5,201,40,8.0,2.2,2,60.0,0,3,27.0,17,2.0,6,4,2,0.9,0.93,1883,es ESP,DF,es La Liga,30-093,1995.0,2.2,0,0,0,1,3,0,3,1,1,0
Tim Oermann,de GER,DF,Leverkusen,de Bundesliga,22.0,2003.0,1,0,9,0.1,0,0,0,0,0,0,0,0,0.0,1884,de GER,DF,de Bundesliga,22-162,2003.0,0.1,0,0,0,,0.0,0.0,,,0,0,2357,de GER,DF,de Bundesliga,22-162,2003.0,1,9,9,0.4,0.1,0,,0,1,9.0,5,1.0,0,1,-1,-10.0,-10.66,1884,de GER,DF,de Bundesliga,22-162,2003.0,0.1,0,0,0,0,0,0,0,0,1,0
Ifechukwu Ogbus,ch SUI,DF,Freiburg,de Bundesliga,20.0,2005.0,10,8,762,8.5,0,0,0,0,0,0,0,0,0.0,1885,ch SUI,DF,de Bundesliga,20-090,2005.0,8.5,0,5,2,40.0,0.59,0.24,0.0,0.0,0,0,2360,ch SUI,DF,de Bundesliga,20-090,2005.0,10,762,76,32.6,8.5,8,90.0,8,2,21.0,4,1.1,8,15,-7,-0.83,-0.88,1885,ch SUI,DF,de Bundesliga,20-090,2005.0,8.5,0,0,0,4,6,0,2,5,7,0
Uchenna Ogundu,ng NGA,FW,Augsburg,de Bundesliga,19.0,2006.0,1,0,10,0.1,0,0,0,0,0,0,0,0,0.0,1886,ng NGA,FW,de Bundesliga,19-309,2006.0,0.1,0,0,0,,0.0,0.0,,,0,0,2361,ng NGA,FW,de Bundesliga,19-309,2006.0,1,10,10,0.4,0.1,0,,0,1,10.0,1,3.0,2,0,2,18.0,18.62,1886,ng NGA,FW,de Bundesliga,19-309,2006.0,0.1,0,0,0,0,0,0,1,0,0,0
David Okereke,ng NGA,FW,Cremonese,it Serie A,28.0,1997.0,4,1,155,1.7,1,0,1,1,0,0,0,0,0.58,1888,ng NGA,FW,it Serie A,28-200,1997.0,1.7,1,4,2,50.0,2.32,1.16,0.25,0.5,0,0,2365,ng NGA,FW,it Serie A,28-200,1997.0,4,155,39,5.9,1.7,1,64.0,0,3,30.0,0,1.5,4,3,1,0.58,1.39,1888,ng NGA,FW,it Serie A,28-200,1997.0,1.7,0,0,0,0,1,1,2,0,0,0
Bryan Okoh,ch SUI,DF,Auxerre,fr Ligue 1,22.0,2003.0,6,5,453,5.0,0,0,0,0,0,0,1,0,0.0,1889,ch SUI,DF,fr Ligue 1,22-305,2003.0,5.0,0,2,0,0.0,0.4,0.0,0.0,,0,0,2366,ch SUI,DF,fr Ligue 1,22-305,2003.0,6,453,76,19.4,5.0,5,89.0,4,1,6.0,1,1.0,5,7,-2,-0.4,0.32,1889,ch SUI,DF,fr Ligue 1,22-305,2003.0,5.0,1,0,0,7,3,0,0,13,4,0
Olasagasti,es ESP,MF,Levante,es La Liga,25.0,2000.0,23,8,890,9.9,1,2,3,1,0,0,2,1,0.3,1891,es ESP,MF,es La Liga,25-213,2000.0,9.9,1,13,5,38.5,1.31,0.51,0.08,0.2,0,0,2371,es ESP,MF,es La Liga,25-213,2000.0,23,890,39,35.3,9.9,8,77.0,4,15,18.0,2,0.78,14,17,-3,-0.3,0.41,1891,es ESP,MF,es La Liga,25-213,2000.0,9.9,2,1,0,14,14,0,49,9,9,0
Michael Olise,fr FRA,MF,Bayern Munich,de Bundesliga,24.0,2001.0,24,20,1878,20.9,10,17,27,10,0,0,5,0,1.29,1892,fr FRA,MF,de Bundesliga,24-095,2001.0,20.9,10,78,39,50.0,3.74,1.87,0.13,0.26,0,0,2372,fr FRA,MF,de Bundesliga,24-095,2001.0,24,1878,78,80.3,20.9,20,87.0,12,4,35.0,1,2.54,74,22,52,2.49,-0.62,1892,fr FRA,MF,de Bundesliga,24-095,2001.0,20.9,5,0,0,26,45,4,110,13,10,0
Tuomas Ollila,fi FIN,DF,Paris FC,fr Ligue 1,25.0,2000.0,9,3,302,3.4,0,0,0,0,0,0,0,0,0.0,1894,fi FIN,DF,fr Ligue 1,25-327,2000.0,3.4,0,3,0,0.0,0.89,0.0,0.0,,0,0,2374,fi FIN,DF,fr Ligue 1,25-327,2000.0,9,302,34,12.9,3.4,3,79.0,0,6,11.0,8,0.89,5,4,1,0.3,0.87,1894,fi FIN,DF,fr Ligue 1,25-327,2000.0,3.4,0,0,0,3,6,1,9,2,1,0
Dani Olmo,es ESP,MF,Barcelona,es La Liga,27.0,1998.0,23,17,1477,16.4,7,6,13,7,0,0,0,0,0.79,1895,es ESP,MF,es La Liga,27-314,1998.0,16.4,7,58,20,34.5,3.53,1.22,0.12,0.35,0,0,2375,es ESP,MF,es La Liga,27-314,1998.0,23,1477,64,58.6,16.4,17,75.0,5,6,35.0,0,2.52,46,15,31,1.89,0.34,1895,es ESP,MF,es La Liga,27-314,1998.0,16.4,0,0,0,17,35,3,24,12,19,0
Tani Oluwaseyi,ca CAN,FW,Villarreal,es La Liga,25.0,2000.0,22,5,645,7.2,2,1,3,2,0,0,1,0,0.42,1897,ca CAN,FW,es La Liga,25-306,2000.0,7.2,2,15,7,46.7,2.09,0.98,0.13,0.29,0,0,2378,ca CAN,FW,es La Liga,25-306,2000.0,22,645,29,25.6,7.2,5,75.0,1,17,16.0,4,1.82,16,12,4,0.56,-0.11,1897,ca CAN,FW,es La Liga,25-306,2000.0,7.2,1,0,0,11,8,9,1,0,3,0
Warmed Omari,km COM,DF,Hamburger SV,de Bundesliga,25.0,2000.0,12,9,903,10.0,0,0,0,0,0,0,0,0,0.0,1898,km COM,DF,de Bundesliga,25-328,2000.0,10.0,0,2,1,50.0,0.2,0.1,0.0,0.0,0,0,2379,km COM,DF,de Bundesliga,25-328,2000.0,12,903,75,38.6,10.0,9,85.0,7,3,45.0,0,1.17,8,12,-4,-0.4,-0.15,1898,km COM,DF,de Bundesliga,25-328,2000.0,10.0,0,0,0,7,5,0,3,13,4,0
Andrew Omobamidele,ie IRL,DF,Strasbourg,fr Ligue 1,23.0,2002.0,18,9,946,10.5,0,0,0,0,0,0,4,0,0.0,1899,ie IRL,DF,fr Ligue 1,23-267,2002.0,10.5,0,2,1,50.0,0.19,0.1,0.0,0.0,0,0,2382,ie IRL,DF,fr Ligue 1,23-267,2002.0,18,946,53,40.4,10.5,9,81.0,6,9,24.0,2,1.33,12,13,-1,-0.1,-0.74,1899,ie IRL,DF,fr Ligue 1,23-267,2002.0,10.5,4,0,0,9,7,0,0,9,3,0
Jean Onana,cm CMR,MF,Genoa,it Serie A,26.0,2000.0,2,0,19,0.2,0,0,0,0,0,0,0,0,0.0,1901,cm CMR,MF,it Serie A,26-068,2000.0,0.2,0,1,0,0.0,4.74,0.0,0.0,,0,0,2387,cm CMR,MF,it Serie A,26-068,2000.0,2,19,10,0.7,0.2,0,,0,2,10.0,14,1.5,0,1,-1,-4.74,-4.63,1901,cm CMR,MF,it Serie A,26-068,2000.0,0.2,0,0,0,3,0,0,0,0,1,0
Loïs Openda,be BEL,FW,RB Leipzig,de Bundesliga,26.0,2000.0,2,1,51,0.6,0,0,0,0,0,0,0,0,0.0,1904,be BEL,FW,de Bundesliga,26-029,2000.0,0.6,0,3,0,0.0,5.29,0.0,0.0,,0,0,2391,be BEL,FW,de Bundesliga,26-029,2000.0,2,51,26,2.2,0.6,1,45.0,0,1,6.0,0,1.5,0,3,-3,-5.29,-5.92,1904,be BEL,FW,de Bundesliga,26-029,2000.0,0.6,0,0,0,0,3,0,1,0,0,0
Louis Oppie,de GER,MF,St Pauli,de Bundesliga,23.0,2002.0,19,15,1430,15.9,1,0,1,1,0,0,0,0,0.06,1907,de GER,MF,de Bundesliga,23-304,2002.0,15.9,1,14,3,21.4,0.88,0.19,0.07,0.33,0,0,2395,de GER,MF,de Bundesliga,23-304,2002.0,19,1430,75,61.1,15.9,15,89.0,14,4,24.0,7,0.68,13,27,-14,-0.88,-0.39,1907,de GER,MF,de Bundesliga,23-304,2002.0,15.9,0,0,0,13,13,3,50,9,16,0
Gift Orban,ng NGA,FW,Hellas Verona,it Serie A,23.0,2002.0,24,20,1750,19.4,7,2,9,5,2,2,4,1,0.36,1908,ng NGA,FW,it Serie A,23-243,2002.0,19.4,7,71,25,35.2,3.65,1.29,0.07,0.2,2,2,2396,ng NGA,FW,it Serie A,23-243,2002.0,24,1750,73,67.0,19.4,20,79.0,7,4,43.0,1,0.58,14,31,-17,-0.87,0.38,1908,ng NGA,FW,it Serie A,23-243,2002.0,19.4,4,1,0,19,19,19,12,3,3,0
Willi Orban,hu HUN,DF,RB Leipzig,de Bundesliga,33.0,1992.0,26,26,2319,25.8,1,0,1,1,0,0,3,0,0.04,1909,hu HUN,DF,de Bundesliga,33-134,1992.0,25.8,1,19,8,42.1,0.74,0.31,0.05,0.13,0,0,2397,hu HUN,DF,de Bundesliga,33-134,1992.0,26,2319,89,99.1,25.8,26,89.0,25,0,,0,1.81,48,35,13,0.5,0.5,1909,hu HUN,DF,de Bundesliga,33-134,1992.0,25.8,3,0,0,15,20,2,5,34,21,0
Christian Ordoñez,ar ARG,MF,Parma,it Serie A,21.0,2004.0,20,9,733,8.1,1,0,1,1,0,0,5,1,0.12,1910,ar ARG,MF,it Serie A,21-236,2004.0,8.1,1,6,2,33.3,0.74,0.25,0.17,0.5,0,0,2398,ar ARG,MF,it Serie A,21-236,2004.0,20,733,37,28.1,8.1,9,61.0,1,11,17.0,8,1.25,5,9,-4,-0.49,0.04,1910,ar ARG,MF,it Serie A,21-236,2004.0,8.1,5,1,1,15,5,0,8,6,5,0
Riccardo Orsolini,it ITA,MF,Bologna,it Serie A,29.0,1997.0,27,21,1624,18.0,7,1,8,4,3,4,2,0,0.28,1914,it ITA,MF,it Serie A,29-052,1997.0,18.0,7,62,23,37.1,3.44,1.27,0.06,0.17,3,4,2402,it ITA,MF,it Serie A,29-052,1997.0,27,1624,60,62.2,18.0,21,72.0,5,6,20.0,2,1.52,26,24,2,0.11,-0.07,1914,it ITA,MF,it Serie A,29-052,1997.0,18.0,2,0,0,14,32,16,38,5,11,0
Ángel Ortíz,es ESP,DF,Real Betis,es La Liga,21.0,2004.0,12,6,539,6.0,0,0,0,0,0,0,1,0,0.0,1916,es ESP,DF,es La Liga,21-235,2004.0,6.0,0,1,0,0.0,0.17,0.0,0.0,,0,0,2406,es ESP,DF,es La Liga,21-235,2004.0,12,539,45,21.4,6.0,6,76.0,2,6,14.0,13,1.67,5,7,-2,-0.33,-0.79,1916,es ESP,DF,es La Liga,21-235,2004.0,6.0,1,0,0,9,9,0,17,1,17,0
Asier Osambela,es ESP,DF,Osasuna,es La Liga,22.0,2004.0,12,2,292,3.2,1,0,1,1,0,0,1,0,0.31,1917,es ESP,DF,es La Liga,22-037,2004.0,3.2,1,3,1,33.3,0.92,0.31,0.33,1.0,0,0,2407,es ESP,DF,es La Liga,22-037,2004.0,12,292,24,11.6,3.2,2,76.0,0,10,14.0,16,1.42,6,6,0,0.0,0.08,1917,es ESP,DF,es La Liga,22-037,2004.0,3.2,1,0,0,12,0,0,3,4,2,0
Gabriel Osho,ng NGA,DF,Auxerre,fr Ligue 1,27.0,1998.0,2,2,134,1.5,0,0,0,0,0,0,0,0,0.0,1918,ng NGA,DF,fr Ligue 1,27-215,1998.0,1.5,0,0,0,,0.0,0.0,,,0,0,2408,ng NGA,DF,fr Ligue 1,27-215,1998.0,2,134,67,5.7,1.5,2,67.0,1,0,,0,1.5,2,2,0,0.0,0.69,1918,ng NGA,DF,fr Ligue 1,27-215,1998.0,1.5,0,0,0,2,1,0,2,0,3,0
Patrick Osterhage,de GER,MF,Freiburg,de Bundesliga,26.0,2000.0,19,13,1187,13.2,1,0,1,1,0,0,4,0,0.08,1920,de GER,MF,de Bundesliga,26-044,2000.0,13.2,1,7,2,28.6,0.53,0.15,0.14,0.5,0,0,2410,de GER,MF,de Bundesliga,26-044,2000.0,19,1187,62,50.7,13.2,13,82.0,6,6,21.0,2,1.63,15,17,-2,-0.15,0.16,1920,de GER,MF,de Bundesliga,26-044,2000.0,13.2,4,0,0,13,13,2,9,15,7,0
Sebastian Otoa,dk DEN,DF,Genoa,it Serie A,21.0,2004.0,8,6,584,6.5,0,0,0,0,0,0,1,0,0.0,1923,dk DEN,DF,it Serie A,21-308,2004.0,6.5,0,2,1,50.0,0.31,0.15,0.0,0.0,0,0,2413,dk DEN,DF,it Serie A,21-308,2004.0,8,584,73,22.4,6.5,6,89.0,4,2,27.0,14,1.0,8,13,-5,-0.77,-0.81,1923,dk DEN,DF,it Serie A,21-308,2004.0,6.5,1,0,0,4,11,1,1,8,8,1
Azzedine Ounahi,ma MAR,MF,Girona,es La Liga,25.0,2000.0,14,10,940,10.4,4,2,6,4,0,0,5,0,0.57,1928,ma MAR,MF,es La Liga,25-332,2000.0,10.4,4,31,12,38.7,2.97,1.15,0.13,0.33,0,0,2420,ma MAR,MF,es La Liga,25-332,2000.0,14,940,67,37.3,10.4,10,83.0,4,4,28.0,0,1.21,15,12,3,0.29,1.14,1928,ma MAR,MF,es La Liga,25-332,2000.0,10.4,5,0,0,11,40,0,16,13,8,0
Elisha Owusu,gh GHA,MF,Auxerre,fr Ligue 1,28.0,1997.0,21,19,1624,18.0,0,0,0,0,0,0,6,0,0.0,1929,gh GHA,MF,fr Ligue 1,28-130,1997.0,18.0,0,4,0,0.0,0.22,0.0,0.0,,0,0,2422,gh GHA,MF,fr Ligue 1,28-130,1997.0,21,1624,77,69.4,18.0,19,84.0,11,2,15.0,0,0.67,11,23,-12,-0.67,-0.04,1929,gh GHA,MF,fr Ligue 1,28-130,1997.0,18.0,6,0,0,29,17,0,1,15,35,0
Mikel Oyarzabal,es ESP,FW,Real Sociedad,es La Liga,28.0,1997.0,25,24,2096,23.3,12,3,15,7,5,5,2,0,0.43,1930,es ESP,FW,es La Liga,28-330,1997.0,23.3,12,67,29,43.3,2.88,1.25,0.1,0.24,5,5,2423,es ESP,FW,es La Liga,28-330,1997.0,25,2096,84,83.2,23.3,24,86.0,16,1,35.0,0,1.52,37,33,4,0.17,0.81,1930,es ESP,FW,es La Liga,28-330,1997.0,23.3,2,0,0,17,35,12,13,3,13,0
Max Oyedele,pl POL,MF,Strasbourg,fr Ligue 1,21.0,2004.0,2,0,14,0.2,0,0,0,0,0,0,0,0,0.0,1931,pl POL,MF,fr Ligue 1,21-130,2004.0,0.2,0,0,0,,0.0,0.0,,,0,0,2424,pl POL,MF,fr Ligue 1,21-130,2004.0,2,14,7,0.6,0.2,0,,0,2,7.0,2,1.0,0,0,0,0.0,-0.35,1931,pl POL,MF,fr Ligue 1,21-130,2004.0,0.2,0,0,0,0,0,0,0,1,0,0
Salih Özcan,tr TUR,MF,Dortmund,de Bundesliga,28.0,1998.0,7,0,35,0.4,0,0,0,0,0,0,0,0,0.0,1933,tr TUR,MF,de Bundesliga,28-065,1998.0,0.4,0,1,0,0.0,2.57,0.0,0.0,,0,0,2426,tr TUR,MF,de Bundesliga,28-065,1998.0,7,35,5,1.5,0.4,0,,0,7,5.0,14,2.71,1,1,0,0.0,-1.13,1933,tr TUR,MF,de Bundesliga,28-065,1998.0,0.4,0,0,0,0,1,0,1,0,0,0
Cenk Özkacar,tr TUR,DF,Köln,de Bundesliga,25.0,2000.0,17,12,1073,11.9,0,0,0,0,0,0,1,0,0.0,1935,tr TUR,DF,de Bundesliga,25-162,2000.0,11.9,0,7,4,57.1,0.59,0.34,0.0,0.0,0,0,2428,tr TUR,DF,de Bundesliga,25-162,2000.0,17,1073,63,45.9,11.9,12,78.0,7,5,28.0,9,1.06,12,21,-9,-0.75,-0.75,1935,tr TUR,DF,de Bundesliga,25-162,2000.0,11.9,1,0,0,9,4,1,3,15,16,0
Jon Pacheco,es ESP,DF,Alavés,es La Liga,25.0,2001.0,20,19,1680,18.7,0,0,0,0,0,0,4,1,0.0,1938,es ESP,DF,es La Liga,25-068,2001.0,18.7,0,4,1,25.0,0.21,0.05,0.0,0.0,0,0,2431,es ESP,DF,es La Liga,25-068,2001.0,20,1680,84,66.7,18.7,19,88.0,17,1,16.0,4,0.95,16,26,-10,-0.54,-0.32,1938,es ESP,DF,es La Liga,25-068,2001.0,18.7,4,1,1,12,6,1,4,11,16,0
Willian Pacho,ec ECU,DF,Paris Saint-Germain,fr Ligue 1,24.0,2001.0,18,16,1464,16.3,0,0,0,0,0,0,0,0,0.0,1939,ec ECU,DF,fr Ligue 1,24-152,2001.0,16.3,0,7,0,0.0,0.43,0.0,0.0,,0,0,2433,ec ECU,DF,fr Ligue 1,24-152,2001.0,18,1464,81,65.1,16.3,16,87.0,14,2,38.0,7,2.11,34,17,17,1.05,-0.67,1939,ec ECU,DF,fr Ligue 1,24-152,2001.0,16.3,0,0,0,6,5,0,0,21,25,0
Igor Paixão,br BRA,MF,Marseille,fr Ligue 1,25.0,2000.0,23,16,1455,16.2,5,4,9,5,0,0,3,0,0.56,1943,br BRA,MF,fr Ligue 1,25-262,2000.0,16.2,5,40,15,37.5,2.47,0.93,0.13,0.33,0,0,2438,br BRA,MF,fr Ligue 1,25-262,2000.0,23,1455,63,62.2,16.2,16,77.0,4,7,33.0,0,2.0,32,19,13,0.8,0.09,1943,br BRA,MF,fr Ligue 1,25-262,2000.0,16.2,3,0,0,15,23,4,29,14,6,0
César Palacios,es ESP,MF,Real Madrid,es La Liga,21.0,2004.0,2,0,53,0.6,0,0,0,0,0,0,0,0,0.0,1944,es ESP,MF,es La Liga,21-126,2004.0,0.6,0,1,0,0.0,1.7,0.0,0.0,,0,0,2439,es ESP,MF,es La Liga,21-126,2004.0,2,53,27,2.1,0.6,0,,0,2,27.0,3,3.0,3,1,2,3.4,2.16,1944,es ESP,MF,es La Liga,21-126,2004.0,0.6,0,0,0,1,2,0,1,3,1,0
Exequiel Palacios,ar ARG,MF,Leverkusen,de Bundesliga,27.0,1998.0,10,4,389,4.3,0,0,0,0,0,0,2,0,0.0,1945,ar ARG,MF,de Bundesliga,27-163,1998.0,4.3,0,5,1,20.0,1.16,0.23,0.0,0.0,0,0,2440,ar ARG,MF,de Bundesliga,27-163,1998.0,10,389,39,16.6,4.3,4,66.0,1,6,21.0,1,2.0,8,4,4,0.93,0.37,1945,ar ARG,MF,de Bundesliga,27-163,1998.0,4.3,2,0,0,3,7,0,1,3,5,0
Matteo Palma,de GER,DF,Udinese,it Serie A,18.0,2008.0,5,1,120,1.3,0,0,0,0,0,0,0,0,0.0,1950,de GER,DF,it Serie A,18-004,2008.0,1.3,0,0,0,,0.0,0.0,,,0,0,2446,de GER,DF,it Serie A,18-004,2008.0,5,120,24,4.6,1.3,1,45.0,0,4,19.0,12,1.0,1,3,-2,-1.5,-1.25,1950,de GER,DF,it Serie A,18-004,2008.0,1.3,0,0,0,3,0,0,1,3,0,0
Diego Pampín,es ESP,DF,Levante,es La Liga,26.0,2000.0,6,4,368,4.1,0,0,0,0,0,0,2,0,0.0,1953,es ESP,DF,es La Liga,26-002,2000.0,4.1,0,3,0,0.0,0.73,0.0,0.0,,0,0,2449,es ESP,DF,es La Liga,26-002,2000.0,6,368,61,14.6,4.1,4,85.0,3,2,14.0,17,0.67,3,8,-5,-1.22,-0.76,1953,es ESP,DF,es La Liga,26-002,2000.0,4.1,2,0,0,7,4,0,9,4,5,0
Joaquín Panichelli,ar ARG,FW,Strasbourg,fr Ligue 1,23.0,2002.0,26,24,2148,23.9,14,1,15,9,5,6,3,0,0.42,1954,ar ARG,FW,fr Ligue 1,23-161,2002.0,23.9,14,56,29,51.8,2.35,1.22,0.16,0.31,5,6,2452,ar ARG,FW,fr Ligue 1,23-161,2002.0,26,2148,83,91.8,23.9,24,87.0,19,2,28.0,0,1.42,37,28,9,0.38,0.38,1954,ar ARG,FW,fr Ligue 1,23-161,2002.0,23.9,3,0,0,43,40,14,0,13,10,0
Leart Paqarada,xk KVX,DF,Heidenheim,de Bundesliga,31.0,1994.0,1,1,6,0.1,0,0,0,0,0,0,0,0,0.0,1955,xk KVX,DF,de Bundesliga,31-160,1994.0,0.1,0,0,0,,0.0,0.0,,,0,0,2453,xk KVX,DF,de Bundesliga,31-160,1994.0,1,6,6,0.3,0.1,1,6.0,0,0,,1,0.0,0,0,0,0.0,1.31,1955,xk KVX,DF,de Bundesliga,31-160,1994.0,0.1,0,0,0,0,0,0,0,0,0,0
Victor Parada,es ESP,DF,Alavés,es La Liga,23.0,2002.0,20,15,1325,14.7,0,2,2,0,0,0,8,1,0.14,1957,es ESP,DF,es La Liga,23-347,2002.0,14.7,0,6,2,33.3,0.41,0.14,0.0,0.0,0,0,2455,es ESP,DF,es La Liga,23-347,2002.0,20,1325,66,52.6,14.7,15,82.0,8,5,18.0,6,1.1,12,22,-10,-0.68,-0.53,1957,es ESP,DF,es La Liga,23-347,2002.0,14.7,8,1,1,25,10,2,29,4,5,0
Aitor Paredes,es ESP,DF,Athletic Club,es La Liga,25.0,2000.0,17,16,1450,16.1,1,0,1,1,0,0,4,0,0.06,1958,es ESP,DF,es La Liga,25-322,2000.0,16.1,1,12,3,25.0,0.74,0.19,0.08,0.33,0,0,2456,es ESP,DF,es La Liga,25-322,2000.0,17,1450,85,57.5,16.1,16,90.0,16,1,10.0,9,1.47,22,21,1,0.06,0.99,1958,es ESP,DF,es La Liga,25-322,2000.0,16.1,4,0,0,18,7,0,1,24,12,0
Kevin Paredes,us USA,MF,Wolfsburg,de Bundesliga,22.0,2003.0,5,1,156,1.7,0,0,0,0,0,0,1,0,0.0,1959,us USA,MF,de Bundesliga,22-314,2003.0,1.7,0,2,1,50.0,1.15,0.58,0.0,0.0,0,0,2457,us USA,MF,de Bundesliga,22-314,2003.0,5,156,31,6.7,1.7,1,63.0,0,4,23.0,0,0.8,4,4,0,0.0,0.87,1959,us USA,MF,de Bundesliga,22-314,2003.0,1.7,1,0,0,2,6,0,7,2,3,0
Daniel Parejo,es ESP,MF,Villarreal,es La Liga,36.0,1989.0,23,12,1049,11.7,0,0,0,0,0,0,2,0,0.0,1960,es ESP,MF,es La Liga,36-335,1989.0,11.7,0,2,0,0.0,0.17,0.0,0.0,,0,0,2458,es ESP,MF,es La Liga,36-335,1989.0,23,1049,46,41.6,11.7,12,73.0,2,11,16.0,4,1.83,16,18,-2,-0.17,-1.4,1960,es ESP,MF,es La Liga,36-335,1989.0,11.7,2,0,0,11,18,0,29,14,20,0
Thomas Partey,gh GHA,MF,Villarreal,es La Liga,32.0,1993.0,18,7,753,8.4,0,0,0,0,0,0,0,0,0.0,1962,gh GHA,MF,es La Liga,32-277,1993.0,8.4,0,8,1,12.5,0.96,0.12,0.0,0.0,0,0,2460,gh GHA,MF,es La Liga,32-277,1993.0,18,753,42,29.9,8.4,7,75.0,3,11,21.0,4,2.28,12,11,1,0.12,-0.75,1962,gh GHA,MF,es La Liga,32-277,1993.0,8.4,0,0,0,8,4,0,2,11,4,0
Mario Pašalić,hr CRO,MF,Atalanta,it Serie A,31.0,1995.0,24,19,1599,17.8,3,3,6,3,0,0,2,0,0.34,1963,hr CRO,MF,it Serie A,31-036,1995.0,17.8,3,16,6,37.5,0.9,0.34,0.19,0.5,0,0,2461,hr CRO,MF,it Serie A,31-036,1995.0,24,1599,67,61.3,17.8,19,79.0,11,5,19.0,4,1.42,22,21,1,0.06,-1.01,1963,hr CRO,MF,it Serie A,31-036,1995.0,17.8,2,0,0,20,4,1,9,10,17,0
Benjamin Pavard,fr FRA,DF,Marseille,fr Ligue 1,29.0,1996.0,21,17,1475,16.4,1,2,3,1,0,0,4,0,0.18,1966,fr FRA,DF,fr Ligue 1,29-354,1996.0,16.4,1,8,3,37.5,0.49,0.18,0.13,0.33,0,0,2466,fr FRA,DF,fr Ligue 1,29-354,1996.0,21,1475,70,63.0,16.4,17,82.0,12,4,19.0,1,2.0,34,18,16,0.98,0.56,1966,fr FRA,DF,fr Ligue 1,29-354,1996.0,16.4,4,0,0,14,10,4,11,15,9,1
Benjamin Pavard,fr FRA,DF,Inter,it Serie A,29.0,1996.0,1,1,90,1.0,0,0,0,0,0,0,0,0,0.0,1967,fr FRA,DF,it Serie A,29-354,1996.0,1.0,0,1,1,100.0,1.0,1.0,0.0,0.0,0,0,2467,fr FRA,DF,it Serie A,29-354,1996.0,1,90,90,3.4,1.0,1,90.0,1,0,,1,3.0,5,0,5,5.0,3.68,1967,fr FRA,DF,it Serie A,29-354,1996.0,1.0,0,0,0,1,0,0,0,2,1,0
Aleksandar Pavlovic,de GER,MF,Bayern Munich,de Bundesliga,21.0,2004.0,21,14,1337,14.9,3,1,4,3,0,0,2,0,0.27,1968,de GER,MF,de Bundesliga,21-318,2004.0,14.9,3,9,5,55.6,0.61,0.34,0.33,0.6,0,0,2469,de GER,MF,de Bundesliga,21-318,2004.0,21,1337,64,57.1,14.9,14,83.0,8,7,24.0,4,2.48,52,20,32,2.15,-1.08,1968,de GER,MF,de Bundesliga,21-318,2004.0,14.9,2,0,0,17,9,0,9,12,15,0
Strahinja Pavlović,rs SRB,DF,Milan,it Serie A,24.0,2001.0,25,24,2059,22.9,3,1,4,3,0,0,2,0,0.17,1969,rs SRB,DF,it Serie A,24-297,2001.0,22.9,3,17,4,23.5,0.74,0.17,0.18,0.75,0,0,2470,rs SRB,DF,it Serie A,24-297,2001.0,25,2059,82,78.9,22.9,24,85.0,20,1,29.0,3,2.0,35,19,16,0.7,-0.44,1969,rs SRB,DF,it Serie A,24-297,2001.0,22.9,2,0,0,18,20,3,14,14,18,0
Leonardo Pavoletti,it ITA,FW,Cagliari,it Serie A,37.0,1988.0,13,1,227,2.5,1,1,2,1,0,0,1,0,0.79,1970,it ITA,FW,it Serie A,37-111,1988.0,2.5,1,6,1,16.7,2.38,0.4,0.17,1.0,0,0,2471,it ITA,FW,it Serie A,37-111,1988.0,13,227,17,8.7,2.5,1,56.0,0,12,14.0,13,0.54,4,4,0,0.0,0.38,1970,it ITA,FW,it Serie A,37-111,1988.0,2.5,1,0,0,10,0,2,0,1,2,0
Martín Payero,ar ARG,MF,Cremonese,it Serie A,27.0,1998.0,19,15,1234,13.7,1,0,1,1,0,0,6,0,0.07,1971,ar ARG,MF,it Serie A,27-187,1998.0,13.7,1,20,6,30.0,1.46,0.44,0.05,0.17,0,0,2472,ar ARG,MF,it Serie A,27-187,1998.0,19,1234,65,47.3,13.7,15,74.0,4,4,31.0,3,1.05,15,12,3,0.22,1.79,1971,ar ARG,MF,it Serie A,27-187,1998.0,13.7,6,0,0,33,26,1,26,9,9,0
Nicolás Paz,ar ARG,MF,Como,it Serie A,21.0,2004.0,28,26,2293,25.5,9,6,15,9,0,2,5,0,0.59,1972,ar ARG,MF,it Serie A,21-190,2004.0,25.5,9,100,39,39.0,3.92,1.53,0.09,0.23,0,2,2473,ar ARG,MF,it Serie A,21-190,2004.0,28,2293,82,87.9,25.5,26,86.0,16,2,25.0,0,1.82,38,21,17,0.67,-1.89,1972,ar ARG,MF,it Serie A,21-190,2004.0,25.5,5,0,0,45,36,0,48,20,39,0
Mads Pedersen,dk DEN,MF,Augsburg,de Bundesliga,29.0,1996.0,6,1,180,2.0,0,0,0,0,0,0,0,0,0.0,1974,dk DEN,MF,de Bundesliga,29-197,1996.0,2.0,0,2,0,0.0,1.0,0.0,0.0,,0,0,2478,dk DEN,MF,de Bundesliga,29-197,1996.0,6,180,30,7.7,2.0,1,61.0,0,5,24.0,9,1.33,0,4,-4,-2.0,-1.58,1974,dk DEN,MF,de Bundesliga,29-197,1996.0,2.0,0,0,0,5,3,1,9,1,2,0
Alfonso Pedraza,es ESP,DF,Villarreal,es La Liga,29.0,1996.0,21,13,1215,13.5,1,2,3,1,0,0,6,0,0.22,1976,es ESP,DF,es La Liga,29-342,1996.0,13.5,1,10,3,30.0,0.74,0.22,0.1,0.33,0,0,2480,es ESP,DF,es La Liga,29-342,1996.0,21,1215,58,48.2,13.5,13,81.0,8,8,21.0,5,1.86,24,16,8,0.59,-0.1,1976,es ESP,DF,es La Liga,29-342,1996.0,13.5,6,0,0,22,20,3,56,16,25,0
Pedri,es ESP,MF,Barcelona,es La Liga,23.0,2002.0,20,15,1361,15.1,2,7,9,2,0,0,2,1,0.6,1977,es ESP,MF,es La Liga,23-112,2002.0,15.1,2,17,9,52.9,1.12,0.6,0.12,0.22,0,0,2481,es ESP,MF,es La Liga,23-112,2002.0,20,1361,68,54.0,15.1,15,80.0,5,5,32.0,0,2.45,43,17,26,1.72,-0.07,1977,es ESP,MF,es La Liga,23-112,2002.0,15.1,2,1,1,8,29,0,6,15,20,0
Zé Pedro Figueiredo,pt POR,DF,Cagliari,it Serie A,28.0,1997.0,15,13,1126,12.5,0,0,0,0,0,0,3,0,0.0,1979,pt POR,DF,it Serie A,28-284,1997.0,12.5,0,3,0,0.0,0.24,0.0,0.0,,0,0,2483,pt POR,DF,it Serie A,28-284,1997.0,15,1126,75,43.1,12.5,13,85.0,9,2,13.0,4,1.07,14,17,-3,-0.24,0.18,1979,pt POR,DF,it Serie A,28-284,1997.0,12.5,3,0,0,22,11,0,3,14,13,0
Dženan Pejčinović,de GER,FW,Wolfsburg,de Bundesliga,21.0,2005.0,23,11,984,10.9,5,0,5,5,0,0,1,0,0.46,1982,de GER,FW,de Bundesliga,21-030,2005.0,10.9,5,31,13,41.9,2.84,1.19,0.16,0.38,0,0,2486,de GER,FW,de Bundesliga,21-030,2005.0,23,984,43,42.1,10.9,11,74.0,4,12,14.0,2,0.74,12,32,-20,-1.83,-1.76,1982,de GER,FW,de Bundesliga,21-030,2005.0,10.9,1,0,0,13,7,4,3,1,7,0
Lorenzo Pellegrini,it ITA,MF,Roma,it Serie A,29.0,1996.0,21,17,1249,13.9,3,2,5,1,2,2,2,0,0.22,1983,it ITA,MF,it Serie A,29-271,1996.0,13.9,3,28,10,35.7,2.02,0.72,0.04,0.1,2,2,2488,it ITA,MF,it Serie A,29-271,1996.0,21,1249,59,47.9,13.9,17,66.0,1,4,30.0,3,1.57,17,9,8,0.58,0.05,1983,it ITA,MF,it Serie A,29-271,1996.0,13.9,2,0,0,17,31,4,75,13,4,0
Luca Pellegrini,it ITA,DF,Lazio,it Serie A,27.0,1999.0,21,14,1215,13.5,0,0,0,0,0,0,6,0,0.0,1984,it ITA,DF,it Serie A,27-010,1999.0,13.5,0,5,3,60.0,0.37,0.22,0.0,0.0,0,0,2489,it ITA,DF,it Serie A,27-010,1999.0,21,1215,58,46.6,13.5,14,73.0,2,7,27.0,4,1.43,12,13,-1,-0.07,-0.2,1984,it ITA,DF,it Serie A,27-010,1999.0,13.5,6,0,0,21,11,0,48,14,13,0
Mateo Pellegrino,ar ARG,FW,Parma,it Serie A,25.0,2001.0,29,27,2385,26.5,8,1,9,7,1,1,4,0,0.3,1985,ar ARG,FW,it Serie A,25-016,2001.0,26.5,8,62,20,32.3,2.34,0.75,0.11,0.35,1,1,2490,ar ARG,FW,it Serie A,25-016,2001.0,29,2385,82,91.4,26.5,27,85.0,16,2,39.0,0,1.17,20,31,-11,-0.42,1.18,1985,ar ARG,FW,it Serie A,25-016,2001.0,26.5,4,0,0,68,56,9,8,3,9,0
Faris Pemi Moumbagna,cm CMR,FW,Cremonese,it Serie A,25.0,2000.0,5,0,93,1.0,0,0,0,0,0,0,0,0,0.0,1987,cm CMR,FW,it Serie A,25-259,2000.0,1.0,0,2,0,0.0,1.94,0.0,0.0,,0,0,2493,cm CMR,FW,it Serie A,25-259,2000.0,5,93,19,3.6,1.0,0,,0,5,19.0,9,0.4,0,1,-1,-0.97,-0.25,1987,cm CMR,FW,it Serie A,25-259,2000.0,1.0,0,0,0,1,0,0,1,0,0,0
Kojo Peprah Oppong,gh GHA,DF,Nice,fr Ligue 1,21.0,2004.0,23,22,1885,20.9,1,0,1,1,0,0,3,0,0.05,1991,gh GHA,DF,fr Ligue 1,21-286,2004.0,20.9,1,10,3,30.0,0.48,0.14,0.1,0.33,0,0,2499,gh GHA,DF,fr Ligue 1,21-286,2004.0,23,1885,82,80.6,20.9,22,83.0,17,1,53.0,2,1.04,28,38,-10,-0.48,0.71,1991,gh GHA,DF,fr Ligue 1,21-286,2004.0,20.9,3,0,0,24,24,1,5,26,23,0
Everton Pereira,fr FRA,MF,Nice,fr Ligue 1,18.0,2007.0,3,2,135,1.5,0,0,0,0,0,0,0,0,0.0,1993,fr FRA,MF,fr Ligue 1,18-339,2007.0,1.5,0,2,0,0.0,1.33,0.0,0.0,,0,0,2503,fr FRA,MF,fr Ligue 1,18-339,2007.0,3,135,45,5.8,1.5,2,67.0,0,1,1.0,3,0.67,2,4,-2,-1.33,-0.76,1993,fr FRA,MF,fr Ligue 1,18-339,2007.0,1.5,0,0,0,4,0,0,0,3,0,0
Ángel Pérez,es ESP,MF,Alavés,es La Liga,23.0,2002.0,6,4,403,4.5,0,0,0,0,0,0,0,0,0.0,1995,es ESP,MF,es La Liga,23-200,2002.0,4.5,0,5,2,40.0,1.12,0.45,0.0,0.0,0,0,2506,es ESP,MF,es La Liga,23-200,2002.0,6,403,67,16.0,4.5,4,86.0,2,2,30.0,1,0.5,5,7,-2,-0.45,-0.02,1995,es ESP,MF,es La Liga,23-200,2002.0,4.5,0,0,0,3,5,2,26,4,4,0
Ayoze Pérez,es ESP,FW,Villarreal,es La Liga,32.0,1993.0,18,9,819,9.1,2,3,5,2,0,0,3,0,0.55,1996,es ESP,FW,es La Liga,32-231,1993.0,9.1,2,13,5,38.5,1.43,0.55,0.15,0.4,0,0,2507,es ESP,FW,es La Liga,32-231,1993.0,18,819,46,32.5,9.1,9,66.0,0,9,25.0,0,1.89,14,14,0,0.0,-0.95,1996,es ESP,FW,es La Liga,32-231,1993.0,9.1,3,0,0,14,18,5,7,3,10,0
Joselu Pérez,es ESP,DF,Getafe,es La Liga,22.0,2004.0,2,0,22,0.2,0,0,0,0,0,0,0,0,0.0,1998,es ESP,DF,es La Liga,22-005,2004.0,0.2,0,1,0,0.0,4.09,0.0,0.0,,0,0,2509,es ESP,DF,es La Liga,22-005,2004.0,2,22,11,0.9,0.2,0,,0,2,11.0,11,0.5,2,1,1,4.09,4.38,1998,es ESP,DF,es La Liga,22-005,2004.0,0.2,0,0,0,1,2,0,0,0,0,0
Matías Pérez,cl CHI,DF,Lecce,it Serie A,20.0,2005.0,1,1,31,0.3,0,0,0,0,0,0,0,0,0.0,1999,cl CHI,DF,it Serie A,20-338,2005.0,0.3,0,0,0,,0.0,0.0,,,0,0,2510,cl CHI,DF,it Serie A,20-338,2005.0,1,31,31,1.2,0.3,1,31.0,0,0,,17,1.0,0,0,0,0.0,0.63,1999,cl CHI,DF,it Serie A,20-338,2005.0,0.3,0,0,0,0,0,0,1,0,0,0
Nacho Pérez,es ESP,DF,Levante,es La Liga,17.0,2008.0,2,1,80,0.9,0,0,0,0,0,0,0,0,0.0,2000,es ESP,DF,es La Liga,17-197,2008.0,0.9,0,0,0,,0.0,0.0,,,0,0,2511,es ESP,DF,es La Liga,17-197,2008.0,2,80,40,3.2,0.9,1,77.0,0,1,3.0,13,0.0,0,1,-1,-1.13,-0.57,2000,es ESP,DF,es La Liga,17-197,2008.0,0.9,0,0,0,0,1,0,0,1,1,0
Romain Perraud,fr FRA,DF,Lille,fr Ligue 1,28.0,1997.0,22,20,1670,18.6,2,3,5,2,0,0,4,1,0.27,2003,fr FRA,DF,fr Ligue 1,28-176,1997.0,18.6,2,23,10,43.5,1.24,0.54,0.09,0.2,0,0,2514,fr FRA,DF,fr Ligue 1,28-176,1997.0,22,1670,76,71.4,18.6,20,82.0,12,2,12.0,2,1.73,33,24,9,0.49,0.75,2003,fr FRA,DF,fr Ligue 1,28-176,1997.0,18.6,4,1,0,18,39,1,99,16,26,0
Máximo Perrone,ar ARG,MF,Como,it Serie A,23.0,2003.0,27,25,2053,22.8,2,4,6,2,0,0,7,0,0.26,2006,ar ARG,MF,it Serie A,23-069,2003.0,22.8,2,12,5,41.7,0.53,0.22,0.17,0.4,0,0,2517,ar ARG,MF,it Serie A,23-069,2003.0,27,2053,76,78.7,22.8,25,80.0,15,2,25.0,1,1.89,38,16,22,0.96,0.32,2006,ar ARG,MF,it Serie A,23-069,2003.0,22.8,7,0,0,33,18,0,8,18,29,0
Prosper Peter,ng NGA,FW,Angers,fr Ligue 1,18.0,2007.0,23,10,970,10.8,3,0,3,3,0,0,0,0,0.28,2008,ng NGA,FW,fr Ligue 1,18-220,2007.0,10.8,3,17,10,58.8,1.58,0.93,0.18,0.3,0,0,2520,ng NGA,FW,fr Ligue 1,18-220,2007.0,23,970,42,41.5,10.8,10,74.0,5,13,18.0,1,1.22,10,21,-11,-1.02,-1.15,2008,ng NGA,FW,fr Ligue 1,18-220,2007.0,10.8,0,0,0,25,20,11,0,3,2,0
Léo Pétrot,fr FRA,DF,Elche,es La Liga,28.0,1997.0,25,14,1252,13.9,0,0,0,0,0,0,1,0,0.0,2009,fr FRA,DF,es La Liga,28-336,1997.0,13.9,0,6,0,0.0,0.43,0.0,0.0,,0,0,2522,fr FRA,DF,es La Liga,28-336,1997.0,25,1252,50,49.7,13.9,14,80.0,8,11,12.0,3,1.04,14,22,-8,-0.58,-0.5,2009,fr FRA,DF,es La Liga,28-336,1997.0,13.9,1,0,0,13,5,2,15,10,19,0
Giuseppe Pezzella,it ITA,MF,Cremonese,it Serie A,28.0,1997.0,22,21,1807,20.1,0,1,1,0,0,0,7,1,0.05,2011,it ITA,MF,it Serie A,28-108,1997.0,20.1,0,3,0,0.0,0.15,0.0,0.0,,0,0,2524,it ITA,MF,it Serie A,28-108,1997.0,22,1807,82,69.2,20.1,21,84.0,15,1,34.0,0,0.73,17,34,-17,-0.85,-0.4,2011,it ITA,MF,it Serie A,28-108,1997.0,20.1,7,1,0,32,21,6,90,8,23,0
Gabriele Piccinini,it ITA,MF,Pisa,it Serie A,24.0,2001.0,17,5,657,7.3,0,0,0,0,0,0,2,0,0.0,2014,it ITA,MF,it Serie A,24-345,2001.0,7.3,0,13,6,46.2,1.78,0.82,0.0,0.0,0,0,2529,it ITA,MF,it Serie A,24-345,2001.0,17,657,39,25.2,7.3,5,77.0,1,12,23.0,12,0.59,6,16,-10,-1.37,-0.63,2014,it ITA,MF,it Serie A,24-345,2001.0,7.3,2,0,0,5,10,0,17,1,9,0
Roberto Piccoli,it ITA,FW,Fiorentina,it Serie A,25.0,2001.0,25,12,1245,13.8,3,1,4,3,0,0,0,0,0.29,2015,it ITA,FW,it Serie A,25-049,2001.0,13.8,3,40,14,35.0,2.89,1.01,0.08,0.21,0,0,2530,it ITA,FW,it Serie A,25-049,2001.0,25,1245,50,47.7,13.8,12,81.0,6,13,21.0,3,1.04,16,18,-2,-0.14,0.32,2015,it ITA,FW,it Serie A,25-049,2001.0,13.8,0,0,0,25,33,8,4,3,0,0
Charles Pickel,cd COD,MF,Espanyol,es La Liga,28.0,1997.0,17,4,553,6.1,1,0,1,1,0,0,3,2,0.16,2016,cd COD,MF,es La Liga,28-306,1997.0,6.1,1,8,3,37.5,1.3,0.49,0.13,0.33,0,0,2531,cd COD,MF,es La Liga,28-306,1997.0,17,553,33,21.9,6.1,4,64.0,1,13,23.0,6,1.35,6,6,0,0.0,0.32,2016,cd COD,MF,es La Liga,28-306,1997.0,6.1,3,2,1,11,1,0,2,4,4,0
Amos Pieper,de GER,DF,Werder Bremen,de Bundesliga,28.0,1998.0,12,12,959,10.7,0,0,0,0,0,0,3,0,0.0,2018,de GER,DF,de Bundesliga,28-059,1998.0,10.7,0,8,2,25.0,0.75,0.19,0.0,0.0,0,0,2533,de GER,DF,de Bundesliga,28-059,1998.0,12,959,80,41.0,10.7,12,80.0,10,0,,3,0.92,12,19,-7,-0.66,0.06,2018,de GER,DF,de Bundesliga,28-059,1998.0,10.7,3,0,0,7,9,0,4,20,17,0
Marvin Pieringer,de GER,FW,Heidenheim,de Bundesliga,26.0,1999.0,19,13,1068,11.9,2,0,2,2,0,0,2,0,0.17,2019,de GER,FW,de Bundesliga,26-164,1999.0,11.9,2,19,4,21.1,1.6,0.34,0.11,0.5,0,0,2535,de GER,FW,de Bundesliga,26-164,1999.0,19,1068,56,45.6,11.9,13,73.0,3,6,21.0,0,0.58,13,27,-14,-1.18,0.24,2019,de GER,FW,de Bundesliga,26-164,1999.0,11.9,2,0,0,26,19,8,14,8,12,0
Balthazar Pierret,fr FRA,MF,Lecce,it Serie A,25.0,2000.0,3,0,27,0.3,0,0,0,0,0,0,0,0,0.0,2022,fr FRA,MF,it Serie A,25-306,2000.0,0.3,0,0,0,,0.0,0.0,,,0,0,2538,fr FRA,MF,it Serie A,25-306,2000.0,3,27,9,1.0,0.3,0,,0,3,9.0,1,0.67,0,0,0,0.0,0.63,2022,fr FRA,MF,it Serie A,25-306,2000.0,0.3,0,0,0,0,2,0,0,0,1,0
Andrea Pinamonti,it ITA,FW,Sassuolo,it Serie A,26.0,1999.0,27,26,2024,22.5,6,3,9,6,0,1,1,1,0.4,2023,it ITA,FW,it Serie A,26-302,1999.0,22.5,6,56,24,42.9,2.49,1.07,0.11,0.25,0,1,2540,it ITA,FW,it Serie A,26-302,1999.0,27,2024,75,77.5,22.5,26,77.0,5,1,20.0,0,1.41,29,32,-3,-0.13,0.02,2023,it ITA,FW,it Serie A,26-302,1999.0,22.5,1,1,0,10,25,10,8,0,4,0
Thiago Pinar,es ESP,MF,Real Madrid,es La Liga,18.0,2007.0,3,3,206,2.3,0,0,0,0,0,0,0,0,0.0,2024,es ESP,MF,es La Liga,18-226,2007.0,2.3,0,3,1,33.3,1.31,0.44,0.0,0.0,0,0,2541,es ESP,MF,es La Liga,18-226,2007.0,3,206,69,8.2,2.3,3,69.0,0,0,,8,2.0,3,2,1,0.44,-0.92,2024,es ESP,MF,es La Liga,18-226,2007.0,2.3,0,0,0,6,0,0,0,2,1,0
Lander Pinillos,es ESP,MF,Alavés,es La Liga,22.0,2003.0,1,0,2,0.0,0,0,0,0,0,0,0,0,0.0,2025,es ESP,MF,es La Liga,22-162,2003.0,0.0,0,0,0,,0.0,0.0,,,0,0,2543,es ESP,MF,es La Liga,22-162,2003.0,1,2,2,0.1,0.0,0,,0,1,2.0,7,0.0,0,0,0,0.0,0.43,2025,es ESP,MF,es La Liga,22-162,2003.0,0.0,0,0,0,0,0,0,1,0,0,0
Yeremi Pino,es ESP,MF,Villarreal,es La Liga,23.0,2002.0,2,2,159,1.8,0,1,1,0,0,0,0,0,0.57,2027,es ESP,MF,es La Liga,23-148,2002.0,1.8,0,2,1,50.0,1.13,0.57,0.0,0.0,0,0,2545,es ESP,MF,es La Liga,23-148,2002.0,2,159,80,6.3,1.8,2,80.0,1,0,,0,3.0,7,0,7,3.96,3.54,2027,es ESP,MF,es La Liga,23-148,2002.0,1.8,0,0,0,2,0,0,12,3,1,0
Jakub Piotrowski,pl POL,MF,Udinese,it Serie A,28.0,1997.0,25,15,1314,14.6,1,1,2,1,0,0,2,0,0.14,2029,pl POL,MF,it Serie A,28-164,1997.0,14.6,1,25,6,24.0,1.71,0.41,0.04,0.17,0,0,2549,pl POL,MF,it Serie A,28-164,1997.0,25,1314,53,50.3,14.6,15,73.0,4,10,21.0,1,1.2,17,20,-3,-0.21,0.21,2029,pl POL,MF,it Serie A,28-164,1997.0,14.6,2,0,0,21,25,2,23,12,19,0
Niccolò Pisilli,it ITA,MF,Roma,it Serie A,21.0,2004.0,16,6,692,7.7,1,2,3,1,0,0,0,0,0.39,2031,it ITA,MF,it Serie A,21-175,2004.0,7.7,1,12,4,33.3,1.56,0.52,0.08,0.25,0,0,2551,it ITA,MF,it Serie A,21-175,2004.0,16,692,43,26.5,7.7,6,86.0,5,10,18.0,13,1.69,14,10,4,0.52,-0.04,2031,it ITA,MF,it Serie A,21-175,2004.0,7.7,0,0,0,10,1,1,5,15,9,0
Damián Pizarro,cl CHI,FW,Le Havre,fr Ligue 1,20.0,2005.0,2,0,28,0.3,0,0,0,0,0,0,0,0,0.0,2032,cl CHI,FW,fr Ligue 1,20-354,2005.0,0.3,0,0,0,,0.0,0.0,,,0,0,2553,cl CHI,FW,fr Ligue 1,20-354,2005.0,2,28,14,1.2,0.3,0,,0,2,14.0,3,1.0,1,0,1,3.21,3.72,2032,cl CHI,FW,fr Ligue 1,20-354,2005.0,0.3,0,0,0,1,1,1,0,0,0,0
Tommaso Pobega,it ITA,MF,Bologna,it Serie A,26.0,1999.0,20,13,1137,12.6,2,1,3,2,0,0,1,1,0.24,2033,it ITA,MF,it Serie A,26-245,1999.0,12.6,2,22,9,40.9,1.74,0.71,0.09,0.22,0,0,2555,it ITA,MF,it Serie A,26-245,1999.0,20,1137,57,43.6,12.6,13,77.0,7,7,19.0,6,1.55,17,14,3,0.24,0.18,2033,it ITA,MF,it Serie A,26-245,1999.0,12.6,1,1,0,27,12,0,2,18,15,0
Paul Pogba,fr FRA,MF,Monaco,fr Ligue 1,33.0,1993.0,3,0,33,0.4,0,0,0,0,0,0,0,0,0.0,2034,fr FRA,MF,fr Ligue 1,33-002,1993.0,0.4,0,0,0,,0.0,0.0,,,0,0,2556,fr FRA,MF,fr Ligue 1,33-002,1993.0,3,33,11,1.4,0.4,0,,0,3,11.0,0,1.0,1,0,1,2.73,2.45,2034,fr FRA,MF,fr Ligue 1,33-002,1993.0,0.4,0,0,0,1,0,0,1,1,2,0
Ernest Poku,nl NED,MF,Leverkusen,de Bundesliga,22.0,2004.0,24,15,1383,15.4,5,4,9,5,0,0,0,0,0.59,2035,nl NED,MF,de Bundesliga,22-048,2004.0,15.4,5,26,9,34.6,1.69,0.59,0.19,0.56,0,0,2557,nl NED,MF,de Bundesliga,22-048,2004.0,24,1383,58,59.1,15.4,15,74.0,2,9,30.0,1,1.63,29,18,11,0.72,0.25,2035,nl NED,MF,de Bundesliga,22-048,2004.0,15.4,0,0,0,4,17,3,12,8,9,0
Marin Pongračić,hr CRO,DF,Fiorentina,it Serie A,28.0,1997.0,27,27,2379,26.4,0,0,0,0,0,0,9,0,0.0,2038,hr CRO,DF,it Serie A,28-187,1997.0,26.4,0,8,1,12.5,0.3,0.04,0.0,0.0,0,0,2561,hr CRO,DF,it Serie A,28-187,1997.0,27,2379,88,91.1,26.4,27,88.0,24,0,,1,1.04,33,35,-2,-0.08,2.65,2038,hr CRO,DF,it Serie A,28-187,1997.0,26.4,9,0,0,56,19,0,4,33,12,0
Stefan Posch,at AUT,DF,Como,it Serie A,28.0,1997.0,14,3,393,4.4,1,0,1,1,0,0,1,0,0.23,2042,at AUT,DF,it Serie A,28-307,1997.0,4.4,1,8,3,37.5,1.83,0.69,0.13,0.33,0,0,2568,at AUT,DF,it Serie A,28-307,1997.0,14,393,28,15.1,4.4,3,71.0,1,11,16.0,5,2.0,8,3,5,1.15,0.29,2042,at AUT,DF,it Serie A,28-307,1997.0,4.4,1,0,0,9,6,0,10,4,3,0
Stefan Posch,at AUT,DF,Mainz 05,de Bundesliga,28.0,1997.0,8,8,720,8.0,0,0,0,0,0,0,4,0,0.0,2043,at AUT,DF,de Bundesliga,28-307,1997.0,8.0,0,5,1,20.0,0.62,0.12,0.0,0.0,0,0,2569,at AUT,DF,de Bundesliga,28-307,1997.0,8,720,90,30.8,8.0,8,90.0,8,0,,0,1.88,13,10,3,0.37,1.1,2043,at AUT,DF,de Bundesliga,28-307,1997.0,8.0,4,0,0,6,7,1,8,9,11,0
Kacper Potulski,pl POL,DF,Mainz 05,de Bundesliga,18.0,2007.0,11,7,771,8.6,1,0,1,1,0,0,3,0,0.12,2045,pl POL,DF,de Bundesliga,18-149,2007.0,8.6,1,9,2,22.2,1.05,0.23,0.11,0.5,0,0,2571,pl POL,DF,de Bundesliga,18-149,2007.0,11,771,70,32.9,8.6,7,90.0,7,4,35.0,5,1.45,8,14,-6,-0.7,-0.47,2045,pl POL,DF,de Bundesliga,18-149,2007.0,8.6,3,0,0,11,1,0,2,16,9,0
Yussuf Poulsen,dk DEN,FW,Hamburger SV,de Bundesliga,31.0,1994.0,12,1,301,3.3,1,0,1,1,0,0,4,0,0.3,2046,dk DEN,FW,de Bundesliga,31-275,1994.0,3.3,1,7,3,42.9,2.09,0.9,0.14,0.33,0,0,2572,dk DEN,FW,de Bundesliga,31-275,1994.0,12,301,25,12.9,3.3,1,61.0,0,11,22.0,1,1.0,4,4,0,0.0,0.35,2046,dk DEN,FW,de Bundesliga,31-275,1994.0,3.3,4,0,0,12,3,2,2,1,2,0
Beñat Prados,es ESP,MF,Athletic Club,es La Liga,25.0,2001.0,2,1,85,0.9,0,0,0,0,0,0,1,0,0.0,2047,es ESP,MF,es La Liga,25-037,2001.0,0.9,0,1,0,0.0,1.06,0.0,0.0,,0,0,2573,es ESP,MF,es La Liga,25-037,2001.0,2,85,43,3.4,0.9,1,61.0,0,1,24.0,0,3.0,1,0,1,1.06,1.47,2047,es ESP,MF,es La Liga,25-037,2001.0,0.9,1,0,0,5,0,0,0,2,2,0
Alexander Prass,at AUT,MF,Hoffenheim,de Bundesliga,24.0,2001.0,24,10,999,11.1,3,2,5,3,0,0,2,0,0.45,2048,at AUT,MF,de Bundesliga,24-295,2001.0,11.1,3,16,9,56.3,1.44,0.81,0.19,0.33,0,0,2574,at AUT,MF,de Bundesliga,24-295,2001.0,24,999,42,42.7,11.1,10,79.0,3,14,15.0,2,2.04,23,14,9,0.81,0.07,2048,at AUT,MF,de Bundesliga,24-295,2001.0,11.1,2,0,0,22,17,2,36,6,20,0
Matteo Prati,it ITA,MF,Torino,it Serie A,22.0,2003.0,6,3,295,3.3,0,0,0,0,0,0,1,0,0.0,2049,it ITA,MF,it Serie A,22-079,2003.0,3.3,0,6,0,0.0,1.83,0.0,0.0,,0,0,2575,it ITA,MF,it Serie A,22-079,2003.0,6,295,49,11.3,3.3,3,71.0,0,3,27.0,0,1.5,3,4,-1,-0.31,0.36,2049,it ITA,MF,it Serie A,22-079,2003.0,3.3,1,0,0,3,2,0,0,0,1,0
Matteo Prati,it ITA,MF,Cagliari,it Serie A,22.0,2003.0,20,15,1268,14.1,1,0,1,1,0,0,4,0,0.07,2050,it ITA,MF,it Serie A,22-079,2003.0,14.1,1,19,1,5.3,1.35,0.07,0.05,1.0,0,0,2576,it ITA,MF,it Serie A,22-079,2003.0,20,1268,63,48.6,14.1,15,74.0,5,5,30.0,2,1.05,13,20,-7,-0.5,-0.3,2050,it ITA,MF,it Serie A,22-079,2003.0,14.1,4,0,0,17,3,0,13,15,12,0
Abdón Prats,es ESP,FW,Mallorca,es La Liga,33.0,1992.0,10,0,93,1.0,0,0,0,0,0,0,0,0,0.0,2051,es ESP,FW,es La Liga,33-100,1992.0,1.0,0,4,1,25.0,3.87,0.97,0.0,0.0,0,0,2577,es ESP,FW,es La Liga,33-100,1992.0,10,93,9,3.7,1.0,0,,0,10,9.0,16,1.4,3,1,2,1.94,2.45,2051,es ESP,FW,es La Liga,33-100,1992.0,1.0,0,0,0,2,2,0,1,0,0,0
Grischa Prömel,de GER,MF,Hoffenheim,de Bundesliga,31.0,1995.0,26,13,1402,15.6,7,2,9,7,0,0,3,0,0.58,2052,de GER,MF,de Bundesliga,31-067,1995.0,15.6,7,36,12,33.3,2.31,0.77,0.19,0.58,0,0,2583,de GER,MF,de Bundesliga,31-067,1995.0,26,1402,54,59.9,15.6,13,85.0,8,13,22.0,0,1.92,32,21,11,0.71,-0.16,2052,de GER,MF,de Bundesliga,31-067,1995.0,15.6,3,0,0,18,24,1,10,14,15,0
Marc Pubill,es ESP,DF,Atlético Madrid,es La Liga,22.0,2003.0,12,9,841,9.3,0,1,1,0,0,0,1,0,0.11,2055,es ESP,DF,es La Liga,22-270,2003.0,9.3,0,6,2,33.3,0.64,0.21,0.0,0.0,0,0,2588,es ESP,DF,es La Liga,22-270,2003.0,12,841,70,33.4,9.3,9,87.0,8,3,19.0,15,2.42,18,5,13,1.39,0.91,2055,es ESP,DF,es La Liga,22-270,2003.0,9.3,1,0,0,9,8,1,4,15,7,0
Cameron Puertas,ch SUI,MF,Werder Bremen,de Bundesliga,27.0,1998.0,21,15,1282,14.2,0,1,1,0,0,0,4,0,0.07,2056,ch SUI,MF,de Bundesliga,27-211,1998.0,14.2,0,26,4,15.4,1.83,0.28,0.0,0.0,0,0,2589,ch SUI,MF,de Bundesliga,27-211,1998.0,21,1282,61,54.8,14.2,15,80.0,5,6,15.0,3,1.05,18,22,-4,-0.28,0.91,2056,ch SUI,MF,de Bundesliga,27-211,1998.0,14.2,4,0,0,26,17,2,52,13,30,0
Christian Pulisic,us USA,FW,Milan,it Serie A,27.0,1998.0,22,14,1213,13.5,8,2,10,8,0,1,0,0,0.74,2057,us USA,FW,it Serie A,27-180,1998.0,13.5,8,44,23,52.3,3.26,1.71,0.18,0.35,0,1,2590,us USA,FW,it Serie A,27-180,1998.0,22,1213,55,46.5,13.5,14,76.0,4,8,18.0,1,1.95,19,7,12,0.89,0.18,2057,us USA,FW,it Serie A,27-180,1998.0,13.5,0,0,0,10,18,3,29,3,6,0
Arkadiusz Pyrka,pl POL,MF,St Pauli,de Bundesliga,23.0,2002.0,23,22,1856,20.6,0,1,1,0,0,0,3,0,0.05,2058,pl POL,MF,de Bundesliga,23-178,2002.0,20.6,0,14,3,21.4,0.68,0.15,0.0,0.0,0,0,2592,pl POL,MF,de Bundesliga,23-178,2002.0,23,1856,81,79.3,20.6,22,84.0,15,1,9.0,2,1.04,18,32,-14,-0.68,0.25,2058,pl POL,MF,de Bundesliga,23-178,2002.0,20.6,3,0,0,13,22,0,33,18,15,0
Jarell Quansah,eng ENG,DF,Leverkusen,de Bundesliga,23.0,2003.0,22,19,1789,19.9,3,0,3,3,0,0,7,0,0.15,2059,eng ENG,DF,de Bundesliga,23-047,2003.0,19.9,3,11,6,54.5,0.55,0.3,0.27,0.5,0,0,2593,eng ENG,DF,de Bundesliga,23-047,2003.0,22,1789,81,76.5,19.9,19,89.0,18,3,31.0,2,1.64,32,24,8,0.4,-0.9,2059,eng ENG,DF,de Bundesliga,23-047,2003.0,19.9,7,0,0,14,18,1,20,19,18,0
Leopold Querfeld,at AUT,DF,Union Berlin,de Bundesliga,22.0,2003.0,25,25,2250,25.0,2,0,2,0,2,3,6,0,0.0,2060,at AUT,DF,de Bundesliga,22-087,2003.0,25.0,2,26,9,34.6,1.04,0.36,0.0,0.0,2,3,2594,at AUT,DF,de Bundesliga,22-087,2003.0,25,2250,90,96.2,25.0,25,90.0,25,0,,0,1.12,30,42,-12,-0.48,-1.48,2060,at AUT,DF,de Bundesliga,22-087,2003.0,25.0,6,0,0,40,26,0,2,28,21,0
Kenny Quetant,fr FRA,FW,Le Havre,fr Ligue 1,19.0,2006.0,9,4,372,4.1,1,0,1,1,0,0,1,0,0.24,2061,fr FRA,FW,fr Ligue 1,19-243,2006.0,4.1,1,8,2,25.0,1.94,0.48,0.13,0.5,0,0,2595,fr FRA,FW,fr Ligue 1,19-243,2006.0,9,372,41,15.9,4.1,4,72.0,0,5,17.0,2,0.67,3,2,1,0.24,0.84,2061,fr FRA,FW,fr Ligue 1,19-243,2006.0,4.1,1,0,0,6,3,4,1,1,0,0
Dani Raba,es ESP,FW,Valencia,es La Liga,30.0,1995.0,12,3,261,2.9,0,1,1,0,0,0,0,0,0.34,2063,es ESP,FW,es La Liga,30-139,1995.0,2.9,0,7,1,14.3,2.41,0.34,0.0,0.0,0,0,2597,es ESP,FW,es La Liga,30-139,1995.0,12,261,22,10.4,2.9,3,51.0,0,9,12.0,14,1.33,5,4,1,0.34,0.86,2063,es ESP,FW,es La Liga,30-139,1995.0,2.9,0,0,0,6,2,0,12,4,4,0
Adrien Rabiot,fr FRA,MF,Marseille,fr Ligue 1,30.0,1995.0,1,1,90,1.0,0,0,0,0,0,0,1,0,0.0,2064,fr FRA,MF,fr Ligue 1,30-348,1995.0,1.0,0,1,0,0.0,1.0,0.0,0.0,,0,0,2598,fr FRA,MF,fr Ligue 1,30-348,1995.0,1,90,90,3.8,1.0,1,90.0,1,0,,0,0.0,0,1,-1,-1.0,-1.84,2064,fr FRA,MF,fr Ligue 1,30-348,1995.0,1.0,1,0,0,2,1,0,9,0,0,0
Adrien Rabiot,fr FRA,MF,Milan,it Serie A,30.0,1995.0,20,19,1740,19.3,4,4,8,4,0,0,6,1,0.41,2065,fr FRA,MF,it Serie A,30-348,1995.0,19.3,4,29,6,20.7,1.5,0.31,0.14,0.67,0,0,2599,fr FRA,MF,it Serie A,30-348,1995.0,20,1740,87,66.7,19.3,19,90.0,18,1,31.0,0,2.35,32,11,21,1.09,0.88,2065,fr FRA,MF,it Serie A,30-348,1995.0,19.3,6,1,1,23,34,5,37,10,21,0
Uroš Radaković,rs SRB,DF,Nantes,fr Ligue 1,31.0,1994.0,4,0,24,0.3,0,0,0,0,0,0,0,0,0.0,2066,rs SRB,DF,fr Ligue 1,31-351,1994.0,0.3,0,0,0,,0.0,0.0,,,0,0,2600,rs SRB,DF,fr Ligue 1,31-351,1994.0,4,24,6,1.1,0.3,0,,0,4,6.0,13,0.25,1,1,0,0.0,0.81,2066,rs SRB,DF,fr Ligue 1,31-351,1994.0,0.3,0,0,0,1,0,0,0,0,0,0
Ugo Raghouber,fr FRA,MF,Levante,es La Liga,22.0,2003.0,7,5,423,4.7,0,0,0,0,0,0,0,0,0.0,2068,fr FRA,MF,es La Liga,22-247,2003.0,4.7,0,1,0,0.0,0.21,0.0,0.0,,0,0,2605,fr FRA,MF,es La Liga,22-247,2003.0,7,423,60,16.8,4.7,5,76.0,2,2,21.0,1,1.14,4,6,-2,-0.43,0.18,2068,fr FRA,MF,es La Liga,22-247,2003.0,4.7,0,0,0,4,8,1,1,6,4,0
Ugo Raghouber,fr FRA,MF,Lille,fr Ligue 1,22.0,2003.0,1,0,3,0.0,0,0,0,0,0,0,0,0,0.0,2069,fr FRA,MF,fr Ligue 1,22-247,2003.0,0.0,0,0,0,,0.0,0.0,,,0,0,2606,fr FRA,MF,fr Ligue 1,22-247,2003.0,1,3,3,0.1,0.0,0,,0,1,3.0,8,3.0,2,0,2,60.0,59.81,2069,fr FRA,MF,fr Ligue 1,22-247,2003.0,0.0,0,0,0,0,0,0,0,0,0,0
Antonio Raillo,es ESP,DF,Mallorca,es La Liga,34.0,1991.0,22,22,1942,21.6,0,1,1,0,0,0,3,0,0.05,2070,es ESP,DF,es La Liga,34-160,1991.0,21.6,0,12,1,8.3,0.56,0.05,0.0,0.0,0,0,2607,es ESP,DF,es La Liga,34-160,1991.0,22,1942,88,77.1,21.6,22,88.0,21,0,,5,1.0,23,30,-7,-0.32,0.45,2070,es ESP,DF,es La Liga,34-160,1991.0,21.6,3,0,0,23,14,0,4,11,12,0
Ylber Ramadani,al ALB,MF,Lecce,it Serie A,29.0,1996.0,28,28,2429,27.0,1,0,1,1,0,0,7,0,0.04,2071,al ALB,MF,it Serie A,29-339,1996.0,27.0,1,25,5,20.0,0.93,0.19,0.04,0.2,0,0,2609,al ALB,MF,it Serie A,29-339,1996.0,28,2429,87,93.1,27.0,28,87.0,20,0,,0,0.96,21,35,-14,-0.52,1.47,2071,al ALB,MF,it Serie A,29-339,1996.0,27.0,7,0,0,36,44,0,14,34,38,0
Largie Ramazani,be BEL,MF,Valencia,es La Liga,25.0,2001.0,17,5,638,7.1,4,1,5,1,3,3,4,0,0.28,2073,be BEL,MF,es La Liga,25-018,2001.0,7.1,4,26,9,34.6,3.67,1.27,0.04,0.11,3,3,2612,be BEL,MF,es La Liga,25-018,2001.0,17,638,38,25.3,7.1,5,87.0,2,12,17.0,3,1.24,12,13,-1,-0.14,0.38,2073,be BEL,MF,es La Liga,25-018,2001.0,7.1,4,0,0,13,10,2,21,8,6,0
Jacobo Ramón,es ESP,DF,Como,it Serie A,21.0,2005.0,26,25,2247,25.0,2,0,2,2,0,0,7,1,0.08,2074,es ESP,DF,it Serie A,21-070,2005.0,25.0,2,29,6,20.7,1.16,0.24,0.07,0.33,0,0,2613,es ESP,DF,it Serie A,21-070,2005.0,26,2247,86,86.1,25.0,25,88.0,23,1,45.0,1,1.88,44,18,26,1.04,1.04,2074,es ESP,DF,it Serie A,21-070,2005.0,25.0,7,1,0,26,7,0,9,32,29,0
Gonçalo Ramos,pt POR,FW,Paris Saint-Germain,fr Ligue 1,24.0,2001.0,23,10,1025,11.4,5,1,6,4,1,1,2,0,0.44,2075,pt POR,FW,fr Ligue 1,24-270,2001.0,11.4,5,47,21,44.7,4.13,1.84,0.09,0.19,1,1,2615,pt POR,FW,fr Ligue 1,24-270,2001.0,23,1025,45,45.6,11.4,10,80.0,5,13,17.0,2,2.22,23,9,14,1.23,-0.09,2075,pt POR,FW,fr Ligue 1,24-270,2001.0,11.4,2,0,0,18,15,4,1,3,10,0
Guilherme Ramos,pt POR,DF,Hamburger SV,de Bundesliga,28.0,1997.0,8,0,48,0.5,0,0,0,0,0,0,0,0,0.0,2076,pt POR,DF,de Bundesliga,28-218,1997.0,0.5,0,1,1,100.0,1.87,1.87,0.0,0.0,0,0,2616,pt POR,DF,de Bundesliga,28-218,1997.0,8,48,6,2.1,0.5,0,,0,8,6.0,5,0.75,2,1,1,1.87,2.23,2076,pt POR,DF,de Bundesliga,28-218,1997.0,0.5,0,0,0,1,1,0,0,0,0,0
Luca Ranieri,it ITA,DF,Fiorentina,it Serie A,26.0,1999.0,26,21,1765,19.6,1,0,1,1,0,0,7,0,0.05,2079,it ITA,DF,it Serie A,26-328,1999.0,19.6,1,15,3,20.0,0.76,0.15,0.07,0.33,0,0,2621,it ITA,DF,it Serie A,26-328,1999.0,26,1765,68,67.6,19.6,21,81.0,12,5,12.0,2,1.08,22,28,-6,-0.31,0.01,2079,it ITA,DF,it Serie A,26-328,1999.0,19.6,7,0,0,20,23,3,26,14,18,0
Grant Ranos,am ARM,FW,Gladbach,de Bundesliga,22.0,2003.0,8,0,119,1.3,1,0,1,1,0,0,1,0,0.76,2080,am ARM,FW,de Bundesliga,22-240,2003.0,1.3,1,4,2,50.0,3.03,1.51,0.25,0.5,0,0,2622,am ARM,FW,de Bundesliga,22-240,2003.0,8,119,15,5.1,1.3,0,,0,8,15.0,5,0.63,3,2,1,0.76,1.32,2080,am ARM,FW,de Bundesliga,22-240,2003.0,1.3,1,0,0,1,1,0,5,1,1,0
Mathias Rasmussen,no NOR,MF,St Pauli,de Bundesliga,28.0,1997.0,5,3,288,3.2,0,0,0,0,0,0,0,0,0.0,2084,no NOR,MF,de Bundesliga,28-112,1997.0,3.2,0,3,0,0.0,0.94,0.0,0.0,,0,0,2626,no NOR,MF,de Bundesliga,28-112,1997.0,5,288,58,12.3,3.2,3,90.0,3,2,9.0,1,1.4,4,7,-3,-0.94,-0.24,2084,no NOR,MF,de Bundesliga,28-112,1997.0,3.2,0,0,0,5,5,0,5,2,1,0
Giacomo Raspadori,it ITA,MF,Atalanta,it Serie A,26.0,2000.0,4,2,247,2.7,1,1,2,1,0,0,0,0,0.73,2085,it ITA,MF,it Serie A,26-027,2000.0,2.7,1,10,5,50.0,3.64,1.82,0.1,0.2,0,0,2627,it ITA,MF,it Serie A,26-027,2000.0,4,247,62,9.5,2.7,2,84.0,1,2,40.0,1,2.5,8,1,7,2.55,2.32,2085,it ITA,MF,it Serie A,26-027,2000.0,2.7,0,0,0,1,2,0,20,0,1,0
Giacomo Raspadori,it ITA,FW,Atlético Madrid,es La Liga,26.0,2000.0,12,1,236,2.6,0,1,1,0,0,0,1,0,0.38,2086,it ITA,FW,es La Liga,26-027,2000.0,2.6,0,7,3,42.9,2.67,1.14,0.0,0.0,0,0,2628,it ITA,FW,es La Liga,26-027,2000.0,12,236,20,9.4,2.6,1,61.0,0,11,16.0,7,1.83,5,4,1,0.38,-0.45,2086,it ITA,FW,es La Liga,26-027,2000.0,2.6,1,0,0,3,7,2,9,0,1,0
Andrei Ratiu,ro ROU,DF,Rayo Vallecano,es La Liga,27.0,1998.0,25,24,2133,23.7,0,3,3,0,0,0,6,0,0.13,2087,ro ROU,DF,es La Liga,27-270,1998.0,23.7,0,25,8,32.0,1.05,0.34,0.0,0.0,0,0,2630,ro ROU,DF,es La Liga,27-270,1998.0,25,2133,85,84.6,23.7,24,88.0,23,1,26.0,0,1.28,26,23,3,0.13,2.22,2087,ro ROU,DF,es La Liga,27-270,1998.0,23.7,6,0,0,16,17,4,77,34,27,0
Petar Ratkov,rs SRB,FW,Lazio,it Serie A,22.0,2003.0,7,2,221,2.5,0,0,0,0,0,0,0,0,0.0,2088,rs SRB,FW,it Serie A,22-211,2003.0,2.5,0,5,0,0.0,2.04,0.0,0.0,,0,0,2631,rs SRB,FW,it Serie A,22-211,2003.0,7,221,32,8.5,2.5,2,49.0,0,5,25.0,3,1.14,2,5,-3,-1.22,-1.37,2088,rs SRB,FW,it Serie A,22-211,2003.0,2.5,0,0,0,0,3,0,0,1,2,0
Raúl,es ESP,FW,Osasuna,es La Liga,25.0,2000.0,26,5,778,8.6,5,0,5,5,0,0,1,1,0.58,2089,es ESP,FW,es La Liga,25-134,2000.0,8.6,5,26,15,57.7,3.01,1.74,0.19,0.33,0,0,2632,es ESP,FW,es La Liga,25-134,2000.0,26,778,30,30.9,8.6,5,84.0,4,21,17.0,1,1.19,12,14,-2,-0.23,-0.23,2089,es ESP,FW,es La Liga,25-134,2000.0,8.6,1,1,0,7,11,5,6,7,12,0
David Raum,de GER,DF,RB Leipzig,de Bundesliga,27.0,1998.0,25,25,2212,24.6,3,5,8,2,1,1,6,0,0.28,2090,de GER,DF,de Bundesliga,27-329,1998.0,24.6,3,21,6,28.6,0.85,0.24,0.1,0.33,1,1,2633,de GER,DF,de Bundesliga,27-329,1998.0,25,2212,88,94.5,24.6,25,88.0,23,0,,0,1.84,46,33,13,0.53,0.53,2090,de GER,DF,de Bundesliga,27-329,1998.0,24.6,6,0,0,25,12,6,217,29,31,0
Abde Rebbach,dz ALG,MF,Alavés,es La Liga,27.0,1998.0,21,8,822,9.1,0,0,0,0,0,0,4,0,0.0,2093,dz ALG,MF,es La Liga,27-218,1998.0,9.1,0,26,8,30.8,2.85,0.88,0.0,0.0,0,0,2637,dz ALG,MF,es La Liga,27-218,1998.0,21,822,39,32.6,9.1,8,69.0,2,13,21.0,7,0.9,6,9,-3,-0.33,0.15,2093,dz ALG,MF,es La Liga,27-218,1998.0,9.1,4,0,0,26,18,3,63,9,8,0
Federico Redondo,ar ARG,MF,Elche,es La Liga,23.0,2003.0,9,1,153,1.7,0,0,0,0,0,0,0,1,0.0,2094,ar ARG,MF,es La Liga,23-058,2003.0,1.7,0,1,0,0.0,0.59,0.0,0.0,,0,0,2638,ar ARG,MF,es La Liga,23-058,2003.0,9,153,17,6.1,1.7,1,63.0,0,8,11.0,16,1.1,3,6,-3,-1.76,-1.54,2094,ar ARG,MF,es La Liga,23-058,2003.0,1.7,0,1,0,7,3,0,0,4,2,0
Luca Reggiani,it ITA,DF,Dortmund,de Bundesliga,18.0,2008.0,4,2,199,2.2,1,0,1,1,0,0,1,0,0.45,2096,it ITA,DF,de Bundesliga,18-067,2008.0,2.2,1,2,1,50.0,0.9,0.45,0.5,1.0,0,0,2641,it ITA,DF,de Bundesliga,18-067,2008.0,4,199,50,8.5,2.2,2,77.0,1,2,23.0,2,2.5,4,2,2,0.9,-0.23,2096,it ITA,DF,de Bundesliga,18-067,2008.0,2.2,1,0,0,2,0,0,1,2,5,0
Alejandro Rego,es ESP,MF,Athletic Club,es La Liga,22.0,2003.0,19,5,707,7.9,1,0,1,1,0,0,5,0,0.13,2097,es ESP,MF,es La Liga,22-279,2003.0,7.9,1,10,3,30.0,1.27,0.38,0.1,0.33,0,0,2642,es ESP,MF,es La Liga,22-279,2003.0,19,707,37,28.1,7.9,5,72.0,2,14,25.0,7,1.47,10,13,-3,-0.38,-0.03,2097,es ESP,MF,es La Liga,22-279,2003.0,7.9,5,0,0,23,3,0,0,13,13,0
Alberto Reina,es ESP,MF,Oviedo,es La Liga,28.0,1997.0,27,21,1628,18.1,3,0,3,3,0,0,5,1,0.17,2099,es ESP,MF,es La Liga,28-189,1997.0,18.1,3,16,7,43.8,0.88,0.39,0.19,0.43,0,0,2644,es ESP,MF,es La Liga,28-189,1997.0,27,1628,60,64.6,18.1,21,71.0,3,6,22.0,0,0.78,13,28,-15,-0.83,0.28,2099,es ESP,MF,es La Liga,28-189,1997.0,18.1,5,1,1,27,30,2,29,10,12,0
Vitor Reis,br BRA,DF,Girona,es La Liga,20.0,2006.0,26,25,2238,24.9,1,1,2,1,0,0,6,1,0.08,2100,br BRA,DF,es La Liga,20-064,2006.0,24.9,1,12,2,16.7,0.48,0.08,0.08,0.5,0,0,2645,br BRA,DF,es La Liga,20-064,2006.0,26,2238,86,88.8,24.9,25,88.0,24,1,33.0,0,1.15,26,36,-10,-0.4,0.24,2100,br BRA,DF,es La Liga,20-064,2006.0,24.9,6,1,0,22,14,1,0,22,21,1
Rocco Reitz,de GER,MF,Gladbach,de Bundesliga,23.0,2002.0,24,24,2019,22.4,0,2,2,0,0,0,6,1,0.09,2101,de GER,MF,de Bundesliga,23-292,2002.0,22.4,0,34,11,32.4,1.52,0.49,0.0,0.0,0,0,2646,de GER,MF,de Bundesliga,23-292,2002.0,24,2019,84,86.3,22.4,24,84.0,14,0,,0,1.04,20,36,-16,-0.71,-1.55,2101,de GER,MF,de Bundesliga,23-292,2002.0,22.4,6,1,0,29,46,4,70,38,31,0
Nicolai Remberg,de GER,MF,Hamburger SV,de Bundesliga,25.0,2000.0,25,25,2250,25.0,0,1,1,0,0,0,9,0,0.04,2102,de GER,MF,de Bundesliga,25-271,2000.0,25.0,0,15,7,46.7,0.6,0.28,0.0,0.0,0,0,2647,de GER,MF,de Bundesliga,25-271,2000.0,25,2250,90,96.2,25.0,25,90.0,25,0,,0,1.2,28,33,-5,-0.2,2.8,2102,de GER,MF,de Bundesliga,25-271,2000.0,25.0,9,0,0,35,42,0,4,37,21,0
Elvis Rexhbeçaj,xk KVX,MF,Augsburg,de Bundesliga,28.0,1997.0,23,9,1030,11.4,2,0,2,2,0,0,4,0,0.17,2106,xk KVX,MF,de Bundesliga,28-136,1997.0,11.4,2,10,4,40.0,0.87,0.35,0.2,0.5,0,0,2651,xk KVX,MF,de Bundesliga,28-136,1997.0,23,1030,45,44.0,11.4,9,74.0,3,14,26.0,1,1.3,19,18,1,0.09,1.12,2106,xk KVX,MF,de Bundesliga,28-136,1997.0,11.4,4,0,0,13,14,1,15,4,7,0
Oriol Rey,es ESP,MF,Levante,es La Liga,28.0,1998.0,16,11,1038,11.5,0,0,0,0,0,0,2,0,0.0,2107,es ESP,MF,es La Liga,28-020,1998.0,11.5,0,6,1,16.7,0.52,0.09,0.0,0.0,0,0,2652,es ESP,MF,es La Liga,28-020,1998.0,16,1038,65,41.2,11.5,11,85.0,8,5,20.0,7,0.88,15,19,-4,-0.35,0.38,2107,es ESP,MF,es La Liga,28-020,1998.0,11.5,2,0,0,15,7,0,6,10,10,0
Gio Reyna,us USA,MF,Gladbach,de Bundesliga,23.0,2002.0,13,4,403,4.5,0,0,0,0,0,0,1,0,0.0,2108,us USA,MF,de Bundesliga,23-124,2002.0,4.5,0,5,1,20.0,1.12,0.22,0.0,0.0,0,0,2653,us USA,MF,de Bundesliga,23-124,2002.0,13,403,31,17.2,4.5,4,65.0,0,9,16.0,4,1.38,5,9,-4,-0.89,-0.48,2108,us USA,MF,de Bundesliga,23-124,2002.0,4.5,1,0,0,5,7,0,9,3,5,0
Alexsandro Ribeiro,br BRA,DF,Lille,fr Ligue 1,26.0,1999.0,8,7,508,5.6,0,0,0,0,0,0,0,1,0.0,2110,br BRA,DF,fr Ligue 1,26-220,1999.0,5.6,0,7,2,28.6,1.24,0.35,0.0,0.0,0,0,2655,br BRA,DF,fr Ligue 1,26-220,1999.0,8,508,64,21.7,5.6,7,72.0,5,1,2.0,4,1.88,12,5,7,1.24,1.24,2110,br BRA,DF,fr Ligue 1,26-220,1999.0,5.6,0,1,0,10,8,0,1,11,9,0
Rodrigo Ribeiro,pt POR,FW,Augsburg,de Bundesliga,20.0,2005.0,6,4,376,4.2,2,0,2,2,0,0,1,0,0.48,2111,pt POR,FW,de Bundesliga,20-323,2005.0,4.2,2,15,6,40.0,3.59,1.44,0.13,0.33,0,0,2656,pt POR,FW,de Bundesliga,20-323,2005.0,6,376,63,16.1,4.2,4,78.0,0,2,33.0,3,1.5,4,6,-2,-0.48,0.07,2111,pt POR,FW,de Bundesliga,20-323,2005.0,4.2,1,0,0,7,1,6,1,1,1,0
Samuele Ricci,it ITA,MF,Milan,it Serie A,24.0,2001.0,24,9,1043,11.6,1,3,4,1,0,0,1,0,0.35,2112,it ITA,MF,it Serie A,24-208,2001.0,11.6,1,15,6,40.0,1.29,0.52,0.07,0.17,0,0,2657,it ITA,MF,it Serie A,24-208,2001.0,24,1043,43,40.0,11.6,9,80.0,5,15,21.0,5,2.29,17,10,7,0.6,-0.31,2112,it ITA,MF,it Serie A,24-208,2001.0,11.6,1,0,0,10,23,1,23,7,8,0
Amir Richardson,ma MAR,MF,Fiorentina,it Serie A,24.0,2002.0,2,0,42,0.5,0,0,0,0,0,0,0,0,0.0,2115,ma MAR,MF,it Serie A,24-052,2002.0,0.5,0,1,0,0.0,2.14,0.0,0.0,,0,0,2660,ma MAR,MF,it Serie A,24-052,2002.0,2,42,21,1.6,0.5,0,,0,2,21.0,12,0.0,1,1,0,0.0,0.32,2115,ma MAR,MF,it Serie A,24-052,2002.0,0.5,0,0,0,1,3,0,1,0,1,0
Diego Rico,es ESP,DF,Getafe,es La Liga,33.0,1993.0,24,17,1660,18.4,0,0,0,0,0,0,4,0,0.0,2117,es ESP,DF,es La Liga,33-022,1993.0,18.4,0,11,1,9.1,0.6,0.05,0.0,0.0,0,0,2662,es ESP,DF,es La Liga,33-022,1993.0,24,1660,69,65.9,18.4,17,89.0,15,7,20.0,3,1.28,16,22,-6,-0.33,-0.22,2117,es ESP,DF,es La Liga,33-022,1993.0,18.4,4,0,0,22,33,1,60,30,28,0
Clemens Riedel,de GER,DF,Espanyol,es La Liga,22.0,2003.0,15,12,1036,11.5,0,1,1,0,0,0,4,0,0.09,2118,de GER,DF,es La Liga,22-241,2003.0,11.5,0,3,1,33.3,0.26,0.09,0.0,0.0,0,0,2664,de GER,DF,es La Liga,22-241,2003.0,15,1036,69,41.1,11.5,12,81.0,8,3,23.0,10,1.13,16,18,-2,-0.17,0.13,2118,de GER,DF,es La Liga,22-241,2003.0,11.5,4,0,0,18,5,1,3,10,11,0
Fabian Rieder,ch SUI,MF,Augsburg,de Bundesliga,24.0,2002.0,24,20,1623,18.0,3,3,6,2,1,1,2,0,0.28,2119,ch SUI,MF,de Bundesliga,24-029,2002.0,18.0,3,27,8,29.6,1.5,0.44,0.07,0.25,1,1,2665,ch SUI,MF,de Bundesliga,24-029,2002.0,24,1623,68,69.4,18.0,20,79.0,8,4,13.0,0,1.17,22,37,-15,-0.83,-0.96,2119,ch SUI,MF,de Bundesliga,24-029,2002.0,18.0,2,0,0,32,22,2,80,8,14,0
Fabian Rieder,ch SUI,MF,Rennes,fr Ligue 1,24.0,2002.0,3,2,133,1.5,0,0,0,0,0,0,0,0,0.0,2120,ch SUI,MF,fr Ligue 1,24-029,2002.0,1.5,0,1,0,0.0,0.68,0.0,0.0,,0,0,2666,ch SUI,MF,fr Ligue 1,24-029,2002.0,3,133,44,5.7,1.5,2,63.0,0,1,8.0,0,1.33,0,2,-2,-1.35,-1.68,2120,ch SUI,MF,fr Ligue 1,24-029,2002.0,1.5,0,0,0,2,1,0,1,2,2,0
Hugo Rincón,es ESP,DF,Girona,es La Liga,23.0,2003.0,25,15,1534,17.0,1,1,2,1,0,0,3,0,0.12,2124,es ESP,DF,es La Liga,23-049,2003.0,17.0,1,7,2,28.6,0.41,0.12,0.14,0.5,0,0,2670,es ESP,DF,es La Liga,23-049,2003.0,25,1534,61,60.9,17.0,15,82.0,8,10,30.0,3,1.08,21,26,-5,-0.29,0.35,2124,es ESP,DF,es La Liga,23-049,2003.0,17.0,3,0,0,24,44,1,23,5,24,0
Luis Rioja,es ESP,MF,Valencia,es La Liga,32.0,1993.0,27,22,1863,20.7,2,4,6,2,0,0,1,0,0.29,2125,es ESP,MF,es La Liga,32-152,1993.0,20.7,2,33,4,12.1,1.59,0.19,0.06,0.5,0,0,2671,es ESP,MF,es La Liga,32-152,1993.0,27,1863,69,73.9,20.7,22,78.0,7,5,29.0,0,1.19,21,29,-8,-0.39,0.16,2125,es ESP,MF,es La Liga,32-152,1993.0,20.7,1,0,0,7,24,4,119,13,16,0
Rodrigo Riquelme,es ESP,MF,Real Betis,es La Liga,25.0,2000.0,19,7,651,7.2,0,1,1,0,0,0,1,0,0.14,2126,es ESP,MF,es La Liga,25-349,2000.0,7.2,0,19,5,26.3,2.63,0.69,0.0,0.0,0,0,2674,es ESP,MF,es La Liga,25-349,2000.0,19,651,34,25.8,7.2,7,65.0,0,12,16.0,7,1.68,6,8,-2,-0.28,-0.76,2126,es ESP,MF,es La Liga,25-349,2000.0,7.2,1,0,0,6,8,0,20,3,7,0
Sergi Roberto,es ESP,MF,Como,it Serie A,34.0,1992.0,15,4,446,5.0,0,0,0,0,0,0,3,0,0.0,2130,es ESP,MF,it Serie A,34-038,1992.0,5.0,0,6,2,33.3,1.21,0.4,0.0,0.0,0,0,2681,es ESP,MF,it Serie A,34-038,1992.0,15,446,30,17.1,5.0,4,58.0,0,11,19.0,4,2.07,6,6,0,0.0,-1.08,2130,es ESP,MF,it Serie A,34-038,1992.0,5.0,3,0,0,8,8,0,2,5,5,0
Marc Roca,es ESP,MF,Real Betis,es La Liga,29.0,1996.0,22,19,1626,18.1,0,1,1,0,0,0,1,0,0.06,2135,es ESP,MF,es La Liga,29-111,1996.0,18.1,0,12,4,33.3,0.66,0.22,0.0,0.0,0,0,2686,es ESP,MF,es La Liga,29-111,1996.0,22,1626,74,64.5,18.1,19,83.0,14,3,19.0,3,1.73,28,23,5,0.28,-0.03,2135,es ESP,MF,es La Liga,29-111,1996.0,18.1,1,0,0,33,21,0,9,18,25,0
Ryan Rodin,fr FRA,MF,Auxerre,fr Ligue 1,20.0,2006.0,3,0,26,0.3,0,0,0,0,0,0,0,0,0.0,2136,fr FRA,MF,fr Ligue 1,20-015,2006.0,0.3,0,0,0,,0.0,0.0,,,0,0,2687,fr FRA,MF,fr Ligue 1,20-015,2006.0,3,26,9,1.1,0.3,0,,0,3,9.0,4,0.0,0,1,-1,-3.46,-2.84,2136,fr FRA,MF,fr Ligue 1,20-015,2006.0,0.3,0,0,0,0,0,0,0,0,0,0
Álvaro Rodríguez,uy URU,FW,Elche,es La Liga,21.0,2004.0,24,17,1529,17.0,5,4,9,5,0,0,0,0,0.53,2140,uy URU,FW,es La Liga,21-246,2004.0,17.0,5,54,18,33.3,3.18,1.06,0.09,0.28,0,0,2692,uy URU,FW,es La Liga,21-246,2004.0,24,1529,64,60.7,17.0,17,82.0,9,7,19.0,3,0.79,20,27,-7,-0.41,-0.23,2140,uy URU,FW,es La Liga,21-246,2004.0,17.0,0,0,0,26,34,13,8,3,7,0
Damián Rodríguez,es ESP,MF,Celta Vigo,es La Liga,23.0,2003.0,2,2,150,1.7,0,0,0,0,0,0,1,0,0.0,2141,es ESP,MF,es La Liga,23-000,2003.0,1.7,0,3,0,0.0,1.8,0.0,0.0,,0,0,2693,es ESP,MF,es La Liga,23-000,2003.0,2,150,75,6.0,1.7,2,75.0,1,0,,12,2.0,2,3,-1,-0.6,-0.9,2141,es ESP,MF,es La Liga,23-000,2003.0,1.7,1,0,0,3,0,0,3,1,0,0
Guido Rodríguez,ar ARG,MF,Valencia,es La Liga,31.0,1994.0,6,4,409,4.5,0,0,0,0,0,0,0,0,0.0,2144,ar ARG,MF,es La Liga,31-339,1994.0,4.5,0,4,0,0.0,0.88,0.0,0.0,,0,0,2696,ar ARG,MF,es La Liga,31-339,1994.0,6,409,68,16.2,4.5,4,89.0,3,2,26.0,0,1.5,7,6,1,0.22,0.77,2144,ar ARG,MF,es La Liga,31-339,1994.0,4.5,0,0,0,10,9,0,2,3,12,0
Javi Rodríguez,es ESP,DF,Celta Vigo,es La Liga,22.0,2003.0,24,19,1793,19.9,0,0,0,0,0,0,3,0,0.0,2145,es ESP,DF,es La Liga,22-264,2003.0,19.9,0,9,1,11.1,0.45,0.05,0.0,0.0,0,0,2697,es ESP,DF,es La Liga,22-264,2003.0,24,1793,75,71.2,19.9,19,86.0,13,5,33.0,3,1.42,19,20,-1,-0.05,-1.04,2145,es ESP,DF,es La Liga,22-264,2003.0,19.9,3,0,0,22,24,1,1,20,18,0
Jesus Rodríguez,es ESP,MF,Como,it Serie A,20.0,2005.0,25,15,1507,16.7,1,7,8,1,0,0,2,1,0.48,2146,es ESP,MF,it Serie A,20-116,2005.0,16.7,1,41,10,24.4,2.45,0.6,0.02,0.1,0,0,2698,es ESP,MF,it Serie A,20-116,2005.0,25,1507,60,57.7,16.7,15,81.0,3,10,30.0,1,1.84,34,11,23,1.37,1.13,2146,es ESP,MF,it Serie A,20-116,2005.0,16.7,2,1,0,20,26,3,49,4,16,0
Juan Rodríguez,uy URU,DF,Cagliari,it Serie A,20.0,2005.0,9,9,727,8.1,0,0,0,0,0,0,3,0,0.0,2147,uy URU,DF,it Serie A,20-291,2005.0,8.1,0,1,1,100.0,0.12,0.12,0.0,0.0,0,0,2699,uy URU,DF,it Serie A,20-291,2005.0,9,727,81,27.9,8.1,9,81.0,6,0,,15,0.67,7,12,-5,-0.62,-0.38,2147,uy URU,DF,it Serie A,20-291,2005.0,8.1,3,0,0,11,4,0,2,12,15,0
Ricardo Rodríguez,ch SUI,DF,Real Betis,es La Liga,33.0,1992.0,18,14,1206,13.4,0,1,1,0,0,0,0,0,0.07,2148,ch SUI,DF,es La Liga,33-204,1992.0,13.4,0,2,0,0.0,0.15,0.0,0.0,,0,0,2700,ch SUI,DF,es La Liga,33-204,1992.0,18,1206,67,47.9,13.4,14,84.0,11,4,9.0,7,1.83,24,15,9,0.67,0.74,2148,ch SUI,DF,es La Liga,33-204,1992.0,13.4,0,0,0,7,5,0,14,6,6,0
Merlin Röhl,de GER,MF,Freiburg,de Bundesliga,23.0,2002.0,2,0,66,0.7,0,0,0,0,0,0,0,0,0.0,2152,de GER,MF,de Bundesliga,23-255,2002.0,0.7,0,0,0,,0.0,0.0,,,0,0,2706,de GER,MF,de Bundesliga,23-255,2002.0,2,66,33,2.8,0.7,0,,0,2,33.0,0,0.0,1,3,-2,-2.73,-2.57,2152,de GER,MF,de Bundesliga,23-255,2002.0,0.7,0,0,0,2,0,0,1,0,1,0
Filippo Romagna,it ITA,DF,Sassuolo,it Serie A,28.0,1997.0,4,3,256,2.8,0,0,0,0,0,0,0,0,0.0,2154,it ITA,DF,it Serie A,28-295,1997.0,2.8,0,2,0,0.0,0.7,0.0,0.0,,0,0,2708,it ITA,DF,it Serie A,28-295,1997.0,4,256,64,9.8,2.8,3,67.0,1,1,55.0,13,1.0,3,3,0,0.0,0.15,2154,it ITA,DF,it Serie A,28-295,1997.0,2.8,0,0,0,0,1,0,0,5,1,0
Alessio Romagnoli,it ITA,DF,Lazio,it Serie A,31.0,1995.0,24,23,1978,22.0,0,0,0,0,0,0,6,0,0.0,2155,it ITA,DF,it Serie A,31-064,1995.0,22.0,0,6,3,50.0,0.27,0.14,0.0,0.0,0,0,2709,it ITA,DF,it Serie A,31-064,1995.0,24,1978,82,75.8,22.0,23,85.0,20,1,14.0,0,1.29,16,21,-5,-0.23,-1.08,2155,it ITA,DF,it Serie A,31-064,1995.0,22.0,6,0,0,14,11,0,2,25,12,0
Miguel Román,es ESP,MF,Celta Vigo,es La Liga,23.0,2002.0,19,14,1311,14.6,1,0,1,1,0,0,3,0,0.07,2157,es ESP,MF,es La Liga,23-081,2002.0,14.6,1,9,2,22.2,0.62,0.14,0.11,0.5,0,0,2711,es ESP,MF,es La Liga,23-081,2002.0,19,1311,69,52.0,14.6,14,88.0,10,5,17.0,7,1.63,18,13,5,0.34,0.19,2157,es ESP,MF,es La Liga,23-081,2002.0,14.6,3,0,0,20,11,0,21,12,17,0
Alessandro Romano,ch SUI,MF,Roma,it Serie A,19.0,2006.0,2,0,8,0.1,0,0,0,0,0,0,0,0,0.0,2158,ch SUI,MF,it Serie A,19-273,2006.0,0.1,0,0,0,,0.0,0.0,,,0,0,2712,ch SUI,MF,it Serie A,19-273,2006.0,2,8,4,0.3,0.1,0,,0,2,4.0,2,3.0,0,0,0,0.0,-0.55,2158,ch SUI,MF,it Serie A,19-273,2006.0,0.1,0,0,0,2,0,0,0,0,0,0
Carlos Romero,es ESP,DF,Espanyol,es La Liga,24.0,2001.0,26,26,2307,25.6,5,2,7,5,0,0,3,0,0.27,2159,es ESP,DF,es La Liga,24-139,2001.0,25.6,5,29,8,27.6,1.13,0.31,0.17,0.63,0,0,2713,es ESP,DF,es La Liga,24-139,2001.0,26,2307,89,91.5,25.6,26,89.0,23,0,,0,1.42,33,36,-3,-0.12,1.57,2159,es ESP,DF,es La Liga,24-139,2001.0,25.6,3,0,0,35,12,0,72,29,45,0
Isaac Romero,es ESP,FW,Sevilla,es La Liga,25.0,2000.0,20,12,1028,11.4,4,0,4,4,0,1,5,1,0.35,2161,es ESP,FW,es La Liga,25-303,2000.0,11.4,4,27,12,44.4,2.36,1.05,0.15,0.33,0,1,2716,es ESP,FW,es La Liga,25-303,2000.0,20,1028,51,40.8,11.4,12,72.0,1,8,20.0,4,1.0,13,17,-4,-0.35,0.01,2161,es ESP,FW,es La Liga,25-303,2000.0,11.4,5,1,0,19,18,4,4,0,5,0
Zaid Romero,ar ARG,DF,Getafe,es La Liga,26.0,1999.0,8,8,720,8.0,0,0,0,0,0,0,2,0,0.0,2163,ar ARG,DF,es La Liga,26-092,1999.0,8.0,0,5,0,0.0,0.62,0.0,0.0,,0,0,2718,ar ARG,DF,es La Liga,26-092,1999.0,8,720,90,28.6,8.0,8,90.0,8,0,,0,1.75,8,4,4,0.5,1.05,2163,ar ARG,DF,es La Liga,26-092,1999.0,8.0,2,0,0,5,5,0,2,19,12,0
Rômulo,br BRA,FW,RB Leipzig,de Bundesliga,24.0,2002.0,22,20,1654,18.4,7,4,11,7,0,1,3,0,0.6,2164,br BRA,FW,de Bundesliga,24-037,2002.0,18.4,7,44,21,47.7,2.39,1.14,0.16,0.33,0,1,2719,br BRA,FW,de Bundesliga,24-037,2002.0,22,1654,75,70.7,18.4,20,79.0,3,2,37.0,0,1.82,34,22,12,0.65,0.52,2164,br BRA,FW,de Bundesliga,24-037,2002.0,18.4,3,0,0,15,19,5,0,9,12,1
Salomón Rondón,ve VEN,FW,Oviedo,es La Liga,36.0,1989.0,16,13,1032,11.5,2,0,2,2,0,1,2,0,0.17,2165,ve VEN,FW,es La Liga,36-182,1989.0,11.5,2,24,5,20.8,2.09,0.44,0.08,0.4,0,1,2720,ve VEN,FW,es La Liga,36-182,1989.0,16,1032,65,41.0,11.5,13,75.0,4,3,18.0,1,0.69,6,17,-11,-0.96,-0.05,2165,ve VEN,FW,es La Liga,36-182,1989.0,11.5,2,0,0,11,21,12,2,1,0,0
Valentin Rongier,fr FRA,MF,Rennes,fr Ligue 1,31.0,1994.0,24,24,2115,23.5,1,4,5,1,0,0,4,0,0.21,2166,fr FRA,MF,fr Ligue 1,31-100,1994.0,23.5,1,18,7,38.9,0.77,0.3,0.06,0.14,0,0,2721,fr FRA,MF,fr Ligue 1,31-100,1994.0,24,2115,88,90.4,23.5,24,88.0,23,0,,1,1.75,43,31,12,0.51,2.91,2166,fr FRA,MF,fr Ligue 1,31-100,1994.0,23.5,4,0,0,38,19,0,14,28,36,0
Marten de Roon,nl NED,MF,Atalanta,it Serie A,34.0,1991.0,25,23,2002,22.2,1,1,2,1,0,0,8,1,0.09,2167,nl NED,MF,it Serie A,34-353,1991.0,22.2,1,14,4,28.6,0.63,0.18,0.07,0.25,0,0,2722,nl NED,MF,it Serie A,34-353,1991.0,25,2002,80,76.7,22.2,23,84.0,16,2,35.0,1,1.72,33,19,14,0.63,0.78,2167,nl NED,MF,it Serie A,34-353,1991.0,22.2,8,1,1,27,10,0,10,15,35,0
Max Rosenfelder,de GER,DF,Freiburg,de Bundesliga,23.0,2003.0,12,5,492,5.5,0,0,0,0,0,0,0,0,0.0,2169,de GER,DF,de Bundesliga,23-035,2003.0,5.5,0,1,0,0.0,0.18,0.0,0.0,,0,0,2724,de GER,DF,de Bundesliga,23-035,2003.0,12,492,41,21.0,5.5,5,81.0,3,7,12.0,2,1.25,6,8,-2,-0.37,-0.17,2169,de GER,DF,de Bundesliga,23-035,2003.0,5.5,0,0,0,2,5,1,0,5,5,1
Lucas Rosier,fr FRA,FW,Rennes,fr Ligue 1,19.0,2007.0,2,0,2,0.0,0,0,0,0,0,0,0,0,0.0,2170,fr FRA,FW,fr Ligue 1,19-005,2007.0,0.0,0,0,0,,0.0,0.0,,,0,0,2725,fr FRA,FW,fr Ligue 1,19-005,2007.0,2,2,1,0.1,0.0,0,,0,2,1.0,2,3.0,0,1,-1,-45.0,-45.27,2170,fr FRA,FW,fr Ligue 1,19-005,2007.0,0.0,0,0,0,0,0,0,0,0,0,0
Anthony Rouault,fr FRA,DF,Rennes,fr Ligue 1,24.0,2001.0,18,16,1454,16.2,1,0,1,1,0,0,3,0,0.06,2173,fr FRA,DF,fr Ligue 1,24-292,2001.0,16.2,1,7,2,28.6,0.43,0.12,0.14,0.5,0,0,2730,fr FRA,DF,fr Ligue 1,24-292,2001.0,18,1454,81,62.1,16.2,16,88.0,14,2,23.0,7,1.78,27,19,8,0.5,0.7,2173,fr FRA,DF,fr Ligue 1,24-292,2001.0,16.2,3,0,0,22,8,0,0,15,13,0
Nicolò Rovella,it ITA,MF,Lazio,it Serie A,24.0,2001.0,8,4,343,3.8,0,1,1,0,0,0,2,0,0.26,2174,it ITA,MF,it Serie A,24-103,2001.0,3.8,0,1,0,0.0,0.26,0.0,0.0,,0,0,2734,it ITA,MF,it Serie A,24-103,2001.0,8,343,43,13.1,3.8,4,59.0,1,4,27.0,4,0.88,5,2,3,0.79,0.87,2174,it ITA,MF,it Serie A,24-103,2001.0,3.8,2,0,0,3,8,0,11,6,9,0
Jonathan Rowe,eng ENG,FW,Marseille,fr Ligue 1,22.0,2003.0,1,1,62,0.7,0,0,0,0,0,0,0,0,0.0,2176,eng ENG,FW,fr Ligue 1,22-321,2003.0,0.7,0,5,0,0.0,7.26,0.0,0.0,,0,0,2736,eng ENG,FW,fr Ligue 1,22-321,2003.0,1,62,62,2.6,0.7,1,62.0,0,0,,0,0.0,0,0,0,0.0,-0.79,2176,eng ENG,FW,fr Ligue 1,22-321,2003.0,0.7,0,0,0,2,2,0,4,1,0,0
Amir Rrahmani,xk KVX,DF,Napoli,it Serie A,32.0,1994.0,16,16,1356,15.1,1,1,2,1,0,0,2,0,0.13,2178,xk KVX,DF,it Serie A,32-021,1994.0,15.1,1,8,1,12.5,0.53,0.07,0.13,1.0,0,0,2739,xk KVX,DF,it Serie A,32-021,1994.0,16,1356,85,52.0,15.1,16,85.0,12,0,,2,2.0,22,12,10,0.66,0.3,2178,xk KVX,DF,it Serie A,32-021,1994.0,15.1,2,0,0,17,14,2,1,17,12,0
Rubén,es ESP,DF,Espanyol,es La Liga,25.0,2001.0,13,4,466,5.2,0,0,0,0,0,0,2,0,0.0,2179,es ESP,DF,es La Liga,25-041,2001.0,5.2,0,3,0,0.0,0.58,0.0,0.0,,0,0,2740,es ESP,DF,es La Liga,25-041,2001.0,13,466,36,18.5,5.2,4,82.0,2,9,15.0,15,1.46,7,6,1,0.19,0.54,2179,es ESP,DF,es La Liga,25-041,2001.0,5.2,2,0,0,5,9,0,21,9,5,0
Antonio Rüdiger,de GER,DF,Real Madrid,es La Liga,33.0,1993.0,11,10,904,10.0,1,0,1,1,0,0,0,0,0.1,2180,de GER,DF,es La Liga,33-014,1993.0,10.0,1,9,1,11.1,0.9,0.1,0.11,1.0,0,0,2742,de GER,DF,es La Liga,33-014,1993.0,11,904,82,35.9,10.0,10,84.0,7,1,67.0,3,2.27,23,8,15,1.49,0.32,2180,de GER,DF,es La Liga,33-014,1993.0,10.0,0,0,0,9,1,1,2,3,3,0
Javier Rueda Garcia,es ESP,MF,Celta Vigo,es La Liga,23.0,2002.0,19,10,958,10.6,2,4,6,2,0,0,4,0,0.56,2181,es ESP,MF,es La Liga,23-313,2002.0,10.6,2,10,3,30.0,0.94,0.28,0.2,0.67,0,0,2743,es ESP,MF,es La Liga,23-313,2002.0,19,958,50,38.0,10.6,10,74.0,3,9,25.0,6,1.58,13,6,7,0.66,0.66,2181,es ESP,MF,es La Liga,23-313,2002.0,10.6,4,0,0,20,13,3,16,14,8,0
Daniele Rugani,it ITA,DF,Fiorentina,it Serie A,31.0,1994.0,2,1,100,1.1,0,0,0,0,0,0,1,0,0.0,2182,it ITA,DF,it Serie A,31-231,1994.0,1.1,0,0,0,,0.0,0.0,,,0,0,2744,it ITA,DF,it Serie A,31-231,1994.0,2,100,50,3.8,1.1,1,90.0,1,1,10.0,2,1.5,0,3,-3,-2.7,-2.48,2182,it ITA,DF,it Serie A,31-231,1994.0,1.1,1,0,0,4,0,0,0,3,2,0
Daniele Rugani,it ITA,DF,Juventus,it Serie A,31.0,1994.0,6,3,250,2.8,0,0,0,0,0,0,0,0,0.0,2183,it ITA,DF,it Serie A,31-231,1994.0,2.8,0,0,0,,0.0,0.0,,,0,0,2745,it ITA,DF,it Serie A,31-231,1994.0,6,250,42,9.6,2.8,3,71.0,0,3,13.0,7,1.83,2,3,-1,-0.36,-1.28,2183,it ITA,DF,it Serie A,31-231,1994.0,2.8,0,0,0,2,0,0,0,5,3,0
Matteo Ruggeri,it ITA,DF,Atlético Madrid,es La Liga,23.0,2002.0,19,15,1234,13.7,0,3,3,0,0,0,3,0,0.22,2184,it ITA,DF,es La Liga,23-249,2002.0,13.7,0,4,2,50.0,0.29,0.15,0.0,0.0,0,0,2746,it ITA,DF,es La Liga,23-249,2002.0,19,1234,65,49.0,13.7,15,77.0,8,4,19.0,9,1.84,25,14,11,0.8,0.03,2184,it ITA,DF,es La Liga,23-249,2002.0,13.7,3,0,0,23,1,1,63,11,20,0
Abel Ruiz,es ESP,FW,Girona,es La Liga,26.0,2000.0,6,0,82,0.9,0,0,0,0,0,0,0,0,0.0,2186,es ESP,FW,es La Liga,26-048,2000.0,0.9,0,1,0,0.0,1.1,0.0,0.0,,0,0,2748,es ESP,FW,es La Liga,26-048,2000.0,6,82,14,3.3,0.9,0,,0,6,14.0,9,1.5,2,0,2,2.2,2.71,2186,es ESP,FW,es La Liga,26-048,2000.0,0.9,0,0,0,2,0,0,2,1,1,0
Fabián Ruiz Peña,es ESP,MF,Paris Saint-Germain,fr Ligue 1,29.0,1996.0,13,9,796,8.8,1,2,3,1,0,0,1,0,0.34,2187,es ESP,MF,fr Ligue 1,29-348,1996.0,8.8,1,13,4,30.8,1.47,0.45,0.08,0.25,0,0,2749,es ESP,MF,fr Ligue 1,29-348,1996.0,13,796,61,35.4,8.8,9,79.0,5,4,22.0,0,2.54,20,9,11,1.24,-0.06,2187,es ESP,MF,fr Ligue 1,29-348,1996.0,8.8,1,0,0,1,1,1,9,10,6,0
Jacen Russell-Rowe,ca CAN,FW,Toulouse,fr Ligue 1,23.0,2002.0,6,1,159,1.8,0,0,0,0,0,0,0,0,0.0,2189,ca CAN,FW,fr Ligue 1,23-185,2002.0,1.8,0,6,1,16.7,3.4,0.57,0.0,0.0,0,0,2751,ca CAN,FW,fr Ligue 1,23-185,2002.0,6,159,27,6.8,1.8,1,63.0,0,5,19.0,0,0.67,4,3,1,0.57,0.4,2189,ca CAN,FW,fr Ligue 1,23-185,2002.0,1.8,0,0,0,6,1,0,3,1,1,0
Julian Ryerson,no NOR,MF,Dortmund,de Bundesliga,28.0,1997.0,23,18,1572,17.5,0,12,12,0,0,0,5,0,0.69,2192,no NOR,MF,de Bundesliga,28-120,1997.0,17.5,0,8,0,0.0,0.46,0.0,0.0,,0,0,2754,no NOR,MF,de Bundesliga,28-120,1997.0,23,1572,68,67.2,17.5,18,83.0,10,5,17.0,2,2.35,34,14,20,1.15,0.09,2192,no NOR,MF,de Bundesliga,28-120,1997.0,17.5,5,0,0,19,16,4,165,10,16,0
Abdelhamid Sabiri,ma MAR,MF,Fiorentina,it Serie A,29.0,1996.0,1,0,27,0.3,0,0,0,0,0,0,0,0,0.0,2198,ma MAR,MF,it Serie A,29-109,1996.0,0.3,0,1,0,0.0,3.33,0.0,0.0,,0,0,2760,ma MAR,MF,it Serie A,29-109,1996.0,1,27,27,1.0,0.3,0,,0,1,27.0,6,1.0,2,0,2,6.67,7.05,2198,ma MAR,MF,it Serie A,29-109,1996.0,0.3,0,0,0,1,1,0,4,0,2,0
Marcel Sabitzer,at AUT,MF,Dortmund,de Bundesliga,32.0,1994.0,19,14,1280,14.2,1,2,3,1,0,0,2,0,0.21,2199,at AUT,MF,de Bundesliga,32-000,1994.0,14.2,1,17,4,23.5,1.2,0.28,0.06,0.25,0,0,2761,at AUT,MF,de Bundesliga,32-000,1994.0,19,1280,67,54.7,14.2,14,86.0,8,5,16.0,2,2.16,30,16,14,0.98,-0.29,2199,at AUT,MF,de Bundesliga,32-000,1994.0,14.2,2,0,0,11,10,3,28,17,14,0
Umar Sadiq,ng NGA,FW,Valencia,es La Liga,29.0,1997.0,10,4,469,5.2,1,1,2,1,0,0,2,0,0.38,2201,ng NGA,FW,es La Liga,29-043,1997.0,5.2,1,11,4,36.4,2.11,0.77,0.09,0.25,0,0,2765,ng NGA,FW,es La Liga,29-043,1997.0,10,469,47,18.6,5.2,4,81.0,2,6,24.0,0,1.6,10,9,1,0.19,0.76,2201,ng NGA,FW,es La Liga,29-043,1997.0,5.2,2,0,0,13,11,6,2,1,1,0
Umar Sadiq,ng NGA,FW,Real Sociedad,es La Liga,29.0,1997.0,5,2,153,1.7,0,0,0,0,0,0,1,0,0.0,2202,ng NGA,FW,es La Liga,29-043,1997.0,1.7,0,4,0,0.0,2.35,0.0,0.0,,0,0,2766,ng NGA,FW,es La Liga,29-043,1997.0,5,153,31,6.1,1.7,2,55.0,0,3,14.0,6,0.8,1,2,-1,-0.59,-0.66,2202,ng NGA,FW,es La Liga,29-043,1997.0,1.7,1,0,0,2,2,2,1,0,0,0
Alexis Saelemaekers,be BEL,MF,Milan,it Serie A,26.0,1999.0,27,26,2192,24.4,2,3,5,2,0,0,4,0,0.21,2203,be BEL,MF,it Serie A,26-263,1999.0,24.4,2,35,6,17.1,1.44,0.25,0.06,0.33,0,0,2767,be BEL,MF,it Serie A,26-263,1999.0,27,2192,81,84.0,24.4,26,83.0,12,1,36.0,0,2.0,33,18,15,0.62,-1.11,2203,be BEL,MF,it Serie A,26-263,1999.0,24.4,4,0,0,20,53,2,70,27,30,0
Emir Sahiti,xk KVX,FW,Hamburger SV,de Bundesliga,27.0,1998.0,2,2,120,1.3,0,0,0,0,0,0,0,0,0.0,2205,xk KVX,FW,de Bundesliga,27-108,1998.0,1.3,0,0,0,,0.0,0.0,,,0,0,2769,xk KVX,FW,de Bundesliga,27-108,1998.0,2,120,60,5.1,1.3,2,60.0,0,0,,3,0.5,0,1,-1,-0.75,-0.47,2205,xk KVX,FW,de Bundesliga,27-108,1998.0,1.3,0,0,0,0,1,0,1,0,0,0
Osame Sahraoui,ma MAR,MF,Lille,fr Ligue 1,24.0,2001.0,16,4,463,5.1,1,2,3,1,0,0,0,0,0.58,2206,ma MAR,MF,fr Ligue 1,24-279,2001.0,5.1,1,11,4,36.4,2.14,0.78,0.09,0.25,0,0,2770,ma MAR,MF,fr Ligue 1,24-279,2001.0,16,463,29,19.8,5.1,4,64.0,0,12,17.0,0,1.75,12,5,7,1.36,1.36,2206,ma MAR,MF,fr Ligue 1,24-279,2001.0,5.1,0,0,0,3,24,1,2,4,3,0
Wesley Saïd,fr FRA,MF,Lens,fr Ligue 1,30.0,1995.0,23,20,1604,17.8,10,2,12,9,1,1,2,0,0.62,2207,fr FRA,MF,fr Ligue 1,30-332,1995.0,17.8,10,45,20,44.4,2.52,1.12,0.2,0.45,1,1,2772,fr FRA,MF,fr Ligue 1,30-332,1995.0,23,1604,70,68.5,17.8,20,76.0,1,3,29.0,0,2.3,34,13,21,1.18,0.57,2207,fr FRA,MF,fr Ligue 1,30-332,1995.0,17.8,2,0,0,30,13,12,18,8,14,0
Allan Saint-Maximin,fr FRA,MF,Lens,fr Ligue 1,29.0,1997.0,4,1,158,1.8,1,2,3,1,0,0,0,0,1.71,2208,fr FRA,MF,fr Ligue 1,29-005,1997.0,1.8,1,5,1,20.0,2.85,0.57,0.2,1.0,0,0,2773,fr FRA,MF,fr Ligue 1,29-005,1997.0,4,158,40,6.8,1.8,1,74.0,0,3,28.0,0,1.75,6,3,3,1.71,0.76,2208,fr FRA,MF,fr Ligue 1,29-005,1997.0,1.8,0,0,0,3,2,1,3,0,0,0
Mathis Saka,fr FRA,FW,Toulouse,fr Ligue 1,19.0,2006.0,1,0,8,0.1,0,0,0,0,0,0,0,0,0.0,2210,fr FRA,FW,fr Ligue 1,19-178,2006.0,0.1,0,0,0,,0.0,0.0,,,0,0,2776,fr FRA,FW,fr Ligue 1,19-178,2006.0,1,8,8,0.3,0.1,0,,0,1,8.0,2,3.0,0,0,0,0.0,-0.19,2210,fr FRA,FW,fr Ligue 1,19-178,2006.0,0.1,0,0,0,1,0,0,0,0,0,0
Álex Sala,es ESP,MF,Lecce,it Serie A,24.0,2001.0,7,2,154,1.7,0,1,1,0,0,0,0,0,0.58,2211,es ESP,MF,it Serie A,24-342,2001.0,1.7,0,4,2,50.0,2.34,1.17,0.0,0.0,0,0,2777,es ESP,MF,it Serie A,24-342,2001.0,7,154,22,5.9,1.7,2,52.0,0,5,10.0,21,0.0,2,5,-3,-1.75,-1.2,2211,es ESP,MF,it Serie A,24-342,2001.0,1.7,0,0,0,5,4,0,7,3,2,0
Ibrahim Salah,ma MAR,FW,Rennes,fr Ligue 1,24.0,2001.0,2,0,35,0.4,0,0,0,0,0,0,0,0,0.0,2212,ma MAR,FW,fr Ligue 1,24-199,2001.0,0.4,0,1,0,0.0,2.57,0.0,0.0,,0,0,2779,ma MAR,FW,fr Ligue 1,24-199,2001.0,2,35,18,1.5,0.4,0,,0,2,18.0,0,1.5,1,2,-1,-2.57,-2.84,2212,ma MAR,FW,fr Ligue 1,24-199,2001.0,0.4,0,0,0,0,2,1,0,0,1,0
Jan Salas,es ESP,MF,Mallorca,es La Liga,20.0,2005.0,2,0,17,0.2,0,0,0,0,0,0,0,0,0.0,2214,es ESP,MF,es La Liga,20-219,2005.0,0.2,0,0,0,,0.0,0.0,,,0,0,2782,es ESP,MF,es La Liga,20-219,2005.0,2,17,9,0.7,0.2,0,,0,2,9.0,0,0.5,1,1,0,0.0,0.43,2214,es ESP,MF,es La Liga,20-219,2005.0,0.2,0,0,0,0,1,0,0,0,0,0
Kike Salas,es ESP,DF,Sevilla,es La Liga,23.0,2002.0,16,14,1303,14.5,1,0,1,1,0,0,0,0,0.07,2215,es ESP,DF,es La Liga,23-328,2002.0,14.5,1,11,6,54.5,0.76,0.41,0.09,0.17,0,0,2783,es ESP,DF,es La Liga,23-328,2002.0,16,1303,81,51.7,14.5,14,89.0,13,2,26.0,8,0.88,17,25,-8,-0.55,-0.4,2215,es ESP,DF,es La Liga,23-328,2002.0,14.5,0,0,0,23,9,0,8,28,19,0
Manolis Saliakas,gr GRE,MF,St Pauli,de Bundesliga,29.0,1996.0,15,11,1018,11.3,1,3,4,1,0,0,3,0,0.35,2216,gr GRE,MF,de Bundesliga,29-186,1996.0,11.3,1,14,3,21.4,1.24,0.27,0.07,0.33,0,0,2786,gr GRE,MF,de Bundesliga,29-186,1996.0,15,1018,68,43.5,11.3,11,82.0,4,4,28.0,8,1.2,11,19,-8,-0.71,0.04,2216,gr GRE,MF,de Bundesliga,29-186,1996.0,11.3,3,0,0,4,6,4,39,12,18,0
José Salinas,es ESP,DF,Espanyol,es La Liga,25.0,2000.0,10,2,241,2.7,0,0,0,0,0,0,2,0,0.0,2218,es ESP,DF,es La Liga,25-168,2000.0,2.7,0,0,0,,0.0,0.0,,,0,0,2788,es ESP,DF,es La Liga,25-168,2000.0,10,241,24,9.6,2.7,2,90.0,2,8,8.0,18,1.7,2,7,-5,-1.87,-1.79,2218,es ESP,DF,es La Liga,25-168,2000.0,2.7,2,0,0,8,4,0,7,2,2,1
Mohammed Salisu,gh GHA,DF,Monaco,fr Ligue 1,26.0,1999.0,12,12,1080,12.0,1,0,1,1,0,0,3,0,0.08,2219,gh GHA,DF,fr Ligue 1,26-334,1999.0,12.0,1,8,2,25.0,0.67,0.17,0.13,0.5,0,0,2789,gh GHA,DF,fr Ligue 1,26-334,1999.0,12,1080,90,46.2,12.0,12,90.0,12,0,,3,1.17,15,21,-6,-0.5,-1.5,2219,gh GHA,DF,fr Ligue 1,26-334,1999.0,12.0,3,0,0,17,3,4,0,19,11,1
Lazar Samardzic,rs SRB,MF,Atalanta,it Serie A,24.0,2002.0,22,10,937,10.4,2,1,3,2,0,0,1,0,0.29,2220,rs SRB,MF,it Serie A,24-021,2002.0,10.4,2,22,7,31.8,2.11,0.67,0.09,0.29,0,0,2792,rs SRB,MF,it Serie A,24-021,2002.0,22,937,43,35.9,10.4,10,70.0,3,12,20.0,7,1.55,16,13,3,0.29,-0.25,2220,rs SRB,MF,it Serie A,24-021,2002.0,10.4,1,0,0,16,8,1,64,9,7,0
Mbwana Samatta,tz TAN,FW,Le Havre,fr Ligue 1,33.0,1992.0,19,11,995,11.1,0,0,0,0,0,0,4,0,0.0,2221,tz TAN,FW,fr Ligue 1,33-084,1992.0,11.1,0,28,9,32.1,2.53,0.81,0.0,0.0,0,0,2793,tz TAN,FW,fr Ligue 1,33-084,1992.0,19,995,52,42.5,11.1,11,67.0,1,8,32.0,0,0.95,8,12,-4,-0.36,0.17,2221,tz TAN,FW,fr Ligue 1,33-084,1992.0,11.1,4,0,0,24,12,6,6,3,3,0
Albert Sambi Lokonga,be BEL,MF,Hamburger SV,de Bundesliga,26.0,1999.0,20,15,1267,14.1,4,0,4,4,0,0,2,0,0.28,2224,be BEL,MF,de Bundesliga,26-146,1999.0,14.1,4,14,8,57.1,0.99,0.57,0.29,0.5,0,0,2796,be BEL,MF,de Bundesliga,26-146,1999.0,20,1267,63,54.1,14.1,15,80.0,6,5,14.0,1,1.2,20,22,-2,-0.14,0.36,2224,be BEL,MF,de Bundesliga,26-146,1999.0,14.1,2,0,0,13,21,0,12,10,9,0
Antonio Sanabria,py PAR,FW,Cremonese,it Serie A,30.0,1996.0,20,7,694,7.7,1,1,2,1,0,0,2,0,0.26,2225,py PAR,FW,it Serie A,30-013,1996.0,7.7,1,9,4,44.4,1.17,0.52,0.11,0.25,0,0,2799,py PAR,FW,it Serie A,30-013,1996.0,20,694,35,26.6,7.7,7,63.0,0,13,19.0,3,0.95,6,11,-5,-0.65,0.1,2225,py PAR,FW,it Serie A,30-013,1996.0,7.7,2,0,0,13,14,6,1,1,2,0
Oihan Sancet,es ESP,MF,Athletic Club,es La Liga,25.0,2000.0,21,18,1419,15.8,2,0,2,0,2,2,4,1,0.0,2226,es ESP,MF,es La Liga,25-326,2000.0,15.8,2,40,12,30.0,2.54,0.76,0.0,0.0,2,2,2800,es ESP,MF,es La Liga,25-326,2000.0,21,1419,68,56.3,15.8,18,72.0,2,3,41.0,0,0.9,11,20,-9,-0.57,-0.49,2226,es ESP,MF,es La Liga,25-326,2000.0,15.8,4,1,0,25,21,0,18,2,5,0
Álex Sánchez,es ESP,FW,Elche,es La Liga,20.0,2006.0,1,0,6,0.1,0,1,1,0,0,0,0,0,15.0,2227,es ESP,FW,es La Liga,20-012,2006.0,0.1,0,0,0,,0.0,0.0,,,0,0,2801,es ESP,FW,es La Liga,20-012,2006.0,1,6,6,0.2,0.1,0,,0,1,6.0,2,0.0,1,1,0,0.0,0.32,2227,es ESP,FW,es La Liga,20-012,2006.0,0.1,0,0,0,0,0,0,0,0,1,0
Antonio Sánchez,es ESP,MF,Mallorca,es La Liga,29.0,1997.0,23,8,877,9.7,0,0,0,0,0,0,4,1,0.0,2229,es ESP,MF,es La Liga,29-075,1997.0,9.7,0,6,3,50.0,0.62,0.31,0.0,0.0,0,0,2803,es ESP,MF,es La Liga,29-075,1997.0,23,877,38,34.8,9.7,8,73.0,1,15,20.0,4,1.04,11,18,-7,-0.72,-0.44,2229,es ESP,MF,es La Liga,29-075,1997.0,9.7,4,1,1,13,9,1,19,13,7,0
Borja Sánchez Laborde,es ESP,MF,Oviedo,es La Liga,30.0,1996.0,1,0,14,0.2,0,0,0,0,0,0,0,0,0.0,2231,es ESP,MF,es La Liga,30-019,1996.0,0.2,0,0,0,,0.0,0.0,,,0,0,2806,es ESP,MF,es La Liga,30-019,1996.0,1,14,14,0.6,0.2,0,,0,1,14.0,0,0.0,0,0,0,0.0,0.93,2231,es ESP,MF,es La Liga,30-019,1996.0,0.2,0,0,0,0,0,0,0,0,0,0
Manu Sánchez,es ESP,DF,Levante,es La Liga,25.0,2000.0,24,23,2083,23.1,1,1,2,1,0,0,7,0,0.09,2232,es ESP,DF,es La Liga,25-205,2000.0,23.1,1,10,3,30.0,0.43,0.13,0.1,0.33,0,0,2808,es ESP,DF,es La Liga,25-205,2000.0,24,2083,87,82.7,23.1,23,88.0,18,1,62.0,3,0.79,25,37,-12,-0.52,0.31,2232,es ESP,DF,es La Liga,25-205,2000.0,23.1,7,0,0,26,16,2,60,31,46,0
Selton Sánchez,es ESP,MF,Athletic Club,es La Liga,19.0,2007.0,7,2,196,2.2,0,1,1,0,0,0,0,0,0.46,2234,es ESP,MF,es La Liga,19-025,2007.0,2.2,0,4,1,25.0,1.84,0.46,0.0,0.0,0,0,2810,es ESP,MF,es La Liga,19-025,2007.0,7,196,28,7.8,2.2,2,54.0,0,5,18.0,11,1.43,3,4,-1,-0.46,-0.11,2234,es ESP,MF,es La Liga,19-025,2007.0,2.2,0,0,0,5,5,1,0,1,2,0
James Sands,us USA,MF,St Pauli,de Bundesliga,25.0,2000.0,24,23,1934,21.5,1,0,1,1,0,0,4,0,0.05,2238,us USA,MF,de Bundesliga,25-254,2000.0,21.5,1,16,4,25.0,0.74,0.19,0.06,0.25,0,0,2814,us USA,MF,de Bundesliga,25-254,2000.0,24,1934,81,82.6,21.5,23,84.0,15,1,11.0,0,1.0,17,34,-17,-0.79,-0.35,2238,us USA,MF,de Bundesliga,25-254,2000.0,21.5,4,0,0,26,38,0,9,41,23,0
Sadibou Sané,sn SEN,DF,Metz,fr Ligue 1,21.0,2004.0,15,14,1220,13.6,2,0,2,2,0,0,3,2,0.15,2240,sn SEN,DF,fr Ligue 1,21-280,2004.0,13.6,2,3,2,66.7,0.22,0.15,0.67,1.0,0,0,2816,sn SEN,DF,fr Ligue 1,21-280,2004.0,15,1220,81,52.1,13.6,14,86.0,12,1,17.0,3,0.13,10,32,-22,-1.62,-0.58,2240,sn SEN,DF,fr Ligue 1,21-280,2004.0,13.6,3,2,0,13,9,0,0,23,21,1
Arouna Sangante,sn SEN,DF,Le Havre,fr Ligue 1,23.0,2002.0,22,22,1801,20.0,1,1,2,1,0,0,3,1,0.1,2241,sn SEN,DF,fr Ligue 1,23-339,2002.0,20.0,1,7,5,71.4,0.35,0.25,0.14,0.2,0,0,2817,sn SEN,DF,fr Ligue 1,23-339,2002.0,22,1801,82,77.0,20.0,22,82.0,13,0,,0,1.05,16,26,-10,-0.5,-0.17,2241,sn SEN,DF,fr Ligue 1,23-339,2002.0,20.0,3,1,0,33,30,0,3,22,18,0
Mamadou Sangare,ml MLI,MF,Lens,fr Ligue 1,23.0,2002.0,23,21,1828,20.3,2,3,5,2,0,0,4,0,0.25,2244,ml MLI,MF,fr Ligue 1,23-264,2002.0,20.3,2,37,9,24.3,1.82,0.44,0.05,0.22,0,0,2821,ml MLI,MF,fr Ligue 1,23-264,2002.0,23,1828,79,78.1,20.3,21,84.0,15,2,33.0,0,2.3,37,18,19,0.94,-0.3,2244,ml MLI,MF,fr Ligue 1,23-264,2002.0,20.3,4,0,0,31,37,3,7,31,45,0
Nhoa Sangui,fr FRA,DF,Paris FC,fr Ligue 1,20.0,2006.0,19,12,1194,13.3,0,0,0,0,0,0,0,0,0.0,2245,fr FRA,DF,fr Ligue 1,20-018,2006.0,13.3,0,2,0,0.0,0.15,0.0,0.0,,0,0,2822,fr FRA,DF,fr Ligue 1,20-018,2006.0,19,1194,63,51.0,13.3,12,89.0,10,7,18.0,0,1.16,10,22,-12,-0.9,-0.9,2245,fr FRA,DF,fr Ligue 1,20-018,2006.0,13.3,0,0,0,4,11,1,26,12,10,0
Maroan Sannadi,ma MAR,FW,Athletic Club,es La Liga,25.0,2001.0,8,2,259,2.9,1,0,1,1,0,0,2,0,0.35,2246,ma MAR,FW,es La Liga,25-044,2001.0,2.9,1,7,4,57.1,2.43,1.39,0.14,0.25,0,0,2823,ma MAR,FW,es La Liga,25-044,2001.0,8,259,32,10.3,2.9,2,56.0,0,6,25.0,2,1.5,4,7,-3,-1.04,-0.76,2246,ma MAR,FW,es La Liga,25-044,2001.0,2.9,2,0,0,7,5,3,1,1,0,0
Kaishu Sano,jp JPN,MF,Mainz 05,de Bundesliga,25.0,2000.0,26,26,2339,26.0,1,1,2,1,0,0,1,0,0.08,2247,jp JPN,MF,de Bundesliga,25-077,2000.0,26.0,1,15,4,26.7,0.58,0.15,0.07,0.25,0,0,2824,jp JPN,MF,de Bundesliga,25-077,2000.0,26,2339,90,100.0,26.0,26,90.0,25,0,,0,1.04,31,41,-10,-0.38,-0.38,2247,jp JPN,MF,de Bundesliga,25-077,2000.0,26.0,1,0,0,9,23,4,13,59,27,0
Morgan Sanson,fr FRA,MF,Nice,fr Ligue 1,31.0,1994.0,24,13,1253,13.9,0,2,2,0,0,0,3,0,0.14,2248,fr FRA,MF,fr Ligue 1,31-211,1994.0,13.9,0,13,4,30.8,0.93,0.29,0.0,0.0,0,0,2825,fr FRA,MF,fr Ligue 1,31-211,1994.0,24,1253,52,53.5,13.9,13,82.0,5,11,17.0,0,1.0,12,28,-16,-1.15,-1.15,2248,fr FRA,MF,fr Ligue 1,31-211,1994.0,13.9,3,0,0,25,9,1,31,16,17,0
Baptiste Santamaria,fr FRA,MF,Valencia,es La Liga,31.0,1995.0,19,7,754,8.4,1,1,2,1,0,0,2,0,0.24,2249,fr FRA,MF,es La Liga,31-008,1995.0,8.4,1,6,2,33.3,0.72,0.24,0.17,0.5,0,0,2826,fr FRA,MF,es La Liga,31-008,1995.0,19,754,40,29.9,8.4,7,84.0,6,12,14.0,9,1.21,11,17,-6,-0.72,-0.41,2249,fr FRA,MF,es La Liga,31-008,1995.0,8.4,2,0,0,13,10,1,3,8,5,0
Yago Santiago,es ESP,MF,Elche,es La Liga,22.0,2003.0,8,3,273,3.0,0,0,0,0,0,0,1,0,0.0,2250,es ESP,MF,es La Liga,22-336,2003.0,3.0,0,2,0,0.0,0.66,0.0,0.0,,0,0,2827,es ESP,MF,es La Liga,22-336,2003.0,8,273,34,10.8,3.0,3,64.0,0,5,16.0,9,0.75,3,5,-2,-0.66,-0.38,2250,es ESP,MF,es La Liga,22-336,2003.0,3.0,1,0,0,3,2,1,6,1,1,0
Yellu Santiago,es ESP,MF,Hellas Verona,it Serie A,21.0,2004.0,2,0,6,0.1,0,0,0,0,0,0,0,0,0.0,2251,es ESP,MF,it Serie A,21-296,2004.0,0.1,0,2,1,50.0,30.0,15.0,0.0,0.0,0,0,2828,es ESP,MF,it Serie A,21-296,2004.0,2,6,3,0.2,0.1,0,,0,2,3.0,12,1.0,0,0,0,0.0,1.0,2251,es ESP,MF,it Serie A,21-296,2004.0,0.1,0,0,0,0,1,0,0,0,0,0
Alisson Santos,br BRA,MF,Napoli,it Serie A,23.0,2002.0,5,4,339,3.8,2,0,2,2,0,0,0,0,0.53,2252,br BRA,MF,it Serie A,23-171,2002.0,3.8,2,13,9,69.2,3.45,2.39,0.15,0.22,0,0,2829,br BRA,MF,it Serie A,23-171,2002.0,5,339,68,13.0,3.8,4,80.0,0,1,21.0,1,2.0,7,5,2,0.53,0.02,2252,br BRA,MF,it Serie A,23-171,2002.0,3.8,0,0,0,0,3,1,16,0,6,0
Tiago Santos,pt POR,DF,Lille,fr Ligue 1,23.0,2002.0,13,8,694,7.7,0,0,0,0,0,0,0,0,0.0,2255,pt POR,DF,fr Ligue 1,23-237,2002.0,7.7,0,8,0,0.0,1.04,0.0,0.0,,0,0,2833,pt POR,DF,fr Ligue 1,23-237,2002.0,13,694,53,29.7,7.7,8,79.0,1,5,12.0,6,1.23,6,8,-2,-0.26,-0.75,2255,pt POR,DF,fr Ligue 1,23-237,2002.0,7.7,0,0,0,12,21,0,30,4,8,0
Alejo Sarco,ar ARG,FW,Gladbach,de Bundesliga,20.0,2006.0,2,0,49,0.5,0,0,0,0,0,0,0,0,0.0,2256,ar ARG,FW,de Bundesliga,20-070,2006.0,0.5,0,1,0,0.0,1.84,0.0,0.0,,0,0,2838,ar ARG,FW,de Bundesliga,20-070,2006.0,2,49,25,2.1,0.5,0,,0,2,25.0,4,0.5,0,2,-2,-3.67,-3.24,2256,ar ARG,FW,de Bundesliga,20-070,2006.0,0.5,0,0,0,0,0,0,0,0,0,0
Alejo Sarco,ar ARG,FW,Leverkusen,de Bundesliga,20.0,2006.0,3,0,74,0.8,0,0,0,0,0,0,0,0,0.0,2257,ar ARG,FW,de Bundesliga,20-070,2006.0,0.8,0,2,0,0.0,2.43,0.0,0.0,,0,0,2839,ar ARG,FW,de Bundesliga,20-070,2006.0,3,74,25,3.2,0.8,0,,0,3,25.0,8,2.0,0,0,0,0.0,-0.64,2257,ar ARG,FW,de Bundesliga,20-070,2006.0,0.8,0,0,0,2,2,0,0,0,0,0
Jeremy Sarmiento,ec ECU,MF,Cremonese,it Serie A,23.0,2002.0,7,0,142,1.6,0,0,0,0,0,0,0,0,0.0,2258,ec ECU,MF,it Serie A,23-274,2002.0,1.6,0,2,2,100.0,1.27,1.27,0.0,0.0,0,0,2840,ec ECU,MF,it Serie A,23-274,2002.0,7,142,20,5.4,1.6,0,,0,7,20.0,6,1.0,2,2,0,0.0,0.77,2258,ec ECU,MF,it Serie A,23-274,2002.0,1.6,0,0,0,0,1,0,2,2,2,0
Malang Sarr,fr FRA,DF,Lens,fr Ligue 1,27.0,1999.0,25,25,2250,25.0,0,1,1,0,0,0,2,0,0.04,2262,fr FRA,DF,fr Ligue 1,27-053,1999.0,25.0,0,15,4,26.7,0.6,0.16,0.0,0.0,0,0,2845,fr FRA,DF,fr Ligue 1,27-053,1999.0,25,2250,90,96.2,25.0,25,90.0,25,0,,0,2.24,49,21,28,1.12,3.12,2262,fr FRA,DF,fr Ligue 1,27-053,1999.0,25.0,2,0,0,16,14,0,7,60,31,0
Mamadou Sarr,sn SEN,DF,Strasbourg,fr Ligue 1,20.0,2005.0,15,15,1305,14.5,0,0,0,0,0,0,3,0,0.0,2263,sn SEN,DF,fr Ligue 1,20-200,2005.0,14.5,0,1,0,0.0,0.07,0.0,0.0,,0,0,2846,sn SEN,DF,fr Ligue 1,20-200,2005.0,15,1305,87,55.8,14.5,15,87.0,14,0,,0,1.47,21,16,5,0.34,0.0,2263,sn SEN,DF,fr Ligue 1,20-200,2005.0,14.5,3,0,0,16,11,0,0,5,13,0
Martin Satriano,uy URU,FW,Lyon,fr Ligue 1,25.0,2001.0,11,8,692,7.7,2,1,3,2,0,0,1,0,0.39,2266,uy URU,FW,fr Ligue 1,25-025,2001.0,7.7,2,16,7,43.8,2.08,0.91,0.13,0.29,0,0,2850,uy URU,FW,fr Ligue 1,25-025,2001.0,11,692,63,29.6,7.7,8,84.0,4,3,7.0,2,1.5,11,9,2,0.26,-0.34,2266,uy URU,FW,fr Ligue 1,25-025,2001.0,7.7,1,0,0,11,13,3,5,5,3,0
Mario Sauer,sk SVK,MF,Toulouse,fr Ligue 1,21.0,2004.0,20,6,600,6.7,1,0,1,1,0,0,2,0,0.15,2267,sk SVK,MF,fr Ligue 1,21-306,2004.0,6.7,1,12,3,25.0,1.8,0.45,0.08,0.33,0,0,2851,sk SVK,MF,fr Ligue 1,21-306,2004.0,20,600,30,25.6,6.7,6,64.0,1,14,16.0,3,1.15,9,14,-5,-0.75,-1.27,2267,sk SVK,MF,fr Ligue 1,21-306,2004.0,6.7,2,0,0,7,3,0,7,8,6,0
Giorgio Scalvini,it ITA,DF,Atalanta,it Serie A,22.0,2003.0,15,14,1111,12.3,2,0,2,2,0,0,2,0,0.16,2272,it ITA,DF,it Serie A,22-096,2003.0,12.3,2,12,5,41.7,0.97,0.41,0.17,0.4,0,0,2858,it ITA,DF,it Serie A,22-096,2003.0,15,1111,74,42.6,12.3,14,78.0,6,1,24.0,5,2.0,20,8,12,0.97,0.91,2272,it ITA,DF,it Serie A,22-096,2003.0,12.3,2,0,0,21,6,2,2,23,15,0
Gianluca Scamacca,it ITA,FW,Atalanta,it Serie A,27.0,1999.0,20,14,1140,12.7,8,1,9,6,2,2,2,0,0.55,2273,it ITA,FW,it Serie A,27-075,1999.0,12.7,8,51,19,37.3,4.03,1.5,0.12,0.32,2,2,2859,it ITA,FW,it Serie A,27-075,1999.0,20,1140,57,43.7,12.7,14,66.0,4,6,36.0,4,1.4,17,11,6,0.47,0.05,2273,it ITA,FW,it Serie A,27-075,1999.0,12.7,2,0,0,21,17,7,0,3,4,0
András Schäfer,hu HUN,MF,Union Berlin,de Bundesliga,26.0,1999.0,21,11,987,11.0,1,0,1,1,0,0,2,1,0.09,2277,hu HUN,MF,de Bundesliga,26-338,1999.0,11.0,1,20,7,35.0,1.82,0.64,0.05,0.14,0,0,2863,hu HUN,MF,de Bundesliga,26-338,1999.0,21,987,47,42.2,11.0,11,72.0,4,10,19.0,1,1.05,12,15,-3,-0.27,0.26,2277,hu HUN,MF,de Bundesliga,26-338,1999.0,11.0,2,1,0,29,18,0,13,16,18,0
Fynn Schenten,de GER,FW,Köln,de Bundesliga,18.0,2007.0,7,1,100,1.1,0,0,0,0,0,0,0,0,0.0,2279,de GER,FW,de Bundesliga,18-184,2007.0,1.1,0,1,0,0.0,0.9,0.0,0.0,,0,0,2865,de GER,FW,de Bundesliga,18-184,2007.0,7,100,14,4.3,1.1,1,61.0,0,6,7.0,3,0.29,2,6,-4,-3.6,-3.4,2279,de GER,FW,de Bundesliga,18-184,2007.0,1.1,0,0,0,2,0,0,3,0,0,0
Derry Scherhant,de GER,MF,Freiburg,de Bundesliga,23.0,2002.0,23,7,841,9.3,4,1,5,4,0,0,2,0,0.54,2280,de GER,MF,de Bundesliga,23-127,2002.0,9.3,4,29,11,37.9,3.1,1.18,0.14,0.36,0,0,2866,de GER,MF,de Bundesliga,23-127,2002.0,23,841,37,35.9,9.3,7,73.0,0,16,21.0,3,1.3,15,16,-1,-0.11,0.19,2280,de GER,MF,de Bundesliga,23-127,2002.0,9.3,2,0,0,11,29,1,58,4,6,0
Patrik Schick,cz CZE,FW,Leverkusen,de Bundesliga,30.0,1996.0,20,17,1367,15.2,7,3,10,5,2,2,1,0,0.53,2281,cz CZE,FW,de Bundesliga,30-052,1996.0,15.2,7,42,16,38.1,2.77,1.05,0.12,0.31,2,2,2867,cz CZE,FW,de Bundesliga,30-052,1996.0,20,1367,68,58.4,15.2,17,77.0,6,3,21.0,0,1.6,28,18,10,0.66,0.1,2281,cz CZE,FW,de Bundesliga,30-052,1996.0,15.2,1,0,0,16,13,4,0,2,2,0
Stefan Schimmer,de GER,FW,Heidenheim,de Bundesliga,31.0,1994.0,21,2,694,7.7,5,1,6,5,0,0,1,0,0.78,2282,de GER,FW,de Bundesliga,31-323,1994.0,7.7,5,28,11,39.3,3.63,1.43,0.18,0.45,0,0,2868,de GER,FW,de Bundesliga,31-323,1994.0,21,694,33,29.7,7.7,2,66.0,0,19,30.0,2,0.52,12,16,-4,-0.52,1.12,2282,de GER,FW,de Bundesliga,31-323,1994.0,7.7,1,0,0,12,5,4,10,3,3,0
Xaver Schlager,at AUT,MF,RB Leipzig,de Bundesliga,28.0,1997.0,20,15,1322,14.7,2,1,3,2,0,0,4,0,0.2,2283,at AUT,MF,de Bundesliga,28-170,1997.0,14.7,2,16,5,31.3,1.09,0.34,0.13,0.4,0,0,2869,at AUT,MF,de Bundesliga,28-170,1997.0,20,1322,66,56.5,14.7,15,81.0,11,5,21.0,0,1.7,27,22,5,0.34,-0.37,2283,at AUT,MF,de Bundesliga,28-170,1997.0,14.7,4,0,0,19,8,1,10,7,16,0
Keven Schlotterbeck,de GER,DF,Augsburg,de Bundesliga,28.0,1997.0,21,20,1835,20.4,0,1,1,0,0,1,6,1,0.05,2284,de GER,DF,de Bundesliga,28-323,1997.0,20.4,0,12,3,25.0,0.59,0.15,0.0,0.0,0,1,2870,de GER,DF,de Bundesliga,28-323,1997.0,21,1835,87,78.4,20.4,20,90.0,19,1,45.0,3,1.29,26,30,-4,-0.2,1.59,2284,de GER,DF,de Bundesliga,28-323,1997.0,20.4,6,1,1,22,18,1,6,22,19,0
Nico Schlotterbeck,de GER,DF,Dortmund,de Bundesliga,26.0,1999.0,20,20,1800,20.0,4,1,5,4,0,0,6,0,0.25,2285,de GER,DF,de Bundesliga,26-106,1999.0,20.0,4,29,8,27.6,1.45,0.4,0.14,0.5,0,0,2871,de GER,DF,de Bundesliga,26-106,1999.0,20,1800,90,76.9,20.0,20,90.0,20,0,,0,2.2,40,21,19,0.95,-0.72,2285,de GER,DF,de Bundesliga,26-106,1999.0,20.0,6,0,0,20,19,1,22,13,29,0
Mick Schmetgens,de GER,MF,Werder Bremen,de Bundesliga,18.0,2007.0,1,0,36,0.4,0,0,0,0,0,0,0,0,0.0,2286,de GER,MF,de Bundesliga,18-189,2007.0,0.4,0,0,0,,0.0,0.0,,,0,0,2872,de GER,MF,de Bundesliga,18-189,2007.0,1,36,36,1.5,0.4,0,,0,1,36.0,10,0.0,0,0,0,0.0,0.7,2286,de GER,MF,de Bundesliga,18-189,2007.0,0.4,0,0,0,0,0,0,2,1,0,0
Isaac Schmidt,ch SUI,MF,Werder Bremen,de Bundesliga,26.0,1999.0,16,5,550,6.1,1,0,1,1,0,0,2,0,0.16,2288,ch SUI,MF,de Bundesliga,26-100,1999.0,6.1,1,4,2,50.0,0.65,0.33,0.25,0.5,0,0,2874,ch SUI,MF,de Bundesliga,26-100,1999.0,16,550,34,23.5,6.1,5,66.0,0,11,20.0,6,0.88,8,11,-3,-0.49,0.26,2288,ch SUI,MF,de Bundesliga,26-100,1999.0,6.1,2,0,0,7,3,0,7,8,7,0
Joël Schmied,ch SUI,DF,Köln,de Bundesliga,27.0,1998.0,13,11,952,10.6,0,0,0,0,0,0,4,0,0.0,2289,ch SUI,DF,de Bundesliga,27-175,1998.0,10.6,0,4,0,0.0,0.38,0.0,0.0,,0,0,2877,ch SUI,DF,de Bundesliga,27-175,1998.0,13,952,73,40.7,10.6,11,81.0,7,2,32.0,1,1.15,16,21,-5,-0.47,-0.21,2289,ch SUI,DF,de Bundesliga,27-175,1998.0,10.6,4,0,0,13,5,0,5,10,9,0
Tim Schnitzer,de GER,MF,Augsburg,de Bundesliga,18.0,2008.0,1,0,6,0.1,0,0,0,0,0,0,0,0,0.0,2290,de GER,MF,de Bundesliga,18-038,2008.0,0.1,0,0,0,,0.0,0.0,,,0,0,2878,de GER,MF,de Bundesliga,18-038,2008.0,1,6,6,0.3,0.1,0,,0,1,6.0,1,0.0,0,1,-1,-15.0,-14.5,2290,de GER,MF,de Bundesliga,18-038,2008.0,0.1,0,0,0,0,0,0,0,0,0,0
Jan Schöppner,de GER,MF,Heidenheim,de Bundesliga,26.0,1999.0,24,22,1670,18.6,1,1,2,1,0,0,4,0,0.11,2291,de GER,MF,de Bundesliga,26-278,1999.0,18.6,1,19,5,26.3,1.02,0.27,0.05,0.2,0,0,2880,de GER,MF,de Bundesliga,26-278,1999.0,24,1670,70,71.4,18.6,22,73.0,10,2,28.0,2,0.58,14,40,-26,-1.4,-0.33,2291,de GER,MF,de Bundesliga,26-278,1999.0,18.6,4,0,0,18,13,2,11,27,10,0
Léo Scienza,br BRA,MF,Heidenheim,de Bundesliga,27.0,1998.0,2,2,180,2.0,1,0,1,1,0,0,0,0,0.5,2293,br BRA,MF,de Bundesliga,27-185,1998.0,2.0,1,4,1,25.0,2.0,0.5,0.25,1.0,0,0,2882,br BRA,MF,de Bundesliga,27-185,1998.0,2,180,90,7.7,2.0,2,90.0,2,0,,0,0.0,1,5,-4,-2.0,-0.75,2293,br BRA,MF,de Bundesliga,27-185,1998.0,2.0,0,0,0,1,7,0,13,0,2,0
Jenson Seelt,nl NED,DF,Wolfsburg,de Bundesliga,22.0,2003.0,9,8,681,7.6,0,0,0,0,0,0,0,0,0.0,2297,nl NED,DF,de Bundesliga,22-298,2003.0,7.6,0,2,0,0.0,0.26,0.0,0.0,,0,0,2886,nl NED,DF,de Bundesliga,22-298,2003.0,9,681,76,29.1,7.6,8,84.0,7,1,6.0,2,1.22,15,17,-2,-0.26,0.77,2297,nl NED,DF,de Bundesliga,22-298,2003.0,7.6,0,0,0,5,6,0,0,5,9,1
Alidu Seidu,gh GHA,DF,Rennes,fr Ligue 1,25.0,2000.0,15,8,815,9.1,0,1,1,0,0,0,1,0,0.11,2299,gh GHA,DF,fr Ligue 1,25-286,2000.0,9.1,0,4,1,25.0,0.44,0.11,0.0,0.0,0,0,2888,gh GHA,DF,fr Ligue 1,25-286,2000.0,15,815,54,34.8,9.1,8,79.0,6,7,26.0,9,1.2,13,16,-3,-0.33,-0.86,2299,gh GHA,DF,fr Ligue 1,25-286,2000.0,9.1,1,0,0,9,21,2,7,14,18,0
Nicolas Seiwald,at AUT,MF,RB Leipzig,de Bundesliga,24.0,2001.0,26,25,2189,24.3,0,2,2,0,0,0,1,0,0.08,2300,at AUT,MF,de Bundesliga,24-317,2001.0,24.3,0,16,5,31.3,0.66,0.21,0.0,0.0,0,0,2890,at AUT,MF,de Bundesliga,24-317,2001.0,26,2189,84,93.5,24.3,25,87.0,16,1,24.0,0,1.81,46,29,17,0.7,3.08,2300,at AUT,MF,de Bundesliga,24-317,2001.0,24.3,1,0,0,13,5,0,5,52,31,0
Suat Serdar,de GER,MF,Hellas Verona,it Serie A,28.0,1997.0,20,12,1108,12.3,2,0,2,2,0,0,3,0,0.16,2308,de GER,MF,it Serie A,28-340,1997.0,12.3,2,19,7,36.8,1.54,0.57,0.11,0.29,0,0,2899,de GER,MF,it Serie A,28-340,1997.0,20,1108,55,42.5,12.3,12,78.0,4,8,21.0,0,0.55,8,24,-16,-1.3,-0.52,2308,de GER,MF,it Serie A,28-340,1997.0,12.3,3,0,0,19,12,1,7,10,20,0
Nicolás Serrano,es ESP,MF,Athletic Club,es La Liga,23.0,2003.0,12,4,330,3.7,1,0,1,1,0,0,0,0,0.27,2309,es ESP,MF,es La Liga,23-012,2003.0,3.7,1,13,2,15.4,3.55,0.55,0.08,0.5,0,0,2904,es ESP,MF,es La Liga,23-012,2003.0,12,330,28,13.1,3.7,4,60.0,0,8,11.0,14,1.42,4,5,-1,-0.27,0.1,2309,es ESP,MF,es La Liga,23-012,2003.0,3.7,0,0,0,7,5,0,32,2,4,0
Kento Shiogai,jp JPN,MF,Wolfsburg,de Bundesliga,20.0,2005.0,7,2,267,3.0,1,0,1,1,0,0,1,0,0.34,2314,jp JPN,MF,de Bundesliga,20-356,2005.0,3.0,1,8,5,62.5,2.7,1.69,0.13,0.2,0,0,2915,jp JPN,MF,de Bundesliga,20-356,2005.0,7,267,38,11.4,3.0,2,61.0,0,5,29.0,1,0.14,3,4,-1,-0.34,0.53,2314,jp JPN,MF,de Bundesliga,20-356,2005.0,3.0,1,0,0,6,2,1,0,2,4,0
Kwasi Sibo,gh GHA,MF,Oviedo,es La Liga,27.0,1998.0,19,15,1245,13.8,0,0,0,0,0,0,3,0,0.0,2315,gh GHA,MF,es La Liga,27-266,1998.0,13.8,0,8,2,25.0,0.58,0.14,0.0,0.0,0,0,2917,gh GHA,MF,es La Liga,27-266,1998.0,19,1245,66,49.4,13.8,15,78.0,8,4,19.0,8,0.79,9,20,-11,-0.8,0.26,2315,gh GHA,MF,es La Liga,27-266,1998.0,13.8,3,0,0,21,4,0,0,10,16,0
Armindo Sieb,de GER,FW,Mainz 05,de Bundesliga,23.0,2003.0,16,3,441,4.9,2,0,2,2,0,0,1,0,0.41,2317,de GER,FW,de Bundesliga,23-028,2003.0,4.9,2,14,6,42.9,2.86,1.22,0.14,0.33,0,0,2919,de GER,FW,de Bundesliga,23-028,2003.0,16,441,28,18.8,4.9,3,72.0,0,13,17.0,5,0.69,8,9,-1,-0.2,0.22,2317,de GER,FW,de Bundesliga,23-028,2003.0,4.9,1,0,0,13,2,2,8,0,4,0
Jamil Siebert,de GER,DF,Lecce,it Serie A,23.0,2002.0,12,9,891,9.9,1,0,1,1,0,0,2,0,0.1,2318,de GER,DF,it Serie A,23-349,2002.0,9.9,1,4,2,50.0,0.4,0.2,0.25,0.5,0,0,2920,de GER,DF,it Serie A,23-349,2002.0,12,891,74,34.1,9.9,9,89.0,8,3,31.0,17,0.83,4,18,-14,-1.41,-1.2,2318,de GER,DF,it Serie A,23-349,2002.0,9.9,2,0,0,17,3,0,2,6,9,0
Francisco Sierralta,cl CHI,DF,Auxerre,fr Ligue 1,28.0,1997.0,10,9,861,9.6,1,0,1,1,0,0,2,0,0.1,2319,cl CHI,DF,fr Ligue 1,28-315,1997.0,9.6,1,7,2,28.6,0.73,0.21,0.14,0.5,0,0,2923,cl CHI,DF,fr Ligue 1,28-315,1997.0,10,861,86,36.8,9.6,9,87.0,7,1,77.0,6,0.7,6,15,-9,-0.94,-0.45,2319,cl CHI,DF,fr Ligue 1,28-315,1997.0,9.6,2,0,0,8,5,0,0,9,6,0
Tim Siersleben,de GER,DF,Heidenheim,de Bundesliga,26.0,2000.0,14,12,1079,12.0,0,0,0,0,0,0,2,0,0.0,2320,de GER,DF,de Bundesliga,26-008,2000.0,12.0,0,5,3,60.0,0.42,0.25,0.0,0.0,0,0,2924,de GER,DF,de Bundesliga,26-008,2000.0,14,1079,77,46.1,12.0,12,85.0,9,2,28.0,10,0.71,16,28,-12,-1.0,0.57,2320,de GER,DF,de Bundesliga,26-008,2000.0,12.0,2,0,0,13,13,1,13,21,16,0
André Silva,pt POR,FW,Elche,es La Liga,30.0,1995.0,22,15,1290,14.3,7,0,7,6,1,1,2,0,0.42,2322,pt POR,FW,es La Liga,30-131,1995.0,14.3,7,39,19,48.7,2.72,1.33,0.15,0.32,1,1,2926,pt POR,FW,es La Liga,30-131,1995.0,22,1290,59,51.2,14.3,15,79.0,7,7,15.0,2,0.77,14,28,-14,-0.98,-1.34,2322,pt POR,FW,es La Liga,30-131,1995.0,14.3,2,0,0,16,27,4,2,2,3,0
Abdallah Sima,sn SEN,MF,Lens,fr Ligue 1,24.0,2001.0,15,3,427,4.7,1,1,2,1,0,0,2,0,0.42,2328,sn SEN,MF,fr Ligue 1,24-273,2001.0,4.7,1,12,4,33.3,2.53,0.84,0.08,0.25,0,0,2933,sn SEN,MF,fr Ligue 1,24-273,2001.0,15,427,28,18.2,4.7,3,66.0,0,12,19.0,8,1.87,8,6,2,0.42,-0.71,2328,sn SEN,MF,fr Ligue 1,24-273,2001.0,4.7,2,0,0,7,8,0,9,0,5,0
Giovanni Simeone,ar ARG,FW,Torino,it Serie A,30.0,1995.0,23,18,1488,16.5,7,0,7,7,0,0,1,0,0.42,2329,ar ARG,FW,it Serie A,30-255,1995.0,16.5,7,50,22,44.0,3.02,1.33,0.14,0.32,0,0,2934,ar ARG,FW,it Serie A,30-255,1995.0,23,1488,65,57.0,16.5,18,74.0,2,5,32.0,2,1.3,18,24,-6,-0.36,0.6,2329,ar ARG,FW,it Serie A,30-255,1995.0,16.5,1,0,0,22,29,10,4,1,6,0
Giuliano Simeone,ar ARG,MF,Atlético Madrid,es La Liga,23.0,2002.0,25,20,1779,19.8,3,5,8,3,0,0,1,0,0.4,2330,ar ARG,MF,es La Liga,23-089,2002.0,19.8,3,32,11,34.4,1.62,0.56,0.09,0.27,0,0,2935,ar ARG,MF,es La Liga,23-089,2002.0,25,1779,71,70.6,19.8,20,80.0,7,5,37.0,1,2.12,35,17,18,0.91,0.42,2330,ar ARG,MF,es La Liga,23-089,2002.0,19.8,1,0,0,19,39,6,40,17,19,0
Xavi Simons,nl NED,MF,RB Leipzig,de Bundesliga,22.0,2003.0,1,1,90,1.0,0,0,0,0,0,0,0,0,0.0,2334,nl NED,MF,de Bundesliga,22-330,2003.0,1.0,0,0,0,,0.0,0.0,,,0,0,2940,nl NED,MF,de Bundesliga,22-330,2003.0,1,90,90,3.8,1.0,1,90.0,1,0,,0,0.0,0,6,-6,-6.0,-6.76,2334,nl NED,MF,de Bundesliga,22-330,2003.0,1.0,0,0,0,1,3,0,2,1,0,0
Jahmai Simpson-Pusey,eng ENG,DF,Köln,de Bundesliga,20.0,2005.0,6,5,413,4.6,0,0,0,0,0,0,0,1,0.0,2335,eng ENG,DF,de Bundesliga,20-133,2005.0,4.6,0,5,3,60.0,1.09,0.65,0.0,0.0,0,0,2941,eng ENG,DF,de Bundesliga,20-133,2005.0,6,413,69,17.6,4.6,5,78.0,3,1,22.0,0,0.83,5,8,-3,-0.65,-0.37,2335,eng ENG,DF,de Bundesliga,20-133,2005.0,4.6,0,1,0,2,2,0,0,7,4,0
Dan Sinaté,fr FRA,DF,Angers,fr Ligue 1,19.0,2006.0,1,0,12,0.1,0,0,0,0,0,0,0,0,0.0,2337,fr FRA,DF,fr Ligue 1,19-281,2006.0,0.1,0,1,0,0.0,7.5,0.0,0.0,,0,0,2944,fr FRA,DF,fr Ligue 1,19-281,2006.0,1,12,12,0.5,0.1,0,,0,1,12.0,2,0.0,0,1,-1,-7.5,-7.19,2337,fr FRA,DF,fr Ligue 1,19-281,2006.0,0.1,0,0,0,0,0,0,0,0,0,0
Telli Siwe,fr FRA,DF,Auxerre,fr Ligue 1,21.0,2004.0,3,3,225,2.5,0,0,0,0,0,0,0,0,0.0,2341,fr FRA,DF,fr Ligue 1,21-093,2004.0,2.5,0,1,0,0.0,0.4,0.0,0.0,,0,0,2952,fr FRA,DF,fr Ligue 1,21-093,2004.0,3,225,75,9.6,2.5,3,75.0,2,0,,2,1.0,2,3,-1,-0.4,0.28,2341,fr FRA,DF,fr Ligue 1,21-093,2004.0,2.5,0,0,0,2,0,0,0,4,3,0
Tim Skarke,de GER,MF,Union Berlin,de Bundesliga,29.0,1996.0,16,3,479,5.3,1,0,1,1,0,0,0,0,0.19,2342,de GER,MF,de Bundesliga,29-191,1996.0,5.3,1,12,5,41.7,2.25,0.94,0.08,0.2,0,0,2953,de GER,MF,de Bundesliga,29-191,1996.0,16,479,30,20.5,5.3,3,64.0,0,13,22.0,6,1.5,6,9,-3,-0.56,-0.18,2342,de GER,MF,de Bundesliga,29-191,1996.0,5.3,0,0,0,6,7,4,8,1,4,0
Ellyes Skhiri,tn TUN,MF,Eintracht Frankfurt,de Bundesliga,30.0,1995.0,17,12,1034,11.5,0,0,0,0,0,0,2,1,0.0,2343,tn TUN,MF,de Bundesliga,30-311,1995.0,11.5,0,5,0,0.0,0.44,0.0,0.0,,0,0,2954,tn TUN,MF,de Bundesliga,30-311,1995.0,17,1034,61,44.2,11.5,12,80.0,6,5,15.0,5,1.65,18,24,-6,-0.52,-0.94,2343,tn TUN,MF,de Bundesliga,30-311,1995.0,11.5,2,1,1,8,9,0,2,17,3,0
Leo Skiri Østigård,no NOR,DF,Genoa,it Serie A,26.0,1999.0,23,23,1992,22.1,5,1,6,5,0,0,6,0,0.27,2344,no NOR,DF,it Serie A,26-109,1999.0,22.1,5,18,11,61.1,0.81,0.5,0.28,0.45,0,0,2955,no NOR,DF,it Serie A,26-109,1999.0,23,1992,87,76.3,22.1,23,87.0,21,0,,2,1.13,27,30,-3,-0.14,0.01,2344,no NOR,DF,it Serie A,26-109,1999.0,22.1,6,0,0,29,11,2,0,19,21,0
Laurs Skjellerup,dk DEN,FW,Sassuolo,it Serie A,23.0,2002.0,1,0,10,0.1,0,0,0,0,0,0,0,0,0.0,2345,dk DEN,FW,it Serie A,23-217,2002.0,0.1,0,1,0,0.0,9.0,0.0,0.0,,0,0,2956,dk DEN,FW,it Serie A,23-217,2002.0,1,10,10,0.4,0.1,0,,0,1,10.0,9,0.0,0,0,0,0.0,0.14,2345,dk DEN,FW,it Serie A,23-217,2002.0,0.1,0,0,0,0,0,0,0,0,0,0
Andreas Skov Olsen,dk DEN,MF,Wolfsburg,de Bundesliga,26.0,1999.0,8,4,362,4.0,1,0,1,1,0,0,1,0,0.25,2347,dk DEN,MF,de Bundesliga,26-078,1999.0,4.0,1,7,2,28.6,1.74,0.5,0.14,0.5,0,0,2958,dk DEN,MF,de Bundesliga,26-078,1999.0,8,362,45,15.5,4.0,4,67.0,0,4,24.0,4,1.0,7,7,0,0.0,0.96,2347,dk DEN,MF,de Bundesliga,26-078,1999.0,4.0,1,0,0,1,4,0,6,1,1,0
Tobias Slotsager,dk DEN,DF,Hellas Verona,it Serie A,20.0,2006.0,7,4,426,4.7,0,0,0,0,0,0,0,0,0.0,2349,dk DEN,DF,it Serie A,20-075,2006.0,4.7,0,3,1,33.3,0.63,0.21,0.0,0.0,0,0,2962,dk DEN,DF,it Serie A,20-075,2006.0,7,426,61,16.3,4.7,4,90.0,4,3,22.0,20,0.29,2,9,-7,-1.48,-0.57,2349,dk DEN,DF,it Serie A,20-075,2006.0,4.7,0,0,0,2,5,0,2,3,7,0
Ivan Smolčić,hr CRO,DF,Como,it Serie A,25.0,2000.0,20,14,1173,13.0,0,0,0,0,0,0,7,0,0.0,2353,hr CRO,DF,it Serie A,25-212,2000.0,13.0,0,9,4,44.4,0.69,0.31,0.0,0.0,0,0,2966,hr CRO,DF,it Serie A,25-212,2000.0,20,1173,59,44.9,13.0,14,76.0,5,6,18.0,8,2.1,17,6,11,0.84,-0.1,2353,hr CRO,DF,it Serie A,25-212,2000.0,13.0,7,0,0,20,16,0,20,17,16,0
Simon Sohm,ch SUI,MF,Bologna,it Serie A,24.0,2001.0,6,4,364,4.0,0,0,0,0,0,0,1,0,0.0,2354,ch SUI,MF,it Serie A,24-340,2001.0,4.0,0,1,1,100.0,0.25,0.25,0.0,0.0,0,0,2968,ch SUI,MF,it Serie A,24-340,2001.0,6,364,61,13.9,4.0,4,80.0,1,2,22.0,2,2.0,4,3,1,0.25,0.13,2354,ch SUI,MF,it Serie A,24-340,2001.0,4.0,1,0,0,3,1,1,1,2,3,0
Simon Sohm,ch SUI,MF,Fiorentina,it Serie A,24.0,2001.0,16,9,708,7.9,0,1,1,0,0,0,2,0,0.13,2355,ch SUI,MF,it Serie A,24-340,2001.0,7.9,0,5,0,0.0,0.64,0.0,0.0,,0,0,2969,ch SUI,MF,it Serie A,24-340,2001.0,16,708,44,27.1,7.9,9,65.0,1,7,18.0,4,0.56,6,15,-9,-1.14,-1.14,2355,ch SUI,MF,it Serie A,24-340,2001.0,7.9,2,0,0,15,11,0,5,6,7,0
Carlos Soler,es ESP,MF,Real Sociedad,es La Liga,29.0,1997.0,23,17,1514,16.8,4,2,6,4,0,0,2,1,0.36,2358,es ESP,MF,es La Liga,29-074,1997.0,16.8,4,25,15,60.0,1.49,0.89,0.16,0.27,0,0,2972,es ESP,MF,es La Liga,29-074,1997.0,23,1514,66,60.1,16.8,17,78.0,4,6,30.0,1,1.39,24,20,4,0.24,0.51,2358,es ESP,MF,es La Liga,29-074,1997.0,16.8,2,1,0,24,13,0,43,9,14,0
Oumar Solet,fr FRA,DF,Udinese,it Serie A,26.0,2000.0,26,25,2149,23.9,3,1,4,2,1,1,0,0,0.13,2360,fr FRA,DF,it Serie A,26-038,2000.0,23.9,3,25,4,16.0,1.05,0.17,0.08,0.5,1,1,2974,fr FRA,DF,it Serie A,26-038,2000.0,26,2149,83,82.3,23.9,25,85.0,22,1,16.0,1,1.23,27,36,-9,-0.38,-0.38,2360,fr FRA,DF,it Serie A,26-038,2000.0,23.9,0,0,0,24,22,1,10,35,36,1
Jhon Solis,co COL,MF,Girona,es La Liga,21.0,2004.0,12,3,380,4.2,0,0,0,0,0,0,0,0,0.0,2361,co COL,MF,es La Liga,21-165,2004.0,4.2,0,3,2,66.7,0.71,0.47,0.0,0.0,0,0,2975,co COL,MF,es La Liga,21-165,2004.0,12,380,32,15.1,4.2,3,78.0,1,9,16.0,5,0.75,2,14,-12,-2.84,-2.84,2361,co COL,MF,es La Liga,21-165,2004.0,4.2,0,0,0,2,7,0,0,4,3,0
Manor Solomon,il ISR,MF,Villarreal,es La Liga,26.0,1999.0,6,1,150,1.7,1,1,2,1,0,0,0,0,1.2,2362,il ISR,MF,es La Liga,26-236,1999.0,1.7,1,2,1,50.0,1.2,0.6,0.5,1.0,0,0,2976,il ISR,MF,es La Liga,26-236,1999.0,6,150,25,6.0,1.7,1,71.0,0,5,16.0,6,2.67,4,1,3,1.8,1.23,2362,il ISR,MF,es La Liga,26-236,1999.0,1.7,0,0,0,0,2,1,10,0,1,0
Hugo Solozabal,es ESP,MF,Getafe,es La Liga,23.0,2003.0,1,0,11,0.1,0,0,0,0,0,0,0,0,0.0,2364,es ESP,MF,es La Liga,23-038,2003.0,0.1,0,0,0,,0.0,0.0,,,0,0,2979,es ESP,MF,es La Liga,23-038,2003.0,1,11,11,0.4,0.1,0,,0,1,11.0,7,0.0,0,0,0,0.0,0.25,2364,es ESP,MF,es La Liga,23-038,2003.0,0.1,0,0,0,0,0,0,0,0,0,0
Hugo Sotelo,es ESP,MF,Celta Vigo,es La Liga,22.0,2003.0,15,12,998,11.1,0,1,1,0,0,0,2,0,0.09,2370,es ESP,MF,es La Liga,22-088,2003.0,11.1,0,2,1,50.0,0.18,0.09,0.0,0.0,0,0,2986,es ESP,MF,es La Liga,22-088,2003.0,15,998,67,39.6,11.1,12,76.0,5,3,29.0,9,1.27,18,14,4,0.36,0.18,2370,es ESP,MF,es La Liga,22-088,2003.0,11.1,2,0,0,21,9,0,35,12,11,0
Sambou Soumano,sn SEN,FW,Lorient,fr Ligue 1,25.0,2001.0,25,8,860,9.6,4,2,6,4,0,1,2,0,0.63,2376,sn SEN,FW,fr Ligue 1,25-073,2001.0,9.6,4,27,10,37.0,2.83,1.05,0.15,0.4,0,1,2992,sn SEN,FW,fr Ligue 1,25-073,2001.0,25,860,34,36.8,9.6,8,66.0,0,17,20.0,0,1.36,15,13,2,0.21,0.51,2376,sn SEN,FW,fr Ligue 1,25-073,2001.0,9.6,2,0,0,14,18,9,0,4,3,0
Vinicius Souza,br BRA,MF,Wolfsburg,de Bundesliga,26.0,1999.0,16,14,1092,12.1,0,0,0,0,0,0,3,0,0.0,2379,br BRA,MF,de Bundesliga,26-273,1999.0,12.1,0,4,1,25.0,0.33,0.08,0.0,0.0,0,0,2995,br BRA,MF,de Bundesliga,26-273,1999.0,16,1092,68,46.7,12.1,14,78.0,7,2,3.0,8,0.81,14,23,-9,-0.74,0.12,2379,br BRA,MF,de Bundesliga,26-273,1999.0,12.1,3,0,0,24,16,0,2,17,20,0
Djibril Sow,ch SUI,MF,Sevilla,es La Liga,29.0,1997.0,24,21,1655,18.4,5,1,6,5,0,0,3,0,0.33,2380,ch SUI,MF,es La Liga,29-039,1997.0,18.4,5,16,8,50.0,0.87,0.44,0.31,0.63,0,0,2996,ch SUI,MF,es La Liga,29-039,1997.0,24,1655,69,65.7,18.4,21,76.0,8,3,18.0,2,1.0,21,35,-14,-0.76,-1.18,2380,ch SUI,MF,es La Liga,29-039,1997.0,18.4,3,0,0,30,22,3,21,18,17,0
Jens Stage,dk DEN,MF,Werder Bremen,de Bundesliga,29.0,1996.0,24,24,2062,22.9,7,2,9,7,0,0,5,0,0.39,2384,dk DEN,MF,de Bundesliga,29-129,1996.0,22.9,7,45,16,35.6,1.96,0.7,0.16,0.44,0,0,3004,dk DEN,MF,de Bundesliga,29-129,1996.0,24,2062,86,88.1,22.9,24,86.0,19,0,,0,1.0,22,37,-15,-0.65,0.32,2384,dk DEN,MF,de Bundesliga,29-129,1996.0,22.9,5,0,0,27,27,1,13,17,27,0
Benjamin Stambouli,fr FRA,MF,Metz,fr Ligue 1,35.0,1990.0,14,8,737,8.2,0,0,0,0,0,0,0,0,0.0,2385,fr FRA,MF,fr Ligue 1,35-216,1990.0,8.2,0,5,1,20.0,0.61,0.12,0.0,0.0,0,0,3006,fr FRA,MF,fr Ligue 1,35-216,1990.0,14,737,53,31.5,8.2,8,87.0,5,6,8.0,4,0.64,7,19,-12,-1.47,-0.17,2385,fr FRA,MF,fr Ligue 1,35-216,1990.0,8.2,0,0,0,12,8,0,5,5,14,0
Nicolae Stanciu,ro ROU,MF,Genoa,it Serie A,32.0,1993.0,4,2,180,2.0,0,0,0,0,0,1,0,0,0.0,2386,ro ROU,MF,it Serie A,32-314,1993.0,2.0,0,5,0,0.0,2.5,0.0,0.0,,0,1,3007,ro ROU,MF,it Serie A,32-314,1993.0,4,180,45,6.9,2.0,2,75.0,0,2,15.0,12,0.5,0,1,-1,-0.5,-0.39,2386,ro ROU,MF,it Serie A,32-314,1993.0,2.0,0,0,0,1,2,0,9,3,3,0
Otto Stange,de GER,DF,Hamburger SV,de Bundesliga,19.0,2007.0,3,0,66,0.7,0,0,0,0,0,0,0,0,0.0,2387,de GER,DF,de Bundesliga,19-036,2007.0,0.7,0,3,1,33.3,4.09,1.36,0.0,0.0,0,0,3008,de GER,DF,de Bundesliga,19-036,2007.0,3,66,22,2.8,0.7,0,,0,3,22.0,5,0.33,0,1,-1,-1.36,-1.09,2387,de GER,DF,de Bundesliga,19-036,2007.0,0.7,0,0,0,1,1,0,1,0,0,0
Josip Stanišić,hr CRO,DF,Bayern Munich,de Bundesliga,25.0,2000.0,18,14,1346,15.0,2,3,5,2,0,0,1,0,0.33,2388,hr CRO,DF,de Bundesliga,25-349,2000.0,15.0,2,6,4,66.7,0.4,0.27,0.33,0.5,0,0,3009,hr CRO,DF,de Bundesliga,25-349,2000.0,18,1346,75,57.5,15.0,14,88.0,12,4,28.0,1,2.56,58,18,40,2.67,0.14,2388,hr CRO,DF,de Bundesliga,25-349,2000.0,15.0,1,0,0,5,10,3,27,14,18,0
Carl Starfelt,se SWE,DF,Celta Vigo,es La Liga,30.0,1995.0,19,17,1491,16.6,0,0,0,0,0,0,3,1,0.0,2389,se SWE,DF,es La Liga,30-289,1995.0,16.6,0,4,1,25.0,0.24,0.06,0.0,0.0,0,0,3010,se SWE,DF,es La Liga,30-289,1995.0,19,1491,78,59.2,16.6,17,86.0,14,2,17.0,1,1.37,22,17,5,0.3,0.13,2389,se SWE,DF,es La Liga,30-289,1995.0,16.6,3,1,1,19,8,0,0,16,16,1
Niklas Stark,de GER,DF,Werder Bremen,de Bundesliga,30.0,1995.0,11,7,571,6.3,0,0,0,0,0,0,8,2,0.0,2390,de GER,DF,de Bundesliga,30-337,1995.0,6.3,0,3,1,33.3,0.47,0.16,0.0,0.0,0,0,3011,de GER,DF,de Bundesliga,30-337,1995.0,11,571,52,24.4,6.3,7,70.0,2,4,20.0,1,1.18,7,13,-6,-0.95,-0.34,2390,de GER,DF,de Bundesliga,30-337,1995.0,6.3,8,2,2,11,7,0,1,12,10,0
Orri Steinn Óskarsson,is ISL,FW,Real Sociedad,es La Liga,21.0,2004.0,11,2,290,3.2,4,0,4,4,0,0,2,0,1.24,2391,is ISL,FW,es La Liga,21-200,2004.0,3.2,4,9,6,66.7,2.79,1.86,0.44,0.67,0,0,3015,is ISL,FW,es La Liga,21-200,2004.0,11,290,26,11.5,3.2,2,55.0,0,9,20.0,1,1.27,8,5,3,0.93,1.01,2391,is ISL,FW,es La Liga,21-200,2004.0,3.2,2,0,0,7,1,2,1,1,3,0
Pascal Stenzel,de GER,MF,Stuttgart,de Bundesliga,29.0,1996.0,2,2,106,1.2,0,0,0,0,0,0,2,0,0.0,2393,de GER,MF,de Bundesliga,29-362,1996.0,1.2,0,3,1,33.3,2.55,0.85,0.0,0.0,0,0,3017,de GER,MF,de Bundesliga,29-362,1996.0,2,106,53,4.5,1.2,2,53.0,0,0,,15,1.5,1,2,-1,-0.85,-1.57,2393,de GER,MF,de Bundesliga,29-362,1996.0,1.2,2,0,0,2,2,0,5,2,0,0
Leonidas Stergiou,ch SUI,DF,Heidenheim,de Bundesliga,24.0,2002.0,3,1,149,1.7,0,0,0,0,0,0,0,0,0.0,2394,ch SUI,DF,de Bundesliga,24-014,2002.0,1.7,0,1,0,0.0,0.6,0.0,0.0,,0,0,3018,ch SUI,DF,de Bundesliga,24-014,2002.0,3,149,50,6.4,1.7,1,90.0,1,2,30.0,1,0.33,0,6,-6,-3.62,-2.47,2394,ch SUI,DF,de Bundesliga,24-014,2002.0,1.7,0,0,0,2,1,0,1,1,1,0
Leonidas Stergiou,ch SUI,DF,Stuttgart,de Bundesliga,24.0,2002.0,1,0,1,0.0,0,0,0,0,0,0,0,0,0.0,2395,ch SUI,DF,de Bundesliga,24-014,2002.0,0.0,0,0,0,,0.0,0.0,,,0,0,3019,ch SUI,DF,de Bundesliga,24-014,2002.0,1,1,1,0.0,0.0,0,,0,1,1.0,3,3.0,0,0,0,0.0,-0.65,2395,ch SUI,DF,de Bundesliga,24-014,2002.0,0.0,0,0,0,0,0,0,0,0,0,0
Angelo Stiller,de GER,MF,Stuttgart,de Bundesliga,24.0,2001.0,26,22,2052,22.8,1,5,6,1,0,1,1,0,0.26,2396,de GER,MF,de Bundesliga,24-347,2001.0,22.8,1,9,4,44.4,0.39,0.18,0.11,0.25,0,1,3022,de GER,MF,de Bundesliga,24-347,2001.0,26,2052,79,87.7,22.8,22,89.0,17,4,26.0,0,1.92,46,30,16,0.7,0.39,2396,de GER,MF,de Bundesliga,24-347,2001.0,22.8,1,0,0,12,33,0,94,23,14,0
Kevin Stöger,at AUT,MF,Gladbach,de Bundesliga,32.0,1993.0,21,9,867,9.6,1,1,2,1,0,1,2,0,0.21,2397,at AUT,MF,de Bundesliga,32-202,1993.0,9.6,1,14,5,35.7,1.45,0.52,0.07,0.2,0,1,3023,at AUT,MF,de Bundesliga,32-202,1993.0,21,867,41,37.1,9.6,9,74.0,2,12,17.0,5,0.9,6,20,-14,-1.45,-1.51,2397,at AUT,MF,de Bundesliga,32-202,1993.0,9.6,2,0,0,17,15,0,37,10,13,0
Gabriel Strefezza,br BRA,FW,Parma,it Serie A,28.0,1997.0,6,5,452,5.0,0,1,1,0,0,0,1,0,0.2,2402,br BRA,FW,it Serie A,28-333,1997.0,5.0,0,12,3,25.0,2.39,0.6,0.0,0.0,0,0,3028,br BRA,FW,it Serie A,28-333,1997.0,6,452,75,17.3,5.0,5,83.0,2,1,37.0,0,1.83,4,6,-2,-0.4,0.14,2402,br BRA,FW,it Serie A,28-333,1997.0,5.0,1,0,0,10,14,0,24,4,5,0
Cristhian Stuani,uy URU,FW,Girona,es La Liga,39.0,1986.0,13,1,226,2.5,3,0,3,0,3,4,2,0,0.0,2404,uy URU,FW,es La Liga,39-156,1986.0,2.5,3,8,6,75.0,3.19,2.39,0.0,0.0,3,4,3030,uy URU,FW,es La Liga,39-156,1986.0,13,226,17,9.0,2.5,1,63.0,0,12,14.0,4,1.15,4,6,-2,-0.8,-0.4,2404,uy URU,FW,es La Liga,39-156,1986.0,2.5,2,0,0,7,6,5,0,1,3,0
Nikola Štulić,rs SRB,FW,Lecce,it Serie A,24.0,2001.0,27,17,1463,16.3,3,0,3,2,1,1,1,0,0.12,2405,rs SRB,FW,it Serie A,24-190,2001.0,16.3,3,27,7,25.9,1.66,0.43,0.07,0.29,1,1,3031,rs SRB,FW,it Serie A,24-190,2001.0,27,1463,54,56.1,16.3,17,71.0,2,10,25.0,1,0.96,13,20,-7,-0.43,0.43,2405,rs SRB,FW,it Serie A,24-190,2001.0,16.3,1,0,0,28,23,8,1,2,7,0
Denis Suárez,es ESP,MF,Alavés,es La Liga,32.0,1994.0,21,11,1017,11.3,1,1,2,1,0,0,4,0,0.18,2406,es ESP,MF,es La Liga,32-070,1994.0,11.3,1,6,3,50.0,0.53,0.27,0.17,0.33,0,0,3033,es ESP,MF,es La Liga,32-070,1994.0,21,1017,48,40.4,11.3,11,72.0,0,10,23.0,2,0.86,12,16,-4,-0.35,0.13,2406,es ESP,MF,es La Liga,32-070,1994.0,11.3,4,0,0,17,19,0,21,7,10,0
Petar Sucic,hr CRO,MF,Inter,it Serie A,22.0,2003.0,26,16,1287,14.3,1,2,3,1,0,0,4,0,0.21,2409,hr CRO,MF,it Serie A,22-143,2003.0,14.3,1,18,4,22.2,1.26,0.28,0.06,0.25,0,0,3036,hr CRO,MF,it Serie A,22-143,2003.0,26,1287,50,49.3,14.3,16,72.0,5,10,14.0,3,2.27,30,13,17,1.19,-0.51,2409,hr CRO,MF,it Serie A,22-143,2003.0,14.3,4,0,0,22,21,0,22,6,16,0
Niklas Süle,de GER,DF,Dortmund,de Bundesliga,30.0,1995.0,9,6,442,4.9,0,1,1,0,0,0,3,0,0.2,2412,de GER,DF,de Bundesliga,30-195,1995.0,4.9,0,2,1,50.0,0.41,0.2,0.0,0.0,0,0,3039,de GER,DF,de Bundesliga,30-195,1995.0,9,442,49,18.9,4.9,6,65.0,1,3,18.0,5,2.22,12,6,6,1.22,0.13,2412,de GER,DF,de Bundesliga,30-195,1995.0,4.9,3,0,0,7,1,0,6,6,4,0
Ibrahim Sulemana,gh GHA,MF,Bologna,it Serie A,22.0,2003.0,3,0,45,0.5,0,0,0,0,0,0,1,0,0.0,2413,gh GHA,MF,it Serie A,22-299,2003.0,0.5,0,0,0,,0.0,0.0,,,0,0,3040,gh GHA,MF,it Serie A,22-299,2003.0,3,45,15,1.7,0.5,0,,0,3,15.0,12,1.33,1,1,0,0.0,-0.14,2413,gh GHA,MF,it Serie A,22-299,2003.0,0.5,1,0,0,1,0,0,0,0,0,0
Ibrahim Sulemana,gh GHA,MF,Cagliari,it Serie A,22.0,2003.0,8,5,530,5.9,1,0,1,1,0,0,1,0,0.17,2414,gh GHA,MF,it Serie A,22-299,2003.0,5.9,1,8,2,25.0,1.36,0.34,0.13,0.5,0,0,3042,gh GHA,MF,it Serie A,22-299,2003.0,8,530,66,20.3,5.9,5,89.0,4,3,28.0,0,1.0,5,10,-5,-0.85,-0.63,2414,gh GHA,MF,it Serie A,22-299,2003.0,5.9,1,0,0,10,5,0,2,5,9,0
Kamaldeen Sulemana,gh GHA,MF,Atalanta,it Serie A,24.0,2002.0,22,8,893,9.9,2,1,3,2,0,0,3,0,0.3,2415,gh GHA,MF,it Serie A,24-030,2002.0,9.9,2,20,9,45.0,2.02,0.91,0.1,0.22,0,0,3043,gh GHA,MF,it Serie A,24-030,2002.0,22,893,41,34.2,9.9,8,69.0,1,14,24.0,5,1.55,17,10,7,0.71,0.39,2415,gh GHA,MF,it Serie A,24-030,2002.0,9.9,3,0,0,10,14,4,19,2,5,0
Yuito Suzuki,jp JPN,MF,Freiburg,de Bundesliga,24.0,2001.0,21,15,1350,15.0,4,2,6,4,0,0,2,0,0.4,2418,jp JPN,MF,de Bundesliga,24-143,2001.0,15.0,4,33,14,42.4,2.2,0.93,0.12,0.29,0,0,3048,jp JPN,MF,de Bundesliga,24-143,2001.0,21,1350,64,57.7,15.0,15,77.0,5,6,33.0,3,1.19,25,28,-3,-0.2,0.07,2418,jp JPN,MF,de Bundesliga,24-143,2001.0,15.0,2,0,0,18,7,2,16,10,11,0
Mattias Svanberg,se SWE,MF,Wolfsburg,de Bundesliga,27.0,1999.0,20,7,743,8.3,3,1,4,3,0,0,5,1,0.48,2420,se SWE,MF,de Bundesliga,27-071,1999.0,8.3,3,17,7,41.2,2.06,0.85,0.18,0.43,0,0,3050,se SWE,MF,de Bundesliga,27-071,1999.0,20,743,37,31.8,8.3,7,67.0,0,13,21.0,1,0.9,11,21,-10,-1.21,-0.59,2420,se SWE,MF,de Bundesliga,27-071,1999.0,8.3,5,1,1,17,18,1,8,7,7,0
Daniel Svensson,se SWE,MF,Dortmund,de Bundesliga,24.0,2002.0,26,22,2041,22.7,2,2,4,2,0,0,0,0,0.18,2421,se SWE,MF,de Bundesliga,24-033,2002.0,22.7,2,9,3,33.3,0.4,0.13,0.22,0.67,0,0,3051,se SWE,MF,de Bundesliga,24-033,2002.0,26,2041,79,87.2,22.7,22,89.0,20,4,21.0,0,2.23,49,23,26,1.15,0.24,2421,se SWE,MF,de Bundesliga,24-033,2002.0,22.7,0,0,0,25,18,2,112,16,22,0
Lamine Sy,mr MTN,DF,Auxerre,fr Ligue 1,23.0,2002.0,17,12,1051,11.7,0,0,0,0,0,0,0,0,0.0,2424,mr MTN,DF,fr Ligue 1,23-219,2002.0,11.7,0,5,1,20.0,0.43,0.09,0.0,0.0,0,0,3057,mr MTN,DF,fr Ligue 1,23-219,2002.0,17,1051,62,44.9,11.7,12,83.0,8,5,11.0,9,0.65,9,16,-7,-0.6,0.1,2424,mr MTN,DF,fr Ligue 1,23-219,2002.0,11.7,0,0,0,11,12,2,34,14,21,0
Abakar Sylla,ci CIV,DF,Strasbourg,fr Ligue 1,23.0,2002.0,1,0,2,0.0,0,0,0,0,0,0,0,0,0.0,2425,ci CIV,DF,fr Ligue 1,23-082,2002.0,0.0,0,0,0,,0.0,0.0,,,0,0,3058,ci CIV,DF,fr Ligue 1,23-082,2002.0,1,2,2,0.1,0.0,0,,0,1,2.0,5,1.0,0,0,0,0.0,-0.35,2425,ci CIV,DF,fr Ligue 1,23-082,2002.0,0.0,0,0,0,0,0,0,0,0,0,0
Abakar Sylla,ci CIV,DF,Nantes,fr Ligue 1,23.0,2002.0,2,1,65,0.7,0,0,0,0,0,0,0,0,0.0,2426,ci CIV,DF,fr Ligue 1,23-082,2002.0,0.7,0,2,0,0.0,2.77,0.0,0.0,,0,0,3059,ci CIV,DF,fr Ligue 1,23-082,2002.0,2,65,33,2.9,0.7,1,45.0,0,1,20.0,0,0.0,1,3,-2,-2.77,-2.03,2426,ci CIV,DF,fr Ligue 1,23-082,2002.0,0.7,0,0,0,2,0,0,0,0,0,0
Fodé Sylla,fr FRA,MF,Lens,fr Ligue 1,19.0,2006.0,2,1,63,0.7,0,0,0,0,0,0,0,0,0.0,2427,fr FRA,MF,fr Ligue 1,19-335,2006.0,0.7,0,0,0,,0.0,0.0,,,0,0,3060,fr FRA,MF,fr Ligue 1,19-335,2006.0,2,63,32,2.7,0.7,1,58.0,0,1,5.0,11,3.0,2,1,1,1.43,0.44,2427,fr FRA,MF,fr Ligue 1,19-335,2006.0,0.7,0,0,0,2,0,0,0,1,5,0
Sebastian Szymański,pl POL,MF,Rennes,fr Ligue 1,26.0,1999.0,8,5,401,4.5,1,2,3,1,0,0,0,0,0.67,2430,pl POL,MF,fr Ligue 1,26-311,1999.0,4.5,1,6,2,33.3,1.35,0.45,0.17,0.5,0,0,3064,pl POL,MF,fr Ligue 1,26-311,1999.0,8,401,50,17.1,4.5,5,66.0,0,3,24.0,0,1.5,9,6,3,0.67,0.53,2430,pl POL,MF,fr Ligue 1,26-311,1999.0,4.5,0,0,0,8,7,2,16,0,6,0
Alexander Sørloth,no NOR,FW,Atlético Madrid,es La Liga,30.0,1995.0,27,17,1526,17.0,10,0,10,10,0,0,4,1,0.59,2431,no NOR,FW,es La Liga,30-102,1995.0,17.0,10,52,27,51.9,3.07,1.59,0.19,0.37,0,0,3065,no NOR,FW,es La Liga,30-102,1995.0,27,1526,57,60.6,17.0,17,74.0,6,10,28.0,0,2.0,29,18,11,0.65,-0.35,2431,no NOR,FW,es La Liga,30-102,1995.0,17.0,4,1,0,24,12,7,10,0,6,0
Haris Tabakovic,ba BIH,FW,Gladbach,de Bundesliga,31.0,1994.0,25,22,1845,20.5,11,3,14,11,0,2,1,0,0.68,2434,ba BIH,FW,de Bundesliga,31-270,1994.0,20.5,11,52,21,40.4,2.54,1.02,0.21,0.52,0,2,3068,ba BIH,FW,de Bundesliga,31-270,1994.0,25,1845,74,78.8,20.5,22,80.0,8,3,32.0,0,1.12,28,30,-2,-0.1,1.9,2434,ba BIH,FW,de Bundesliga,31-270,1994.0,20.5,1,0,0,35,15,22,2,0,4,0
Nicolás Tagliafico,ar ARG,DF,Lyon,fr Ligue 1,33.0,1992.0,18,13,1208,13.4,0,3,3,0,0,0,5,1,0.22,2435,ar ARG,DF,fr Ligue 1,33-198,1992.0,13.4,0,14,1,7.1,1.04,0.07,0.0,0.0,0,0,3069,ar ARG,DF,fr Ligue 1,33-198,1992.0,18,1208,67,51.6,13.4,13,85.0,8,5,21.0,3,1.56,20,12,8,0.6,0.2,2435,ar ARG,DF,fr Ligue 1,33-198,1992.0,13.4,5,1,1,34,28,2,19,15,12,0
Jonathan Tah,de GER,DF,Bayern Munich,de Bundesliga,30.0,1996.0,22,20,1752,19.5,2,1,3,2,0,0,5,0,0.15,2436,de GER,DF,de Bundesliga,30-034,1996.0,19.5,2,8,5,62.5,0.41,0.26,0.25,0.4,0,0,3070,de GER,DF,de Bundesliga,30-034,1996.0,22,1752,80,74.9,19.5,20,86.0,17,2,14.0,4,2.59,69,18,51,2.62,0.02,2436,de GER,DF,de Bundesliga,30-034,1996.0,19.5,5,0,0,23,6,0,1,23,14,0
Kōta Takai,jp JPN,DF,Gladbach,de Bundesliga,21.0,2004.0,6,3,337,3.7,0,0,0,0,0,0,1,0,0.0,2437,jp JPN,DF,de Bundesliga,21-194,2004.0,3.7,0,3,2,66.7,0.8,0.53,0.0,0.0,0,0,3072,jp JPN,DF,de Bundesliga,21-194,2004.0,6,337,56,14.4,3.7,3,90.0,3,3,22.0,1,0.67,2,9,-7,-1.87,-1.6,2437,jp JPN,DF,de Bundesliga,21-194,2004.0,3.7,1,0,0,3,3,0,0,4,4,0
Montassar Talbi,tn TUN,DF,Lorient,fr Ligue 1,27.0,1998.0,25,25,2250,25.0,0,1,1,0,0,0,3,0,0.04,2439,tn TUN,DF,fr Ligue 1,27-295,1998.0,25.0,0,11,2,18.2,0.44,0.08,0.0,0.0,0,0,3075,tn TUN,DF,fr Ligue 1,27-295,1998.0,25,2250,90,96.2,25.0,25,90.0,25,0,,0,1.44,36,39,-3,-0.12,-0.12,2439,tn TUN,DF,fr Ligue 1,27-295,1998.0,25.0,3,0,0,7,13,0,4,24,17,0
Adrien Tameze,cm CMR,DF,Torino,it Serie A,32.0,1994.0,22,12,1111,12.3,0,0,0,0,0,0,3,0,0.0,2440,cm CMR,DF,it Serie A,32-041,1994.0,12.3,0,5,0,0.0,0.41,0.0,0.0,,0,0,3077,cm CMR,DF,it Serie A,32-041,1994.0,22,1111,51,42.6,12.3,12,77.0,5,10,19.0,7,1.05,13,26,-13,-1.05,-0.75,2440,cm CMR,DF,it Serie A,32-041,1994.0,12.3,3,0,0,15,7,0,14,19,12,0
Edmond Tapsoba,bf BFA,DF,Leverkusen,de Bundesliga,27.0,1999.0,22,22,1945,21.6,4,2,6,4,0,0,5,0,0.28,2443,bf BFA,DF,de Bundesliga,27-043,1999.0,21.6,4,23,7,30.4,1.06,0.32,0.17,0.57,0,0,3081,bf BFA,DF,de Bundesliga,27-043,1999.0,22,1945,88,83.1,21.6,22,88.0,21,0,,0,1.77,44,27,17,0.79,1.01,2443,bf BFA,DF,de Bundesliga,27-043,1999.0,21.6,5,0,0,22,1,1,9,18,9,0
César Tárrega,es ESP,DF,Valencia,es La Liga,24.0,2002.0,22,19,1698,18.9,0,0,0,0,0,0,5,0,0.0,2445,es ESP,DF,es La Liga,24-019,2002.0,18.9,0,7,1,14.3,0.37,0.05,0.0,0.0,0,0,3084,es ESP,DF,es La Liga,24-019,2002.0,22,1698,77,67.4,18.9,19,87.0,18,3,16.0,4,1.18,19,28,-9,-0.48,-0.15,2445,es ESP,DF,es La Liga,24-019,2002.0,18.9,5,0,0,26,5,0,0,14,18,1
Tylel Tati,fr FRA,DF,Nantes,fr Ligue 1,18.0,2008.0,18,18,1593,17.7,0,0,0,0,0,0,5,0,0.0,2446,fr FRA,DF,fr Ligue 1,18-057,2008.0,17.7,0,3,0,0.0,0.17,0.0,0.0,,0,0,3086,fr FRA,DF,fr Ligue 1,18-057,2008.0,18,1593,89,70.8,17.7,18,89.0,16,0,,2,0.72,17,34,-17,-0.96,-0.55,2446,fr FRA,DF,fr Ligue 1,18-057,2008.0,17.7,5,0,0,21,14,0,1,14,12,0
Nuno Tavares,pt POR,DF,Lazio,it Serie A,26.0,2000.0,16,11,926,10.3,0,0,0,0,0,0,3,0,0.0,2447,pt POR,DF,it Serie A,26-050,2000.0,10.3,0,10,0,0.0,0.97,0.0,0.0,,0,0,3087,pt POR,DF,it Serie A,26-050,2000.0,16,926,58,35.5,10.3,11,77.0,5,5,16.0,9,1.25,12,11,1,0.1,0.1,2447,pt POR,DF,it Serie A,26-050,2000.0,10.3,3,0,0,12,19,4,64,10,12,0
Kenneth Taylor,nl NED,MF,Lazio,it Serie A,23.0,2002.0,10,10,870,9.7,1,0,1,1,0,0,2,0,0.1,2449,nl NED,MF,it Serie A,23-305,2002.0,9.7,1,12,4,33.3,1.24,0.41,0.08,0.25,0,0,3089,nl NED,MF,it Serie A,23-305,2002.0,10,870,87,33.3,9.7,10,87.0,5,0,,0,1.5,8,12,-4,-0.41,-0.67,2449,nl NED,MF,it Serie A,23-305,2002.0,9.7,2,0,0,12,9,0,7,7,8,0
Aurélien Tchouaméni,fr FRA,MF,Real Madrid,es La Liga,26.0,2000.0,25,24,2056,22.8,1,0,1,1,0,0,7,0,0.04,2452,fr FRA,MF,es La Liga,26-049,2000.0,22.8,1,32,6,18.8,1.4,0.26,0.03,0.17,0,0,3092,fr FRA,MF,es La Liga,26-049,2000.0,25,2056,82,81.6,22.8,24,85.0,17,1,20.0,0,2.44,47,20,27,1.18,-0.56,2452,fr FRA,MF,es La Liga,26-049,2000.0,22.8,7,0,0,23,21,0,7,32,32,0
Nathan Tella,ng NGA,MF,Leverkusen,de Bundesliga,26.0,1999.0,11,5,451,5.0,0,2,2,0,0,0,2,0,0.4,2454,ng NGA,MF,de Bundesliga,26-255,1999.0,5.0,0,8,2,25.0,1.6,0.4,0.0,0.0,0,0,3095,ng NGA,MF,de Bundesliga,26-255,1999.0,11,451,41,19.3,5.0,5,74.0,0,6,13.0,0,1.27,10,10,0,0.0,-0.76,2454,ng NGA,MF,de Bundesliga,26-255,1999.0,5.0,2,0,0,9,10,4,14,1,3,0
Nahuel Tenaglia,ar ARG,DF,Alavés,es La Liga,30.0,1996.0,26,26,2339,26.0,1,0,1,1,0,0,2,0,0.04,2455,ar ARG,DF,es La Liga,30-024,1996.0,26.0,1,16,4,25.0,0.62,0.15,0.06,0.25,0,0,3096,ar ARG,DF,es La Liga,30-024,1996.0,26,2339,90,92.8,26.0,26,90.0,25,0,,2,0.92,23,35,-12,-0.46,-0.46,2455,ar ARG,DF,es La Liga,30-024,1996.0,26.0,2,0,0,19,27,3,16,32,30,0
Filippo Terracciano,it ITA,DF,Cremonese,it Serie A,23.0,2003.0,27,24,2227,24.7,2,0,2,2,0,0,5,0,0.08,2458,it ITA,DF,it Serie A,23-037,2003.0,24.7,2,13,4,30.8,0.53,0.16,0.15,0.5,0,0,3100,it ITA,DF,it Serie A,23-037,2003.0,27,2227,82,85.3,24.7,24,89.0,21,3,29.0,0,0.89,19,32,-13,-0.53,1.35,2458,it ITA,DF,it Serie A,23-037,2003.0,24.7,5,0,0,12,20,0,21,43,14,1
Ramón Terrats,es ESP,MF,Espanyol,es La Liga,25.0,2000.0,20,7,660,7.3,1,1,2,1,0,0,0,0,0.27,2460,es ESP,MF,es La Liga,25-150,2000.0,7.3,1,9,3,33.3,1.23,0.41,0.11,0.33,0,0,3102,es ESP,MF,es La Liga,25-150,2000.0,20,660,33,26.2,7.3,7,64.0,0,13,16.0,4,1.2,8,13,-5,-0.68,-0.59,2460,es ESP,MF,es La Liga,25-150,2000.0,7.3,0,0,0,9,15,1,20,8,12,0
Tanner Tessmann,us USA,MF,Lyon,fr Ligue 1,24.0,2001.0,24,21,1797,20.0,1,0,1,1,0,0,2,0,0.05,2462,us USA,MF,fr Ligue 1,24-174,2001.0,20.0,1,25,8,32.0,1.25,0.4,0.04,0.13,0,0,3104,us USA,MF,fr Ligue 1,24-174,2001.0,24,1797,75,76.8,20.0,21,83.0,14,3,21.0,0,1.83,30,18,12,0.6,0.44,2462,us USA,MF,fr Ligue 1,24-174,2001.0,20.0,2,0,0,20,18,3,15,12,19,0
Florian Thauvin,fr FRA,MF,Lens,fr Ligue 1,33.0,1993.0,26,25,2057,22.9,8,3,11,6,2,3,5,0,0.39,2465,fr FRA,MF,fr Ligue 1,33-050,1993.0,22.9,8,62,24,38.7,2.71,1.05,0.1,0.25,2,3,3107,fr FRA,MF,fr Ligue 1,33-050,1993.0,26,2057,79,87.9,22.9,25,81.0,6,1,34.0,0,2.15,40,21,19,0.83,-1.39,2465,fr FRA,MF,fr Ligue 1,33-050,1993.0,22.9,5,0,0,17,31,6,167,11,15,0
Arthur Theate,be BEL,DF,Eintracht Frankfurt,de Bundesliga,25.0,2000.0,19,19,1701,18.9,1,0,1,1,0,0,8,0,0.05,2466,be BEL,DF,de Bundesliga,25-296,2000.0,18.9,1,9,4,44.4,0.48,0.21,0.11,0.25,0,0,3108,be BEL,DF,de Bundesliga,25-296,2000.0,19,1701,90,72.7,18.9,19,90.0,17,0,,1,1.42,38,41,-3,-0.16,-0.58,2466,be BEL,DF,de Bundesliga,25-296,2000.0,18.9,8,0,0,11,13,0,11,28,17,0
Adrien Thomasson,fr FRA,MF,Lens,fr Ligue 1,32.0,1993.0,25,25,2153,23.9,2,7,9,2,0,0,8,0,0.38,2470,fr FRA,MF,fr Ligue 1,32-097,1993.0,23.9,2,31,8,25.8,1.3,0.33,0.06,0.25,0,0,3113,fr FRA,MF,fr Ligue 1,32-097,1993.0,25,2153,86,92.0,23.9,25,86.0,19,0,,0,2.12,45,21,24,1.0,0.04,2470,fr FRA,MF,fr Ligue 1,32-097,1993.0,23.9,8,0,0,45,36,3,99,16,42,0
Morten Thorsby,no NOR,MF,Genoa,it Serie A,29.0,1996.0,13,8,731,8.1,2,1,3,2,0,0,2,0,0.37,2471,no NOR,MF,it Serie A,29-316,1996.0,8.1,2,10,4,40.0,1.23,0.49,0.2,0.5,0,0,3114,no NOR,MF,it Serie A,29-316,1996.0,13,731,56,28.0,8.1,8,79.0,3,5,20.0,10,1.31,14,13,1,0.12,0.36,2471,no NOR,MF,it Serie A,29-316,1996.0,8.1,2,0,0,15,5,5,5,3,1,0
Morten Thorsby,no NOR,MF,Cremonese,it Serie A,29.0,1996.0,6,6,466,5.2,1,0,1,1,0,0,1,0,0.19,2472,no NOR,MF,it Serie A,29-316,1996.0,5.2,1,11,4,36.4,2.12,0.77,0.09,0.25,0,0,3115,no NOR,MF,it Serie A,29-316,1996.0,6,466,78,17.9,5.2,6,78.0,4,0,,0,0.17,2,11,-9,-1.74,-1.23,2472,no NOR,MF,it Serie A,29-316,1996.0,5.2,1,0,0,9,5,2,0,2,5,0
Kristian Thorstvedt,no NOR,MF,Sassuolo,it Serie A,27.0,1999.0,24,19,1740,19.3,3,3,6,3,0,0,6,0,0.31,2473,no NOR,MF,it Serie A,27-004,1999.0,19.3,3,32,11,34.4,1.66,0.57,0.09,0.27,0,0,3116,no NOR,MF,it Serie A,27-004,1999.0,24,1740,73,66.7,19.3,19,85.0,16,5,26.0,0,1.58,29,26,3,0.16,0.88,2473,no NOR,MF,it Serie A,27-004,1999.0,19.3,6,0,0,23,39,1,12,22,11,0
Khéphren Thuram,fr FRA,MF,Juventus,it Serie A,24.0,2001.0,27,24,1970,21.9,2,2,4,2,0,0,0,0,0.18,2474,fr FRA,MF,it Serie A,24-356,2001.0,21.9,2,39,13,33.3,1.78,0.59,0.05,0.15,0,0,3117,fr FRA,MF,it Serie A,24-356,2001.0,27,1970,73,75.5,21.9,24,80.0,13,3,19.0,0,1.85,42,21,21,0.96,0.68,2474,fr FRA,MF,it Serie A,24-356,2001.0,21.9,0,0,0,33,10,2,14,11,25,0
Marcus Thuram,fr FRA,FW,Inter,it Serie A,28.0,1997.0,22,17,1403,15.6,7,3,10,7,0,0,2,0,0.64,2475,fr FRA,FW,it Serie A,28-223,1997.0,15.6,7,57,22,38.6,3.66,1.41,0.12,0.32,0,0,3118,fr FRA,FW,it Serie A,28-223,1997.0,22,1403,64,53.8,15.6,17,76.0,4,5,22.0,1,2.41,30,13,17,1.09,-0.77,2475,fr FRA,FW,it Serie A,28-223,1997.0,15.6,2,0,0,36,29,12,14,0,11,0
Phillip Tietz,de GER,FW,Augsburg,de Bundesliga,28.0,1997.0,10,0,198,2.2,1,0,1,1,0,0,2,0,0.45,2478,de GER,FW,de Bundesliga,28-251,1997.0,2.2,1,6,3,50.0,2.73,1.36,0.17,0.33,0,0,3121,de GER,FW,de Bundesliga,28-251,1997.0,10,198,20,8.5,2.2,0,,0,10,20.0,4,0.5,3,2,1,0.45,1.08,2478,de GER,FW,de Bundesliga,28-251,1997.0,2.2,2,0,0,6,4,5,0,0,1,0
Phillip Tietz,de GER,FW,Mainz 05,de Bundesliga,28.0,1997.0,11,11,936,10.4,1,1,2,1,0,1,1,0,0.19,2479,de GER,FW,de Bundesliga,28-251,1997.0,10.4,1,31,12,38.7,2.98,1.15,0.03,0.08,0,1,3122,de GER,FW,de Bundesliga,28-251,1997.0,11,936,85,40.0,10.4,11,85.0,5,0,,0,1.73,18,13,5,0.48,1.44,2479,de GER,FW,de Bundesliga,28-251,1997.0,10.4,1,0,0,18,14,8,1,4,2,0
Malik Tillman,us USA,MF,Leverkusen,de Bundesliga,23.0,2002.0,21,16,1456,16.2,4,1,5,4,0,0,1,0,0.31,2480,us USA,MF,de Bundesliga,23-293,2002.0,16.2,4,29,8,27.6,1.79,0.49,0.14,0.5,0,0,3124,us USA,MF,de Bundesliga,23-293,2002.0,21,1456,69,62.2,16.2,16,80.0,7,5,34.0,0,1.81,26,20,6,0.37,-0.65,2480,us USA,MF,de Bundesliga,23-293,2002.0,16.2,1,0,0,15,26,1,13,16,27,0
Quinten Timber,nl NED,MF,Marseille,fr Ligue 1,24.0,2001.0,8,8,625,6.9,0,0,0,0,0,0,2,0,0.0,2482,nl NED,MF,fr Ligue 1,24-273,2001.0,6.9,0,5,1,20.0,0.72,0.14,0.0,0.0,0,0,3126,nl NED,MF,fr Ligue 1,24-273,2001.0,8,625,78,26.7,6.9,8,78.0,3,0,,0,1.75,8,10,-2,-0.29,-1.44,2482,nl NED,MF,fr Ligue 1,24-273,2001.0,6.9,2,0,0,6,14,1,4,3,10,0
Umut Tohumcu,de GER,MF,Hoffenheim,de Bundesliga,21.0,2004.0,5,1,136,1.5,0,0,0,0,0,0,2,0,0.0,2484,de GER,MF,de Bundesliga,21-218,2004.0,1.5,0,2,0,0.0,1.32,0.0,0.0,,0,0,3129,de GER,MF,de Bundesliga,21-218,2004.0,5,136,27,5.8,1.5,1,58.0,0,4,20.0,10,0.8,1,4,-3,-1.99,-2.92,2484,de GER,MF,de Bundesliga,21-218,2004.0,1.5,2,0,0,2,2,0,1,0,1,0
Corentin Tolisso,fr FRA,MF,Lyon,fr Ligue 1,31.0,1994.0,23,21,1801,20.0,7,1,8,6,1,2,4,0,0.35,2485,fr FRA,MF,fr Ligue 1,31-226,1994.0,20.0,7,40,20,50.0,2.0,1.0,0.15,0.3,1,2,3130,fr FRA,MF,fr Ligue 1,31-226,1994.0,23,1801,78,77.0,20.0,21,84.0,13,2,23.0,0,1.65,32,21,11,0.55,0.22,2485,fr FRA,MF,fr Ligue 1,31-226,1994.0,20.0,4,0,0,33,42,3,40,14,17,0
Jeremy Toljan,de GER,DF,Levante,es La Liga,31.0,1994.0,27,27,2332,25.9,1,3,4,1,0,0,7,0,0.15,2486,de GER,DF,es La Liga,31-221,1994.0,25.9,1,7,1,14.3,0.27,0.04,0.14,1.0,0,0,3131,de GER,DF,es La Liga,31-221,1994.0,27,2332,86,92.5,25.9,27,86.0,19,0,,0,0.85,29,41,-12,-0.46,1.45,2486,de GER,DF,es La Liga,31-221,1994.0,25.9,7,0,0,24,15,2,51,22,30,0
Tiago Tomás,pt POR,MF,Stuttgart,de Bundesliga,23.0,2002.0,19,7,727,8.1,3,2,5,3,0,0,3,0,0.62,2487,pt POR,MF,de Bundesliga,23-274,2002.0,8.1,3,27,8,29.6,3.34,0.99,0.11,0.38,0,0,3132,pt POR,MF,de Bundesliga,23-274,2002.0,19,727,38,31.1,8.1,7,69.0,0,12,20.0,0,1.95,20,13,7,0.87,0.31,2487,pt POR,MF,de Bundesliga,23-274,2002.0,8.1,3,0,0,12,23,1,9,3,5,0
Fikayo Tomori,eng ENG,DF,Milan,it Serie A,28.0,1997.0,26,24,2090,23.2,0,2,2,0,0,0,4,0,0.09,2488,eng ENG,DF,it Serie A,28-088,1997.0,23.2,0,9,2,22.2,0.39,0.09,0.0,0.0,0,0,3134,eng ENG,DF,it Serie A,28-088,1997.0,26,2090,80,80.1,23.2,24,86.0,18,2,13.0,2,2.19,33,16,17,0.73,-0.31,2488,eng ENG,DF,it Serie A,28-088,1997.0,23.2,4,0,0,27,7,2,16,24,34,0
Keke Topp,de GER,FW,Werder Bremen,de Bundesliga,21.0,2004.0,20,7,638,7.1,1,1,2,1,0,0,4,0,0.28,2490,de GER,FW,de Bundesliga,21-357,2004.0,7.1,1,25,3,12.0,3.53,0.42,0.04,0.33,0,0,3138,de GER,FW,de Bundesliga,21-357,2004.0,20,638,32,27.3,7.1,7,65.0,1,13,14.0,6,0.9,9,10,-1,-0.14,0.76,2490,de GER,FW,de Bundesliga,21-357,2004.0,7.1,4,0,0,16,7,2,5,1,5,0
Jofre Torrents,es ESP,DF,Barcelona,es La Liga,19.0,2007.0,3,0,50,0.6,0,0,0,0,0,0,0,0,0.0,2492,es ESP,DF,es La Liga,19-048,2007.0,0.6,0,0,0,,0.0,0.0,,,0,0,3142,es ESP,DF,es La Liga,19-048,2007.0,3,50,17,2.0,0.6,0,,0,3,17.0,11,3.0,3,2,1,1.8,0.05,2492,es ESP,DF,es La Liga,19-048,2007.0,0.6,0,0,0,0,0,0,4,0,2,0
Ferrán Torres,es ESP,FW,Barcelona,es La Liga,26.0,2000.0,25,19,1514,16.8,12,1,13,12,0,0,2,0,0.77,2493,es ESP,FW,es La Liga,26-016,2000.0,16.8,12,56,28,50.0,3.33,1.66,0.21,0.43,0,0,3143,es ESP,FW,es La Liga,26-016,2000.0,25,1514,61,60.1,16.8,19,73.0,5,6,20.0,1,2.44,41,16,25,1.49,-0.66,2493,es ESP,FW,es La Liga,26-016,2000.0,16.8,2,0,0,9,12,7,2,3,4,0
Lucas Torró,es ESP,MF,Osasuna,es La Liga,31.0,1994.0,26,25,1838,20.4,0,1,1,0,0,0,6,0,0.05,2495,es ESP,MF,es La Liga,31-241,1994.0,20.4,0,19,5,26.3,0.93,0.24,0.0,0.0,0,0,3146,es ESP,MF,es La Liga,31-241,1994.0,26,1838,71,72.9,20.4,25,73.0,12,1,1.0,0,1.19,22,28,-6,-0.29,-0.82,2495,es ESP,MF,es La Liga,31-241,1994.0,20.4,6,0,0,28,24,0,1,25,14,0
Jordan Torunarigha,de GER,DF,Hamburger SV,de Bundesliga,28.0,1997.0,17,14,1342,14.9,0,0,0,0,0,0,1,0,0.0,2496,de GER,DF,de Bundesliga,28-222,1997.0,14.9,0,3,1,33.3,0.2,0.07,0.0,0.0,0,0,3147,de GER,DF,de Bundesliga,28-222,1997.0,17,1342,79,57.4,14.9,14,88.0,11,3,35.0,4,1.24,15,20,-5,-0.34,-0.06,2496,de GER,DF,de Bundesliga,28-222,1997.0,14.9,1,0,0,16,10,0,2,19,15,0
Abdoulaye Touré,gn GUI,MF,Le Havre,fr Ligue 1,32.0,1994.0,11,8,740,8.2,2,0,2,2,0,1,2,0,0.24,2498,gn GUI,MF,fr Ligue 1,32-014,1994.0,8.2,2,13,4,30.8,1.58,0.49,0.15,0.5,0,1,3149,gn GUI,MF,fr Ligue 1,32-014,1994.0,11,740,67,31.6,8.2,8,83.0,4,3,26.0,0,1.18,6,8,-2,-0.24,0.32,2498,gn GUI,MF,fr Ligue 1,32-014,1994.0,8.2,2,0,0,13,17,0,13,10,6,0
Alpha Touré,sn SEN,MF,Metz,fr Ligue 1,20.0,2006.0,26,12,1301,14.5,0,1,1,0,0,0,4,0,0.07,2499,sn SEN,MF,fr Ligue 1,20-051,2006.0,14.5,0,15,1,6.7,1.04,0.07,0.0,0.0,0,0,3150,sn SEN,MF,fr Ligue 1,20-051,2006.0,26,1301,50,55.6,14.5,12,83.0,6,14,22.0,0,0.5,12,33,-21,-1.45,-0.24,2499,sn SEN,MF,fr Ligue 1,20-051,2006.0,14.5,4,0,0,24,18,0,12,6,19,0
Idrissa Touré,de GER,MF,Pisa,it Serie A,27.0,1998.0,25,23,1988,22.1,1,0,1,1,0,0,3,1,0.05,2501,de GER,MF,it Serie A,27-322,1998.0,22.1,1,27,7,25.9,1.22,0.32,0.04,0.14,0,0,3152,de GER,MF,it Serie A,27-322,1998.0,25,1988,80,76.2,22.1,23,85.0,18,2,18.0,2,0.68,16,35,-19,-0.86,0.15,2501,de GER,MF,it Serie A,27-322,1998.0,22.1,3,1,0,20,16,5,64,22,25,0
Ousmane Toure,fr FRA,DF,Lille,fr Ligue 1,21.0,2005.0,1,1,51,0.6,0,0,0,0,0,0,0,0,0.0,2502,fr FRA,DF,fr Ligue 1,21-027,2005.0,0.6,0,0,0,,0.0,0.0,,,0,0,3154,fr FRA,DF,fr Ligue 1,21-027,2005.0,1,51,51,2.2,0.6,1,51.0,0,0,,0,1.0,2,2,0,0.0,-0.28,2502,fr FRA,DF,fr Ligue 1,21-027,2005.0,0.6,0,0,0,0,0,0,0,2,0,0
Lucas Tousart,fr FRA,MF,Brest,fr Ligue 1,28.0,1997.0,18,4,483,5.4,0,0,0,0,0,0,0,0,0.0,2503,fr FRA,MF,fr Ligue 1,28-322,1997.0,5.4,0,6,2,33.3,1.12,0.37,0.0,0.0,0,0,3155,fr FRA,MF,fr Ligue 1,28-322,1997.0,18,483,27,20.6,5.4,4,64.0,0,14,16.0,1,1.5,4,10,-6,-1.12,-1.31,2503,fr FRA,MF,fr Ligue 1,28-322,1997.0,5.4,0,0,0,16,4,0,3,7,11,0
Boubacar Traoré,ml MLI,MF,Metz,fr Ligue 1,24.0,2001.0,19,16,1361,15.1,1,0,1,1,0,0,3,0,0.07,2509,ml MLI,MF,fr Ligue 1,24-209,2001.0,15.1,1,18,3,16.7,1.19,0.2,0.06,0.33,0,0,3162,ml MLI,MF,fr Ligue 1,24-209,2001.0,19,1361,72,58.2,15.1,16,82.0,6,3,17.0,0,0.47,13,32,-19,-1.26,0.21,2509,ml MLI,MF,fr Ligue 1,24-209,2001.0,15.1,3,0,0,29,5,0,2,15,26,0
Hamari Traoré,ml MLI,DF,Paris FC,fr Ligue 1,34.0,1992.0,11,11,860,9.6,0,1,1,0,0,0,3,0,0.1,2510,ml MLI,DF,fr Ligue 1,34-049,1992.0,9.6,0,4,0,0.0,0.42,0.0,0.0,,0,0,3163,ml MLI,DF,fr Ligue 1,34-049,1992.0,11,860,78,36.8,9.6,11,78.0,6,0,,1,0.91,10,14,-4,-0.42,0.07,2510,ml MLI,DF,fr Ligue 1,34-049,1992.0,9.6,3,0,0,19,3,1,18,13,17,0
Yael Trepy,,FW,Cagliari,it Serie A,,,6,0,81,0.9,1,0,1,1,0,0,0,0,1.11,2514,,FW,it Serie A,,,0.9,1,5,1,20.0,5.56,1.11,0.2,1.0,0,0,3169,,FW,it Serie A,,,6,81,14,3.1,0.9,0,,0,6,14.0,8,0.33,2,0,2,2.22,2.65,2514,,FW,it Serie A,,,0.9,0,0,0,1,2,2,6,0,0,0
Mariano Troilo,ar ARG,DF,Parma,it Serie A,22.0,2003.0,13,10,905,10.1,1,0,1,1,0,0,6,2,0.1,2519,ar ARG,DF,it Serie A,22-268,2003.0,10.1,1,6,2,33.3,0.6,0.2,0.17,0.5,0,0,3175,ar ARG,DF,it Serie A,22-268,2003.0,13,905,70,34.7,10.1,10,81.0,6,3,31.0,12,1.0,8,17,-9,-0.9,-0.58,2519,ar ARG,DF,it Serie A,22-268,2003.0,10.1,6,2,1,18,15,0,1,10,11,0
Kostas Tsimikas,gr GRE,MF,Roma,it Serie A,29.0,1996.0,15,5,524,5.8,0,0,0,0,0,0,1,0,0.0,2522,gr GRE,MF,it Serie A,29-309,1996.0,5.8,0,5,0,0.0,0.86,0.0,0.0,,0,0,3179,gr GRE,MF,it Serie A,29-309,1996.0,15,524,35,20.1,5.8,5,67.0,1,10,19.0,12,1.67,6,6,0,0.0,-0.69,2522,gr GRE,MF,it Serie A,29-309,1996.0,5.8,1,0,0,8,7,1,37,7,3,0
Heorhii Tsitaishvili,ge GEO,MF,Metz,fr Ligue 1,25.0,2000.0,26,21,1825,20.3,2,2,4,2,0,0,2,0,0.2,2523,ge GEO,MF,fr Ligue 1,25-119,2000.0,20.3,2,23,5,21.7,1.13,0.25,0.09,0.4,0,0,3180,ge GEO,MF,fr Ligue 1,25-119,2000.0,26,1825,70,78.0,20.3,21,82.0,10,5,19.0,0,0.5,18,43,-25,-1.23,0.51,2523,ge GEO,MF,fr Ligue 1,25-119,2000.0,20.3,2,0,0,17,27,3,127,12,9,0
Viktor Tsyhankov,ua UKR,MF,Girona,es La Liga,28.0,1997.0,22,21,1746,19.4,5,4,9,5,0,0,1,0,0.46,2524,ua UKR,MF,es La Liga,28-122,1997.0,19.4,5,33,15,45.5,1.7,0.77,0.15,0.33,0,0,3181,ua UKR,MF,es La Liga,28-122,1997.0,22,1746,79,69.3,19.4,21,82.0,10,1,28.0,0,1.27,21,27,-6,-0.31,0.39,2524,ua UKR,MF,es La Liga,28-122,1997.0,19.4,1,0,0,13,25,2,80,15,16,0
Kareem Tunde,es ESP,MF,Levante,es La Liga,20.0,2005.0,12,10,724,8.0,0,0,0,0,0,0,2,0,0.0,2526,es ESP,MF,es La Liga,20-210,2005.0,8.0,0,11,1,9.1,1.37,0.12,0.0,0.0,0,0,3183,es ESP,MF,es La Liga,20-210,2005.0,12,724,60,28.7,8.0,10,71.0,2,2,10.0,0,0.92,6,11,-5,-0.62,-0.07,2526,es ESP,MF,es La Liga,20-210,2005.0,8.0,2,0,0,12,15,1,4,8,8,0
Beñat Turrientes,es ESP,MF,Real Sociedad,es La Liga,24.0,2002.0,19,10,853,9.5,0,3,3,0,0,0,5,0,0.32,2528,es ESP,MF,es La Liga,24-045,2002.0,9.5,0,15,5,33.3,1.58,0.53,0.0,0.0,0,0,3185,es ESP,MF,es La Liga,24-045,2002.0,19,853,45,33.8,9.5,10,63.0,1,9,24.0,9,1.53,13,11,2,0.21,0.27,2528,es ESP,MF,es La Liga,24-045,2002.0,9.5,5,0,0,20,13,0,8,5,20,0
Christantus Uche,ng NGA,FW,Getafe,es La Liga,22.0,2003.0,3,3,270,3.0,1,1,2,1,0,0,1,0,0.67,2531,ng NGA,FW,es La Liga,22-302,2003.0,3.0,1,6,1,16.7,2.0,0.33,0.17,1.0,0,0,3190,ng NGA,FW,es La Liga,22-302,2003.0,3,270,90,10.7,3.0,3,90.0,3,0,,0,2.0,4,4,0,0.0,0.28,2531,ng NGA,FW,es La Liga,22-302,2003.0,3.0,1,0,0,10,8,1,1,0,2,0
Filip Ugrinic,ch SUI,MF,Valencia,es La Liga,27.0,1999.0,18,12,1030,11.4,0,3,3,0,0,0,3,0,0.26,2536,ch SUI,MF,es La Liga,27-071,1999.0,11.4,0,15,2,13.3,1.31,0.17,0.0,0.0,0,0,3196,ch SUI,MF,es La Liga,27-071,1999.0,18,1030,57,40.9,11.4,12,74.0,1,6,23.0,4,1.17,11,17,-6,-0.52,-0.16,2536,ch SUI,MF,es La Liga,27-071,1999.0,11.4,3,0,0,12,11,3,35,7,9,0
Dayot Upamecano,fr FRA,DF,Bayern Munich,de Bundesliga,27.0,1998.0,21,19,1599,17.8,1,1,2,1,0,0,3,0,0.11,2541,fr FRA,DF,de Bundesliga,27-141,1998.0,17.8,1,8,2,25.0,0.45,0.11,0.13,0.5,0,0,3201,fr FRA,DF,de Bundesliga,27-141,1998.0,21,1599,76,68.3,17.8,19,82.0,12,2,23.0,3,2.71,68,18,50,2.81,0.63,2541,fr FRA,DF,de Bundesliga,27-141,1998.0,17.8,3,0,0,14,5,0,5,19,22,0
Jan Urbich,de GER,DF,Gladbach,de Bundesliga,21.0,2004.0,3,0,39,0.4,0,0,0,0,0,0,0,0,0.0,2542,de GER,DF,de Bundesliga,21-267,2004.0,0.4,0,0,0,,0.0,0.0,,,0,0,3202,de GER,DF,de Bundesliga,21-267,2004.0,3,39,13,1.7,0.4,0,,0,3,13.0,4,1.33,0,1,-1,-2.31,-1.84,2542,de GER,DF,de Bundesliga,21-267,2004.0,0.4,0,0,0,1,2,0,0,0,0,0
Can Uzun,tr TUR,MF,Eintracht Frankfurt,de Bundesliga,20.0,2005.0,14,11,799,8.9,6,3,9,5,1,1,2,0,0.9,2544,tr TUR,MF,de Bundesliga,20-126,2005.0,8.9,6,27,10,37.0,3.04,1.13,0.19,0.5,1,1,3204,tr TUR,MF,de Bundesliga,20-126,2005.0,14,799,57,34.1,8.9,11,64.0,1,3,30.0,1,1.43,25,15,10,1.13,1.71,2544,tr TUR,MF,de Bundesliga,20-126,2005.0,8.9,2,0,0,12,18,0,13,2,6,0
Victor Valdepeñas,es ESP,DF,Real Madrid,es La Liga,19.0,2006.0,1,1,77,0.9,0,0,0,0,0,0,0,0,0.0,2546,es ESP,DF,es La Liga,19-148,2006.0,0.9,0,0,0,,0.0,0.0,,,0,0,3206,es ESP,DF,es La Liga,19-148,2006.0,1,77,77,3.1,0.9,1,77.0,0,0,,0,3.0,2,1,1,1.17,-0.12,2546,es ESP,DF,es La Liga,19-148,2006.0,0.9,0,0,0,3,1,0,1,0,3,0
Lautaro Valenti,ar ARG,DF,Parma,it Serie A,27.0,1999.0,21,19,1742,19.4,0,0,0,0,0,0,5,0,0.0,2548,ar ARG,DF,it Serie A,27-062,1999.0,19.4,0,16,4,25.0,0.83,0.21,0.0,0.0,0,0,3208,ar ARG,DF,it Serie A,27-062,1999.0,21,1742,83,66.7,19.4,19,88.0,18,2,39.0,1,1.24,15,23,-8,-0.41,0.31,2548,ar ARG,DF,it Serie A,27-062,1999.0,19.4,5,0,0,18,15,0,19,25,25,0
Óscar Valentín,es ESP,MF,Rayo Vallecano,es La Liga,31.0,1994.0,24,18,1578,17.5,1,0,1,1,0,0,2,1,0.06,2549,es ESP,MF,es La Liga,31-209,1994.0,17.5,1,13,4,30.8,0.74,0.23,0.08,0.25,0,0,3209,es ESP,MF,es La Liga,31-209,1994.0,24,1578,66,62.6,17.5,18,80.0,9,6,23.0,3,1.21,15,13,2,0.11,0.88,2549,es ESP,MF,es La Liga,31-209,1994.0,17.5,2,1,0,20,16,0,2,19,27,0
Nicolás Valentini,ar ARG,DF,Hellas Verona,it Serie A,24.0,2001.0,14,10,929,10.3,0,0,0,0,0,0,2,0,0.0,2550,ar ARG,DF,it Serie A,24-345,2001.0,10.3,0,7,3,42.9,0.68,0.29,0.0,0.0,0,0,3210,ar ARG,DF,it Serie A,24-345,2001.0,14,929,66,35.6,10.3,10,88.0,9,4,13.0,5,0.93,9,18,-9,-0.87,0.2,2550,ar ARG,DF,it Serie A,24-345,2001.0,10.3,2,0,0,13,5,0,7,9,11,0
Martin Valjent,sk SVK,DF,Mallorca,es La Liga,30.0,1995.0,28,28,2520,28.0,0,0,0,0,0,0,4,0,0.0,2553,sk SVK,DF,es La Liga,30-096,1995.0,28.0,0,14,7,50.0,0.5,0.25,0.0,0.0,0,0,3213,sk SVK,DF,es La Liga,30-096,1995.0,28,2520,90,100.0,28.0,28,90.0,28,0,,0,1.0,33,45,-12,-0.43,,2553,sk SVK,DF,es La Liga,30-096,1995.0,28.0,4,0,0,27,9,0,2,15,21,0
Álex Valle,es ESP,DF,Como,it Serie A,21.0,2004.0,23,18,1653,18.4,0,4,4,0,0,0,2,0,0.22,2554,es ESP,DF,it Serie A,21-326,2004.0,18.4,0,10,1,10.0,0.54,0.05,0.0,0.0,0,0,3214,es ESP,DF,it Serie A,21-326,2004.0,23,1653,72,63.3,18.4,18,87.0,16,5,17.0,6,1.87,30,13,17,0.93,0.08,2554,es ESP,DF,it Serie A,21-326,2004.0,18.4,2,0,0,31,15,1,36,22,27,0
Vladyslav Vanat,ua UKR,FW,Girona,es La Liga,24.0,2002.0,25,25,1857,20.6,9,1,10,6,3,3,4,0,0.34,2559,ua UKR,FW,es La Liga,24-072,2002.0,20.6,9,27,18,66.7,1.31,0.87,0.22,0.33,3,3,3222,ua UKR,FW,es La Liga,24-072,2002.0,25,1857,74,73.7,20.6,25,74.0,7,0,,0,1.36,21,26,-5,-0.24,0.71,2559,ua UKR,FW,es La Liga,24-072,2002.0,20.6,4,0,0,28,16,20,5,2,3,0
Jari Vandeputte,be BEL,MF,Cremonese,it Serie A,30.0,1996.0,24,18,1495,16.6,0,4,4,0,0,0,2,0,0.24,2560,be BEL,MF,it Serie A,30-031,1996.0,16.6,0,15,5,33.3,0.9,0.3,0.0,0.0,0,0,3223,be BEL,MF,it Serie A,30-031,1996.0,24,1495,62,57.3,16.6,18,74.0,6,6,27.0,3,0.96,13,20,-7,-0.42,0.71,2560,be BEL,MF,it Serie A,30-031,1996.0,16.6,2,0,0,24,22,1,123,17,19,0
Charles Vanhoutte,be BEL,MF,Nice,fr Ligue 1,27.0,1998.0,21,19,1606,17.8,0,2,2,0,0,0,7,0,0.11,2563,be BEL,MF,fr Ligue 1,27-182,1998.0,17.8,0,3,1,33.3,0.17,0.06,0.0,0.0,0,0,3226,be BEL,MF,fr Ligue 1,27-182,1998.0,21,1606,76,68.6,17.8,19,83.0,10,2,15.0,1,1.1,21,32,-11,-0.62,0.0,2563,be BEL,MF,fr Ligue 1,27-182,1998.0,17.8,7,0,0,30,7,0,13,19,24,0
Jamie Vardy,eng ENG,FW,Cremonese,it Serie A,39.0,1987.0,24,21,1803,20.0,5,1,6,5,0,0,4,0,0.3,2564,eng ENG,FW,it Serie A,39-065,1987.0,20.0,5,26,12,46.2,1.3,0.6,0.19,0.42,0,0,3227,eng ENG,FW,it Serie A,39-065,1987.0,24,1803,75,69.1,20.0,21,81.0,14,3,31.0,1,0.67,14,27,-13,-0.65,0.24,2564,eng ENG,FW,it Serie A,39-065,1987.0,20.0,4,0,0,17,18,15,13,3,8,0
Obed Vargas,mx MEX,MF,Atlético Madrid,es La Liga,20.0,2005.0,3,1,128,1.4,0,0,0,0,0,0,1,0,0.0,2565,mx MEX,MF,es La Liga,20-224,2005.0,1.4,0,0,0,,0.0,0.0,,,0,0,3228,mx MEX,MF,es La Liga,20-224,2005.0,3,128,43,5.1,1.4,1,72.0,0,2,28.0,3,1.0,1,1,0,0.0,-0.83,2565,mx MEX,MF,es La Liga,20-224,2005.0,1.4,1,0,0,1,2,0,4,0,4,0
Ruben Vargas,ch SUI,MF,Sevilla,es La Liga,27.0,1998.0,14,11,916,10.2,3,4,7,2,1,1,1,0,0.59,2566,ch SUI,MF,es La Liga,27-224,1998.0,10.2,3,23,6,26.1,2.26,0.59,0.09,0.33,1,1,3229,ch SUI,MF,es La Liga,27-224,1998.0,14,916,65,36.3,10.2,11,76.0,2,3,28.0,0,1.14,12,18,-6,-0.59,-0.37,2566,ch SUI,MF,es La Liga,27-224,1998.0,10.2,1,0,0,7,9,5,36,6,9,0
Johan Vásquez,mx MEX,DF,Genoa,it Serie A,27.0,1998.0,29,29,2592,28.8,0,0,0,0,0,0,2,0,0.0,2568,mx MEX,DF,it Serie A,27-146,1998.0,28.8,0,22,5,22.7,0.76,0.17,0.0,0.0,0,0,3232,mx MEX,DF,it Serie A,27-146,1998.0,29,2592,89,99.3,28.8,29,89.0,28,0,,0,1.14,34,40,-6,-0.21,-10.21,2568,mx MEX,DF,it Serie A,27-146,1998.0,28.8,2,0,0,21,33,1,12,37,25,0
Denis Vavro,sk SVK,DF,Wolfsburg,de Bundesliga,29.0,1996.0,10,6,558,6.2,1,0,1,1,0,0,1,0,0.16,2569,sk SVK,DF,de Bundesliga,29-341,1996.0,6.2,1,6,3,50.0,0.97,0.48,0.17,0.33,0,0,3234,sk SVK,DF,de Bundesliga,29-341,1996.0,10,558,56,23.8,6.2,6,90.0,5,4,5.0,7,0.8,7,15,-8,-1.29,-0.63,2569,sk SVK,DF,de Bundesliga,29-341,1996.0,6.2,1,0,0,5,4,0,2,3,4,0
José Luis García Vayá,es ESP,MF,Valencia,es La Liga,27.0,1998.0,22,20,1701,18.9,2,0,2,1,1,3,3,0,0.05,2570,es ESP,MF,es La Liga,27-218,1998.0,18.9,2,22,3,13.6,1.16,0.16,0.05,0.33,1,3,3235,es ESP,MF,es La Liga,27-218,1998.0,22,1701,77,67.5,18.9,20,82.0,8,2,33.0,6,1.05,15,28,-13,-0.69,-0.8,2570,es ESP,MF,es La Liga,27-218,1998.0,18.9,3,0,0,27,11,1,42,15,25,0
Robinio Vaz,fr FRA,FW,Marseille,fr Ligue 1,19.0,2007.0,14,3,379,4.2,4,2,6,4,0,0,2,0,1.42,2571,fr FRA,FW,fr Ligue 1,19-028,2007.0,4.2,4,8,6,75.0,1.9,1.42,0.5,0.67,0,0,3236,fr FRA,FW,fr Ligue 1,19-028,2007.0,14,379,27,16.2,4.2,3,59.0,0,11,18.0,2,1.86,16,6,10,2.37,1.92,2571,fr FRA,FW,fr Ligue 1,19-028,2007.0,4.2,2,0,0,8,9,3,4,3,4,0
Robinio Vaz,fr FRA,FW,Roma,it Serie A,19.0,2007.0,6,0,98,1.1,0,0,0,0,0,0,0,0,0.0,2572,fr FRA,FW,it Serie A,19-028,2007.0,1.1,0,3,1,33.3,2.76,0.92,0.0,0.0,0,0,3237,fr FRA,FW,it Serie A,19-028,2007.0,6,98,16,3.8,1.1,0,,0,6,16.0,2,0.83,1,2,-1,-0.92,-1.53,2572,fr FRA,FW,it Serie A,19-028,2007.0,1.1,0,0,0,1,6,1,0,1,0,0
Lucas Vázquez,es ESP,MF,Leverkusen,de Bundesliga,34.0,1991.0,9,5,393,4.4,1,2,3,1,0,0,2,0,0.69,2575,es ESP,MF,de Bundesliga,34-259,1991.0,4.4,1,3,1,33.3,0.69,0.23,0.33,1.0,0,0,3240,es ESP,MF,de Bundesliga,34-259,1991.0,9,393,44,16.8,4.4,5,62.0,1,4,21.0,3,2.11,10,1,9,2.06,1.74,2575,es ESP,MF,de Bundesliga,34-259,1991.0,4.4,2,0,0,6,8,1,12,2,4,0
Luis Vázquez,ar ARG,FW,Getafe,es La Liga,25.0,2001.0,8,8,620,6.9,2,0,2,2,0,0,0,0,0.29,2576,ar ARG,FW,es La Liga,25-052,2001.0,6.9,2,11,5,45.5,1.6,0.73,0.18,0.4,0,0,3241,ar ARG,FW,es La Liga,25-052,2001.0,8,620,78,24.6,6.9,8,78.0,0,0,,0,1.75,7,3,4,0.58,1.1,2576,ar ARG,FW,es La Liga,25-052,2001.0,6.9,0,0,0,8,17,11,2,2,2,0
Matías Vecino,uy URU,MF,Lazio,it Serie A,34.0,1991.0,13,5,603,6.7,0,1,1,0,0,0,1,0,0.15,2577,uy URU,MF,it Serie A,34-205,1991.0,6.7,0,7,1,14.3,1.04,0.15,0.0,0.0,0,0,3242,uy URU,MF,it Serie A,34-205,1991.0,13,603,46,23.1,6.7,5,73.0,2,8,30.0,2,1.62,7,4,3,0.45,0.54,2577,uy URU,MF,it Serie A,34-205,1991.0,6.7,1,0,0,8,3,0,0,7,9,0
Matías Vecino,uy URU,MF,Celta Vigo,es La Liga,34.0,1991.0,3,1,72,0.8,0,0,0,0,0,0,0,0,0.0,2578,uy URU,MF,es La Liga,34-205,1991.0,0.8,0,2,0,0.0,2.5,0.0,0.0,,0,0,3243,uy URU,MF,es La Liga,34-205,1991.0,3,72,24,2.9,0.8,1,68.0,0,2,2.0,3,1.33,1,1,0,0.0,-0.26,2578,uy URU,MF,es La Liga,34-205,1991.0,0.8,0,0,0,2,0,0,1,2,3,0
Danilo Veiga,pt POR,DF,Lecce,it Serie A,23.0,2002.0,27,24,2261,25.1,0,1,1,0,0,0,6,0,0.04,2579,pt POR,DF,it Serie A,23-173,2002.0,25.1,0,6,2,33.3,0.24,0.08,0.0,0.0,0,0,3244,pt POR,DF,it Serie A,23-173,2002.0,27,2261,84,86.6,25.1,24,89.0,23,3,41.0,1,1.0,19,32,-13,-0.52,0.77,2579,pt POR,DF,it Serie A,23-173,2002.0,25.1,6,0,0,27,33,0,60,22,44,0
Renato Veiga,pt POR,DF,Villarreal,es La Liga,22.0,2003.0,24,19,1761,19.6,0,0,0,0,0,0,3,1,0.0,2580,pt POR,DF,es La Liga,22-231,2003.0,19.6,0,8,3,37.5,0.41,0.15,0.0,0.0,0,0,3245,pt POR,DF,es La Liga,22-231,2003.0,24,1761,73,69.9,19.6,19,87.0,18,5,21.0,2,1.88,34,27,7,0.36,-0.95,2580,pt POR,DF,es La Liga,22-231,2003.0,19.6,3,1,0,15,4,2,2,18,5,0
Unai Vencedor Paris,es ESP,MF,Levante,es La Liga,25.0,2000.0,16,11,812,9.0,0,0,0,0,0,0,3,1,0.0,2583,es ESP,MF,es La Liga,25-122,2000.0,9.0,0,0,0,,0.0,0.0,,,0,0,3249,es ESP,MF,es La Liga,25-122,2000.0,16,812,51,32.2,9.0,11,67.0,0,5,15.0,6,0.88,7,16,-9,-1.0,-0.63,2583,es ESP,MF,es La Liga,25-122,2000.0,9.0,3,1,0,25,8,0,23,4,13,0
Lorenzo Venturino,it ITA,FW,Genoa,it Serie A,19.0,2006.0,2,0,40,0.4,0,0,0,0,0,0,0,0,0.0,2584,it ITA,FW,it Serie A,19-268,2006.0,0.4,0,1,1,100.0,2.25,2.25,0.0,0.0,0,0,3250,it ITA,FW,it Serie A,19-268,2006.0,2,40,20,1.5,0.4,0,,0,2,20.0,19,0.5,0,0,0,0.0,0.14,2584,it ITA,FW,it Serie A,19-268,2006.0,0.4,0,0,0,1,0,0,8,0,0,0
Lorenzo Venturino,it ITA,MF,Roma,it Serie A,19.0,2006.0,6,1,143,1.6,0,0,0,0,0,0,0,0,0.0,2585,it ITA,MF,it Serie A,19-268,2006.0,1.6,0,2,0,0.0,1.26,0.0,0.0,,0,0,3251,it ITA,MF,it Serie A,19-268,2006.0,6,143,24,5.5,1.6,1,45.0,0,5,20.0,2,1.33,4,1,3,1.89,1.41,2585,it ITA,MF,it Serie A,19-268,2006.0,1.6,0,0,0,0,1,1,17,0,0,0
Calvin Verdonk,id IDN,DF,Lille,fr Ligue 1,28.0,1997.0,12,6,640,7.1,0,0,0,0,0,0,2,1,0.0,2588,id IDN,DF,fr Ligue 1,28-325,1997.0,7.1,0,2,0,0.0,0.28,0.0,0.0,,0,0,3255,id IDN,DF,fr Ligue 1,28-325,1997.0,12,640,53,27.4,7.1,6,85.0,3,6,22.0,5,1.33,7,8,-1,-0.14,-0.56,2588,id IDN,DF,fr Ligue 1,28-325,1997.0,7.1,2,1,0,12,3,0,25,11,7,0
Antonio Vergara,it ITA,MF,Napoli,it Serie A,23.0,2003.0,11,8,601,6.7,1,2,3,1,0,0,2,0,0.45,2589,it ITA,MF,it Serie A,23-060,2003.0,6.7,1,10,3,30.0,1.5,0.45,0.1,0.33,0,0,3256,it ITA,MF,it Serie A,23-060,2003.0,11,601,55,23.0,6.7,8,73.0,1,3,7.0,15,2.09,10,9,1,0.15,-0.48,2589,it ITA,MF,it Serie A,23-060,2003.0,6.7,2,0,0,16,20,2,11,4,9,0
Arthur Vermeeren,be BEL,MF,Marseille,fr Ligue 1,21.0,2005.0,14,8,624,6.9,0,1,1,0,0,0,1,1,0.14,2590,be BEL,MF,fr Ligue 1,21-038,2005.0,6.9,0,2,0,0.0,0.29,0.0,0.0,,0,0,3257,be BEL,MF,fr Ligue 1,21-038,2005.0,14,624,45,26.7,6.9,8,69.0,4,6,12.0,9,1.86,10,10,0,0.0,-1.05,2590,be BEL,MF,fr Ligue 1,21-038,2005.0,6.9,1,1,0,12,1,0,3,5,8,0
Ioan Vermeșan,ro ROU,FW,Hellas Verona,it Serie A,19.0,2006.0,1,0,9,0.1,0,0,0,0,0,0,0,0,0.0,2591,ro ROU,FW,it Serie A,19-150,2006.0,0.1,0,0,0,,0.0,0.0,,,0,0,3258,ro ROU,FW,it Serie A,19-150,2006.0,1,9,9,0.3,0.1,0,,0,1,9.0,6,0.0,0,0,0,0.0,1.0,2591,ro ROU,FW,it Serie A,19-150,2006.0,0.1,0,0,0,0,0,0,0,0,0,0
Jozhua Vertrouwd,nl NED,DF,Rayo Vallecano,es La Liga,21.0,2004.0,7,1,276,3.1,0,0,0,0,0,0,0,0,0.0,2592,nl NED,DF,es La Liga,21-208,2004.0,3.1,0,1,0,0.0,0.33,0.0,0.0,,0,0,3260,nl NED,DF,es La Liga,21-208,2004.0,7,276,39,11.0,3.1,1,90.0,1,6,31.0,15,0.86,4,9,-5,-1.63,-1.59,2592,nl NED,DF,es La Liga,21-208,2004.0,3.1,0,0,0,2,2,0,0,3,2,1
Mikel Vesga,es ESP,MF,Athletic Club,es La Liga,32.0,1993.0,18,1,362,4.0,0,0,0,0,0,0,0,0,0.0,2593,es ESP,MF,es La Liga,32-300,1993.0,4.0,0,2,0,0.0,0.5,0.0,0.0,,0,0,3261,es ESP,MF,es La Liga,32-300,1993.0,18,362,20,14.4,4.0,1,45.0,0,17,19.0,8,1.28,4,8,-4,-0.99,-0.74,2593,es ESP,MF,es La Liga,32-300,1993.0,4.0,0,0,0,8,7,0,2,9,9,0
Carlos Vicente,es ESP,MF,Alavés,es La Liga,26.0,1999.0,21,11,1258,14.0,5,0,5,2,3,3,1,0,0.14,2595,es ESP,MF,es La Liga,26-328,1999.0,14.0,5,12,6,50.0,0.86,0.43,0.17,0.33,3,3,3263,es ESP,MF,es La Liga,26-328,1999.0,21,1258,60,49.9,14.0,11,79.0,6,10,39.0,0,1.05,12,19,-7,-0.5,-0.14,2595,es ESP,MF,es La Liga,26-328,1999.0,14.0,1,0,0,12,42,10,128,7,18,0
Nacho Vidal,es ESP,DF,Oviedo,es La Liga,31.0,1995.0,19,18,1496,16.6,0,0,0,0,0,0,4,0,0.0,2596,es ESP,DF,es La Liga,31-052,1995.0,16.6,0,8,3,37.5,0.48,0.18,0.0,0.0,0,0,3264,es ESP,DF,es La Liga,31-052,1995.0,19,1496,79,59.4,16.6,18,82.0,12,1,25.0,2,0.79,10,21,-11,-0.66,0.66,2596,es ESP,DF,es La Liga,31-052,1995.0,16.6,4,0,0,20,22,1,26,18,24,0
Julián Vignolo,ar ARG,MF,Toulouse,fr Ligue 1,19.0,2006.0,12,1,194,2.2,2,0,2,2,0,0,0,0,0.93,2598,ar ARG,MF,fr Ligue 1,19-100,2006.0,2.2,2,8,7,87.5,3.71,3.25,0.25,0.29,0,0,3267,ar ARG,MF,fr Ligue 1,19-100,2006.0,12,194,16,8.3,2.2,1,45.0,0,11,14.0,13,1.17,4,4,0,0.0,-0.21,2598,ar ARG,MF,fr Ligue 1,19-100,2006.0,2.2,0,0,0,3,1,0,10,0,3,0
Gonzalo Villar,es ESP,MF,Elche,es La Liga,27.0,1998.0,2,0,35,0.4,0,0,0,0,0,0,1,0,0.0,2599,es ESP,MF,es La Liga,27-359,1998.0,0.4,0,0,0,,0.0,0.0,,,0,0,3270,es ESP,MF,es La Liga,27-359,1998.0,2,35,18,1.4,0.4,0,,0,2,18.0,4,0.0,1,1,0,0.0,0.33,2599,es ESP,MF,es La Liga,27-359,1998.0,0.4,1,0,0,1,1,0,0,0,0,0
Martin Vitík,cz CZE,DF,Bologna,it Serie A,23.0,2003.0,16,12,1131,12.6,0,0,0,0,0,0,3,0,0.0,2603,cz CZE,DF,it Serie A,23-055,2003.0,12.6,0,6,0,0.0,0.48,0.0,0.0,,0,0,3277,cz CZE,DF,it Serie A,23-055,2003.0,16,1131,71,43.3,12.6,12,80.0,9,4,43.0,10,1.69,15,15,0,0.0,-0.24,2603,cz CZE,DF,it Serie A,23-055,2003.0,12.6,3,0,0,19,3,0,2,6,15,0
Vitinha,pt POR,MF,Paris Saint-Germain,fr Ligue 1,26.0,2000.0,24,21,1855,20.6,1,7,8,1,0,0,2,0,0.39,2604,pt POR,MF,fr Ligue 1,26-032,2000.0,20.6,1,31,10,32.3,1.5,0.49,0.03,0.1,0,0,3278,pt POR,MF,fr Ligue 1,26-032,2000.0,24,1855,77,82.4,20.6,21,83.0,17,3,35.0,1,2.33,43,17,26,1.26,-0.11,2604,pt POR,MF,fr Ligue 1,26-032,2000.0,20.6,2,0,0,13,19,0,19,24,17,0
Daniel Vivian,es ESP,DF,Athletic Club,es La Liga,26.0,1999.0,23,22,2008,22.3,0,0,0,0,0,0,8,1,0.0,2607,es ESP,DF,es La Liga,26-245,1999.0,22.3,0,13,4,30.8,0.58,0.18,0.0,0.0,0,0,3281,es ESP,DF,es La Liga,26-245,1999.0,23,2008,87,79.7,22.3,22,89.0,21,1,58.0,0,1.17,21,31,-10,-0.45,-0.45,2607,es ESP,DF,es La Liga,26-245,1999.0,22.3,8,1,0,35,12,1,6,30,29,0
Dušan Vlahović,rs SRB,FW,Juventus,it Serie A,26.0,2000.0,13,8,680,7.6,3,1,4,2,1,1,0,0,0.4,2609,rs SRB,FW,it Serie A,26-048,2000.0,7.6,3,30,11,36.7,3.97,1.46,0.07,0.18,1,1,3283,rs SRB,FW,it Serie A,26-048,2000.0,13,680,52,26.1,7.6,8,71.0,1,5,22.0,0,1.77,12,9,3,0.4,-0.54,2609,rs SRB,FW,it Serie A,26-048,2000.0,7.6,0,0,0,7,15,4,3,2,3,0
Cristian Volpato,it ITA,FW,Sassuolo,it Serie A,22.0,2003.0,15,6,667,7.4,1,4,5,1,0,0,2,0,0.67,2612,it ITA,FW,it Serie A,22-122,2003.0,7.4,1,11,4,36.4,1.48,0.54,0.09,0.25,0,0,3286,it ITA,FW,it Serie A,22-122,2003.0,15,667,44,25.6,7.4,6,75.0,0,9,24.0,8,1.4,13,9,4,0.54,0.91,2612,it ITA,FW,it Serie A,22-122,2003.0,7.4,2,0,0,11,5,0,36,3,6,0
Alexis Vossah,fr FRA,MF,Toulouse,fr Ligue 1,18.0,2008.0,18,8,767,8.5,1,1,2,1,0,0,3,1,0.23,2613,fr FRA,MF,fr Ligue 1,18-006,2008.0,8.5,1,8,2,25.0,0.94,0.23,0.13,0.5,0,0,3287,fr FRA,MF,fr Ligue 1,18-006,2008.0,18,767,43,32.8,8.5,8,73.0,2,10,19.0,4,1.39,17,9,8,0.94,1.11,2613,fr FRA,MF,fr Ligue 1,18-006,2008.0,8.5,3,1,0,14,7,0,5,5,5,0
Aster Vranckx,be BEL,MF,Sassuolo,it Serie A,23.0,2002.0,14,8,609,6.8,0,0,0,0,0,0,2,0,0.0,2614,be BEL,MF,it Serie A,23-164,2002.0,6.8,0,3,1,33.3,0.44,0.15,0.0,0.0,0,0,3288,be BEL,MF,it Serie A,23-164,2002.0,14,609,44,23.3,6.8,8,61.0,0,6,21.0,11,0.93,3,8,-5,-0.74,-0.78,2614,be BEL,MF,it Serie A,23-164,2002.0,6.8,2,0,0,14,17,1,5,0,6,0
Stefan de Vrij,nl NED,DF,Inter,it Serie A,34.0,1992.0,8,5,410,4.6,0,0,0,0,0,0,1,0,0.0,2615,nl NED,DF,it Serie A,34-040,1992.0,4.6,0,5,2,40.0,1.1,0.44,0.0,0.0,0,0,3289,nl NED,DF,it Serie A,34-040,1992.0,8,410,51,15.7,4.6,5,79.0,3,3,5.0,21,2.75,13,4,9,1.98,0.63,2615,nl NED,DF,it Serie A,34-040,1992.0,4.6,1,0,0,3,1,0,0,1,7,0
İsak Vural,tr TUR,MF,Pisa,it Serie A,19.0,2006.0,9,5,434,4.8,0,0,0,0,0,0,3,0,0.0,2616,tr TUR,MF,it Serie A,19-293,2006.0,4.8,0,3,0,0.0,0.62,0.0,0.0,,0,0,3291,tr TUR,MF,it Serie A,19-293,2006.0,9,434,48,16.6,4.8,5,73.0,1,4,18.0,5,0.89,4,9,-5,-1.04,-0.17,2616,tr TUR,MF,it Serie A,19-293,2006.0,4.8,3,0,0,9,21,0,5,2,3,0
Luka Vušković,hr CRO,DF,Hamburger SV,de Bundesliga,19.0,2007.0,23,23,2070,23.0,5,0,5,4,1,1,5,0,0.17,2617,hr CRO,DF,de Bundesliga,19-021,2007.0,23.0,5,28,8,28.6,1.22,0.35,0.14,0.5,1,1,3292,hr CRO,DF,de Bundesliga,19-021,2007.0,23,2070,90,88.5,23.0,23,90.0,23,0,,1,1.22,28,34,-6,-0.26,0.41,2617,hr CRO,DF,de Bundesliga,19-021,2007.0,23.0,5,0,0,22,27,1,2,28,14,0
Yannik Wagner,de GER,FW,Heidenheim,de Bundesliga,18.0,2007.0,4,0,49,0.5,0,0,0,0,0,0,0,0,0.0,2618,de GER,FW,de Bundesliga,18-312,2007.0,0.5,0,1,0,0.0,1.84,0.0,0.0,,0,0,3294,de GER,FW,de Bundesliga,18-312,2007.0,4,49,12,2.1,0.5,0,,0,4,12.0,5,0.75,3,0,3,5.51,6.96,2618,de GER,FW,de Bundesliga,18-312,2007.0,0.5,0,0,0,0,0,0,2,0,0,0
Elye Wahi,fr FRA,FW,Nice,fr Ligue 1,23.0,2003.0,7,5,400,4.4,4,1,5,4,0,0,2,0,1.13,2619,fr FRA,FW,fr Ligue 1,23-074,2003.0,4.4,4,14,10,71.4,3.15,2.25,0.29,0.4,0,0,3295,fr FRA,FW,fr Ligue 1,23-074,2003.0,7,400,57,17.1,4.4,5,65.0,1,2,37.0,0,1.29,9,8,1,0.23,1.01,2619,fr FRA,FW,fr Ligue 1,23-074,2003.0,4.4,2,0,0,12,2,7,6,1,0,0
Elye Wahi,fr FRA,FW,Eintracht Frankfurt,de Bundesliga,23.0,2003.0,10,3,324,3.6,0,1,1,0,0,0,1,0,0.28,2620,fr FRA,FW,de Bundesliga,23-074,2003.0,3.6,0,7,3,42.9,1.94,0.83,0.0,0.0,0,0,3296,fr FRA,FW,de Bundesliga,23-074,2003.0,10,324,32,13.8,3.6,3,75.0,0,7,14.0,2,1.9,7,13,-6,-1.67,-1.93,2620,fr FRA,FW,de Bundesliga,23-074,2003.0,3.6,1,0,0,2,4,4,5,0,1,0
Hauke Wahl,de GER,DF,St Pauli,de Bundesliga,31.0,1994.0,22,22,1935,21.5,2,0,2,2,0,0,1,0,0.09,2621,de GER,DF,de Bundesliga,31-336,1994.0,21.5,2,6,4,66.7,0.28,0.19,0.33,0.5,0,0,3297,de GER,DF,de Bundesliga,31-336,1994.0,22,1935,88,82.7,21.5,22,88.0,21,0,,0,0.95,19,31,-12,-0.56,1.0,2621,de GER,DF,de Bundesliga,31-336,1994.0,21.5,1,0,0,9,11,1,9,23,29,0
Sebastian Walukiewicz,pl POL,DF,Sassuolo,it Serie A,25.0,2000.0,27,26,2246,25.0,0,1,1,0,0,0,6,0,0.04,2625,pl POL,DF,it Serie A,25-346,2000.0,25.0,0,6,0,0.0,0.24,0.0,0.0,,0,0,3301,pl POL,DF,it Serie A,25-346,2000.0,27,2246,83,86.1,25.0,26,86.0,21,1,22.0,0,1.3,28,34,-6,-0.24,-0.73,2625,pl POL,DF,it Serie A,25-346,2000.0,25.0,6,0,0,27,10,0,43,18,26,0
Tobias Weigel,de GER,FW,Heidenheim,de Bundesliga,18.0,2007.0,1,0,2,0.0,0,0,0,0,0,0,0,0,0.0,2632,de GER,FW,de Bundesliga,18-325,2007.0,0.0,0,0,0,,0.0,0.0,,,0,0,3309,de GER,FW,de Bundesliga,18-325,2007.0,1,2,2,0.1,0.0,0,,0,1,2.0,1,0.0,0,0,0,0.0,1.31,2632,de GER,FW,de Bundesliga,18-325,2007.0,0.0,0,0,0,0,0,0,0,0,0,0
Nelson Weiper,de GER,FW,Mainz 05,de Bundesliga,21.0,2005.0,17,3,489,5.4,0,0,0,0,0,0,1,0,0.0,2633,de GER,FW,de Bundesliga,21-000,2005.0,5.4,0,11,5,45.5,2.02,0.92,0.0,0.0,0,0,3310,de GER,FW,de Bundesliga,21-000,2005.0,17,489,29,20.9,5.4,3,83.0,2,14,17.0,3,0.88,2,9,-7,-1.29,-1.14,2633,de GER,FW,de Bundesliga,21-000,2005.0,5.4,1,0,0,5,2,5,5,3,2,0
Wesley,br BRA,MF,Roma,it Serie A,22.0,2003.0,26,24,2109,23.4,4,0,4,4,0,0,7,1,0.17,2636,br BRA,MF,it Serie A,22-192,2003.0,23.4,4,22,10,45.5,0.94,0.43,0.18,0.4,0,0,3315,br BRA,MF,it Serie A,22-192,2003.0,26,2109,81,80.8,23.4,24,85.0,14,2,37.0,0,1.85,36,15,21,0.9,1.79,2636,br BRA,MF,it Serie A,22-192,2003.0,23.4,7,1,1,31,50,1,84,18,39,0
Wesley,br BRA,MF,Real Sociedad,es La Liga,21.0,2005.0,3,1,66,0.7,0,0,0,0,0,0,0,0,0.0,2637,br BRA,MF,es La Liga,21-012,2005.0,0.7,0,0,0,,0.0,0.0,,,0,0,3316,br BRA,MF,es La Liga,21-012,2005.0,3,66,22,2.6,0.7,1,45.0,0,2,11.0,4,1.33,1,4,-3,-4.09,-4.24,2637,br BRA,MF,es La Liga,21-012,2005.0,0.7,0,0,0,2,0,0,1,0,0,0
Silvan Widmer,ch SUI,MF,Mainz 05,de Bundesliga,33.0,1993.0,20,17,1409,15.7,2,0,2,2,0,0,5,0,0.13,2640,ch SUI,MF,de Bundesliga,33-012,1993.0,15.7,2,17,3,17.6,1.09,0.19,0.12,0.67,0,0,3320,ch SUI,MF,de Bundesliga,33-012,1993.0,20,1409,70,60.2,15.7,17,80.0,5,3,17.0,4,1.2,18,21,-3,-0.19,0.49,2640,ch SUI,MF,de Bundesliga,33-012,1993.0,15.7,5,0,0,13,10,2,25,14,24,0
Nico Williams,es ESP,MF,Athletic Club,es La Liga,23.0,2002.0,19,15,1308,14.5,4,2,6,3,1,2,1,0,0.34,2644,es ESP,MF,es La Liga,23-248,2002.0,14.5,4,37,13,35.1,2.55,0.89,0.08,0.23,1,2,3325,es ESP,MF,es La Liga,23-248,2002.0,19,1308,69,51.9,14.5,15,77.0,2,4,39.0,0,1.42,18,20,-2,-0.14,0.46,2644,es ESP,MF,es La Liga,23-248,2002.0,14.5,1,0,0,17,23,5,50,6,6,0
Patrick Wimmer,at AUT,MF,Wolfsburg,de Bundesliga,24.0,2001.0,18,15,1168,13.0,3,3,6,3,0,0,4,0,0.46,2649,at AUT,MF,de Bundesliga,24-291,2001.0,13.0,3,15,6,40.0,1.16,0.46,0.2,0.5,0,0,3331,at AUT,MF,de Bundesliga,24-291,2001.0,18,1168,65,49.9,13.0,15,73.0,3,3,23.0,0,1.11,21,25,-4,-0.31,1.0,2649,at AUT,MF,de Bundesliga,24-291,2001.0,13.0,4,0,0,20,24,1,21,16,14,0
Jonas Wind,dk DEN,FW,Wolfsburg,de Bundesliga,27.0,1999.0,9,3,329,3.7,0,0,0,0,0,0,1,0,0.0,2650,dk DEN,FW,de Bundesliga,27-038,1999.0,3.7,0,7,4,57.1,1.91,1.09,0.0,0.0,0,0,3332,dk DEN,FW,de Bundesliga,27-038,1999.0,9,329,37,14.1,3.7,3,75.0,1,6,17.0,2,0.56,2,7,-5,-1.37,-0.65,2650,dk DEN,FW,de Bundesliga,27-038,1999.0,3.7,1,0,0,1,11,2,0,0,0,0
Axel Witsel,be BEL,MF,Girona,es La Liga,37.0,1989.0,22,20,1728,19.2,1,2,3,1,0,0,2,1,0.16,2654,be BEL,MF,es La Liga,37-064,1989.0,19.2,1,18,4,22.2,0.94,0.21,0.06,0.25,0,0,3336,be BEL,MF,es La Liga,37-064,1989.0,22,1728,79,68.6,19.2,20,84.0,14,2,28.0,1,1.18,24,29,-5,-0.26,0.54,2654,be BEL,MF,es La Liga,37-064,1989.0,19.2,2,1,1,29,25,0,1,20,18,0
Nick Woltemade,de GER,MF,Stuttgart,de Bundesliga,24.0,2002.0,1,1,90,1.0,0,0,0,0,0,0,0,0,0.0,2656,de GER,MF,de Bundesliga,24-031,2002.0,1.0,0,0,0,,0.0,0.0,,,0,0,3339,de GER,MF,de Bundesliga,24-031,2002.0,1,90,90,3.8,1.0,1,90.0,1,0,,0,0.0,1,2,-1,-1.0,-1.72,2656,de GER,MF,de Bundesliga,24-031,2002.0,1.0,0,0,0,1,3,1,0,0,0,0
Christopher Wooh,cm CMR,DF,Rennes,fr Ligue 1,24.0,2001.0,2,1,64,0.7,0,0,0,0,0,0,0,1,0.0,2660,cm CMR,DF,fr Ligue 1,24-180,2001.0,0.7,0,0,0,,0.0,0.0,,,0,0,3344,cm CMR,DF,fr Ligue 1,24-180,2001.0,2,64,32,2.7,0.7,1,10.0,0,1,54.0,0,1.5,1,0,1,1.41,1.21,2660,cm CMR,DF,fr Ligue 1,24-180,2001.0,0.7,0,1,0,1,0,0,0,0,0,0
Daniel Xavier Semedo,fr FRA,MF,Lorient,fr Ligue 1,22.0,2003.0,1,0,11,0.1,0,0,0,0,0,0,0,0,0.0,2662,fr FRA,MF,fr Ligue 1,22-143,2003.0,0.1,0,0,0,,0.0,0.0,,,0,0,3347,fr FRA,MF,fr Ligue 1,22-143,2003.0,1,11,11,0.5,0.1,0,,0,1,11.0,1,1.0,1,0,1,8.18,8.34,2662,fr FRA,MF,fr Ligue 1,22-143,2003.0,0.1,0,0,0,2,0,0,0,1,0,0
Daniel Yáñez,es ESP,MF,Real Madrid,es La Liga,18.0,2007.0,1,0,33,0.4,0,1,1,0,0,0,0,0,2.73,2665,es ESP,MF,es La Liga,18-354,2007.0,0.4,0,0,0,,0.0,0.0,,,0,0,3350,es ESP,MF,es La Liga,18-354,2007.0,1,33,33,1.3,0.4,0,,0,1,33.0,0,3.0,2,1,1,2.73,1.46,2665,es ESP,MF,es La Liga,18-354,2007.0,0.4,0,0,0,0,3,0,1,0,1,0
Roman Yaremchuk,ua UKR,FW,Lyon,fr Ligue 1,30.0,1995.0,5,1,168,1.9,0,1,1,0,0,0,0,0,0.54,2666,ua UKR,FW,fr Ligue 1,30-110,1995.0,1.9,0,3,1,33.3,1.61,0.54,0.0,0.0,0,0,3351,ua UKR,FW,fr Ligue 1,30-110,1995.0,5,168,34,7.2,1.9,1,59.0,0,4,27.0,0,1.0,3,3,0,0.0,-0.54,2666,ua UKR,FW,fr Ligue 1,30-110,1995.0,1.9,0,0,0,2,0,4,1,0,0,0
Gessime Yassine,ma MAR,MF,Strasbourg,fr Ligue 1,20.0,2005.0,6,2,145,1.6,0,0,0,0,0,0,0,0,0.0,2668,ma MAR,MF,fr Ligue 1,20-115,2005.0,1.6,0,3,0,0.0,1.86,0.0,0.0,,0,0,3353,ma MAR,MF,fr Ligue 1,20-115,2005.0,6,145,24,6.2,1.6,2,57.0,0,4,8.0,3,1.5,1,1,0,0.0,-0.37,2668,ma MAR,MF,fr Ligue 1,20-115,2005.0,1.6,0,0,0,3,5,0,5,1,2,0
Terry Yegbe,gh GHA,DF,Metz,fr Ligue 1,25.0,2001.0,18,16,1440,16.0,0,1,1,0,0,0,2,0,0.06,2670,gh GHA,DF,fr Ligue 1,25-051,2001.0,16.0,0,4,1,25.0,0.25,0.06,0.0,0.0,0,0,3355,gh GHA,DF,fr Ligue 1,25-051,2001.0,18,1440,80,61.5,16.0,16,86.0,13,2,30.0,6,0.61,18,39,-21,-1.31,0.09,2670,gh GHA,DF,fr Ligue 1,25-051,2001.0,16.0,2,0,0,15,7,0,5,14,6,0
Bertuğ Yıldırım,tr TUR,FW,Rennes,fr Ligue 1,23.0,2002.0,1,0,3,0.0,0,0,0,0,0,0,0,0,0.0,2671,tr TUR,FW,fr Ligue 1,23-248,2002.0,0.0,0,0,0,,0.0,0.0,,,0,0,3356,tr TUR,FW,fr Ligue 1,23-248,2002.0,1,3,3,0.1,0.0,0,,0,1,3.0,2,1.0,0,0,0,0.0,-0.23,2671,tr TUR,FW,fr Ligue 1,23-248,2002.0,0.0,0,0,0,0,0,0,0,0,0,0
Ali Yousuf,ly LBY,DF,Nantes,fr Ligue 1,24.0,2001.0,6,6,527,5.9,0,0,0,0,0,0,3,0,0.0,2675,ly LBY,DF,fr Ligue 1,24-251,2001.0,5.9,0,2,0,0.0,0.34,0.0,0.0,,0,0,3361,ly LBY,DF,fr Ligue 1,24-251,2001.0,6,527,88,23.4,5.9,6,88.0,5,0,,1,0.5,4,8,-4,-0.68,0.15,2675,ly LBY,DF,fr Ligue 1,24-251,2001.0,5.9,3,0,0,6,4,0,1,8,5,0
Illia Zabarnyi,ua UKR,DF,Paris Saint-Germain,fr Ligue 1,23.0,2002.0,20,18,1667,18.5,1,0,1,1,0,0,3,0,0.05,2677,ua UKR,DF,fr Ligue 1,23-197,2002.0,18.5,1,2,1,50.0,0.11,0.05,0.5,1.0,0,0,3363,ua UKR,DF,fr Ligue 1,23-197,2002.0,20,1667,83,74.1,18.5,18,89.0,17,2,34.0,4,2.25,39,20,19,1.03,-0.98,2677,ua UKR,DF,fr Ligue 1,23-197,2002.0,18.5,3,0,0,14,3,0,0,13,14,0
Yassir Zabiri,ma MAR,MF,Rennes,fr Ligue 1,21.0,2005.0,2,0,23,0.3,0,0,0,0,0,0,0,0,0.0,2678,ma MAR,MF,fr Ligue 1,21-022,2005.0,0.3,0,0,0,,0.0,0.0,,,0,0,3364,ma MAR,MF,fr Ligue 1,21-022,2005.0,2,23,12,1.0,0.3,0,,0,2,12.0,2,1.5,0,0,0,0.0,-0.23,2678,ma MAR,MF,fr Ligue 1,21-022,2005.0,0.3,0,0,0,3,0,0,1,0,1,0
Mattia Zaccagni,it ITA,FW,Lazio,it Serie A,30.0,1995.0,23,23,1940,21.6,3,0,3,3,0,0,6,1,0.14,2679,it ITA,FW,it Serie A,30-274,1995.0,21.6,3,30,11,36.7,1.39,0.51,0.1,0.27,0,0,3365,it ITA,FW,it Serie A,30-274,1995.0,23,1940,84,74.3,21.6,23,84.0,15,0,,1,1.35,17,19,-2,-0.09,-0.5,2679,it ITA,FW,it Serie A,30-274,1995.0,21.6,6,1,0,28,77,5,45,20,19,0
Yvan Zaddy,ci CIV,MF,Auxerre,fr Ligue 1,19.0,2006.0,1,0,1,0.0,0,0,0,0,0,0,0,0,0.0,2680,ci CIV,MF,fr Ligue 1,19-320,2006.0,0.0,0,0,0,,0.0,0.0,,,0,0,3367,ci CIV,MF,fr Ligue 1,19-320,2006.0,1,1,1,0.0,0.0,0,,0,1,1.0,9,3.0,0,1,-1,-90.0,-89.38,2680,ci CIV,MF,fr Ligue 1,19-320,2006.0,0.0,0,0,0,0,0,0,0,0,0,0
Dan-Axel Zagadou,fr FRA,DF,Stuttgart,de Bundesliga,26.0,1999.0,2,2,164,1.8,0,0,0,0,0,0,0,0,0.0,2681,fr FRA,DF,de Bundesliga,26-287,1999.0,1.8,0,5,1,20.0,2.74,0.55,0.0,0.0,0,0,3368,fr FRA,DF,de Bundesliga,26-287,1999.0,2,164,82,7.0,1.8,2,82.0,1,0,,3,3.0,4,3,1,0.55,-0.11,2681,fr FRA,DF,de Bundesliga,26-287,1999.0,1.8,0,0,0,5,1,0,0,3,4,0
Stephan Zagadou,fr FRA,DF,Le Havre,fr Ligue 1,17.0,2008.0,7,6,491,5.5,1,0,1,1,0,0,0,1,0.18,2682,fr FRA,DF,fr Ligue 1,17-144,2008.0,5.5,1,1,1,100.0,0.18,0.18,1.0,1.0,0,0,3369,fr FRA,DF,fr Ligue 1,17-144,2008.0,7,491,70,21.0,5.5,6,77.0,1,1,28.0,5,1.43,4,5,-1,-0.18,0.35,2682,fr FRA,DF,fr Ligue 1,17-144,2008.0,5.5,0,1,0,7,1,0,0,1,5,0
Arsen Zakharyan,ru RUS,MF,Real Sociedad,es La Liga,22.0,2003.0,15,2,393,4.4,0,0,0,0,0,0,1,0,0.0,2685,ru RUS,MF,es La Liga,22-295,2003.0,4.4,0,13,3,23.1,2.98,0.69,0.0,0.0,0,0,3372,ru RUS,MF,es La Liga,22-295,2003.0,15,393,26,15.6,4.4,2,61.0,0,13,21.0,7,1.13,10,11,-1,-0.23,-0.31,2685,ru RUS,MF,es La Liga,22-295,2003.0,4.4,1,0,0,8,2,4,24,0,5,0
Nicola Zalewski,pl POL,MF,Atalanta,it Serie A,24.0,2002.0,25,18,1396,15.5,2,4,6,2,0,0,3,0,0.39,2686,pl POL,MF,it Serie A,24-053,2002.0,15.5,2,28,6,21.4,1.81,0.39,0.07,0.33,0,0,3373,pl POL,MF,it Serie A,24-053,2002.0,25,1396,56,53.5,15.5,18,68.0,3,7,25.0,2,1.72,23,10,13,0.84,0.84,2686,pl POL,MF,it Serie A,24-053,2002.0,15.5,3,0,0,16,39,1,99,9,16,0
Andre-Frank Zambo Anguissa,cm CMR,MF,Napoli,it Serie A,30.0,1995.0,13,11,1023,11.4,4,1,5,4,0,0,1,0,0.44,2687,cm CMR,MF,it Serie A,30-121,1995.0,11.4,4,19,8,42.1,1.67,0.7,0.21,0.5,0,0,3374,cm CMR,MF,it Serie A,30-121,1995.0,13,1023,79,39.2,11.4,11,86.0,10,2,39.0,0,2.15,17,12,5,0.44,-0.13,2687,cm CMR,MF,it Serie A,30-121,1995.0,11.4,1,0,0,13,13,0,15,12,13,0
Nicolò Zaniolo,it ITA,FW,Udinese,it Serie A,26.0,1999.0,25,21,1666,18.5,5,4,9,5,0,0,6,0,0.49,2688,it ITA,FW,it Serie A,26-258,1999.0,18.5,5,53,15,28.3,2.86,0.81,0.09,0.33,0,0,3375,it ITA,FW,it Serie A,26-258,1999.0,25,1666,67,63.8,18.5,21,75.0,6,4,23.0,0,1.16,20,23,-3,-0.16,0.41,2688,it ITA,FW,it Serie A,26-258,1999.0,18.5,6,0,0,50,45,4,87,4,16,0
Alessandro Zanoli,it ITA,MF,Udinese,it Serie A,25.0,2000.0,19,16,1280,14.2,1,2,3,1,0,0,1,0,0.21,2689,it ITA,MF,it Serie A,25-165,2000.0,14.2,1,3,1,33.3,0.21,0.07,0.33,1.0,0,0,3376,it ITA,MF,it Serie A,25-165,2000.0,19,1280,67,49.0,14.2,16,75.0,1,3,26.0,1,1.16,16,18,-2,-0.14,0.33,2689,it ITA,MF,it Serie A,25-165,2000.0,14.2,1,0,0,16,5,1,40,7,18,0
Duván Zapata,co COL,FW,Torino,it Serie A,34.0,1991.0,23,8,872,9.7,3,1,4,3,0,1,0,0,0.41,2690,co COL,FW,it Serie A,34-350,1991.0,9.7,3,27,14,51.9,2.79,1.44,0.11,0.21,0,1,3378,co COL,FW,it Serie A,34-350,1991.0,23,872,38,33.4,9.7,8,69.0,1,15,22.0,5,1.22,15,15,0,0.0,0.93,2690,co COL,FW,it Serie A,34-350,1991.0,9.7,0,0,0,11,21,7,7,0,2,0
Gabriele Zappa,it ITA,DF,Cagliari,it Serie A,26.0,1999.0,25,16,1370,15.2,0,3,3,0,0,0,2,0,0.2,2691,it ITA,DF,it Serie A,26-085,1999.0,15.2,0,9,0,0.0,0.59,0.0,0.0,,0,0,3379,it ITA,DF,it Serie A,26-085,1999.0,25,1370,55,52.5,15.2,16,76.0,8,9,18.0,1,1.0,15,23,-8,-0.53,-0.38,2691,it ITA,DF,it Serie A,26-085,1999.0,15.2,2,0,0,12,5,0,30,16,16,0
Davide Zappacosta,it ITA,MF,Atalanta,it Serie A,33.0,1992.0,26,22,1910,21.2,1,3,4,1,0,0,2,0,0.19,2692,it ITA,MF,it Serie A,33-279,1992.0,21.2,1,26,5,19.2,1.23,0.24,0.04,0.2,0,0,3380,it ITA,MF,it Serie A,33-279,1992.0,26,1910,73,73.2,21.2,22,80.0,13,4,35.0,3,1.62,31,18,13,0.61,0.61,2692,it ITA,MF,it Serie A,33-279,1992.0,21.2,2,0,0,10,7,5,87,17,11,0
Bryan Zaragoza,es ESP,MF,Roma,it Serie A,24.0,2001.0,4,2,135,1.5,0,1,1,0,0,0,1,0,0.67,2693,es ESP,MF,it Serie A,24-189,2001.0,1.5,0,1,1,100.0,0.67,0.67,0.0,0.0,0,0,3381,es ESP,MF,it Serie A,24-189,2001.0,4,135,34,5.2,1.5,2,50.0,0,2,18.0,2,2.0,2,2,0,0.0,-0.58,2693,es ESP,MF,it Serie A,24-189,2001.0,1.5,1,0,0,5,5,0,9,0,1,0
Oier Zarraga,es ESP,MF,Udinese,it Serie A,27.0,1999.0,17,2,403,4.5,0,0,0,0,0,0,1,0,0.0,2695,es ESP,MF,it Serie A,27-072,1999.0,4.5,0,4,1,25.0,0.89,0.22,0.0,0.0,0,0,3383,es ESP,MF,it Serie A,27-072,1999.0,17,403,24,15.4,4.5,2,83.0,1,15,16.0,12,1.76,2,9,-7,-1.56,-1.48,2695,es ESP,MF,it Serie A,27-072,1999.0,4.5,1,0,0,6,4,0,9,6,4,0
Nils Zätterström,se SWE,DF,Genoa,it Serie A,20.0,2005.0,1,0,1,0.0,0,0,0,0,0,0,0,0,0.0,2696,se SWE,DF,it Serie A,20-353,2005.0,0.0,0,0,0,,0.0,0.0,,,0,0,3384,se SWE,DF,it Serie A,20-353,2005.0,1,1,1,0.0,0.0,0,,0,1,1.0,7,3.0,0,0,0,0.0,0.14,2696,se SWE,DF,it Serie A,20-353,2005.0,0.0,0,0,0,0,0,0,0,0,0,0
Aaron Zehnter,de GER,DF,Wolfsburg,de Bundesliga,21.0,2004.0,17,14,1213,13.5,2,0,2,2,0,0,0,0,0.15,2697,de GER,DF,de Bundesliga,21-137,2004.0,13.5,2,8,3,37.5,0.59,0.22,0.25,0.67,0,0,3385,de GER,DF,de Bundesliga,21-137,2004.0,17,1213,71,51.8,13.5,14,86.0,10,3,3.0,4,1.06,21,26,-5,-0.37,0.91,2697,de GER,DF,de Bundesliga,21-137,2004.0,13.5,0,0,0,1,0,0,23,15,9,0
Alessio Zerbin,it ITA,MF,Cremonese,it Serie A,27.0,1999.0,24,13,1291,14.3,0,2,2,0,0,0,1,0,0.14,2700,it ITA,MF,it Serie A,27-014,1999.0,14.3,0,18,7,38.9,1.25,0.49,0.0,0.0,0,0,3390,it ITA,MF,it Serie A,27-014,1999.0,24,1291,54,49.5,14.3,13,77.0,3,11,26.0,1,0.88,9,19,-10,-0.7,0.05,2700,it ITA,MF,it Serie A,27-014,1999.0,14.3,1,0,0,24,16,5,43,3,18,0
Cedric Zesiger,ch SUI,DF,Augsburg,de Bundesliga,27.0,1998.0,19,12,1096,12.2,0,0,0,0,0,0,5,0,0.0,2701,ch SUI,DF,de Bundesliga,27-266,1998.0,12.2,0,7,1,14.3,0.57,0.08,0.0,0.0,0,0,3391,ch SUI,DF,de Bundesliga,27-266,1998.0,19,1096,58,46.8,12.2,12,82.0,9,7,16.0,4,1.33,12,24,-12,-0.99,-0.84,2701,ch SUI,DF,de Bundesliga,27-266,1998.0,12.2,5,0,0,12,8,0,25,7,16,1
Edon Zhegrova,xk KVX,MF,Juventus,it Serie A,26.0,1999.0,12,0,295,3.3,0,0,0,0,0,0,0,0,0.0,2703,xk KVX,MF,it Serie A,26-351,1999.0,3.3,0,14,7,50.0,4.27,2.14,0.0,0.0,0,0,3394,xk KVX,MF,it Serie A,26-351,1999.0,12,295,25,11.3,3.3,0,,0,12,25.0,13,1.5,10,2,8,2.44,1.86,2703,xk KVX,MF,it Serie A,26-351,1999.0,3.3,0,0,0,3,3,1,36,0,3,0
Piotr Zieliński,pl POL,MF,Inter,it Serie A,31.0,1994.0,26,16,1536,17.1,5,1,6,4,1,1,1,0,0.29,2704,pl POL,MF,it Serie A,31-301,1994.0,17.1,5,22,9,40.9,1.29,0.53,0.18,0.44,1,1,3397,pl POL,MF,it Serie A,31-301,1994.0,26,1536,59,58.9,17.1,16,81.0,8,10,24.0,3,2.27,40,15,25,1.46,0.04,2704,pl POL,MF,it Serie A,31-301,1994.0,17.1,1,0,0,15,13,0,21,7,11,0
Jan Ziółkowski,pl POL,DF,Roma,it Serie A,20.0,2005.0,13,5,464,5.2,0,0,0,0,0,0,2,0,0.0,2707,pl POL,DF,it Serie A,20-285,2005.0,5.2,0,0,0,,0.0,0.0,,,0,0,3401,pl POL,DF,it Serie A,20-285,2005.0,13,464,36,17.8,5.2,5,72.0,3,8,13.0,14,1.85,9,5,4,0.78,0.27,2707,pl POL,DF,it Serie A,20-285,2005.0,5.2,2,0,0,10,8,0,0,7,14,0
Budu Zivzivadze,ge GEO,FW,Heidenheim,de Bundesliga,32.0,1994.0,12,8,583,6.5,1,0,1,1,0,0,1,1,0.15,2709,ge GEO,FW,de Bundesliga,32-007,1994.0,6.5,1,13,5,38.5,2.01,0.77,0.08,0.2,0,0,3403,ge GEO,FW,de Bundesliga,32-007,1994.0,12,583,49,24.9,6.5,8,60.0,1,4,25.0,0,0.17,5,19,-14,-2.16,-1.14,2709,ge GEO,FW,de Bundesliga,32-007,1994.0,6.5,1,1,0,6,5,3,2,1,4,0
Luck Zogbé,ci CIV,DF,Brest,fr Ligue 1,20.0,2005.0,6,1,105,1.2,0,0,0,0,0,0,0,0,0.0,2710,ci CIV,DF,fr Ligue 1,20-358,2005.0,1.2,0,2,0,0.0,1.71,0.0,0.0,,0,0,3404,ci CIV,DF,fr Ligue 1,20-358,2005.0,6,105,18,4.5,1.2,1,90.0,1,5,3.0,15,1.67,3,1,2,1.71,1.88,2710,ci CIV,DF,fr Ligue 1,20-358,2005.0,1.2,0,0,0,5,2,0,5,2,3,0
Nadir Zortea,it ITA,DF,Bologna,it Serie A,26.0,1999.0,24,14,1504,16.7,0,2,2,0,0,0,2,0,0.12,2711,it ITA,DF,it Serie A,26-271,1999.0,16.7,0,11,1,9.1,0.66,0.06,0.0,0.0,0,0,3406,it ITA,DF,it Serie A,26-271,1999.0,24,1504,63,57.6,16.7,14,87.0,10,10,29.0,5,1.29,18,21,-3,-0.18,-0.75,2711,it ITA,DF,it Serie A,26-271,1999.0,16.7,2,0,0,21,14,0,61,16,15,0
Igor Zubeldia,es ESP,DF,Real Sociedad,es La Liga,28.0,1997.0,21,20,1845,20.5,0,1,1,0,0,0,8,0,0.05,2713,es ESP,DF,es La Liga,28-352,1997.0,20.5,0,6,1,16.7,0.29,0.05,0.0,0.0,0,0,3408,es ESP,DF,es La Liga,28-352,1997.0,21,1845,88,73.2,20.5,20,90.0,20,1,45.0,3,1.43,29,29,0,0.0,-0.13,2713,es ESP,DF,es La Liga,28-352,1997.0,20.5,8,0,0,34,5,0,0,22,18,0
Luka Đurić,rs SRB,MF,Hoffenheim,de Bundesliga,22.0,2003.0,1,0,10,0.1,0,0,0,0,0,0,0,0,0.0,2716,rs SRB,MF,de Bundesliga,22-272,2003.0,0.1,0,0,0,,0.0,0.0,,,0,0,3411,rs SRB,MF,de Bundesliga,22-272,2003.0,1,10,10,0.4,0.1,0,,0,1,10.0,3,0.0,0,1,-1,-9.0,-9.81,2716,rs SRB,MF,de Bundesliga,22-272,2003.0,0.1,0,0,0,0,0,0,0,0,0,0
Milan Đurić,ba BIH,FW,Cremonese,it Serie A,35.0,1990.0,7,2,318,3.5,0,1,1,0,0,0,1,0,0.28,2717,ba BIH,FW,it Serie A,35-299,1990.0,3.5,0,9,4,44.4,2.55,1.13,0.0,0.0,0,0,3412,ba BIH,FW,it Serie A,35-299,1990.0,7,318,45,12.2,3.5,2,81.0,1,5,31.0,0,0.14,3,8,-5,-1.42,-0.79,2717,ba BIH,FW,it Serie A,35-299,1990.0,3.5,1,0,0,3,6,2,2,0,0,0
Milan Đurić,ba BIH,FW,Parma,it Serie A,35.0,1990.0,12,0,74,0.8,0,0,0,0,0,0,0,0,0.0,2718,ba BIH,FW,it Serie A,35-299,1990.0,0.8,0,5,0,0.0,6.08,0.0,0.0,,0,0,3413,ba BIH,FW,it Serie A,35-299,1990.0,12,74,6,2.8,0.8,0,,0,12,6.0,10,0.83,1,2,-1,-1.22,-0.72,2718,ba BIH,FW,it Serie A,35-299,1990.0,0.8,0,0,0,2,1,0,0,0,0,0
