Player,Nation,Pos,Squad,Comp,Age,Born,MP,Starts,Min,90s,Gls,Ast,G+A,G-PK,PK,PKatt,CrdY,CrdR,G+A-PK,Rk_stats_shooting,Nation_stats_shooting,Pos_stats_shooting,Comp_stats_shooting,Age_stats_shooting,Born_stats_shooting,90s_stats_shooting,Gls_stats_shooting,Sh,SoT,SoT%,Sh/90,SoT/90,G/Sh,G/SoT,PK_stats_shooting,PKatt_stats_shooting,Rk_stats_playing_time,Nation_stats_playing_time,Pos_stats_playing_time,Comp_stats_playing_time,Age_stats_playing_time,Born_stats_playing_time,MP_stats_playing_time,Min_stats_playing_time,Mn/MP,Min%,90s_stats_playing_time,Starts_stats_playing_time,Mn/Start,Compl,Subs,Mn/Sub,unSub,PPM,onG,onGA,+/-,+/-90,On-Off,Rk_stats_misc,Nation_stats_misc,Pos_stats_misc,Comp_stats_misc,Age_stats_misc,Born_stats_misc,90s_stats_misc,CrdY_stats_misc,CrdR_stats_misc,2CrdY,Fls,Fld,Off,Crs,Int,TklW,OG,Gls/90,Ast/90,Crs/90,Int/90,TklW/90,Fls/90,Fld/90,IsPrem,Cluster,Gls/90_scaled,Ast/90_scaled,Sh/90_scaled,SoT/90_scaled,Crs/90_scaled,Int/90_scaled,TklW/90_scaled,Fls/90_scaled,Fld/90_scaled,PCA1,PCA2
Himad Abdelli,dz ALG,MF,Angers,fr Ligue 1,26.0,1999.0,13,11,943,10.5,2,0,2,0,2,2,1,0,0.0,5,dz ALG,MF,fr Ligue 1,26-120,1999.0,10.5,2,11,5,45.5,1.0476190476190477,0.47619047619047616,0.0,0.0,2,2,7,dz ALG,MF,fr Ligue 1,26-120,1999.0,13,943,73,40.3,10.5,11,81.0,4,2,25.0,0,1.38,12,13,-1,-0.1,0.42,5,dz ALG,MF,fr Ligue 1,26-120,1999.0,10.5,1,0,0,16,12,1,9,13,17,0,0.19047619047619047,0.0,0.8571428571428571,1.2380952380952381,1.619047619047619,1.5238095238095237,1.1428571428571428,False,4,0.3600790727701255,-0.7621682875409468,-0.15469229825816114,0.17624763262864493,-0.3090214768006015,0.7479497368141894,1.3387323889431226,0.4583224858665697,0.042755540687793886,-0.6178078353785492,0.33598642325605527
Salis Abdul Samed,gh GHA,MF,Nice,fr Ligue 1,25.0,2000.0,14,9,663,7.4,0,0,0,0,0,0,3,0,0.0,7,gh GHA,MF,fr Ligue 1,25-356,2000.0,7.4,0,0,0,,0.0,0.0,,,0,0,9,gh GHA,MF,fr Ligue 1,25-356,2000.0,14,663,47,28.3,7.4,9,64.0,1,5,17.0,9,1.14,13,15,-2,-0.27,0.48,7,gh GHA,MF,fr Ligue 1,25-356,2000.0,7.4,3,0,0,14,7,0,1,9,7,0,0.0,0.0,0.13513513513513511,1.2162162162162162,0.9459459459459459,1.8918918918918919,0.9459459459459459,False,4,-0.7345208390382241,-0.7621682875409468,-1.276102064914131,-0.9690071404065893,-0.7300060362777866,0.7034646975713514,-0.0469531873606353,1.1244078233368744,-0.24261211758179851,-1.9075650687944852,-0.23323498034944892
Saud Abdulhamid,sa KSA,MF,Lens,fr Ligue 1,26.0,1999.0,19,9,918,10.2,1,2,3,1,0,0,2,0,0.29,8,sa KSA,MF,fr Ligue 1,26-242,1999.0,10.2,1,5,2,40.0,0.4901960784313726,0.19607843137254904,0.2,0.5,0,0,10,sa KSA,MF,fr Ligue 1,26-242,1999.0,19,918,48,39.2,10.2,9,85.0,5,10,16.0,6,1.84,20,11,9,0.88,-0.19,8,sa KSA,MF,fr Ligue 1,26-242,1999.0,10.2,2,0,0,17,9,1,30,5,19,0,0.09803921568627452,0.19607843137254904,2.9411764705882355,0.4901960784313726,1.8627450980392157,1.6666666666666667,0.8823529411764707,False,4,-0.1711238256074558,1.0321144853750275,-0.7513782436178884,-0.4974316456273751,0.9061261538262155,-0.7726997534280096,1.8404219480615343,0.716838123835814,-0.334772376307849,-0.5842905049434135,1.9083967640919548
Laurent Abergel,fr FRA,MF,Lorient,fr Ligue 1,33.0,1993.0,23,23,1982,22.0,1,0,1,1,0,0,6,0,0.05,10,fr FRA,MF,fr Ligue 1,33-044,1993.0,22.0,1,20,5,25.0,0.9090909090909091,0.22727272727272727,0.05,0.2,0,0,12,fr FRA,MF,fr Ligue 1,33-044,1993.0,23,1982,86,84.7,22.0,23,86.0,17,0,,0,1.39,32,36,-4,-0.18,-0.43,10,fr FRA,MF,fr Ligue 1,33-044,1993.0,22.0,6,0,0,23,23,0,9,25,22,0,0.045454545454545456,0.0,0.4090909090909091,1.1363636363636365,1.0,1.0454545454545454,1.0454545454545454,False,1,-0.4733094964475952,-0.7621682875409468,-0.30297788723746305,-0.42240827145795473,-0.5702693086783976,0.5411061987305128,0.06432557784922671,-0.4073132109698384,-0.09840225818887617,-1.0625778668011787,-0.6186874759235809
Zakaria Aboukhlal,ma MAR,MF,Torino,it Serie A,26.0,2000.0,15,6,511,5.7,0,0,0,0,0,0,4,0,0.0,13,ma MAR,MF,it Serie A,26-027,2000.0,5.7,0,7,2,28.6,1.2280701754385965,0.3508771929824561,0.0,0.0,0,0,15,ma MAR,MF,it Serie A,26-027,2000.0,15,511,34,19.6,5.7,6,59.0,0,9,18.0,5,0.53,2,11,-9,-1.59,-1.2,13,ma MAR,MF,it Serie A,26-027,2000.0,5.7,4,0,0,12,11,7,18,1,12,0,0.0,0.0,3.1578947368421053,0.17543859649122806,2.1052631578947367,2.1052631578947367,1.9298245614035088,False,4,-0.7345208390382241,-0.7621682875409468,0.038469192649087255,-0.12513520238062723,1.03248912899751,-1.41267346950668,2.339683487535089,1.5105264860220893,1.1832445168749717,-0.21115878512952946,2.386693435945074
Abdel Abqar,ma MAR,DF,Getafe,es La Liga,27.0,1999.0,16,12,1003,11.1,0,2,2,0,0,0,7,1,0.18,14,ma MAR,DF,es La Liga,27-007,1999.0,11.1,0,7,1,14.3,0.6306306306306306,0.0900900900900901,0.0,0.0,0,0,16,ma MAR,DF,es La Liga,27-007,1999.0,16,1003,63,39.8,11.1,12,74.0,5,4,30.0,0,1.25,13,12,1,0.09,0.56,14,ma MAR,DF,es La Liga,27-007,1999.0,11.1,7,1,0,22,28,1,1,15,15,0,0.0,0.1801801801801802,0.0900900900900901,1.3513513513513513,1.3513513513513513,1.981981981981982,2.5225225225225225,False,4,-0.7345208390382241,0.8866320983818403,-0.601051959678965,-0.7523373184810044,-0.7562706701132617,0.9782252340712324,0.7876375517133297,1.2874357031372985,2.0421942966682067,-0.860701610162116,1.7738327712821675
Francis Abu,gh GHA,MF,Toulouse,fr Ligue 1,24.0,2001.0,8,7,526,5.8,0,0,0,0,0,0,2,0,0.0,16,gh GHA,MF,fr Ligue 1,24-324,2001.0,5.8,0,6,0,0.0,1.0344827586206897,0.0,0.0,,0,0,19,gh GHA,MF,fr Ligue 1,24-324,2001.0,8,526,66,22.5,5.8,7,69.0,1,1,45.0,1,1.13,10,7,3,0.51,0.41,16,gh GHA,MF,fr Ligue 1,24-324,2001.0,5.8,2,0,0,5,4,0,0,8,12,0,0.0,0.0,0.0,1.3793103448275863,2.0689655172413794,0.8620689655172414,0.6896551724137931,False,4,-0.7345208390382241,-0.7621682875409468,-0.1687538627303363,-0.9690071404065893,-0.8087999377842117,1.0350722416229323,2.2649590898442566,-0.739169492312802,-0.6140338499475628,-2.28273835409711,0.13681509010640888
Francesco Acerbi,it ITA,DF,Inter,it Serie A,38.0,1988.0,13,11,973,10.8,0,1,1,0,0,0,2,0,0.09,19,it ITA,DF,it Serie A,38-035,1988.0,10.8,0,3,1,33.3,0.27777777777777773,0.09259259259259259,0.0,0.0,0,0,22,it ITA,DF,it Serie A,38-035,1988.0,13,973,75,37.3,10.8,11,87.0,8,2,10.0,14,2.08,21,11,10,0.92,-0.83,19,it ITA,DF,it Serie A,38-035,1988.0,10.8,2,0,0,11,10,2,1,15,8,0,0.0,0.09259259259259259,0.09259259259259259,1.3888888888888888,0.7407407407407407,1.0185185185185184,0.9259259259259258,False,1,-0.7345208390382241,0.08513191078048532,-0.9787585661795937,-0.7463187123164048,-0.7548115237890686,1.0545476053211993,-0.46940035158325966,-0.45605690028390483,-0.27162553236592574,-1.5655964799063666,-0.634962338811222
Ragnar Ache,de GER,FW,Köln,de Bundesliga,27.0,1998.0,25,14,1436,16.0,5,3,8,5,0,0,2,0,0.5,20,de GER,FW,de Bundesliga,27-232,1998.0,16.0,5,43,16,37.2,2.6875,1.0,0.12,0.31,0,0,23,de GER,FW,de Bundesliga,27-232,1998.0,25,1436,57,61.4,16.0,14,80.0,3,11,29.0,0,0.96,22,32,-10,-0.63,-0.73,20,de GER,FW,de Bundesliga,27-232,1998.0,16.0,2,0,0,14,26,9,1,3,7,0,0.3125,0.1875,0.0625,0.1875,0.4375,0.875,1.625,False,2,1.0613071412723496,0.9536146140599534,1.6006962853425188,1.436027882967403,-0.7723577583374901,-1.3881498865339932,-1.0936690726158997,-0.7157693699104137,0.7414866451273109,3.0390388259475904,-0.8823034061128325
Akor Adams,ng NGA,FW,Sevilla,es La Liga,26.0,2000.0,23,16,1519,16.9,7,3,10,5,2,2,1,0,0.47,22,ng NGA,FW,es La Liga,26-047,2000.0,16.9,7,50,26,52.0,2.958579881656805,1.5384615384615385,0.1,0.19,2,2,26,ng NGA,FW,es La Liga,26-047,2000.0,23,1519,66,60.3,16.9,16,84.0,11,7,25.0,0,1.17,25,30,-5,-0.3,0.15,22,ng NGA,FW,es La Liga,26-047,2000.0,16.9,1,0,0,23,8,35,13,0,2,0,0.4142011834319527,0.1775147928994083,0.7692307692307693,0.0,0.1183431952662722,1.3609467455621302,0.4733727810650888,False,2,1.6457481999533057,0.8622415601285447,1.8908701109566826,2.731046741707245,-0.3602808061322538,-1.7693801309275783,-1.7507035126891437,0.16360446072609053,-0.9274746319461704,4.078828155558629,-1.5731987880706928
Che Adams,sct SCO,FW,Torino,it Serie A,29.0,1996.0,26,16,1539,17.1,4,2,6,4,0,0,0,0,0.35,23,sct SCO,FW,it Serie A,29-247,1996.0,17.1,4,44,13,29.5,2.573099415204678,0.7602339181286549,0.09,0.31,0,0,27,sct SCO,FW,it Serie A,29-247,1996.0,26,1539,59,59.0,17.1,16,76.0,3,10,32.0,1,1.15,20,27,-7,-0.41,0.52,23,sct SCO,FW,it Serie A,29-247,1996.0,17.1,0,0,0,14,14,8,11,1,7,0,0.23391812865497075,0.11695906432748537,0.6432748538011696,0.05847953216374269,0.4093567251461988,0.8187134502923976,0.8187134502923976,False,0,0.6097246666913281,0.3081056471808622,1.4782377128373738,0.8593820586496618,-0.43372253529163873,-1.6504779104539455,-1.1516064267977157,-0.8176260430576525,-0.4270000036440797,2.204517094010759,-1.3776014492253577
Jayden Addai,nl NED,MF,Como,it Serie A,20.0,2005.0,12,7,686,7.6,3,0,3,3,0,0,4,0,0.39,27,nl NED,MF,it Serie A,20-203,2005.0,7.6,3,13,6,46.2,1.7105263157894737,0.7894736842105263,0.23,0.5,0,0,31,nl NED,MF,it Serie A,20-203,2005.0,12,686,57,26.3,7.6,7,75.0,2,5,32.0,6,1.25,11,6,5,0.66,-0.33,27,nl NED,MF,it Serie A,20-203,2005.0,7.6,4,0,0,13,14,2,10,2,2,0,0.39473684210526316,0.0,1.3157894736842106,0.2631578947368421,0.2631578947368421,1.7105263157894737,1.842105263157895,False,0,1.5338934518803955,-0.7621682875409468,0.5549079009774943,0.9297047201518255,-0.04159615995849424,-1.2343201387962308,-1.4525796952746817,0.7962069600544415,1.056119949465573,2.329162108565394,-0.7602394737201467
Michel Aebischer,ch SUI,MF,Pisa,it Serie A,29.0,1997.0,28,26,2292,25.5,1,1,2,1,0,0,5,0,0.08,35,ch SUI,MF,it Serie A,29-070,1997.0,25.5,1,13,2,15.4,0.5098039215686274,0.0784313725490196,0.08,0.5,0,0,41,ch SUI,MF,it Serie A,29-070,1997.0,28,2292,82,87.8,25.5,26,85.0,19,2,45.0,0,0.64,20,35,-15,-0.59,2.52,35,ch SUI,MF,it Serie A,29-070,1997.0,25.5,5,0,0,29,31,0,30,26,34,0,0.0392156862745098,0.0392156862745098,1.1764705882352942,1.0196078431372548,1.3333333333333333,1.1372549019607843,1.2156862745098038,False,4,-0.5091620336659167,-0.403311732957752,-0.7303892907660388,-0.7803769424949036,-0.12282950114004082,0.30371505427152434,0.750544629976709,-0.24119041687373774,0.1483009798478661,-1.3630361672390874,0.2620187748808168
David Affengruber,at AUT,DF,Elche,es La Liga,24.0,2001.0,26,23,2082,23.1,0,0,0,0,0,0,6,1,0.0,36,at AUT,DF,es La Liga,24-363,2001.0,23.1,0,8,2,25.0,0.3463203463203463,0.08658008658008658,0.0,0.0,0,0,42,at AUT,DF,es La Liga,24-363,2001.0,26,2082,80,82.6,23.1,23,87.0,18,3,31.0,0,0.92,33,38,-5,-0.22,0.61,36,at AUT,DF,es La Liga,24-363,2001.0,23.1,6,1,0,26,27,2,4,38,32,0,0.0,0.0,0.17316017316017315,1.6450216450216448,1.3852813852813852,1.1255411255411254,1.1688311688311688,False,4,-0.7345208390382241,-0.7621682875409468,-0.9053880924658765,-0.7607789998547285,-0.7078345921309571,1.5753238891488959,0.8574878588796933,-0.26238777756283815,0.08039762038823925,-2.180435078348278,-0.05354655419103753
Lucien Agoume,fr FRA,MF,Sevilla,es La Liga,24.0,2002.0,25,23,2012,22.4,1,2,3,1,0,0,9,0,0.13,40,fr FRA,MF,es La Liga,24-036,2002.0,22.4,1,12,2,16.7,0.5357142857142857,0.08928571428571429,0.08,0.5,0,0,46,fr FRA,MF,es La Liga,24-036,2002.0,25,2012,80,79.8,22.4,23,86.0,15,2,21.0,1,1.12,32,37,-5,-0.22,0.66,40,fr FRA,MF,es La Liga,24-036,2002.0,22.4,9,0,0,43,12,6,15,34,25,0,0.044642857142857144,0.08928571428571429,0.6696428571428572,1.517857142857143,1.1160714285714286,1.9196428571428572,0.5357142857142857,False,4,-0.47797398470814206,0.05487118941186281,-0.7026538887832374,-0.7542718704624828,-0.4183480151407662,1.3167694665443006,0.30327685492933226,1.1746262327396837,-0.8371280723101162,-1.6198290190431686,0.22484830957365268
Marc Aguado,es ESP,MF,Elche,es La Liga,26.0,2000.0,27,22,1855,20.6,1,1,2,1,0,0,2,0,0.1,43,es ESP,MF,es La Liga,26-023,2000.0,20.6,1,2,1,50.0,0.0970873786407767,0.04854368932038835,0.5,1.0,0,0,50,es ESP,MF,es La Liga,26-023,2000.0,27,1855,69,73.6,20.6,22,79.0,7,5,21.0,0,0.93,24,30,-6,-0.29,0.11,43,es ESP,MF,es La Liga,26-023,2000.0,20.6,2,0,0,18,21,0,2,34,21,0,0.04854368932038835,0.04854368932038835,0.0970873786407767,1.6504854368932038,1.0194174757281553,0.8737864077669902,1.0194174757281553,False,1,-0.4555572692812417,-0.3179526495860212,-1.172176181861283,-0.8522578674272693,-0.7521907269931879,1.5864330236049498,0.10429950321587617,-0.717965497902871,-0.13613570216043905,-2.010532007401673,-0.5467858659331178
Nayef Aguerd,ma MAR,DF,Marseille,fr Ligue 1,29.0,1996.0,16,16,1396,15.5,1,0,1,1,0,0,4,0,0.06,45,ma MAR,DF,fr Ligue 1,29-352,1996.0,15.5,1,10,2,20.0,0.6451612903225806,0.12903225806451613,0.1,0.5,0,0,52,ma MAR,DF,fr Ligue 1,29-352,1996.0,16,1396,87,59.7,15.5,16,87.0,13,0,,1,1.94,33,17,16,1.03,0.65,45,ma MAR,DF,fr Ligue 1,29-352,1996.0,15.5,4,0,0,21,6,0,2,21,16,0,0.06451612903225806,0.0,0.12903225806451613,1.3548387096774193,1.032258064516129,1.3548387096774193,0.3870967741935484,False,1,-0.36376925600636373,-0.7621682875409468,-0.5854978097887538,-0.6586800406163967,-0.733564470539367,0.9853158285615519,0.13073387321640237,0.15255130117176485,-1.052507552531616,-1.6379588035580588,-0.8308279132415497
Ruben Aguilar,fr FRA,MF,Lens,fr Ligue 1,32.0,1993.0,21,18,1503,16.7,2,2,4,2,0,0,5,1,0.24,47,fr FRA,MF,fr Ligue 1,32-325,1993.0,16.7,2,13,3,23.1,0.7784431137724551,0.17964071856287425,0.15,0.67,0,0,54,fr FRA,MF,fr Ligue 1,32-325,1993.0,21,1503,72,64.2,16.7,18,80.0,6,3,22.0,0,2.19,28,17,11,0.66,-0.95,47,fr FRA,MF,fr Ligue 1,32-325,1993.0,16.7,5,1,1,23,10,5,79,21,22,0,0.11976047904191617,0.11976047904191617,4.730538922155689,1.25748502994012,1.3173652694610778,1.377245508982036,0.5988023952095809,False,3,-0.046299337601836556,0.33374095100653434,-0.4428280684604572,-0.5369649206388063,1.9494584347101638,0.7873736039276028,0.7176718610125182,0.19309885729133736,-0.7456995179478817,-0.8773682039119521,1.4352443444230039
Honest Ahanor,it ITA,DF,Atalanta,it Serie A,18.0,2008.0,16,12,1015,11.3,0,0,0,0,0,0,1,1,0.0,49,it ITA,DF,it Serie A,18-022,2008.0,11.3,0,10,2,20.0,0.8849557522123893,0.17699115044247787,0.0,0.0,0,0,59,it ITA,DF,it Serie A,18-022,2008.0,16,1015,63,38.9,11.3,12,70.0,7,4,43.0,11,1.88,16,11,5,0.44,-0.01,49,it ITA,DF,it Serie A,18-022,2008.0,11.3,1,1,0,16,21,0,1,15,14,0,0.0,0.0,0.08849557522123894,1.327433628318584,1.238938053097345,1.415929203539823,1.8584070796460175,False,4,-0.7345208390382241,-0.7621682875409468,-0.32881304239702064,-0.5433372247651748,-0.7572003916649599,0.9295950506199259,0.5562171107901653,0.2631012371346333,1.079744869072629,-1.2309235377542584,0.27733385461405174
Lucas Ahijado,es ESP,DF,Oviedo,es La Liga,31.0,1995.0,15,10,972,10.8,0,1,1,0,0,0,2,0,0.09,50,es ESP,DF,es La Liga,31-046,1995.0,10.8,0,8,2,25.0,0.7407407407407407,0.18518518518518517,0.0,0.0,0,0,60,es ESP,DF,es La Liga,31-046,1995.0,15,972,65,38.6,10.8,10,83.0,7,5,29.0,8,0.6,8,20,-12,-1.11,-0.3,50,es ESP,DF,es La Liga,31-046,1995.0,10.8,2,0,0,10,3,2,15,15,27,0,0.0,0.09259259259259259,1.3888888888888888,1.3888888888888888,2.5,0.9259259259259258,0.27777777777777773,False,4,-0.7345208390382241,0.08513191078048532,-0.48318606828869787,-0.5236302842262204,0.0010262721429344177,1.0545476053211993,3.1523113124228974,-0.6236133323010075,-1.2109348360020389,-2.3019884917286837,1.128774933293493
Abdelhamid Ait Boudlal,ma MAR,DF,Rennes,fr Ligue 1,19.0,2006.0,13,10,773,8.6,2,1,3,2,0,0,2,1,0.35,53,ma MAR,DF,fr Ligue 1,19-335,2006.0,8.6,2,4,2,50.0,0.46511627906976744,0.23255813953488372,0.5,1.0,0,0,65,ma MAR,DF,fr Ligue 1,19-335,2006.0,13,773,59,33.0,8.6,10,73.0,7,3,13.0,4,1.69,17,15,2,0.23,0.0,53,ma MAR,DF,fr Ligue 1,19-335,2006.0,8.6,2,1,0,6,3,0,2,6,8,0,0.23255813953488372,0.11627906976744186,0.23255813953488372,0.6976744186046512,0.9302325581395349,0.6976744186046512,0.3488372093023256,False,1,0.6019092858440632,0.30188312430457265,-0.7782245786609521,-0.40969666985449815,-0.6732011305405965,-0.35084898899795963,-0.07930166561931613,-1.0366594205292137,-1.1079540817827973,-0.45638895508513905,-1.1726910791428558
Ludovic Ajorque,fr FRA,FW,Brest,fr Ligue 1,32.0,1994.0,25,25,2190,24.3,7,7,14,7,0,0,9,1,0.58,58,fr FRA,FW,fr Ligue 1,32-020,1994.0,24.3,7,43,15,34.9,1.7695473251028806,0.6172839506172839,0.16,0.47,0,0,70,fr FRA,FW,fr Ligue 1,32-020,1994.0,25,2190,88,93.6,24.3,25,88.0,21,0,,0,1.44,32,33,-1,-0.04,0.56,58,fr FRA,FW,fr Ligue 1,32-020,1994.0,24.3,9,1,0,50,47,9,8,9,12,0,0.28806584362139914,0.28806584362139914,0.3292181069958848,0.37037037037037035,0.49382716049382713,2.05761316872428,1.934156378600823,False,0,0.920892607832428,1.8738767739035085,0.6180861492466261,0.5155823801946402,-0.6168411324681473,-1.016332734594571,-0.9777107605665799,1.4242986145746916,1.1895222732902504,2.3484145305892126,0.6089298891985009
Manuel Akanji,ch SUI,DF,Inter,it Serie A,30.0,1995.0,27,25,2281,25.3,2,0,2,2,0,0,3,0,0.08,59,ch SUI,DF,it Serie A,30-241,1995.0,25.3,2,20,5,25.0,0.7905138339920948,0.1976284584980237,0.1,0.4,0,0,74,ch SUI,DF,it Serie A,30-241,1995.0,27,2281,84,87.4,25.3,25,90.0,24,2,21.0,0,2.41,56,18,38,1.5,0.41,59,ch SUI,DF,it Serie A,30-241,1995.0,25.3,3,0,0,23,12,1,3,32,20,0,0.07905138339920949,0.0,0.11857707509881422,1.2648221343873518,0.7905138339920948,0.9090909090909091,0.4743083003952569,False,1,-0.28024024322843466,-0.7621682875409468,-0.42990712780398493,-0.4937037761034288,-0.7396606249999178,0.8022916099092534,-0.36693461696606855,-0.6540781381222986,-0.9261188585584518,-1.270076347998185,-1.3330980704086621
Ilias Akhomach,ma MAR,MF,Rayo Vallecano,es La Liga,21.0,2004.0,8,5,520,5.8,0,0,0,0,0,0,2,0,0.0,62,ma MAR,MF,es La Liga,21-335,2004.0,5.8,0,14,4,28.6,2.413793103448276,0.6896551724137931,0.0,0.0,0,0,79,ma MAR,MF,es La Liga,21-335,2004.0,8,520,65,20.6,5.8,5,79.0,0,3,41.0,0,1.25,10,5,5,0.87,1.36,62,ma MAR,MF,es La Liga,21-335,2004.0,5.8,2,0,0,9,23,1,19,2,9,0,0.0,0.0,3.2758620689655173,0.3448275862068966,1.5517241379310345,1.5517241379310345,3.9655172413793105,False,0,-0.7345208390382241,-0.7621682875409468,1.3077104068480565,0.6896377032996122,1.101272915974988,-1.0682670377899506,1.2001364227498872,0.5088370358145831,4.133411201927571,1.5831794378810664,2.669030897221297
Ebenezer Akinsanmiro,ng NGA,MF,Pisa,it Serie A,21.0,2004.0,15,9,953,10.6,0,1,1,0,0,0,2,0,0.09,63,ng NGA,MF,it Serie A,21-112,2004.0,10.6,0,11,3,27.3,1.0377358490566038,0.2830188679245283,0.0,0.0,0,0,80,ng NGA,MF,it Serie A,21-112,2004.0,15,953,64,36.5,10.6,9,84.0,7,6,33.0,6,0.8,7,16,-9,-0.85,0.07,63,ng NGA,MF,it Serie A,21-112,2004.0,10.6,2,0,0,24,20,1,9,14,16,0,0.0,0.09433962264150944,0.8490566037735849,1.3207547169811322,1.509433962264151,2.2641509433962264,1.8867924528301887,False,4,-0.7345208390382241,0.10111870697522944,-0.16527163567944395,-0.28833685077244064,-0.31373636794195625,0.9160153012788069,1.1130754499685869,1.7980513266631555,1.1208815215420591,-0.8123872449345867,1.648727106627516
Clément Akpa,ci CIV,DF,Auxerre,fr Ligue 1,24.0,2001.0,22,21,1814,20.2,0,0,0,0,0,0,4,1,0.0,65,ci CIV,DF,fr Ligue 1,24-113,2001.0,20.2,0,6,0,0.0,0.297029702970297,0.0,0.0,,0,0,82,ci CIV,DF,fr Ligue 1,24-113,2001.0,22,1814,82,77.5,20.2,21,85.0,18,1,26.0,2,0.77,13,27,-14,-0.69,-0.18,65,ci CIV,DF,fr Ligue 1,24-113,2001.0,20.2,4,1,1,11,30,1,29,23,18,2,0.0,0.0,1.4356435643564356,1.1386138613861387,0.8910891089108911,0.5445544554455446,1.4851485148514851,False,1,-0.7345208390382241,-0.7621682875409468,-0.9581506009207642,-0.9690071404065893,0.02828774851671953,0.5456814191852813,-0.15988460749935662,-1.3137467552625388,0.5388110662451481,-1.5742007889980831,-0.3840514009780312
Jean-Daniel Akpa-Akpro,ci CIV,MF,Hellas Verona,it Serie A,33.0,1992.0,13,9,826,9.2,1,0,1,1,0,0,7,0,0.11,66,ci CIV,MF,it Serie A,33-157,1992.0,9.2,1,8,3,37.5,0.8695652173913044,0.32608695652173914,0.13,0.33,0,0,83,ci CIV,MF,it Serie A,33-157,1992.0,13,826,64,31.6,9.2,9,72.0,3,4,44.0,1,0.62,7,10,-3,-0.33,0.98,66,ci CIV,MF,it Serie A,33-157,1992.0,9.2,7,0,0,26,4,0,9,16,22,0,0.10869565217391305,0.0,0.9782608695652175,1.7391304347826089,2.3913043478260874,2.8260869565217392,0.4347826086956522,False,4,-0.1098850197997636,-0.7621682875409468,-0.3452876340929702,-0.18475658930637448,-0.23840060731378693,1.7666685127230655,2.928544230207415,2.8149360551804037,-0.9834002841895642,-1.9575448898642047,1.7152980487876146
Alexandre Alemão,br BRA,FW,Rayo Vallecano,es La Liga,27.0,1998.0,17,7,708,7.9,1,0,1,1,0,0,1,0,0.13,73,br BRA,FW,es La Liga,27-350,1998.0,7.9,1,14,6,42.9,1.7721518987341771,0.7594936708860759,0.07,0.17,0,0,93,br BRA,FW,es La Liga,27-350,1998.0,17,708,42,28.1,7.9,7,73.0,0,10,20.0,4,1.12,5,10,-5,-0.64,-0.59,73,br BRA,FW,es La Liga,27-350,1998.0,7.9,1,0,0,13,16,0,3,1,1,0,0.12658227848101264,0.0,0.37974683544303794,0.12658227848101264,0.12658227848101264,1.6455696202531644,2.0253164556962022,False,0,-0.007096847013688012,-0.7621682875409468,0.6208741801770952,0.8576017381053032,-0.5873791006395742,-1.5120095018011073,-1.7337420650670878,0.678660708945841,1.3216332864598863,1.811284352331628,-0.9053181528419318
Carles Aleñá,es ESP,MF,Alavés,es La Liga,28.0,1998.0,28,21,1761,19.6,0,4,4,0,0,0,4,0,0.2,74,es ESP,MF,es La Liga,28-071,1998.0,19.6,0,24,5,20.8,1.2244897959183672,0.25510204081632654,0.0,0.0,0,0,95,es ESP,MF,es La Liga,28-071,1998.0,28,1761,63,69.9,19.6,21,75.0,4,7,26.0,0,1.0,18,27,-9,-0.46,-0.1,74,es ESP,MF,es La Liga,28-071,1998.0,19.6,4,0,0,34,29,0,96,12,24,0,0.0,0.2040816326530612,4.897959183673469,0.6122448979591836,1.2244897959183672,1.7346938775510203,1.4795918367346939,False,3,-0.7345208390382241,1.1053505169226179,0.03463662338505429,-0.35547779770914234,2.0470769821221317,-0.5245466798464846,0.5264731027514084,0.8399408085830729,0.5307582168042819,0.18001793285818152,2.4142978743436085
Thiago Almada,ar ARG,MF,Atlético Madrid,es La Liga,24.0,2001.0,20,11,910,10.1,3,1,4,3,0,0,1,0,0.4,82,ar ARG,MF,es La Liga,24-325,2001.0,10.1,3,17,10,58.8,1.6831683168316833,0.9900990099009901,0.18,0.3,0,0,107,ar ARG,MF,es La Liga,24-325,2001.0,20,910,46,36.1,10.1,11,64.0,1,9,22.0,3,1.95,14,11,3,0.3,-0.77,82,ar ARG,MF,es La Liga,24-325,2001.0,10.1,1,0,0,7,12,2,23,6,12,0,0.297029702970297,0.09900990099009901,2.2772277227722775,0.594059405940594,1.188118811881188,0.6930693069306931,1.188118811881188,False,0,0.9724047660094498,0.14385568690177278,0.5256228977149476,1.4122156550132048,0.5189943232448518,-0.5615219308686952,0.45159771617859784,-1.0449928742054038,0.10834965976975808,1.5150743064814203,-0.027504563885907846
Marcos Alonso,es ESP,DF,Celta Vigo,es La Liga,35.0,1990.0,24,23,2063,22.9,1,0,1,0,1,1,3,0,0.0,85,es ESP,DF,es La Liga,35-079,1990.0,22.9,1,21,3,14.3,0.9170305676855895,0.13100436681222707,0.0,0.0,1,1,110,es ESP,DF,es La Liga,35-079,1990.0,24,2063,86,81.9,22.9,23,88.0,21,1,33.0,0,1.46,31,25,6,0.26,0.06,85,es ESP,DF,es La Liga,35-079,1990.0,22.9,3,0,0,16,15,0,13,25,18,0,0.04366812227074236,0.0,0.5676855895196506,1.091703056768559,0.7860262008733625,0.6986899563318778,0.6550218340611355,False,1,-0.48357544440967226,-0.7621682875409468,-0.2944789861223829,-0.6539370500082496,-0.47779673582272314,0.4503010591369634,-0.3761731150011658,-1.0348216938451629,-0.6642251789262473,-1.1871156074387517,-1.1999426571853344
Sergi Altimira,es ESP,MF,Real Betis,es La Liga,24.0,2001.0,19,10,918,10.2,1,1,2,1,0,0,2,0,0.2,87,es ESP,MF,es La Liga,24-204,2001.0,10.2,1,4,1,25.0,0.3921568627450981,0.09803921568627452,0.25,1.0,0,0,112,es ESP,MF,es La Liga,24-204,2001.0,19,918,48,36.4,10.2,10,74.0,5,9,20.0,8,1.58,10,18,-8,-0.78,-1.68,87,es ESP,MF,es La Liga,24-204,2001.0,10.2,2,0,0,10,14,0,3,15,26,0,0.09803921568627452,0.09803921568627452,0.29411764705882354,1.4705882352941178,2.5490196078431375,0.9803921568627452,1.3725490196078431,False,4,-0.1711238256074558,0.13497309891704032,-0.8563230078771369,-0.7332193930169821,-0.6373073286231689,1.220661001571128,3.2532258789122337,-0.5250507252321231,0.37562961803879114,-2.1009068643912467,1.4228738140697224
Carlos Álvarez,es ESP,MF,Levante,es La Liga,22.0,2003.0,26,22,1786,19.8,3,1,4,3,0,0,3,0,0.2,88,es ESP,MF,es La Liga,22-223,2003.0,19.8,3,27,10,37.0,1.3636363636363635,0.5050505050505051,0.11,0.3,0,0,115,es ESP,MF,es La Liga,22-223,2003.0,26,1786,69,70.9,19.8,22,78.0,7,4,18.0,0,0.81,18,35,-17,-0.86,-0.98,88,es ESP,MF,es La Liga,22-223,2003.0,19.8,3,0,0,21,45,2,46,13,13,0,0.15151515151515152,0.050505050505050504,2.323232323232323,0.6565656565656566,0.6565656565656566,1.0606060606060606,2.2727272727272725,False,0,0.13618363626387228,-0.3000045430019838,0.18358420160087094,0.24565701281259866,0.5458184497302871,-0.4344324737917924,-0.6426879910093914,-0.3798948857306762,1.6801860076571666,0.9184694252325778,0.32194296281640095
Julián Álvarez,ar ARG,FW,Atlético Madrid,es La Liga,26.0,2000.0,28,21,1805,20.1,8,3,11,6,2,3,2,0,0.45,90,ar ARG,FW,es La Liga,26-045,2000.0,20.1,8,49,25,51.0,2.4378109452736316,1.243781094527363,0.12,0.24,2,3,118,ar ARG,FW,es La Liga,26-045,2000.0,28,1805,64,71.6,20.1,21,73.0,5,7,38.0,0,2.04,33,17,16,0.8,0.04,90,ar ARG,FW,es La Liga,26-045,2000.0,20.1,2,0,0,13,18,2,86,2,11,0,0.3980099502487562,0.14925373134328357,4.278606965174129,0.09950248756218905,0.5472636815920398,0.6467661691542288,0.8955223880597014,False,2,1.5527028572777304,0.6036290470667348,1.333419983681511,2.022329953342157,1.685948267125683,-1.5670688901216956,-0.867703283995563,-1.1287834706212272,-0.3156869495940589,3.2846086210498964,-0.23654274914458256
Aurele Amenda,ch SUI,DF,Eintracht Frankfurt,de Bundesliga,22.0,2003.0,16,10,967,10.7,0,0,0,0,0,0,3,0,0.0,95,ch SUI,DF,de Bundesliga,22-229,2003.0,10.7,0,5,1,20.0,0.4672897196261683,0.09345794392523366,0.0,0.0,0,0,123,ch SUI,DF,de Bundesliga,22-229,2003.0,16,967,60,41.3,10.7,10,90.0,10,6,11.0,7,1.38,16,18,-2,-0.19,-0.32,95,ch SUI,DF,de Bundesliga,22-229,2003.0,10.7,3,0,0,11,6,0,1,20,6,1,0.0,0.0,0.09345794392523366,1.869158878504673,0.5607476635514019,1.0280373831775702,0.5607476635514019,False,1,-0.7345208390382241,-0.7621682875409468,-0.7758980483513577,-0.7442375120538797,-0.7543069591722915,2.031045981407226,-0.8399443880383901,-0.43883147269336115,-0.8008491987670467,-2.0480180681121953,-1.2722946463493308
Kelvin Amian,fr FRA,DF,Nantes,fr Ligue 1,28.0,1998.0,21,21,1870,20.8,0,1,1,0,0,0,3,0,0.05,96,fr FRA,DF,fr Ligue 1,28-037,1998.0,20.8,0,10,2,20.0,0.4807692307692307,0.09615384615384615,0.0,0.0,0,0,124,fr FRA,DF,fr Ligue 1,28-037,1998.0,21,1870,89,83.1,20.8,21,89.0,20,0,,2,0.67,19,37,-18,-0.87,-0.39,96,fr FRA,DF,fr Ligue 1,28-037,1998.0,20.8,3,0,0,22,17,2,29,8,18,0,0.0,0.04807692307692307,1.3942307692307692,0.3846153846153846,0.8653846153846153,1.0576923076923077,0.8173076923076923,False,1,-0.7345208390382241,-0.3222239537971263,-0.761469086335124,-0.7377537727744746,0.0041409883349618915,-0.9873693731971476,-0.21280134704841056,-0.38516764058436115,-0.4290372563269226,-0.8524108688052925,-0.4470206882687322
Nadiem Amiri,de GER,MF,Mainz 05,de Bundesliga,29.0,1996.0,20,19,1646,18.3,10,2,12,3,7,7,6,0,0.27,99,de GER,MF,de Bundesliga,29-141,1996.0,18.3,10,39,15,38.5,2.1311475409836063,0.819672131147541,0.08,0.2,7,7,127,de GER,MF,de Bundesliga,29-141,1996.0,20,1646,82,70.3,18.3,19,85.0,11,1,26.0,0,1.05,23,27,-4,-0.22,0.56,99,de GER,MF,de Bundesliga,29-141,1996.0,18.3,6,0,0,17,20,3,104,14,16,0,0.5464480874316939,0.1092896174863388,5.683060109289618,0.7650273224043715,0.8743169398907104,0.9289617486338797,1.0928961748633879,False,3,2.405724809592287,0.23792374982205508,1.0051562532459266,1.0023330426868469,2.504849603163586,-0.2139051811249729,-0.1944127532808077,-0.6181196787922499,-0.02964889676880054,2.419582978689456,0.714460363546421
Sofyan Amrabat,ma MAR,MF,Real Betis,es La Liga,29.0,1996.0,8,6,603,6.7,0,0,0,0,0,0,3,0,0.0,105,ma MAR,MF,es La Liga,29-208,1996.0,6.7,0,4,1,25.0,0.5970149253731343,0.14925373134328357,0.0,0.0,0,0,135,ma MAR,MF,es La Liga,29-208,1996.0,8,603,75,23.9,6.7,6,90.0,6,2,32.0,1,1.63,13,6,7,1.04,1.0,105,ma MAR,MF,es La Liga,29-208,1996.0,6.7,3,0,0,10,13,0,3,6,6,0,0.0,0.0,0.44776119402985076,0.8955223880597015,0.8955223880597015,1.4925373134328357,1.9402985074626866,False,4,-0.7345208390382241,-0.7621682875409468,-0.6370354407682596,-0.6100466891567398,-0.5477216372703855,0.051421036325365065,-0.15075800565341696,0.4017319979529042,1.1984235696999745,-0.8632874289294103,0.06934794337263475
Tomoya Ando,jp JPN,DF,St Pauli,de Bundesliga,27.0,1999.0,8,7,632,7.0,0,0,0,0,0,0,1,0,0.0,108,jp JPN,DF,de Bundesliga,27-066,1999.0,7.0,0,1,0,0.0,0.14285714285714285,0.0,0.0,,0,0,138,jp JPN,DF,de Bundesliga,27-066,1999.0,8,632,79,27.0,7.0,7,86.0,6,1,27.0,2,1.0,7,12,-5,-0.71,0.03,108,jp JPN,DF,de Bundesliga,27-066,1999.0,7.0,1,0,0,6,4,0,3,11,10,0,0.0,0.0,0.42857142857142855,1.5714285714285714,1.4285714285714286,0.8571428571428571,0.5714285714285714,False,1,-0.7345208390382241,-0.7621682875409468,-1.1231825512792262,-0.9690071404065893,-0.5589107072924066,1.4256923935138959,0.946607216298847,-0.7480838246565693,-0.7853702127220039,-2.5682424877967653,-0.42523610538577455
Benjamin André,fr FRA,MF,Lille,fr Ligue 1,35.0,1990.0,20,20,1789,19.9,2,1,3,2,0,0,7,0,0.15,111,fr FRA,MF,fr Ligue 1,35-226,1990.0,19.9,2,22,4,18.2,1.105527638190955,0.20100502512562815,0.09,0.5,0,0,141,fr FRA,MF,fr Ligue 1,35-226,1990.0,20,1789,89,76.5,19.9,20,89.0,18,0,,0,1.9,32,17,15,0.75,2.06,111,fr FRA,MF,fr Ligue 1,35-226,1990.0,19.9,7,0,0,31,31,2,14,25,30,0,0.10050251256281408,0.05025125628140704,0.7035175879396985,1.256281407035176,1.5075376884422111,1.5577889447236182,1.5577889447236182,False,4,-0.1569681217524114,-0.302326973879064,-0.09270482371938886,-0.48558301510528434,-0.39859651084624015,0.7849263641718189,1.1091716722945895,0.5198119675945979,0.6440830349979236,-0.8558194312755159,0.7423936582424225
Samuele Angori,it ITA,MF,Pisa,it Serie A,22.0,2003.0,26,22,1852,20.6,0,1,1,0,0,0,1,0,0.05,117,it ITA,MF,it Serie A,22-161,2003.0,20.6,0,8,1,12.5,0.3883495145631068,0.04854368932038835,0.0,0.0,0,0,150,it ITA,MF,it Serie A,22-161,2003.0,26,1852,71,71.0,20.6,22,79.0,12,4,30.0,3,0.5,16,32,-16,-0.78,0.41,117,it ITA,MF,it Serie A,22-161,2003.0,20.6,1,0,0,11,41,2,125,19,20,0,0.0,0.04854368932038835,6.067961165048543,0.9223300970873786,0.9708737864077669,0.5339805825242718,1.9902912621359221,False,3,-0.7345208390382241,-0.3179526495860212,-0.8603985327027388,-0.8522578674272693,2.7292757366547757,0.10592722013471671,0.0043646897992523255,-1.3328813357908786,1.2708740730503822,-0.8524970298185097,1.6015553879592233
Waldemar Anton,de GER,DF,Dortmund,de Bundesliga,29.0,1996.0,24,24,2160,24.0,2,0,2,2,0,0,3,0,0.08,125,de GER,DF,de Bundesliga,29-240,1996.0,24.0,2,12,4,33.3,0.5,0.16666666666666666,0.17,0.5,0,0,159,de GER,DF,de Bundesliga,29-240,1996.0,24,2160,90,92.3,24.0,24,90.0,24,0,,0,2.25,52,25,27,1.13,0.13,125,de GER,DF,de Bundesliga,29-240,1996.0,24.0,3,0,0,20,13,0,7,18,24,0,0.08333333333333333,0.0,0.2916666666666667,0.75,1.0,0.8333333333333334,0.5416666666666666,False,1,-0.2556333776220711,-0.7621682875409468,-0.7408837671919636,-0.5681679698442573,-0.6387364336995109,-0.24445915335323828,0.06432557784922671,-0.7911697643181098,-0.8285017623787642,-1.1591105603172396,-1.1606418269467789
Youssef El-Arabi,ma MAR,FW,Nantes,fr Ligue 1,39.0,1987.0,22,11,917,10.2,3,0,3,3,0,1,0,0,0.29,129,ma MAR,FW,fr Ligue 1,39-042,1987.0,10.2,3,15,9,60.0,1.4705882352941178,0.8823529411764707,0.2,0.33,0,1,163,ma MAR,FW,fr Ligue 1,39-042,1987.0,22,917,42,40.8,10.2,11,69.0,1,11,14.0,3,0.64,12,13,-1,-0.1,1.18,129,ma MAR,FW,fr Ligue 1,39-042,1987.0,10.2,0,0,0,21,22,9,2,4,9,0,0.29411764705882354,0.0,0.19607843137254904,0.3921568627450981,0.8823529411764707,2.058823529411765,2.1568627450980395,False,0,0.9556702012540806,-0.7621682875409468,0.29806939897459683,1.1530825860998744,-0.6944715316768498,-0.9720358289279233,-0.17786938172517866,1.4264888947317784,1.512272808993416,1.7154662382150276,-0.01829628754312411
Mauro Arambarri,uy URU,MF,Getafe,es La Liga,30.0,1995.0,28,28,2456,27.3,5,2,7,3,2,2,4,0,0.18,130,uy URU,MF,es La Liga,30-168,1995.0,27.3,5,47,15,31.9,1.7216117216117215,0.5494505494505494,0.06,0.2,2,2,164,uy URU,MF,es La Liga,30-168,1995.0,28,2456,88,97.5,27.3,28,88.0,24,0,,0,1.25,23,30,-7,-0.26,-0.26,130,uy URU,MF,es La Liga,30-168,1995.0,27.3,4,0,0,40,51,1,9,16,38,0,0.18315018315018314,0.07326007326007326,0.32967032967032966,0.5860805860805861,1.3919413919413919,1.465201465201465,1.8681318681318682,False,0,0.3179790761621121,-0.09177692183607736,0.5667741250449801,0.3524406746340655,-0.6165774527905155,-0.5777446905764456,0.8711985292518707,0.3522647882381618,1.093838227707922,0.7680322307381484,0.47868613209374833
Jon Aramburu,ve VEN,DF,Real Sociedad,es La Liga,23.0,2002.0,26,24,2141,23.8,1,0,1,1,0,0,8,0,0.04,131,ve VEN,DF,es La Liga,23-237,2002.0,23.8,1,16,5,31.3,0.6722689075630252,0.21008403361344538,0.06,0.2,0,0,165,ve VEN,DF,es La Liga,23-237,2002.0,26,2141,82,85.0,23.8,24,87.0,19,2,30.0,0,1.42,34,35,-1,-0.04,-0.52,131,ve VEN,DF,es La Liga,23-237,2002.0,23.8,8,0,0,54,32,2,42,34,52,0,0.04201680672268907,0.0,1.7647058823529411,1.4285714285714286,2.1848739495798317,2.26890756302521,1.3445378151260503,False,4,-0.49306497613932343,-0.7621682875409468,-0.5564808242792841,-0.46374768171457414,0.22015571718204452,1.1352312549283075,2.503574813562882,1.8066589505689015,0.3350352183618401,-1.760493813200571,1.9629131589507933
Ronald Araújo,uy URU,DF,Barcelona,es La Liga,27.0,1999.0,17,7,739,8.2,2,0,2,2,0,0,2,0,0.24,133,uy URU,DF,es La Liga,27-010,1999.0,8.2,2,8,4,50.0,0.9756097560975611,0.48780487804878053,0.25,0.5,0,0,168,uy URU,DF,es La Liga,27-010,1999.0,17,739,43,29.3,8.2,7,81.0,5,10,17.0,5,2.47,23,11,12,1.46,-0.41,133,uy URU,DF,es La Liga,27-010,1999.0,8.2,2,0,0,15,1,0,3,8,6,0,0.24390243902439027,0.0,0.3658536585365854,0.9756097560975611,0.7317073170731708,1.829268292682927,0.12195121951219513,False,1,0.6671009992529555,-0.7621682875409468,-0.23177367911477986,0.2041806758734069,-0.595479862974134,0.21425691307156336,-0.48799707386313695,1.0110835654268235,-1.4367618114406864,-0.1628620915747531,-1.1990225306478495
Carlens Arcus,ht HAI,DF,Angers,fr Ligue 1,29.0,1996.0,24,24,2009,22.3,0,3,3,0,0,0,6,0,0.13,134,ht HAI,DF,fr Ligue 1,29-262,1996.0,22.3,0,9,1,11.1,0.40358744394618834,0.04484304932735426,0.0,0.0,0,0,170,ht HAI,DF,fr Ligue 1,29-262,1996.0,24,2009,84,85.9,22.3,24,84.0,17,0,,1,1.21,19,27,-8,-0.36,-0.09,134,ht HAI,DF,fr Ligue 1,29-262,1996.0,22.3,6,0,0,31,16,0,38,29,28,0,0.0,0.13452914798206278,1.704035874439462,1.3004484304932735,1.2556053811659191,1.390134529147982,0.7174887892376681,False,4,-0.7345208390382241,0.46888670912337616,-0.8440872954522918,-0.8611580362194147,0.18478056013537209,0.8747279916228468,0.5905294249963093,0.21642295018832353,-0.5736968138683785,-1.6171864695761564,0.658198116962278
Jesús Areso,es ESP,DF,Athletic Club,es La Liga,26.0,1999.0,23,13,1391,15.5,0,1,1,0,0,0,3,0,0.06,137,es ESP,DF,es La Liga,26-258,1999.0,15.5,0,3,0,0.0,0.1935483870967742,0.0,0.0,,0,0,173,es ESP,DF,es La Liga,26-258,1999.0,23,1391,60,55.2,15.5,13,84.0,7,10,30.0,5,1.13,15,21,-6,-0.39,-0.07,137,es ESP,DF,es La Liga,26-258,1999.0,15.5,3,0,0,18,5,1,81,19,15,0,0.0,0.06451612903225806,5.225806451612903,1.2258064516129032,0.967741935483871,1.1612903225806452,0.3225806451612903,False,3,-0.7345208390382241,-0.17179137516214246,-1.0689207883765177,-0.9690071404065893,2.238236485631992,0.7229638324197302,-0.00208271751794894,-0.19769569220592037,-1.1460056214649805,-1.7097992013275989,0.8802467395119958
Maximilian Arnold,de GER,MF,Wolfsburg,de Bundesliga,31.0,1994.0,21,20,1814,20.2,1,4,5,1,0,0,5,0,0.25,145,de GER,MF,de Bundesliga,31-294,1994.0,20.2,1,11,5,45.5,0.5445544554455446,0.24752475247524752,0.09,0.2,0,0,182,de GER,MF,de Bundesliga,31-294,1994.0,21,1814,86,77.5,20.2,20,90.0,20,1,14.0,1,0.95,30,40,-10,-0.5,1.39,145,de GER,MF,de Bundesliga,31-294,1994.0,20.2,5,0,0,17,25,0,79,24,15,0,0.04950495049504951,0.19801980198019803,3.910891089108911,1.188118811881188,0.7425742574257426,0.8415841584158417,1.2376237623762376,False,3,-0.4500332381969451,1.0498796613444923,-0.6931910475929586,-0.37370144155164076,1.4715423800700491,0.6463362691901879,-0.46562576933833394,-0.7762389931482689,0.18009322751565648,-0.461161315669429,0.9514709265220936
Kervin Arriaga,hn HON,MF,Levante,es La Liga,28.0,1998.0,19,12,1151,12.8,1,1,2,1,0,0,6,1,0.16,148,hn HON,MF,es La Liga,28-071,1998.0,12.8,1,9,3,33.3,0.703125,0.234375,0.11,0.33,0,0,185,hn HON,MF,es La Liga,28-071,1998.0,19,1151,61,45.7,12.8,12,83.0,8,7,23.0,3,0.84,13,23,-10,-0.78,-0.39,148,hn HON,MF,es La Liga,28-071,1998.0,12.8,6,1,1,19,17,1,4,11,18,0,0.078125,0.078125,0.3125,0.859375,1.40625,1.484375,1.328125,False,4,-0.28556384396058065,-0.04725874520723841,-0.5234513337423331,-0.4053270568033099,-0.6265890405506037,-0.02207484412364703,0.9006550476295959,0.3869613983021431,0.31124943730112686,-0.7789524655809358,0.38717955786815056
Arthur,br BRA,MF,Leverkusen,de Bundesliga,23.0,2003.0,16,13,1048,11.6,1,3,4,1,0,0,2,0,0.34,149,br BRA,MF,de Bundesliga,23-000,2003.0,11.6,1,10,2,20.0,0.8620689655172414,0.1724137931034483,0.1,0.5,0,0,187,br BRA,MF,de Bundesliga,23-000,2003.0,16,1048,66,44.8,11.6,13,73.0,7,3,32.0,3,1.81,23,16,7,0.6,-0.03,149,br BRA,MF,de Bundesliga,23-000,2003.0,11.6,2,0,0,17,9,3,29,18,11,0,0.08620689655172414,0.25862068965517243,2.5,1.5517241379310345,0.9482758620689655,1.4655172413793105,0.7758620689655172,False,3,-0.23912001688358303,1.6044288181154673,-0.35331189642763544,-0.5543459294800389,0.6488872400846513,1.3856287881917457,-0.04215668886021019,0.3528362197986602,-0.48910108542453307,-0.6790211282722177,1.0839095586349003
Raúl Asencio,es ESP,DF,Real Madrid,es La Liga,23.0,2003.0,19,14,1348,15.0,2,0,2,2,0,0,3,0,0.13,151,es ESP,DF,es La Liga,23-032,2003.0,15.0,2,13,4,30.8,0.8666666666666667,0.26666666666666666,0.15,0.5,0,0,190,es ESP,DF,es La Liga,23-032,2003.0,19,1348,71,53.5,15.0,14,84.0,10,5,34.0,6,2.32,30,12,18,1.2,-0.18,151,es ESP,DF,es La Liga,23-032,2003.0,15.0,3,0,0,15,17,0,1,8,10,0,0.13333333333333333,0.0,0.06666666666666667,0.5333333333333333,0.6666666666666666,1.0,1.1333333333333333,False,1,0.03169909922762068,-0.7621682875409468,-0.34839034886237413,-0.32766446750685807,-0.7699282797077086,-0.6849918802080476,-0.6218934742782558,-0.4895681866873251,0.028953444797630637,-0.1859410696935271,-1.2271161700301907
Kristjan Asllani,al ALB,MF,Torino,it Serie A,24.0,2002.0,15,13,1129,12.5,0,0,0,0,0,1,3,0,0.0,153,al ALB,MF,it Serie A,24-008,2002.0,12.5,0,20,4,20.0,1.6,0.32,0.0,0.0,0,1,192,al ALB,MF,it Serie A,24-008,2002.0,15,1129,75,43.3,12.5,13,82.0,5,2,29.0,4,1.27,13,20,-7,-0.56,0.11,153,al ALB,MF,it Serie A,24-008,2002.0,12.5,3,0,0,7,14,0,52,12,14,0,0.0,0.0,4.16,0.96,1.12,0.56,1.12,False,3,-0.7345208390382241,-0.7621682875409468,0.4365964877968048,-0.19939593292691182,1.6167915261895762,0.18251872036757685,0.3113644366151206,-1.2857963516325968,0.00963051055140222,-0.4872271991065486,0.4715882375725599
Dehmaine Assoumani,fr FRA,MF,Nantes,fr Ligue 1,20.0,2005.0,21,11,980,10.9,0,0,0,0,0,0,4,0,0.0,158,fr FRA,MF,fr Ligue 1,20-334,2005.0,10.9,0,19,4,21.1,1.7431192660550459,0.36697247706422015,0.0,0.0,0,0,197,fr FRA,MF,fr Ligue 1,20-334,2005.0,21,980,47,43.6,10.9,11,71.0,1,10,19.0,0,0.81,11,15,-4,-0.37,0.77,158,fr FRA,MF,fr Ligue 1,20-334,2005.0,10.9,4,0,0,19,15,0,65,13,16,0,0.0,0.0,5.963302752293578,1.1926605504587156,1.4678899082568806,1.7431192660550459,1.3761467889908257,False,3,-0.7345208390382241,-0.7621682875409468,0.58979658769526,-0.08642548045283084,2.668252046123168,0.655570659098895,1.0275504858813806,0.8551874713728711,0.38084357763032606,-0.41098183994502374,2.2899108857035615
Otavio Ataide,br BRA,DF,Paris FC,fr Ligue 1,23.0,2002.0,20,19,1721,19.1,0,0,0,0,0,0,6,1,0.0,160,br BRA,DF,fr Ligue 1,23-330,2002.0,19.1,0,11,2,18.2,0.5759162303664921,0.10471204188481674,0.0,0.0,0,0,199,br BRA,DF,fr Ligue 1,23-330,2002.0,20,1721,86,73.5,19.1,19,88.0,16,1,45.0,2,1.15,22,28,-6,-0.31,0.56,160,br BRA,DF,fr Ligue 1,23-330,2002.0,19.1,6,1,0,21,28,1,5,25,24,0,0.0,0.0,0.2617801047120419,1.3089005235602094,1.256544502617801,1.0994764397905759,1.4659685863874345,False,1,-0.7345208390382241,-0.7621682875409468,-0.659620256019488,-0.7171710123046006,-0.656162536960247,0.8919130236524215,0.5924627540939383,-0.30955467961973643,0.5110151290032817,-1.6266829407341707,-0.05617220323861751
Zachary Athekame,ch SUI,MF,Milan,it Serie A,21.0,2004.0,19,4,454,5.0,1,1,2,1,0,0,3,0,0.4,161,ch SUI,MF,it Serie A,21-094,2004.0,5.0,1,6,2,33.3,1.2,0.4,0.17,0.5,0,0,200,ch SUI,MF,it Serie A,21-094,2004.0,19,454,24,17.4,5.0,4,63.0,0,15,13.0,7,1.95,10,5,5,0.99,0.24,161,ch SUI,MF,it Serie A,21-094,2004.0,5.0,3,0,0,11,5,1,30,4,4,0,0.2,0.2,6.0,0.8,0.8,2.2,1.0,False,3,0.41480906836054315,1.0680001408333468,0.008421849619070741,-0.006993131056992437,2.6896492891010593,-0.1427977548482822,-0.34740585342726266,1.6819631722543256,-0.16427589766465547,0.8832146579539403,2.1598368533366004
Arthur Atta,fr FRA,MF,Udinese,it Serie A,23.0,2003.0,23,20,1805,20.1,2,3,5,2,0,0,3,0,0.25,162,fr FRA,MF,it Serie A,23-062,2003.0,20.1,2,43,14,32.6,2.1393034825870645,0.6965174129353233,0.05,0.14,0,0,201,fr FRA,MF,it Serie A,23-062,2003.0,23,1805,78,69.2,20.1,20,86.0,13,3,31.0,0,1.26,21,30,-9,-0.45,-0.45,162,fr FRA,MF,it Serie A,23-062,2003.0,20.1,3,0,0,17,26,5,45,16,9,0,0.09950248756218905,0.14925373134328357,2.2388059701492535,0.7960199004975124,0.4477611940298507,0.8457711442786069,1.2935323383084576,False,0,-0.16271491495923548,0.6036290470667348,1.0138866716085753,0.7061416320927084,0.4965915647849192,-0.15089020448051774,-1.0725447920933189,-0.7686621838979022,0.261117057756049,1.3023032663346272,-0.1810120904371771
Pierre-Emerick Aubameyang,ga GAB,FW,Marseille,fr Ligue 1,36.0,1989.0,23,16,1488,16.5,8,5,13,8,0,0,1,0,0.79,164,ga GAB,FW,fr Ligue 1,36-272,1989.0,16.5,8,37,21,56.8,2.242424242424242,1.2727272727272727,0.22,0.38,0,0,203,ga GAB,FW,fr Ligue 1,36-272,1989.0,23,1488,65,63.6,16.5,16,80.0,4,7,31.0,3,1.87,35,17,18,1.09,0.88,164,ga GAB,FW,fr Ligue 1,36-272,1989.0,16.5,1,0,0,15,14,6,21,6,5,0,0.48484848484848486,0.30303030303030304,1.2727272727272727,0.36363636363636365,0.30303030303030304,0.9090909090909091,0.8484848484848485,False,2,2.0517334819284843,2.010814179692831,1.1242709066883165,2.0919465257057643,-0.06670464723279051,-1.0300245054369892,-1.3704960765991454,-0.6540781381222986,-0.38385469591725335,3.5887150295598738,-0.805025120075514
Yann Aurel Bisseck,de GER,DF,Inter,it Serie A,25.0,2000.0,18,16,1476,16.4,2,1,3,2,0,0,2,0,0.18,167,de GER,DF,it Serie A,25-108,2000.0,16.4,2,21,9,42.9,1.2804878048780488,0.5487804878048781,0.1,0.22,0,0,206,de GER,DF,it Serie A,25-108,2000.0,18,1476,82,56.6,16.4,16,89.0,15,2,24.0,11,2.44,39,13,26,1.59,0.32,167,de GER,DF,it Serie A,25-108,2000.0,16.4,2,0,0,18,11,3,11,16,13,0,0.12195121951219513,0.06097560975609757,0.6707317073170732,0.9756097560975611,0.7926829268292683,1.0975609756097562,0.6707317073170732,False,1,-0.033709919892634284,-0.2041901081585402,0.09457894144751729,0.35082915290840644,-0.41771313396573617,0.21425691307156336,-0.36246919847396347,-0.3130209217327192,-0.641458115330667,-0.028324035525954274,-0.8418300951943372
Leon Avdullahu,xk KVX,MF,Hoffenheim,de Bundesliga,22.0,2004.0,26,26,2264,25.2,0,1,1,0,0,0,4,0,0.04,168,xk KVX,MF,de Bundesliga,22-022,2004.0,25.2,0,12,2,16.7,0.4761904761904762,0.07936507936507936,0.0,0.0,0,0,208,xk KVX,MF,de Bundesliga,22-022,2004.0,26,2264,87,96.8,25.2,26,87.0,21,0,,0,1.92,53,32,21,0.83,2.02,168,xk KVX,MF,de Bundesliga,22-022,2004.0,25.2,4,0,0,21,10,1,13,23,26,0,0.0,0.03968253968253968,0.5158730158730159,0.9126984126984127,1.0317460317460319,0.8333333333333334,0.39682539682539686,False,1,-0.7345208390382241,-0.3990396311174759,-0.766370352797781,-0.7781313449007169,-0.5080073455255574,0.08634381003590422,0.12967977328993954,-0.7911697643181098,-1.0384086373749977,-1.572585791663622,-0.8765733301480726
Arthur Avom,cm CMR,MF,Lorient,fr Ligue 1,21.0,2004.0,23,17,1624,18.0,1,1,2,1,0,0,3,0,0.11,170,cm CMR,MF,fr Ligue 1,21-092,2004.0,18.0,1,16,3,18.8,0.8888888888888888,0.16666666666666666,0.06,0.33,0,0,210,cm CMR,MF,fr Ligue 1,21-092,2004.0,23,1624,71,69.4,18.0,17,87.0,13,6,25.0,1,1.39,23,23,0,0.0,0.38,170,cm CMR,MF,fr Ligue 1,21-092,2004.0,18.0,3,0,0,15,33,0,35,20,26,1,0.05555555555555555,0.05555555555555555,1.9444444444444444,1.1111111111111112,1.4444444444444444,0.8333333333333334,1.8333333333333333,False,4,-0.41526253142745545,-0.25378816854808756,-0.32460286896361124,-0.5681679698442573,0.3249567561137929,0.489762058071444,0.9792843140192032,-0.7911697643181098,1.0434074927246328,-0.9025299187018355,0.8366073448209167
Chidozie Awaziem,ng NGA,DF,Nantes,fr Ligue 1,29.0,1997.0,21,21,1859,20.7,1,1,2,1,0,0,7,0,0.1,171,ng NGA,DF,fr Ligue 1,29-075,1997.0,20.7,1,9,4,44.4,0.43478260869565216,0.1932367149758454,0.11,0.25,0,0,211,ng NGA,DF,fr Ligue 1,29-075,1997.0,21,1859,89,82.6,20.7,21,89.0,19,0,,2,0.67,17,36,-19,-0.92,-0.69,171,ng NGA,DF,fr Ligue 1,29-075,1997.0,20.7,7,0,0,18,19,1,2,18,15,1,0.04830917874396135,0.04830917874396135,0.0966183574879227,0.8695652173913043,0.7246376811594203,0.8695652173913043,0.9178743961352658,False,1,-0.45690491937668615,-0.3200986188515039,-0.8106948495035508,-0.5042660730879435,-0.7524642014414537,-0.0013558091022565907,-0.5025510304299979,-0.7256042039635915,-0.2832939709204113,-0.9690347317102193,-1.0463791916882628
Neil El Aynaoui,ma MAR,MF,Roma,it Serie A,24.0,2001.0,18,4,607,6.7,0,1,1,0,0,0,4,0,0.15,174,ma MAR,MF,it Serie A,24-258,2001.0,6.7,0,4,3,75.0,0.5970149253731343,0.44776119402985076,0.0,0.0,0,0,214,ma MAR,MF,it Serie A,24-258,2001.0,18,607,34,23.3,6.7,4,66.0,1,14,25.0,4,1.78,9,9,0,0.0,-0.72,174,ma MAR,MF,it Serie A,24-258,2001.0,6.7,4,0,0,14,5,2,9,13,7,0,0.0,0.14925373134328357,1.3432835820895521,1.9402985074626866,1.044776119402985,2.08955223880597,0.7462686567164178,False,4,-0.7345208390382241,0.6036290470667348,-0.6370354407682596,0.10787421334295941,-0.025565036242733107,2.1756890647871323,0.1565042564932167,1.4820958581228794,-0.5319884523503494,-1.2961953055761948,0.8592675077024768
César Azpilicueta,es ESP,DF,Sevilla,es La Liga,36.0,1989.0,14,14,997,11.1,0,1,1,0,0,0,4,0,0.09,175,es ESP,DF,es La Liga,36-201,1989.0,11.1,0,0,0,,0.0,0.0,,,0,0,218,es ESP,DF,es La Liga,36-201,1989.0,14,997,71,39.6,11.1,14,71.0,8,0,,1,1.29,15,13,2,0.18,0.89,175,es ESP,DF,es La Liga,36-201,1989.0,11.1,4,0,0,22,8,1,11,22,16,0,0.0,0.0900900900900901,0.990990990990991,1.981981981981982,1.4414414414414416,1.981981981981982,0.7207207207207208,False,4,-0.7345208390382241,0.06223190542044675,-1.276102064914131,-0.9690071404065893,-0.23097799340376146,2.2604410710706775,0.9731021603964335,1.2874357031372985,-0.5690130339032278,-2.5489888641189897,0.9201512685035598
Loïc Bade,fr FRA,DF,Leverkusen,de Bundesliga,25.0,2000.0,19,16,1377,15.3,0,0,0,0,0,0,4,0,0.0,178,fr FRA,DF,de Bundesliga,25-340,2000.0,15.3,0,9,3,33.3,0.5882352941176471,0.19607843137254902,0.0,0.0,0,0,223,fr FRA,DF,de Bundesliga,25-340,2000.0,19,1377,72,58.8,15.3,16,81.0,12,3,26.0,1,1.74,29,19,10,0.65,0.09,178,fr FRA,DF,de Bundesliga,25-340,2000.0,15.3,4,0,0,8,4,0,3,20,16,1,0.0,0.0,0.19607843137254902,1.3071895424836601,1.0457516339869282,0.5228758169934641,0.26143790849673204,False,1,-0.7345208390382241,-0.7621682875409468,-0.6464334793586399,-0.4974316456273752,-0.6944715316768498,0.8884342090712715,0.15851250657260677,-1.3529766246107482,-1.2346149024802602,-1.855430634687507,-1.32679125786675
Alex Baena,es ESP,MF,Atlético Madrid,es La Liga,24.0,2001.0,19,14,1051,11.7,2,2,4,2,0,0,3,0,0.34,180,es ESP,MF,es La Liga,24-240,2001.0,11.7,2,20,5,25.0,1.7094017094017095,0.4273504273504274,0.1,0.4,0,0,225,es ESP,MF,es La Liga,24-240,2001.0,19,1051,55,41.7,11.7,14,66.0,2,5,24.0,2,2.05,18,6,12,1.03,0.41,180,es ESP,MF,es La Liga,24-240,2001.0,11.7,3,0,0,20,20,7,92,9,7,0,0.17094017094017094,0.17094017094017094,7.863247863247864,0.7692307692307693,0.5982905982905983,1.7094017094017095,1.7094017094017095,False,3,0.2478124151487564,0.8020782324370819,0.5537040811445612,0.05878560462503131,3.776062296880246,-0.20535861546671666,-0.7626563567659445,0.7941718616898615,0.8638032962052006,1.4389040407075537,2.5805746296081202
Samson Baidoo,at AUT,DF,Lens,fr Ligue 1,21.0,2004.0,18,17,1544,17.2,2,1,3,2,0,0,2,0,0.17,181,at AUT,DF,fr Ligue 1,21-351,2004.0,17.2,2,15,4,26.7,0.872093023255814,0.23255813953488372,0.13,0.5,0,0,228,at AUT,DF,fr Ligue 1,21-351,2004.0,18,1544,86,66.0,17.2,17,88.0,16,1,45.0,1,2.39,32,12,20,1.17,0.49,181,at AUT,DF,fr Ligue 1,21-351,2004.0,17.2,2,0,0,17,5,1,0,24,18,0,0.11627906976744186,0.05813953488372093,0.0,1.3953488372093024,1.0465116279069768,0.9883720930232559,0.29069767441860467,False,1,-0.06630577659708038,-0.23014258161818707,-0.3425817781894204,-0.40969666985449815,-0.8087999377842117,1.067682152931659,0.16007707349492212,-0.5106101572197053,-1.1922110625076312,-1.2467506142146816,-0.9744147747724576
Eric Bailly,ci CIV,DF,Oviedo,es La Liga,31.0,1994.0,8,8,683,7.6,1,0,1,1,0,0,1,0,0.13,184,ci CIV,DF,es La Liga,31-339,1994.0,7.6,1,4,1,25.0,0.5263157894736842,0.13157894736842105,0.25,1.0,0,0,231,ci CIV,DF,es La Liga,31-339,1994.0,8,683,85,27.1,7.6,8,85.0,7,0,,13,0.75,6,12,-6,-0.79,0.19,184,ci CIV,DF,es La Liga,31-339,1994.0,7.6,1,0,0,9,6,0,0,10,4,0,0.13157894736842105,0.0,0.0,1.3157894736842106,0.5263157894736842,1.1842105263157896,0.7894736842105263,False,1,0.02161725793464901,-0.7621682875409468,-0.7127143831013233,-0.6525551636468534,-0.8087999377842117,0.9059198297291587,-0.910827812016143,-0.1562190745690891,-0.4693748594472126,-1.1217492693385358,-1.329352454031176
Ridle Baku,de GER,DF,RB Leipzig,de Bundesliga,27.0,1998.0,24,21,1887,21.0,1,3,4,1,0,0,3,0,0.19,190,de GER,DF,de Bundesliga,27-343,1998.0,21.0,1,22,3,13.6,1.0476190476190477,0.14285714285714285,0.05,0.33,0,0,240,de GER,DF,de Bundesliga,27-343,1998.0,24,1887,79,80.6,21.0,21,86.0,11,3,25.0,0,1.83,35,27,8,0.38,-0.61,190,de GER,DF,de Bundesliga,27-343,1998.0,21.0,3,0,0,20,16,0,42,19,30,0,0.047619047619047616,0.14285714285714285,2.0,0.9047619047619048,1.4285714285714286,0.9523809523809523,0.7619047619047619,False,1,-0.4608708610861367,0.5450948755835485,-0.15469229825816114,-0.625430708496019,0.3573498045108787,0.07020708011448268,0.946607216298847,-0.5757400660104066,-0.509328294918738,-0.8430195789601065,0.6086895307250805
Alejandro Balde,es ESP,DF,Barcelona,es La Liga,22.0,2003.0,21,18,1513,16.8,0,2,2,0,0,0,2,0,0.12,195,es ESP,DF,es La Liga,22-150,2003.0,16.8,0,8,1,12.5,0.47619047619047616,0.05952380952380952,0.0,0.0,0,0,247,es ESP,DF,es La Liga,22-150,2003.0,21,1513,72,60.0,16.8,18,78.0,7,3,35.0,1,2.33,43,18,25,1.49,-0.66,195,es ESP,DF,es La Liga,22-150,2003.0,16.8,2,0,0,12,22,4,20,6,17,0,0.0,0.11904761904761904,1.1904761904761905,0.35714285714285715,1.0119047619047619,0.7142857142857143,1.3095238095238095,False,1,-0.7345208390382241,0.3272176817294659,-0.7663703527977811,-0.825850293777185,-0.11466318641808643,-1.043227284463607,0.08883340113949385,-1.0065994626258132,0.2842922187656517,-0.6835881578621887,-0.03533406974732302
Leonardo Balerdi,ar ARG,DF,Marseille,fr Ligue 1,27.0,1999.0,18,14,1360,15.1,0,1,1,0,0,0,4,0,0.07,198,ar ARG,DF,fr Ligue 1,27-050,1999.0,15.1,0,11,3,27.3,0.728476821192053,0.19867549668874174,0.0,0.0,0,0,251,ar ARG,DF,fr Ligue 1,27-050,1999.0,18,1360,76,58.1,15.1,14,89.0,13,4,29.0,1,1.94,36,23,13,0.86,0.22,198,ar ARG,DF,fr Ligue 1,27-050,1999.0,15.1,4,0,0,16,18,0,1,16,18,0,0.0,0.06622516556291391,0.06622516556291391,1.0596026490066226,1.1920529801324504,1.0596026490066226,1.1920529801324504,False,1,-0.7345208390382241,-0.1561522516554191,-0.4963138165771983,-0.49118561258394183,-0.7701857079068907,0.38503361222380733,0.4596968198034717,-0.3817106688590973,0.1140511353522138,-1.1723877546430106,-0.1728518491981121
Folarin Balogun,us USA,FW,Monaco,fr Ligue 1,24.0,2001.0,22,18,1548,17.2,8,4,12,7,1,1,4,1,0.64,203,us USA,FW,fr Ligue 1,24-257,2001.0,17.2,8,52,23,44.2,3.0232558139534884,1.3372093023255816,0.13,0.3,1,1,258,us USA,FW,fr Ligue 1,24-257,2001.0,22,1548,70,66.2,17.2,18,77.0,5,4,41.0,1,1.68,28,22,6,0.35,0.12,203,us USA,FW,fr Ligue 1,24-257,2001.0,17.2,4,1,0,30,29,11,11,3,6,0,0.46511627906976744,0.23255813953488372,0.6395348837209303,0.1744186046511628,0.3488372093023256,1.744186046511628,1.686046511627907,False,2,1.9383394107263505,1.365934536150092,1.9601015957315326,2.2470280652679353,-0.43590321786426994,-1.4147473454451736,-1.2761953611905061,0.8571179273850161,0.8299564748883869,4.30864229863438,-0.25630470679809103
Aladji Bamba,fr FRA,MF,Monaco,fr Ligue 1,19.0,2006.0,11,6,450,5.0,0,0,0,0,0,0,2,0,0.0,205,fr FRA,MF,fr Ligue 1,19-246,2006.0,5.0,0,0,0,,0.0,0.0,,,0,0,260,fr FRA,MF,fr Ligue 1,19-246,2006.0,11,450,41,19.2,5.0,6,60.0,0,5,18.0,7,2.64,11,4,7,1.4,1.35,205,fr FRA,MF,fr Ligue 1,19-246,2006.0,5.0,2,0,0,13,9,0,3,4,15,0,0.0,0.0,0.6,0.8,3.0,2.6,1.8,False,4,-0.7345208390382241,-0.7621682875409468,-1.276102064914131,-0.9690071404065893,-0.45895501509568454,-0.1427977548482822,4.181639890614121,2.405806958568209,0.9951001571090615,-2.3139990954855127,2.823343835208092
Mohamed Bamba,ci CIV,FW,Lorient,fr Ligue 1,24.0,2001.0,18,7,682,7.6,1,2,3,1,0,1,3,0,0.4,206,ci CIV,FW,fr Ligue 1,24-097,2001.0,7.6,1,13,6,46.2,1.7105263157894737,0.7894736842105263,0.08,0.17,0,1,261,ci CIV,FW,fr Ligue 1,24-097,2001.0,18,682,38,29.1,7.6,7,64.0,0,11,21.0,6,1.06,11,16,-5,-0.66,-0.77,206,ci CIV,FW,fr Ligue 1,24-097,2001.0,7.6,3,0,0,17,8,12,3,2,2,0,0.13157894736842105,0.2631578947368421,0.39473684210526316,0.2631578947368421,0.2631578947368421,2.236842105263158,1.0526315789473684,False,0,0.02161725793464901,1.6459480655831236,0.5549079009774943,0.9297047201518255,-0.5786388044364964,-1.2343201387962308,-1.4525796952746817,1.7486329946779724,-0.08800115721901629,1.9983822130723576,0.017362068077460994
Noahkai Banks,us USA,DF,Augsburg,de Bundesliga,19.0,2006.0,21,19,1650,18.3,1,1,2,1,0,0,8,0,0.11,208,us USA,DF,de Bundesliga,19-106,2006.0,18.3,1,9,5,55.6,0.4918032786885246,0.27322404371584696,0.11,0.2,0,0,263,us USA,DF,de Bundesliga,19-106,2006.0,21,1650,79,70.5,18.3,19,85.0,14,2,17.0,4,1.19,22,27,-5,-0.27,0.9,208,us USA,DF,de Bundesliga,19-106,2006.0,18.3,8,0,0,29,18,3,3,17,25,0,0.0546448087431694,0.0546448087431694,0.16393442622950818,0.9289617486338797,1.366120218579235,1.5846994535519126,0.9836065573770492,False,4,-0.4204962741751729,-0.2621222688594459,-0.7496578376464254,-0.3118937460421107,-0.7132138933337944,0.1194108795470139,0.8180415859236745,0.5685094790993623,-0.18803360370510053,-1.094893308354335,0.10279436034424866
Ezechiel Banzuzi,nl NED,MF,RB Leipzig,de Bundesliga,21.0,2005.0,22,2,537,6.0,0,1,1,0,0,0,3,0,0.17,209,nl NED,MF,de Bundesliga,21-029,2005.0,6.0,0,12,3,25.0,2.0,0.5,0.0,0.0,0,0,265,nl NED,MF,de Bundesliga,21-029,2005.0,22,537,24,22.9,6.0,2,65.0,0,20,20.0,2,1.95,5,9,-4,-0.67,-1.52,209,nl NED,MF,de Bundesliga,21-029,2005.0,6.0,3,0,0,13,5,0,5,6,10,0,0.0,0.16666666666666666,0.8333333333333334,1.0,1.6666666666666667,2.1666666666666665,0.8333333333333334,False,4,-0.7345208390382241,0.7629720694376311,0.8647711259745386,0.2335103712804067,-0.32290421182792395,0.2638478391715417,1.4367636821041916,1.621642856728168,-0.4058125757425131,-0.09047352085898952,1.347145732932014
Tommaso Barbieri,it ITA,MF,Cremonese,it Serie A,23.0,2002.0,21,16,1444,16.0,0,1,1,0,0,0,5,0,0.06,210,it ITA,MF,it Serie A,23-203,2002.0,16.0,0,12,1,8.3,0.75,0.0625,0.0,0.0,0,0,267,it ITA,MF,it Serie A,23-203,2002.0,21,1444,69,55.3,16.0,16,83.0,9,5,24.0,4,0.71,13,24,-11,-0.69,0.09,210,it ITA,MF,it Serie A,23-203,2002.0,16.0,5,0,0,32,23,1,65,13,22,0,0.0,0.0625,4.0625,0.8125,1.375,2.0,1.4375,False,4,-0.7345208390382241,-0.1902406536739801,-0.4732746183308799,-0.8186924514457148,1.5599417262526905,-0.11738240522204328,0.8363220114926444,1.3200412790973834,0.469757882289721,-0.8673726652799655,1.971623612073191
Valentín Barco,ar ARG,MF,Strasbourg,fr Ligue 1,21.0,2004.0,23,21,1898,21.1,1,4,5,1,0,0,4,1,0.24,211,ar ARG,MF,fr Ligue 1,21-237,2004.0,21.1,1,21,6,28.6,0.995260663507109,0.2843601895734597,0.05,0.17,0,0,268,ar ARG,MF,fr Ligue 1,21-237,2004.0,23,1898,83,81.1,21.1,21,87.0,17,2,38.0,0,1.61,38,25,13,0.62,1.43,211,ar ARG,MF,fr Ligue 1,21-237,2004.0,21.1,4,1,0,21,57,1,94,12,32,0,0.04739336492890995,0.1895734597156398,4.454976303317535,0.5687203791469194,1.5165876777251184,0.995260663507109,2.701421800947867,False,3,-0.46216778041292383,0.9725885166053029,-0.21073862868991156,-0.2851109252291508,1.788784796238027,-0.6130419488806854,1.1278024974970309,-0.49814453486639965,2.3014587211965076,0.35507045921689706,2.693903487291802
Bradley Barcola,fr FRA,FW,Paris Saint-Germain,fr Ligue 1,23.0,2002.0,22,15,1324,14.7,10,1,11,10,0,0,2,0,0.75,212,fr FRA,FW,fr Ligue 1,23-196,2002.0,14.7,10,55,25,45.5,3.741496598639456,1.7006802721088436,0.18,0.4,0,0,269,fr FRA,FW,fr Ligue 1,23-196,2002.0,22,1324,60,58.8,14.7,15,74.0,5,7,31.0,2,2.45,34,11,23,1.56,0.69,212,fr FRA,FW,fr Ligue 1,23-196,2002.0,14.7,2,0,0,16,8,4,20,11,12,0,0.6802721088435374,0.06802721088435375,1.3605442176870748,0.7482993197278912,0.8163265306122449,1.08843537414966,0.54421768707483,False,2,3.1747645602773105,-0.13966201938642517,2.728932816000047,3.1211884775763905,-0.015500793365782846,-0.24791702405068566,-0.3137951243434676,-0.3295346965158881,-0.8248047724081846,4.22528530552249,-1.339617985070707
Nicolò Barella,it ITA,MF,Inter,it Serie A,29.0,1997.0,26,23,1904,21.2,1,6,7,1,0,0,5,0,0.33,215,it ITA,MF,it Serie A,29-038,1997.0,21.2,1,27,3,11.1,1.2735849056603774,0.14150943396226415,0.04,0.33,0,0,272,it ITA,MF,it Serie A,29-038,1997.0,26,1904,73,73.0,21.2,23,79.0,9,3,29.0,0,2.27,42,15,27,1.28,-0.64,215,it ITA,MF,it Serie A,29-038,1997.0,21.2,5,0,0,27,19,3,83,5,25,0,0.04716981132075472,0.2830188679245283,3.915094339622642,0.2358490566037736,1.179245283018868,1.2735849056603774,0.8962264150943396,False,3,-0.46345246465172235,1.8276926960075817,0.08718982551025775,-0.6286719955895149,1.4739931898217435,-1.2898452323192953,0.43333016248381645,0.00551364829151033,-0.3146666594867178,0.38355005837279615,1.6516847051129824
Pablo Barrios,es ESP,MF,Atlético Madrid,es La Liga,22.0,2003.0,21,19,1575,17.5,1,1,2,1,0,0,0,0,0.11,221,es ESP,MF,es La Liga,22-275,2003.0,17.5,1,21,6,28.6,1.2,0.34285714285714286,0.05,0.17,0,0,280,es ESP,MF,es La Liga,22-275,2003.0,21,1575,75,62.5,17.5,19,79.0,13,2,37.0,0,2.0,28,14,14,0.8,0.04,221,es ESP,MF,es La Liga,22-275,2003.0,17.5,0,0,0,12,21,0,27,23,15,0,0.05714285714285714,0.05714285714285714,1.542857142857143,1.3142857142857143,0.8571428571428571,0.6857142857142857,1.2,False,1,-0.4061408654957192,-0.23926302229114868,0.008421849619070741,-0.1444237038212206,0.09080129198628668,0.9028623440598366,-0.22976830163398013,-1.058302590219662,0.12556811602877369,-0.6027001028440121,-0.31463069894783496
Marc Bartra,es ESP,DF,Real Betis,es La Liga,35.0,1991.0,22,18,1767,19.6,1,0,1,1,0,0,3,0,0.05,224,es ESP,DF,es La Liga,35-061,1991.0,19.6,1,14,5,35.7,0.7142857142857142,0.25510204081632654,0.07,0.2,0,0,285,es ESP,DF,es La Liga,35-061,1991.0,22,1767,80,70.1,19.6,18,88.0,17,4,45.0,3,1.55,26,26,0,0.0,-0.96,224,es ESP,DF,es La Liga,35-061,1991.0,19.6,3,0,0,13,10,0,2,27,17,1,0.0510204081632653,0.0,0.1020408163265306,1.3775510204081631,0.8673469387755102,0.6632653061224489,0.5102040816326531,False,1,-0.44132443408955896,-0.7621682875409468,-0.5115044967396063,-0.35547779770914234,-0.7493025019528295,1.0314951340048826,-0.2087615959566082,-1.0989264761862576,-0.8740979720159108,-1.4537235004735436,-1.3558631587257728
Federico Baschirotto,it ITA,DF,Cremonese,it Serie A,29.0,1996.0,25,25,2250,25.0,2,0,2,2,0,0,2,0,0.08,225,it ITA,DF,it Serie A,29-178,1996.0,25.0,2,12,5,41.7,0.48,0.2,0.17,0.4,0,0,286,it ITA,DF,it Serie A,29-178,1996.0,25,2250,90,86.2,25.0,25,90.0,25,0,,0,0.96,21,33,-12,-0.48,1.77,225,it ITA,DF,it Serie A,29-178,1996.0,25.0,2,0,0,40,9,1,5,20,13,0,0.08,0.0,0.2,0.8,0.52,1.6,0.36,False,1,-0.2747888760787172,-0.7621682875409468,-0.7622924991008503,-0.48800013573179085,-0.6921849635547026,-0.1427977548482822,-0.923829857214348,0.5961974927835002,-1.091776741483629,-0.9010875056347754,-1.3093959966003401
Toma Bašić,hr CRO,MF,Lazio,it Serie A,29.0,1996.0,16,16,1170,13.0,1,2,3,1,0,0,0,1,0.23,226,hr CRO,MF,it Serie A,29-112,1996.0,13.0,1,26,9,34.6,2.0,0.6923076923076923,0.04,0.11,0,0,287,hr CRO,MF,it Serie A,29-112,1996.0,16,1170,73,44.8,13.0,16,73.0,5,0,,2,1.56,13,9,4,0.31,0.5,226,hr CRO,MF,it Serie A,29-112,1996.0,13.0,0,1,0,15,14,0,33,7,12,0,0.07692307692307693,0.15384615384615385,2.5384615384615383,0.5384615384615384,0.9230769230769231,1.1538461538461537,1.0769230769230769,False,3,-0.29247087465408284,0.645653580439279,0.8647711259745386,0.6960171065446359,0.6713131966672491,-0.6745650701049752,-0.09403266494942296,-0.21116673041275477,-0.052797430859490464,1.0915965860530066,0.45239521496335117
Alessandro Bastoni,it ITA,DF,Inter,it Serie A,26.0,1999.0,24,24,2009,22.3,1,4,5,1,0,0,6,0,0.22,228,it ITA,DF,it Serie A,26-338,1999.0,22.3,1,16,7,43.8,0.7174887892376681,0.3139013452914798,0.06,0.14,0,0,289,it ITA,DF,it Serie A,26-338,1999.0,24,2009,84,77.0,22.3,24,84.0,16,0,,4,2.29,54,18,36,1.61,0.71,228,it ITA,DF,it Serie A,26-338,1999.0,22.3,6,0,0,40,18,0,76,20,34,0,0.04484304932735426,0.17937219730941703,3.408071748878924,0.8968609865470851,1.5246636771300448,1.7937219730941703,0.8071748878923767,False,4,-0.47682355038379204,0.8792383746781505,-0.5080758080930836,-0.21406341109636767,1.1783610580549557,0.05414271221064578,1.144428211466923,0.9467586090252011,-0.4437219198354505,-0.6077790806564247,1.7902526029670824
Christoph Baumgartner,at AUT,MF,RB Leipzig,de Bundesliga,26.0,1999.0,25,24,2065,22.9,10,6,16,10,0,1,6,0,0.7,235,at AUT,MF,de Bundesliga,26-228,1999.0,22.9,10,59,24,40.7,2.576419213973799,1.0480349344978166,0.17,0.42,0,1,297,at AUT,MF,de Bundesliga,26-228,1999.0,25,2065,83,88.2,22.9,24,85.0,11,1,22.0,0,1.88,45,26,19,0.83,2.79,235,at AUT,MF,de Bundesliga,26-228,1999.0,22.9,6,0,0,47,26,3,4,15,27,0,0.4366812227074236,0.26200873362445415,0.17467248908296945,0.6550218340611355,1.1790393013100438,2.052401746724891,1.1353711790393013,False,2,1.774933107247294,1.635432273648084,1.4817913469293518,1.5515535827801272,-0.7069527987191383,-0.4375714168888532,0.43290611676486157,1.414867975994399,0.03190673169115905,2.766449196173543,0.55630212323801
Adrian Beck,de GER,MF,Heidenheim,de Bundesliga,28.0,1997.0,19,8,769,8.5,1,0,1,1,0,0,0,0,0.12,240,de GER,MF,de Bundesliga,28-281,1997.0,8.5,1,10,4,40.0,1.1764705882352942,0.47058823529411764,0.1,0.25,0,0,304,de GER,MF,de Bundesliga,28-281,1997.0,19,769,40,32.9,8.5,8,67.0,1,11,21.0,5,0.53,5,20,-15,-1.76,-0.67,240,de GER,MF,de Bundesliga,28-281,1997.0,8.5,0,0,0,11,13,1,9,3,15,0,0.11764705882352941,0.0,1.0588235294117647,0.35294117647058826,1.7647058823529411,1.2941176470588236,1.5294117647058822,False,4,-0.058444422921302225,-0.7621682875409468,-0.016764893803148814,0.16277404706352458,-0.19142654480445792,-1.051770259127889,1.6385928150828628,0.0426698914846481,0.6029582562297159,-0.06369671005877692,0.5549844342872411
Reda Belahyane,ma MAR,MF,Lazio,it Serie A,21.0,2004.0,12,4,519,5.8,0,1,1,0,0,0,1,1,0.17,248,ma MAR,MF,it Serie A,21-289,2004.0,5.8,0,1,1,100.0,0.1724137931034483,0.1724137931034483,0.0,0.0,0,0,314,ma MAR,MF,it Serie A,21-289,2004.0,12,519,43,19.9,5.8,4,79.0,3,8,26.0,16,1.08,3,9,-6,-1.04,-1.34,248,ma MAR,MF,it Serie A,21-289,2004.0,5.8,1,1,0,11,3,0,1,2,5,0,0.0,0.1724137931034483,0.1724137931034483,0.3448275862068966,0.8620689655172414,1.896551724137931,0.5172413793103449,False,1,-0.7345208390382241,0.815563116229996,-1.0915440312168319,-0.5543459294800389,-0.7082697875863591,-1.0682670377899506,-0.2196271333759383,1.1328402998782756,-0.8638993789936226,-0.6784189403450152,-0.07947122551098978
Rafik Belghali,dz ALG,MF,Hellas Verona,it Serie A,23.0,2002.0,17,13,1169,13.0,2,0,2,2,0,0,5,0,0.15,249,dz ALG,MF,it Serie A,23-283,2002.0,13.0,2,10,4,40.0,0.7692307692307693,0.3076923076923077,0.2,0.5,0,0,317,dz ALG,MF,it Serie A,23-283,2002.0,17,1169,69,44.8,13.0,13,81.0,8,4,29.0,1,0.71,13,19,-6,-0.46,0.97,249,dz ALG,MF,it Serie A,23-283,2002.0,13.0,5,0,0,16,5,4,40,11,8,0,0.15384615384615385,0.0,3.076923076923077,0.8461538461538461,0.6153846153846154,1.2307692307692308,0.38461538461538464,False,1,0.1495790897300584,-0.7621682875409468,-0.45268929918771955,-0.22899636398382248,0.9852765888236198,-0.048956463920630605,-0.7274656361440222,-0.07196600227546918,-1.0561036321059762,-0.406341839748318,-0.5674608410732128
Haris Belkebla,dz ALG,MF,Angers,fr Ligue 1,32.0,1994.0,25,25,2176,24.2,0,0,0,0,0,0,7,0,0.0,250,dz ALG,MF,fr Ligue 1,32-048,1994.0,24.2,0,4,0,0.0,0.1652892561983471,0.0,0.0,,0,0,318,dz ALG,MF,fr Ligue 1,32-048,1994.0,25,2176,87,93.0,24.2,25,87.0,21,0,,0,1.16,22,32,-10,-0.41,-0.96,250,dz ALG,MF,fr Ligue 1,32-048,1994.0,24.2,7,0,0,17,43,0,3,21,32,0,0.0,0.0,0.12396694214876033,0.8677685950413223,1.322314049586777,0.7024793388429752,1.7768595041322315,False,1,-0.7345208390382241,-0.7621682875409468,-1.099170396245646,-0.9690071404065893,-0.736517928964268,-0.00500875191594523,0.727859702633652,-1.027964391383602,0.9615644861032103,-1.6260628872893843,-0.15954708911378906
Yassin Belkhdim,fr FRA,MF,Angers,fr Ligue 1,24.0,2002.0,25,24,1957,21.7,2,2,4,2,0,0,4,0,0.18,251,fr FRA,MF,fr Ligue 1,24-031,2002.0,21.7,2,28,12,42.9,1.2903225806451613,0.5529953917050692,0.07,0.17,0,0,319,fr FRA,MF,fr Ligue 1,24-031,2002.0,25,1957,78,83.6,21.7,24,80.0,10,1,30.0,0,1.28,16,27,-11,-0.51,-0.98,251,fr FRA,MF,fr Ligue 1,24-031,2002.0,21.7,4,0,0,26,26,2,37,29,39,0,0.09216589861751152,0.09216589861751152,1.7050691244239633,1.336405529953917,1.7972350230414746,1.19815668202765,1.19815668202765,False,4,-0.20487572042128066,0.08122730157163087,0.10510644533662358,0.3609661444085216,0.18538302223694844,0.9478369719698632,1.7055591633522837,-0.1309819791815992,0.12289674263067785,-0.5886043284492593,1.057517336909781
Stefan Bell,de GER,DF,Mainz 05,de Bundesliga,34.0,1991.0,18,13,1039,11.5,2,1,3,2,0,0,4,0,0.26,252,de GER,DF,de Bundesliga,34-205,1991.0,11.5,2,12,5,41.7,1.0434782608695652,0.43478260869565216,0.17,0.4,0,0,320,de GER,DF,de Bundesliga,34-205,1991.0,18,1039,58,44.4,11.5,13,71.0,6,5,24.0,4,1.06,18,21,-3,-0.26,0.22,252,de GER,DF,de Bundesliga,34-205,1991.0,11.5,4,0,0,15,8,1,1,19,6,0,0.17391304347826086,0.08695652173913043,0.08695652173913043,1.6521739130434783,0.5217391304347826,1.3043478260869565,0.6956521739130435,False,1,0.26489647174331254,0.03355711610005034,-0.15912474792873818,0.07666026106036372,-0.7580977750757295,1.5898660805405331,-0.9202495838989002,0.06118252029062969,-0.6053428750242218,-0.4445768957038402,-0.9949365000674365
Armel Bella Kotchap,de GER,DF,Hellas Verona,it Serie A,24.0,2001.0,17,13,1264,14.0,0,0,0,0,0,0,3,0,0.0,253,de GER,DF,it Serie A,24-096,2001.0,14.0,0,3,0,0.0,0.21428571428571427,0.0,0.0,,0,0,321,de GER,DF,it Serie A,24-096,2001.0,17,1264,74,48.4,14.0,13,86.0,10,4,37.0,3,0.59,13,26,-13,-0.93,0.14,253,de GER,DF,it Serie A,24-096,2001.0,14.0,3,0,0,22,15,0,1,29,10,0,0.0,0.0,0.07142857142857142,2.0714285714285716,0.7142857142857143,1.5714285714285714,1.0714285714285714,False,1,-0.7345208390382241,-0.7621682875409468,-1.0467227944617736,-0.9690071404065893,-0.7671517327022441,2.442306378563456,-0.5238621811171867,0.5444943651896511,-0.060760178488430794,-2.2968869325918364,-0.46868393498091443
Raoul Bellanova,it ITA,MF,Atalanta,it Serie A,25.0,2000.0,18,12,1162,12.9,0,1,1,0,0,0,1,0,0.08,254,it ITA,MF,it Serie A,25-304,2000.0,12.9,0,13,5,38.5,1.0077519379844961,0.38759689922480617,0.0,0.0,0,0,322,it ITA,MF,it Serie A,25-304,2000.0,18,1162,65,44.5,12.9,12,81.0,9,6,33.0,1,1.39,15,19,-4,-0.31,-1.37,254,it ITA,MF,it Serie A,25-304,2000.0,12.9,1,0,0,2,9,2,78,8,8,0,0.0,0.07751937984496124,6.046511627906977,0.6201550387596899,0.6201550387596899,0.15503875968992248,0.6976744186046512,False,3,-0.7345208390382241,-0.05280067964393383,-0.1973675113655765,-0.03682302281977076,2.7167690505497823,-0.5084635603234728,-0.7176449699239509,-2.0186180453736293,-0.6024121974337927,-0.11625847082282212,0.3016756746169511
Héctor Bellerín,es ESP,DF,Real Betis,es La Liga,30.0,1995.0,17,13,1171,13.0,1,2,3,1,0,0,1,0,0.23,256,es ESP,DF,es La Liga,30-363,1995.0,13.0,1,4,4,100.0,0.3076923076923077,0.3076923076923077,0.25,0.25,0,0,324,es ESP,DF,es La Liga,30-363,1995.0,17,1171,69,46.5,13.0,13,84.0,9,4,21.0,3,1.53,21,18,3,0.23,-0.1,256,es ESP,DF,es La Liga,30-363,1995.0,13.0,1,0,0,11,2,1,23,8,7,0,0.07692307692307693,0.15384615384615385,1.7692307692307692,0.6153846153846154,0.5384615384615384,0.8461538461538461,0.15384615384615385,False,1,-0.29247087465408284,0.645653580439279,-0.9467369586235664,-0.22899636398382248,0.22279406501529134,-0.518162918558889,-0.885823878942672,-0.7679696429618956,-1.3905390325214715,-0.4709152785377508,-0.8410332286483579
Jobe Bellingham,eng ENG,MF,Dortmund,de Bundesliga,20.0,2005.0,24,12,1124,12.5,0,1,1,0,0,0,1,1,0.08,257,eng ENG,MF,de Bundesliga,20-175,2005.0,12.5,0,13,4,30.8,1.04,0.32,0.0,0.0,0,0,325,eng ENG,MF,de Bundesliga,20-175,2005.0,24,1124,47,48.0,12.5,12,79.0,8,12,15.0,0,2.25,30,14,16,1.28,0.32,257,eng ENG,MF,de Bundesliga,20-175,2005.0,12.5,1,1,0,9,17,0,5,35,14,0,0.0,0.08,0.4,2.8,1.12,0.72,1.36,False,1,-0.7345208390382241,-0.030100916191229392,-0.16284800565202276,-0.19939593292691182,-0.5755699893251935,3.9236581853499573,0.3113644366151206,-0.9962588371070435,0.3574433269835173,-2.0383499631809574,0.06628451228337048
Jude Bellingham,eng ENG,MF,Real Madrid,es La Liga,22.0,2003.0,18,15,1291,14.3,4,3,7,4,0,0,1,0,0.49,258,eng ENG,MF,es La Liga,22-261,2003.0,14.3,4,36,19,52.8,2.5174825174825175,1.3286713286713285,0.11,0.21,0,0,326,eng ENG,MF,es La Liga,22-261,2003.0,18,1291,72,51.2,14.3,15,83.0,11,3,16.0,0,2.33,30,13,17,1.19,-0.21,258,eng ENG,MF,es La Liga,22-261,2003.0,14.3,1,0,0,27,34,1,9,12,31,0,0.2797202797202797,0.2097902097902098,0.6293706293706294,0.8391608391608392,2.167832167832168,1.8881118881118881,2.3776223776223775,False,0,0.8729335769041073,1.157588805159361,1.4187033501904882,2.2264939396008123,-0.4418297391598825,-0.06317484133391113,2.468491627610546,1.1175674927158776,1.832202098755119,2.2919794854434907,2.232172954377214
Fran Beltrán,es ESP,MF,Girona,es La Liga,27.0,1999.0,8,6,506,5.6,1,0,1,1,0,0,2,0,0.18,262,es ESP,MF,es La Liga,27-042,1999.0,5.6,1,6,2,33.3,1.0714285714285714,0.35714285714285715,0.17,0.5,0,0,330,es ESP,MF,es La Liga,27-042,1999.0,8,506,63,20.1,5.6,6,76.0,2,2,27.0,0,1.25,6,6,0,0.0,0.54,262,es ESP,MF,es La Liga,27-042,1999.0,5.6,2,0,0,5,5,0,3,3,7,0,0.17857142857142858,0.0,0.5357142857142857,0.5357142857142857,1.25,0.8928571428571429,0.8928571428571429,False,1,0.29166657828210374,-0.7621682875409468,-0.12920571265234373,-0.11006606063016355,-0.4964383996694553,-0.6801508612316212,0.5789898669448386,-0.683454915164258,-0.3195494764289925,-0.2321314494809926,-0.7400011017457858
Fran Beltrán,es ESP,MF,Celta Vigo,es La Liga,27.0,1999.0,10,7,528,5.9,0,0,0,0,0,0,0,0,0.0,263,es ESP,MF,es La Liga,27-042,1999.0,5.9,0,6,1,16.7,1.0169491525423728,0.1694915254237288,0.0,0.0,0,0,331,es ESP,MF,es La Liga,27-042,1999.0,10,528,53,21.0,5.9,7,71.0,2,3,10.0,9,1.4,4,6,-2,-0.34,-0.75,263,es ESP,MF,es La Liga,27-042,1999.0,5.9,0,0,0,10,3,0,2,8,5,0,0.0,0.0,0.3389830508474576,1.3559322033898304,0.847457627118644,1.694915254237288,0.5084745762711864,False,1,-0.7345208390382241,-0.7621682875409468,-0.1875224763266719,-0.5613740855974381,-0.6111474390901286,0.9875391505627538,-0.24970686973453649,0.7679570352986587,-0.8766044058942698,-1.37874212086719,-0.6171915199316204
Lucas Beltrán,ar ARG,FW,Valencia,es La Liga,24.0,2001.0,22,13,1109,12.3,1,2,3,1,0,0,0,0,0.24,264,ar ARG,FW,es La Liga,24-353,2001.0,12.3,1,28,8,28.6,2.2764227642276422,0.6504065040650406,0.04,0.13,0,0,332,ar ARG,FW,es La Liga,24-353,2001.0,22,1109,50,44.0,12.3,13,70.0,2,9,23.0,0,1.0,14,17,-3,-0.24,0.33,264,ar ARG,FW,es La Liga,24-353,2001.0,12.3,0,0,0,21,35,3,10,4,8,0,0.08130081300813008,0.16260162601626016,0.8130081300813008,0.3252032520325203,0.6504065040650406,1.7073170731707317,2.8455284552845526,False,0,-0.26731355960783093,0.7257735241454707,1.1606641686176882,0.5952432813000721,-0.33475532709515055,-1.1081677829278644,-0.6553675743820353,0.7903994842335662,2.5103009766608904,2.0662881478884687,0.9521510457748673
Adrian Benedyczak,pl POL,FW,Parma,it Serie A,25.0,2000.0,14,5,490,5.4,1,1,2,0,1,1,1,0,0.18,268,pl POL,FW,it Serie A,25-113,2000.0,5.4,1,8,3,37.5,1.4814814814814814,0.5555555555555555,0.0,0.0,1,1,338,pl POL,FW,it Serie A,25-113,2000.0,14,490,35,18.8,5.4,5,68.0,0,9,17.0,7,1.21,6,7,-1,-0.18,0.41,268,pl POL,FW,it Serie A,25-113,2000.0,5.4,1,0,0,9,6,1,10,1,6,0,0.18518518518518517,0.18518518518518517,1.8518518518518516,0.18518518518518517,1.111111111111111,1.6666666666666665,1.111111111111111,False,0,0.32967351966433805,0.9324321091019174,0.30972992833673535,0.36712342813451715,0.2709683421186497,-1.3928564327610744,0.2930652618917205,0.7168381238358137,-0.0032514456127505967,1.2016539132189459,0.719363210986066
Ramy Bensebaini,dz ALG,DF,Dortmund,de Bundesliga,30.0,1995.0,16,12,1166,13.0,2,0,2,2,0,0,5,0,0.15,273,dz ALG,DF,de Bundesliga,30-335,1995.0,13.0,2,10,4,40.0,0.7692307692307693,0.3076923076923077,0.2,0.5,0,0,346,dz ALG,DF,de Bundesliga,30-335,1995.0,16,1166,73,49.8,13.0,12,89.0,11,4,24.0,4,2.13,25,11,14,1.08,-0.07,273,dz ALG,DF,de Bundesliga,30-335,1995.0,13.0,5,0,0,26,11,1,7,11,10,0,0.15384615384615385,0.0,0.5384615384615384,0.8461538461538461,0.7692307692307693,2.0,0.8461538461538461,False,1,0.1495790897300584,-0.7621682875409468,-0.45268929918771955,-0.22899636398382248,-0.4948365456278412,-0.048956463920630605,-0.41074915054672256,1.3200412790973834,-0.3872328312749857,-0.3798365055642263,-0.5090728073484041
Nabil Bentaleb,dz ALG,MF,Lille,fr Ligue 1,31.0,1994.0,21,9,927,10.3,2,2,4,1,1,1,3,0,0.29,274,dz ALG,MF,fr Ligue 1,31-113,1994.0,10.3,2,16,5,31.3,1.5533980582524272,0.48543689320388345,0.06,0.2,1,1,347,dz ALG,MF,fr Ligue 1,31-113,1994.0,21,927,44,39.6,10.3,9,84.0,6,12,15.0,1,1.9,20,17,3,0.29,0.04,274,dz ALG,MF,fr Ligue 1,31-113,1994.0,10.3,3,0,0,9,15,0,16,7,4,0,0.1941747572815534,0.1941747572815534,1.5533980582524272,0.6796116504854368,0.3883495145631068,0.8737864077669902,1.4563106796116503,False,0,0.38133343998970515,1.0146942642787555,0.38671206393143764,0.1984855893866106,0.09694743487216921,-0.38757471435536095,-1.1948530712002314,-0.717965497902871,0.4970186966844304,1.2311973484156855,-0.2713790736364728
Lucas Beraldo,br BRA,DF,Paris Saint-Germain,fr Ligue 1,22.0,2003.0,11,10,823,9.1,1,0,1,1,0,0,1,0,0.11,276,br BRA,DF,fr Ligue 1,22-113,2003.0,9.1,1,3,1,33.3,0.32967032967032966,0.10989010989010989,0.33,1.0,0,0,351,br BRA,DF,fr Ligue 1,22-113,2003.0,11,823,75,36.6,9.1,10,82.0,7,1,1.0,13,2.45,20,8,12,1.31,0.05,276,br BRA,DF,fr Ligue 1,22-113,2003.0,9.1,1,0,0,12,2,0,0,8,7,0,0.10989010989010989,0.0,0.0,0.8791208791208791,0.7692307692307693,1.3186813186813187,0.21978021978021978,False,1,-0.10302088991802234,-0.7621682875409468,-0.9232108796028119,-0.7047175773984583,-0.8087999377842117,0.01807302959912059,-0.41074915054672256,0.0871205441671424,-1.2949860609741872,-1.284817416462699,-1.3732567388687296
Domenico Berardi,it ITA,FW,Sassuolo,it Serie A,31.0,1994.0,19,18,1488,16.5,7,3,10,5,2,3,2,0,0.48,277,it ITA,FW,it Serie A,31-228,1994.0,16.5,7,29,15,51.7,1.7575757575757576,0.9090909090909091,0.17,0.33,2,3,352,it ITA,FW,it Serie A,31-228,1994.0,19,1488,78,57.0,16.5,18,81.0,7,1,32.0,0,1.37,24,22,2,0.12,0.6,277,it ITA,FW,it Serie A,31-228,1994.0,16.5,2,0,0,25,30,10,44,17,17,0,0.42424242424242425,0.18181818181818182,2.6666666666666665,1.0303030303030303,1.0303030303030303,1.5151515151515151,1.8181818181818181,False,0,1.7034516918076454,0.9016211927993201,0.6052713452607605,1.2173883353879487,0.7460663852759087,0.3254608079624241,0.12670912804263415,0.44265487144419136,1.021449612899373,2.0504311555244743,1.0560427439947466
Yuri Berchiche,es ESP,DF,Athletic Club,es La Liga,36.0,1990.0,24,23,2023,22.5,0,3,3,0,0,0,3,0,0.13,278,es ESP,DF,es La Liga,36-035,1990.0,22.5,0,15,3,20.0,0.6666666666666666,0.13333333333333333,0.0,0.0,0,0,353,es ESP,DF,es La Liga,36-035,1990.0,24,2023,84,80.3,22.5,23,86.0,21,1,45.0,2,1.42,26,29,-3,-0.13,1.13,278,es ESP,DF,es La Liga,36-035,1990.0,22.5,3,0,0,19,28,1,45,28,22,0,0.0,0.13333333333333333,2.0,1.2444444444444445,0.9777777777777777,0.8444444444444444,1.2444444444444445,False,1,-0.7345208390382241,0.4579439980419155,-0.5624776679512412,-0.6483358039567236,0.3573498045108787,0.7608591207513267,0.018577641040727826,-0.7710629924760576,0.18997789684953584,-1.0636663966160027,0.41810683611661453
Álex Berenguer,es ESP,MF,Athletic Club,es La Liga,30.0,1995.0,23,20,1672,18.6,2,3,5,2,0,0,4,0,0.27,279,es ESP,MF,es La Liga,30-256,1995.0,18.6,2,34,18,52.9,1.8279569892473118,0.9677419354838709,0.06,0.11,0,0,355,es ESP,MF,es La Liga,30-256,1995.0,23,1672,73,66.3,18.6,20,78.0,8,3,40.0,0,1.0,18,23,-5,-0.27,0.26,279,es ESP,MF,es La Liga,30-256,1995.0,18.6,4,0,0,19,35,6,160,10,12,1,0.1075268817204301,0.16129032258064516,8.602150537634408,0.5376344086021505,0.6451612903225806,1.021505376344086,1.8817204301075268,False,3,-0.11660153398512352,0.7137739934060641,0.680609991274438,1.3584461080198542,4.206897878538757,-0.676246813669987,-0.6661656711897062,-0.4506518540898045,1.113531044424656,2.1161615031367194,2.4478864468110686
Medon Berisha,al ALB,MF,Lecce,it Serie A,22.0,2003.0,13,12,871,9.7,2,3,5,2,0,0,0,0,0.52,283,al ALB,MF,it Serie A,22-147,2003.0,9.7,2,24,5,20.8,2.4742268041237114,0.5154639175257733,0.08,0.4,0,0,359,al ALB,MF,it Serie A,22-147,2003.0,13,871,67,33.4,9.7,12,70.0,1,1,28.0,2,1.23,7,10,-3,-0.31,0.47,283,al ALB,MF,it Serie A,22-147,2003.0,9.7,0,0,0,11,10,1,58,5,12,0,0.2061855670103093,0.30927835051546393,5.979381443298969,0.5154639175257733,1.2371134020618557,1.1340206185567012,1.0309278350515465,False,3,0.45035535415638134,2.0679890759244555,1.372400851649172,0.27070163452845825,2.6776271268093574,-0.7213244762373101,0.5524607798780545,-0.24704320673679683,-0.11945465843371265,1.8183119771562362,2.3216888926098003
Adrian Bernabe,es ESP,MF,Parma,it Serie A,24.0,2001.0,27,26,2109,23.4,3,1,4,3,0,0,0,0,0.17,285,es ESP,MF,it Serie A,24-295,2001.0,23.4,3,46,11,23.9,1.965811965811966,0.47008547008547014,0.07,0.27,0,0,361,es ESP,MF,it Serie A,24-295,2001.0,27,2109,78,80.8,23.4,26,80.0,6,1,32.0,0,1.22,17,30,-13,-0.55,-0.2,285,es ESP,MF,it Serie A,24-295,2001.0,23.4,0,0,0,13,48,1,79,13,20,0,0.12820512820512822,0.042735042735042736,3.376068376068376,0.5555555555555556,0.8547008547008548,0.5555555555555556,2.0512820512820515,False,0,0.002229101602011374,-0.3711066575464396,0.828175003053365,0.1615648791281934,1.159700695577159,-0.6398090364280671,-0.23479554743711162,-1.2938390603694179,1.3592631486726012,1.0085663981966126,0.4267980480794792
Bernardo,br BRA,DF,Hoffenheim,de Bundesliga,30.0,1995.0,21,20,1773,19.7,0,0,0,0,0,0,6,0,0.0,289,br BRA,DF,de Bundesliga,30-307,1995.0,19.7,0,7,0,0.0,0.3553299492385787,0.0,0.0,,0,0,365,br BRA,DF,de Bundesliga,30-307,1995.0,21,1773,84,75.8,19.7,20,88.0,15,1,17.0,1,1.9,39,24,15,0.76,-0.03,289,br BRA,DF,de Bundesliga,30-307,1995.0,19.7,6,0,0,34,9,2,14,29,33,0,0.0,0.0,0.7106598984771574,1.4720812182741116,1.6751269035532996,1.7258883248730965,0.4568527918781726,False,4,-0.7345208390382241,-0.7621682875409468,-0.8957438837917786,-0.9690071404065893,-0.39443200904991554,1.2236965763249332,1.4541804093155493,0.824006197105636,-0.9514157318067095,-2.443574182446589,0.3600671349079187
Lorenzo Bernasconi,it ITA,MF,Atalanta,it Serie A,22.0,2003.0,19,14,1265,14.1,0,3,3,0,0,0,3,0,0.21,290,it ITA,MF,it Serie A,22-121,2003.0,14.1,0,9,1,11.1,0.6382978723404256,0.07092198581560284,0.0,0.0,0,0,366,it ITA,MF,it Serie A,22-121,2003.0,19,1265,67,48.5,14.1,14,82.0,10,5,23.0,10,1.95,18,8,10,0.71,0.51,290,it ITA,MF,it Serie A,22-121,2003.0,14.1,3,0,0,8,4,2,95,10,15,0,0.0,0.2127659574468085,6.73758865248227,0.7092198581560284,1.0638297872340425,0.5673758865248227,0.28368794326241137,False,3,-0.7345208390382241,1.18481940221894,-0.5928446635666832,-0.798437280592831,3.11971869760705,-0.3273744783750108,0.19572922612895735,-1.2724488775587237,-1.2023697055737461,-0.7341879359035541,1.5394843323433274
Antoine Bernede,fr FRA,MF,Hellas Verona,it Serie A,26.0,1999.0,24,22,1801,20.0,1,2,3,1,0,0,1,0,0.15,291,fr FRA,MF,it Serie A,26-295,1999.0,20.0,1,16,3,18.8,0.8,0.15,0.06,0.33,0,0,367,fr FRA,MF,it Serie A,26-295,1999.0,24,1801,75,69.0,20.0,22,78.0,10,2,41.0,0,0.63,16,34,-18,-0.9,0.32,291,fr FRA,MF,it Serie A,26-295,1999.0,20.0,1,0,0,46,16,0,21,12,31,0,0.05,0.1,1.05,0.6,1.55,2.3,0.8,False,4,-0.44718836218853225,0.1529159266462,-0.4197527885586631,-0.6082518869004906,-0.19657132307928918,-0.5494433488681063,1.196587013859573,1.8629241188327956,-0.45411991135808466,-0.7833644877594703,1.0435767927663082
Jan-Niklas Beste,de GER,MF,Freiburg,de Bundesliga,27.0,1999.0,20,15,1301,14.5,1,2,3,1,0,0,5,0,0.21,293,de GER,MF,de Bundesliga,27-072,1999.0,14.5,1,20,11,55.0,1.3793103448275863,0.7586206896551724,0.05,0.09,0,0,369,de GER,MF,de Bundesliga,27-072,1999.0,20,1301,65,55.6,14.5,15,81.0,5,5,18.0,1,1.5,25,20,5,0.35,1.3,293,de GER,MF,de Bundesliga,27-072,1999.0,14.5,5,0,0,13,26,4,87,14,16,0,0.06896551724137931,0.13793103448275862,6.0,0.9655172413793104,1.103448275862069,0.896551724137931,1.793103448275862,False,3,-0.33820018131451124,0.5000168354758073,0.20036220466426197,0.8555021876702321,2.6896492891010593,0.19373652985777903,0.27729011126810055,-0.6767691659064329,0.9851055359472192,0.7551121920974634,1.991176835710839
Sam Beukema,nl NED,DF,Napoli,it Serie A,27.0,1998.0,17,14,1232,13.7,2,0,2,2,0,0,2,0,0.15,295,nl NED,DF,it Serie A,27-120,1998.0,13.7,2,6,3,50.0,0.43795620437956206,0.21897810218978103,0.33,0.67,0,0,373,nl NED,DF,it Serie A,27-120,1998.0,17,1232,72,47.2,13.7,14,85.0,11,3,16.0,9,2.06,24,17,7,0.51,-0.01,295,nl NED,DF,it Serie A,27-120,1998.0,13.7,2,0,0,14,4,0,5,11,14,0,0.14598540145985403,0.0,0.36496350364963503,0.8029197080291971,1.0218978102189782,1.0218978102189782,0.29197080291970806,False,1,0.10440610066890532,-0.7621682875409468,-0.8072977165443493,-0.44235713528819687,-0.595998889920144,-0.13686132281879576,0.10940566156563085,-0.4499417020351051,-1.1903660191340946,-1.0748737718964816,-1.2004462743850077
Matteo Bianchetti,it ITA,DF,Cremonese,it Serie A,33.0,1993.0,21,20,1674,18.6,0,2,2,0,0,0,3,0,0.11,296,it ITA,DF,it Serie A,33-000,1993.0,18.6,0,6,1,16.7,0.3225806451612903,0.05376344086021505,0.0,0.0,0,0,375,it ITA,DF,it Serie A,33-000,1993.0,21,1674,80,64.1,18.6,20,82.0,12,1,30.0,5,1.05,19,29,-10,-0.54,0.52,296,it ITA,DF,it Serie A,33-000,1993.0,18.6,3,0,0,22,13,0,6,11,25,0,0.0,0.1075268817204301,0.3225806451612903,0.5913978494623655,1.3440860215053763,1.182795698924731,0.6989247311827956,False,1,-0.7345208390382241,0.22179323309039367,-0.9307999373514425,-0.8397041821606757,-0.6207112696721003,-0.5669334819442279,0.7726807284324342,-0.1587793596084002,-0.6006002193536888,-1.3338666441953735,-0.0475240883749251
Mika Biereth,dk DEN,FW,Monaco,fr Ligue 1,23.0,2003.0,24,12,1004,11.2,2,2,4,2,0,0,0,0,0.36,297,dk DEN,FW,fr Ligue 1,23-037,2003.0,11.2,2,19,7,36.8,1.6964285714285716,0.625,0.11,0.29,0,0,376,dk DEN,FW,fr Ligue 1,23-037,2003.0,24,1004,42,42.9,11.2,12,67.0,1,12,16.0,2,1.63,18,20,-2,-0.18,-0.85,297,dk DEN,FW,fr Ligue 1,23-037,2003.0,11.2,0,0,0,16,14,8,9,0,7,0,0.17857142857142858,0.17857142857142858,0.8035714285714286,0.0,0.625,1.4285714285714286,1.25,False,0,0.29166657828210374,0.8719106663646724,0.5398171595003658,0.5341397492021557,-0.3402576306120771,-1.7693801309275783,-0.707670855794191,0.2859787272204072,0.19802911945213106,1.7246794561548249,-0.22831259347509508
Pedro Bigas,es ESP,DF,Elche,es La Liga,35.0,1990.0,20,18,1476,16.4,0,2,2,0,0,0,3,0,0.12,298,es ESP,DF,es La Liga,35-183,1990.0,16.4,0,7,1,14.3,0.426829268292683,0.06097560975609757,0.0,0.0,0,0,377,es ESP,DF,es La Liga,35-183,1990.0,20,1476,74,58.6,16.4,18,80.0,9,2,18.0,5,1.1,22,23,-1,-0.06,0.63,298,es ESP,DF,es La Liga,35-183,1990.0,16.4,3,0,0,16,16,0,20,24,15,0,0.0,0.12195121951219513,1.2195121951219514,1.4634146341463417,0.9146341463414634,0.9756097560975611,0.9756097560975611,False,1,-0.7345208390382241,0.3537880712238664,-0.8192083961269149,-0.8223586633715898,-0.09773302175061985,1.2060754350711342,-0.11141344769561627,-0.5337050029259763,-0.19962272860287844,-1.5385557022715484,0.03219155924650285
Antonio Blanco,es ESP,MF,Alavés,es La Liga,25.0,2000.0,26,26,2226,24.7,1,1,2,1,0,0,6,0,0.08,308,es ESP,MF,es La Liga,25-237,2000.0,24.7,1,29,11,37.9,1.174089068825911,0.4453441295546559,0.03,0.09,0,0,389,es ESP,MF,es La Liga,25-237,2000.0,26,2226,86,88.3,24.7,26,86.0,19,0,,1,0.92,19,34,-15,-0.61,-1.52,308,es ESP,MF,es La Liga,25-237,2000.0,24.7,6,0,0,51,27,2,24,42,42,0,0.04048582995951417,0.04048582995951417,0.9716599190283401,1.7004048582995952,1.7004048582995952,2.064777327935223,1.0931174089068827,False,4,-0.5018629630465709,-0.3916888485987821,-0.01931415933171362,0.1020610886263627,-0.242249455697528,1.6879305874595893,1.5062190517527223,1.437262944897203,-0.029328279953139694,-1.2180442315772357,1.1186946876888246
Daley Blind,nl NED,DF,Girona,es La Liga,36.0,1990.0,26,25,2212,24.6,0,0,0,0,0,0,1,0,0.0,311,nl NED,DF,es La Liga,36-008,1990.0,24.6,0,3,1,33.3,0.12195121951219512,0.04065040650406504,0.0,0.0,0,0,395,nl NED,DF,es La Liga,36-008,1990.0,26,2212,85,87.8,24.6,25,87.0,23,1,27.0,0,1.23,26,38,-12,-0.49,-0.49,311,nl NED,DF,es La Liga,36-008,1990.0,24.6,1,0,0,13,11,0,11,34,30,0,0.0,0.0,0.44715447154471544,1.3821138211382114,1.2195121951219512,0.5284552845528455,0.44715447154471544,False,1,-0.7345208390382241,-0.7621682875409468,-1.145561016689212,-0.8712414890499229,-0.5480754019052281,1.0407723480712054,0.5162259292502517,-1.3428799673012528,-0.9654707322643786,-2.356766349264045,-0.9344509588416801
Sacha Boey,fr FRA,DF,Bayern Munich,de Bundesliga,25.0,2000.0,9,5,463,5.1,0,0,0,0,0,0,1,0,0.0,317,fr FRA,DF,de Bundesliga,25-185,2000.0,5.1,0,6,0,0.0,1.1764705882352942,0.0,0.0,,0,0,401,fr FRA,DF,de Bundesliga,25-185,2000.0,9,463,51,19.8,5.1,5,78.0,1,4,18.0,4,3.0,14,3,11,2.14,-0.59,317,fr FRA,DF,de Bundesliga,25-185,2000.0,5.1,1,0,0,10,8,0,6,7,4,0,0.0,0.0,1.1764705882352942,1.3725490196078431,0.7843137254901962,1.9607843137254903,1.5686274509803924,False,4,-0.7345208390382241,-0.7621682875409468,-0.016764893803148814,-0.9690071404065893,-0.12282950114004082,1.0213249260712138,-0.3796985147038499,1.2490762020077872,0.6597904157774476,-1.0608043882378655,0.37688669564836613
Adama Boiro,es ESP,DF,Athletic Club,es La Liga,23.0,2002.0,9,6,595,6.6,0,0,0,0,0,0,1,0,0.0,323,es ESP,DF,es La Liga,23-268,2002.0,6.6,0,1,0,0.0,0.15151515151515152,0.0,0.0,,0,0,407,es ESP,DF,es La Liga,23-268,2002.0,9,595,66,23.6,6.6,6,80.0,4,3,38.0,19,0.67,5,13,-8,-1.21,-1.12,323,es ESP,DF,es La Liga,23-268,2002.0,6.6,1,0,0,4,7,0,15,14,7,0,0.0,0.0,2.272727272727273,2.121212121212121,1.0606060606060606,0.6060606060606061,1.0606060606060606,False,1,-0.7345208390382241,-0.7621682875409468,-1.1139147019680196,-0.9690071404065893,0.5163702239147548,2.5435276844341907,0.1890926782360416,-1.2024446429055435,-0.0764443783636164,-2.5496439587204804,0.00965305227630457
Federico Bonazzoli,it ITA,FW,Cremonese,it Serie A,28.0,1997.0,26,22,1761,19.6,6,1,7,5,1,1,3,0,0.31,328,it ITA,FW,it Serie A,28-300,1997.0,19.6,6,51,18,35.3,2.6020408163265305,0.9183673469387754,0.1,0.28,1,1,416,it ITA,FW,it Serie A,28-300,1997.0,26,1761,68,67.5,19.6,22,76.0,6,4,24.0,2,0.73,15,32,-17,-0.87,-0.44,328,it ITA,FW,it Serie A,28-300,1997.0,19.6,3,0,0,17,51,4,18,9,9,0,0.3061224489795918,0.0510204081632653,0.9183673469387754,0.4591836734693877,0.4591836734693877,0.8673469387755102,2.6020408163265305,False,0,1.024657590653766,-0.2952885864250557,1.5092176477216381,1.2396984933042197,-0.2733230153017722,-0.8357550426167579,-1.0490298230514847,-0.7296184219444805,2.157433803859242,2.7208959004162376,-0.47773890862413587
Warren Bondo,fr FRA,MF,Cremonese,it Serie A,22.0,2003.0,22,19,1475,16.4,0,0,0,0,0,0,5,0,0.0,329,fr FRA,MF,it Serie A,22-183,2003.0,16.4,0,5,0,0.0,0.30487804878048785,0.0,0.0,,0,0,417,fr FRA,MF,it Serie A,22-183,2003.0,22,1475,67,56.5,16.4,19,73.0,7,3,30.0,2,1.0,15,25,-10,-0.61,0.26,329,fr FRA,MF,it Serie A,22-183,2003.0,16.4,5,0,0,33,28,0,2,9,13,0,0.0,0.0,0.12195121951219513,0.5487804878048781,0.7926829268292683,2.0121951219512195,1.707317073170732,False,4,-0.7345208390382241,-0.7621682875409468,-0.9497494443518338,-0.9690071404065893,-0.7376932461808524,-0.6535842936780611,-0.36246919847396347,1.342109687216709,0.8607821995438141,-0.918845795228651,0.006362427000947743
Rahim Bonkano,ne NIG,DF,Oviedo,es La Liga,24.0,2002.0,19,15,1414,15.7,0,0,0,0,0,0,1,0,0.0,332,ne NIG,DF,es La Liga,24-075,2002.0,15.7,0,2,0,0.0,0.12738853503184713,0.0,0.0,,0,0,421,ne NIG,DF,es La Liga,24-075,2002.0,19,1414,74,56.1,15.7,15,88.0,13,4,23.0,7,0.68,9,26,-17,-1.08,-0.35,332,ne NIG,DF,es La Liga,24-075,2002.0,15.7,1,0,0,7,6,7,56,20,15,0,0.0,0.0,3.56687898089172,1.2738853503184715,0.9554140127388535,0.445859872611465,0.3821656050955414,False,1,-0.7345208390382241,-0.7621682875409468,-1.1397407151759993,-0.9690071404065893,1.270957564398115,0.8207191940394539,-0.027461683900309126,-1.4923454065807624,-1.0596539017494528,-2.058940675250613,-0.29197423188606336
Ange-Yoan Bonny,fr FRA,FW,Inter,it Serie A,22.0,2003.0,24,8,786,8.7,5,3,8,5,0,0,0,0,0.92,333,fr FRA,FW,it Serie A,22-143,2003.0,8.7,5,19,8,42.1,2.1839080459770117,0.9195402298850576,0.26,0.63,0,0,422,fr FRA,FW,it Serie A,22-143,2003.0,24,786,33,30.1,8.7,8,68.0,1,16,15.0,2,2.21,24,8,16,1.83,0.55,333,fr FRA,FW,it Serie A,22-143,2003.0,8.7,0,0,0,14,17,8,1,1,6,0,0.574712643678161,0.3448275862068966,0.1149425287356322,0.1149425287356322,0.6896551724137931,1.6091954022988506,1.9540229885057472,False,2,2.5681513086593832,2.3932945200009392,1.0616330285849913,1.242519317868346,-0.7417798376523098,-1.5356757665483691,-0.5745680224073947,0.6128375798251985,1.218313363056875,3.8218044946513077,0.33947132476377
Gennaro Borrelli,it ITA,FW,Cagliari,it Serie A,26.0,2000.0,22,10,1038,11.5,3,1,4,3,0,0,3,0,0.35,336,it ITA,FW,it Serie A,26-007,2000.0,11.5,3,22,6,27.3,1.9130434782608696,0.5217391304347826,0.14,0.5,0,0,426,it ITA,FW,it Serie A,26-007,2000.0,22,1038,47,39.8,11.5,10,76.0,3,12,23.0,1,1.14,14,21,-7,-0.61,-0.44,336,it ITA,FW,it Serie A,26-007,2000.0,11.5,3,0,0,40,41,5,2,3,6,0,0.2608695652173913,0.08695652173913043,0.17391304347826086,0.2608695652173913,0.5217391304347826,3.4782608695652173,3.5652173913043477,False,0,0.7646051271340808,0.03355711610005034,0.7716896828924227,0.2857937413537543,-0.7073956123672472,-1.238972834379982,-0.9202495838989002,3.995116141561735,3.5532886257945453,2.5274447381117455,1.6485705914450166
Ayyoub Bouaddi,fr FRA,MF,Lille,fr Ligue 1,18.0,2007.0,23,21,1756,19.5,0,1,1,0,0,0,5,1,0.05,340,fr FRA,MF,fr Ligue 1,18-166,2007.0,19.5,0,14,4,28.6,0.717948717948718,0.20512820512820512,0.0,0.0,0,0,431,fr FRA,MF,fr Ligue 1,18-166,2007.0,23,1756,76,75.0,19.5,21,82.0,12,2,14.0,1,1.52,22,22,0,0.0,-1.08,340,fr FRA,MF,fr Ligue 1,18-166,2007.0,19.5,5,1,0,30,18,0,14,22,32,0,0.0,0.05128205128205128,0.717948717948718,1.1282051282051282,1.641025641025641,1.5384615384615385,0.9230769230769231,False,4,-0.7345208390382241,-0.29289433154753824,-0.5075834835694804,-0.4756666227914115,-0.39018208157571765,0.524518091748352,1.383977601171308,0.48483691027367193,-0.2757543644698205,-1.4948943402816603,0.5816102334303127
Hicham Boudaoui,dz ALG,MF,Nice,fr Ligue 1,26.0,1999.0,18,12,1110,12.3,1,2,3,1,0,0,4,0,0.24,344,dz ALG,MF,fr Ligue 1,26-175,1999.0,12.3,1,19,8,42.1,1.5447154471544715,0.6504065040650406,0.05,0.13,0,0,436,dz ALG,MF,fr Ligue 1,26-175,1999.0,18,1110,62,47.4,12.3,12,81.0,7,6,24.0,1,1.06,15,21,-6,-0.49,0.25,344,dz ALG,MF,fr Ligue 1,26-175,1999.0,12.3,4,0,0,12,24,1,14,13,10,0,0.08130081300813008,0.16260162601626016,1.1382113821138211,1.056910569105691,0.8130081300813008,0.975609756097561,1.951219512195122,False,0,-0.26731355960783093,0.7257735241454707,0.3774178792681748,0.5952432813000721,-0.14513748281952607,0.3795600000714916,-0.32062657334423905,-0.5337050029259766,1.2142505089260445,0.708120518783416,0.3827090150271076
Kieron Bowie,sct SCO,FW,Hellas Verona,it Serie A,23.0,2002.0,6,6,493,5.5,1,0,1,1,0,0,1,0,0.18,348,sct SCO,FW,it Serie A,23-177,2002.0,5.5,1,10,2,20.0,1.8181818181818181,0.36363636363636365,0.1,0.5,0,0,443,sct SCO,FW,it Serie A,23-177,2002.0,6,493,82,18.9,5.5,6,82.0,3,0,,0,0.67,4,9,-5,-0.91,0.11,348,sct SCO,FW,it Serie A,23-177,2002.0,5.5,1,0,0,14,12,1,4,0,1,0,0.18181818181818182,0.0,0.7272727272727273,0.0,0.18181818181818182,2.5454545454545454,2.1818181818181817,False,0,0.31032453132429155,-0.7621682875409468,0.670146290439205,-0.09444895008877399,-0.38474548604054243,-1.7693801309275783,-1.6200302773727757,2.3071009877072246,1.548438728705608,1.739549936965613,-0.1136951802851478
Lucas Boyé,ar ARG,FW,Alavés,es La Liga,30.0,1996.0,22,18,1712,19.0,9,1,10,7,2,2,4,1,0.42,349,ar ARG,FW,es La Liga,30-017,1996.0,19.0,9,54,18,33.3,2.8421052631578947,0.9473684210526315,0.13,0.39,2,2,444,ar ARG,FW,es La Liga,30-017,1996.0,22,1712,78,67.9,19.0,18,87.0,15,4,35.0,0,1.09,21,26,-5,-0.26,0.52,349,ar ARG,FW,es La Liga,30-017,1996.0,19.0,4,1,1,51,31,9,9,7,24,0,0.47368421052631576,0.05263157894736842,0.47368421052631576,0.3684210526315789,1.263157894736842,2.6842105263157894,1.631578947368421,False,0,1.9875763100641188,-0.28054501691613276,1.7661914168750312,1.3094470922635082,-0.5326065777669534,-1.020296141943692,0.6060774611077653,2.5581951241079732,0.7510209876830157,2.8196746434768847,0.5741325497857457
Enzo Boyomo,cm CMR,DF,Osasuna,es La Liga,24.0,2001.0,21,20,1732,19.2,1,1,2,1,0,0,4,0,0.1,350,cm CMR,DF,es La Liga,24-161,2001.0,19.2,1,4,1,25.0,0.20833333333333334,0.052083333333333336,0.25,1.0,0,0,445,cm CMR,DF,es La Liga,24-161,2001.0,21,1732,82,68.7,19.2,20,86.0,16,1,18.0,2,1.19,22,25,-3,-0.16,-0.27,350,cm CMR,DF,es La Liga,24-161,2001.0,19.2,4,0,0,24,3,0,7,11,27,0,0.052083333333333336,0.052083333333333336,0.36458333333333337,0.5729166666666667,1.40625,1.25,0.15625,False,1,-0.43521617565312837,-0.2855619259851412,-1.053094440863228,-0.8437448996058605,-0.5962205576783358,-0.6045099397249573,0.9006550476295959,-0.03716582024114798,-1.38705533043381,-1.5717016965585404,-0.4899206469251441
Domagoj Bradarić,hr CRO,MF,Hellas Verona,it Serie A,26.0,1999.0,23,21,1784,19.8,0,0,0,0,0,0,2,0,0.0,352,hr CRO,MF,it Serie A,26-097,1999.0,19.8,0,9,5,55.6,0.45454545454545453,0.25252525252525254,0.0,0.0,0,0,447,hr CRO,MF,it Serie A,26-097,1999.0,23,1784,78,68.4,19.8,21,82.0,12,2,34.0,3,0.48,15,35,-20,-1.01,-0.03,352,hr CRO,MF,it Serie A,26-097,1999.0,19.8,2,0,0,8,9,2,84,9,18,0,0.0,0.0,4.242424242424242,0.45454545454545453,0.9090909090909091,0.40404040404040403,0.45454545454545453,False,1,-0.7345208390382241,-0.7621682875409468,-0.789539976075797,-0.3616750637969953,1.6648510307205253,-0.845185599064342,-0.12282507273099581,-1.5680223127610404,-0.9547595713740079,-0.9122524618753604,-0.272131359932629
Lilian Brassier,fr FRA,DF,Rennes,fr Ligue 1,26.0,1999.0,21,19,1710,19.0,0,1,1,0,0,0,1,0,0.05,357,fr FRA,DF,fr Ligue 1,26-135,1999.0,19.0,0,6,0,0.0,0.3157894736842105,0.0,0.0,,0,0,453,fr FRA,DF,fr Ligue 1,26-135,1999.0,21,1710,81,73.1,19.0,19,86.0,16,2,36.0,3,1.67,34,26,8,0.42,0.71,357,fr FRA,DF,fr Ligue 1,26-135,1999.0,19.0,1,0,0,21,16,0,23,31,11,0,0.0,0.05263157894736842,1.2105263157894737,1.631578947368421,0.5789473684210527,1.105263157894737,0.8421052631578947,False,1,-0.7345208390382241,-0.28054501691613276,-0.9380694558264464,-0.9690071404065893,-0.1029724621845517,1.5479918202867753,-0.8024774353644352,-0.2990829797626188,-0.3931001190015734,-1.7999603727311926,-0.5234587732653943
Gleison Bremer,br BRA,DF,Juventus,it Serie A,28.0,1997.0,18,17,1451,16.1,3,3,6,3,0,0,2,0,0.37,360,br BRA,DF,it Serie A,28-364,1997.0,16.1,3,11,5,45.5,0.6832298136645962,0.3105590062111801,0.27,0.6,0,0,457,br BRA,DF,it Serie A,28-364,1997.0,18,1451,81,55.6,16.1,17,84.0,12,1,15.0,1,2.22,37,15,22,1.36,1.29,360,br BRA,DF,it Serie A,28-364,1997.0,16.1,2,0,0,14,8,0,1,18,11,0,0.18633540372670807,0.18633540372670807,0.06211180124223602,1.1180124223602483,0.6832298136645962,0.8695652173913043,0.49689440993788814,False,1,0.3362834225134223,0.9429575774040471,-0.5447478692689334,-0.22210185364448004,-0.772584107278153,0.5037939971335494,-0.5877956331787535,-0.7256042039635915,-0.8933866153406732,-0.33062470430607854,-0.9339145074805599
Marco Brescianini,it ITA,MF,Fiorentina,it Serie A,26.0,2000.0,10,6,538,6.0,1,0,1,1,0,0,0,0,0.17,361,it ITA,MF,it Serie A,26-056,2000.0,6.0,1,9,2,22.2,1.5,0.3333333333333333,0.11,0.5,0,0,458,it ITA,MF,it Serie A,26-056,2000.0,10,538,54,20.6,6.0,6,76.0,3,4,21.0,0,1.5,12,8,4,0.67,1.23,361,it ITA,MF,it Serie A,26-056,2000.0,6.0,0,0,0,6,8,0,9,1,2,0,0.16666666666666666,0.0,1.5,0.16666666666666666,0.3333333333333333,1.0,1.3333333333333333,False,0,0.22325408379408182,-0.7621682875409468,0.32955282825237125,-0.16732879928192534,0.06581236893710614,-1.430508802577725,-1.308112526405738,-0.4895681866873251,0.31879745849105984,0.8909188283366087,-1.0773616029236246
Tajon Buchanan,ca CAN,MF,Villarreal,es La Liga,27.0,1999.0,26,17,1506,16.7,6,1,7,6,0,0,7,0,0.42,373,ca CAN,MF,es La Liga,27-037,1999.0,16.7,6,22,9,40.9,1.3173652694610778,0.5389221556886228,0.27,0.67,0,0,473,ca CAN,MF,es La Liga,27-037,1999.0,26,1506,58,59.8,16.7,17,75.0,5,9,26.0,1,1.88,29,15,14,0.84,0.48,373,ca CAN,MF,es La Liga,27-037,1999.0,16.7,7,0,0,17,33,7,26,21,17,0,0.3592814371257485,0.059880239520958084,1.5568862275449102,1.25748502994012,1.0179640718562875,1.0179640718562875,1.9760479041916168,False,0,1.3301436652709384,-0.21421366826720623,0.13405392908439387,0.3271195188967598,0.0989812987329246,0.7873736039276028,0.10130744293394141,-0.45706023221215064,1.250232312875134,0.7222291834467864,0.18016386878441895
Ante Budimir,hr CRO,FW,Osasuna,es La Liga,34.0,1991.0,27,25,2112,23.5,13,0,13,9,4,5,1,0,0.38,374,hr CRO,FW,es La Liga,34-238,1991.0,23.5,13,71,26,36.6,3.021276595744681,1.1063829787234043,0.13,0.35,4,5,474,hr CRO,FW,es La Liga,34-238,1991.0,27,2112,78,83.8,23.5,25,83.0,13,2,22.0,0,1.26,24,27,-3,-0.13,-0.35,374,hr CRO,FW,es La Liga,34-238,1991.0,23.5,1,0,0,38,31,17,3,3,12,0,0.5531914893617021,0.0,0.1276595744680851,0.1276595744680851,0.5106382978723404,1.6170212765957446,1.3191489361702127,False,2,2.444476777171132,-0.7621682875409468,1.9579829681304552,1.6918826726880403,-0.7343648478504825,-1.5098191134681163,-0.9431023922953752,0.6269993560308991,0.298241145463157,3.5288098951318387,-1.4381947646450752
Adam Buksa,pl POL,FW,Udinese,it Serie A,29.0,1996.0,19,3,627,7.0,2,0,2,2,0,0,2,0,0.29,380,pl POL,FW,it Serie A,29-248,1996.0,7.0,2,9,4,44.4,1.2857142857142858,0.5714285714285714,0.22,0.5,0,0,481,pl POL,FW,it Serie A,29-248,1996.0,19,627,33,24.0,7.0,3,75.0,0,16,25.0,1,1.26,6,11,-5,-0.72,-0.54,380,pl POL,FW,it Serie A,29-248,1996.0,7.0,2,0,0,14,12,2,1,2,5,0,0.2857142857142857,0.0,0.14285714285714285,0.2857142857142857,0.7142857142857143,2.0,1.7142857142857142,False,0,0.9073790286743003,-0.7621682875409468,0.10017355780001388,0.4052985872356918,-0.7255035276202767,-1.1884578537564012,-0.5238621811171867,1.3200412790973834,0.8708812940975916,1.2442621593917407,-0.44963775548120355
Andrija Bulatović,me MNE,MF,Lens,fr Ligue 1,19.0,2006.0,13,4,519,5.8,0,1,1,0,0,0,1,0,0.17,381,me MNE,MF,fr Ligue 1,19-080,2006.0,5.8,0,6,4,66.7,1.0344827586206897,0.6896551724137931,0.0,0.0,0,0,482,me MNE,MF,fr Ligue 1,19-080,2006.0,13,519,40,22.2,5.8,4,89.0,2,9,18.0,11,2.08,13,6,7,1.21,0.27,381,me MNE,MF,fr Ligue 1,19-080,2006.0,5.8,1,0,0,15,16,0,29,6,15,0,0.0,0.1724137931034483,5.0,1.0344827586206897,2.586206896551724,2.586206896551724,2.7586206896551726,False,4,-0.7345208390382241,0.815563116229996,-0.1687538627303363,0.6896377032996122,2.106574417953514,0.3339591484853046,3.3297817569386257,2.380846828005661,2.3843524986051534,0.004068723022622041,4.924513728167363
Alessandro Buongiorno,it ITA,DF,Napoli,it Serie A,26.0,1999.0,25,20,1833,20.4,0,1,1,0,0,0,2,0,0.05,385,it ITA,DF,it Serie A,26-284,1999.0,20.4,0,5,2,40.0,0.2450980392156863,0.09803921568627452,0.0,0.0,0,0,486,it ITA,DF,it Serie A,26-284,1999.0,25,1833,73,70.2,20.4,20,86.0,15,5,21.0,2,2.08,31,23,8,0.39,-0.42,385,it ITA,DF,it Serie A,26-284,1999.0,20.4,2,0,0,35,23,1,6,31,19,0,0.0,0.04901960784313726,0.29411764705882354,1.519607843137255,0.9313725490196079,1.715686274509804,1.1274509803921569,False,4,-0.7345208390382241,-0.3135975943119532,-1.0137401542660098,-0.7332193930169821,-0.6373073286231689,1.3203290393210847,-0.07695481523584315,0.8055444701978096,0.020428620865470985,-1.720172745879629,0.014665061206776435
Wouter Burger,nl NED,MF,Hoffenheim,de Bundesliga,25.0,2001.0,23,23,1832,20.4,4,5,9,4,0,0,4,1,0.44,388,nl NED,MF,de Bundesliga,25-029,2001.0,20.4,4,27,12,44.4,1.323529411764706,0.5882352941176471,0.15,0.33,0,0,489,nl NED,MF,de Bundesliga,25-029,2001.0,23,1832,80,78.3,20.4,23,80.0,13,0,,0,2.04,44,21,23,1.13,1.66,388,nl NED,MF,de Bundesliga,25-029,2001.0,20.4,4,1,0,45,9,1,64,14,33,0,0.19607843137254904,0.2450980392156863,3.1372549019607847,0.6862745098039216,1.6176470588235294,2.2058823529411766,0.44117647058823534,False,3,0.3922731878233125,1.480685178604021,0.1406522525857241,0.4457193439310531,1.0204545599335775,-0.37402760242818217,1.335849115614856,1.6926079338177649,-0.9741341712198255,0.5905360462155531,1.8722882853476952
Jonathan Burkardt,de GER,FW,Eintracht Frankfurt,de Bundesliga,25.0,2000.0,14,10,888,9.9,9,0,9,7,2,2,1,0,0.71,389,de GER,FW,de Bundesliga,25-249,2000.0,9.9,9,29,15,51.7,2.929292929292929,1.5151515151515151,0.24,0.47,2,2,490,de GER,FW,de Bundesliga,25-249,2000.0,14,888,63,37.9,9.9,10,79.0,2,4,25.0,0,1.71,24,8,16,1.62,2.61,389,de GER,FW,de Bundesliga,25-249,2000.0,9.9,1,0,0,10,11,1,2,1,0,0,0.9090909090909091,0.0,0.20202020202020202,0.10101010101010101,0.0,1.0101010101010102,1.1111111111111112,False,2,4.489706012774354,-0.7621682875409468,1.8595202853773547,2.6749853192509745,-0.6910070345220813,-1.5640035682913036,-1.9943315785332205,-0.47128930319455015,-0.003251445612750275,5.044096467658348,-2.8101317453899974
Leandro Cabrera,uy URU,DF,Espanyol,es La Liga,34.0,1991.0,27,27,2430,27.0,3,0,3,3,0,0,2,0,0.11,403,uy URU,DF,es La Liga,34-273,1991.0,27.0,3,29,9,31.0,1.0740740740740742,0.3333333333333333,0.1,0.33,0,0,505,uy URU,DF,es La Liga,34-273,1991.0,27,2430,90,96.4,27.0,27,90.0,27,0,,0,1.33,35,42,-7,-0.26,-0.26,403,uy URU,DF,es La Liga,34-273,1991.0,27.0,2,0,0,23,7,1,15,17,19,0,0.1111111111111111,0.0,0.5555555555555556,0.6296296296296297,0.7037037037037037,0.8518518518518519,0.25925925925925924,False,1,-0.0960042238166868,-0.7621682875409468,-0.12637386980725274,-0.16732879928192534,-0.48486945381335317,-0.4891995571614656,-0.5456469129307576,-0.7576584779146893,-1.2377722446773562,-0.4214034846352983,-1.5828292860299995
Noah Cadiou,gp GLP,MF,Lorient,fr Ligue 1,27.0,1998.0,20,12,1159,12.9,1,1,2,1,0,0,0,0,0.16,405,gp GLP,MF,fr Ligue 1,27-142,1998.0,12.9,1,11,6,54.5,0.8527131782945736,0.46511627906976744,0.09,0.17,0,0,507,gp GLP,MF,fr Ligue 1,27-142,1998.0,20,1159,58,49.5,12.9,12,83.0,9,8,20.0,4,1.6,20,22,-2,-0.16,-0.08,405,gp GLP,MF,fr Ligue 1,27-142,1998.0,12.9,0,0,0,18,11,0,3,15,12,0,0.07751937984496124,0.07751937984496124,0.23255813953488372,1.1627906976744187,0.9302325581395349,1.3953488372093024,0.8527131782945736,False,1,-0.28904413074412827,-0.05280067964393383,-0.3633266734499696,0.149613800697593,-0.6732011305405965,0.5948384389551196,-0.07930166561931613,0.22585881141360623,-0.37772691550090187,-0.5687457333550127,-0.42655235844156725
Arturo Calabresi,it ITA,DF,Pisa,it Serie A,30.0,1996.0,20,12,1087,12.1,0,0,0,0,0,0,5,0,0.0,409,it ITA,DF,it Serie A,30-000,1996.0,12.1,0,4,1,25.0,0.3305785123966942,0.08264462809917356,0.0,0.0,0,0,511,it ITA,DF,it Serie A,30-000,1996.0,20,1087,54,41.6,12.1,12,74.0,3,8,25.0,8,0.8,13,18,-5,-0.41,0.83,409,it ITA,DF,it Serie A,30-000,1996.0,12.1,5,0,0,19,16,0,16,15,8,0,0.0,0.0,1.322314049586777,1.2396694214876034,0.6611570247933884,1.5702479338842976,1.322314049586777,False,1,-0.7345208390382241,-0.7621682875409468,-0.9222387275771609,-0.7702439153343585,-0.03779184370481303,0.751150410517612,-0.6332359379497843,0.5423578723138724,0.3028280913454165,-1.3579294988513744,-0.12368560651098766
Calebe,br BRA,MF,Alavés,es La Liga,25.0,2000.0,17,13,717,8.0,0,0,0,0,0,0,2,0,0.0,411,br BRA,MF,es La Liga,25-321,2000.0,8.0,0,5,1,20.0,0.625,0.125,0.0,0.0,0,0,513,br BRA,MF,es La Liga,25-321,2000.0,17,717,42,28.5,8.0,13,52.0,0,4,11.0,10,1.18,7,8,-1,-0.13,0.42,411,br BRA,MF,es La Liga,25-321,2000.0,8.0,2,0,0,18,18,0,16,7,14,0,0.0,0.0,2.0,0.875,1.75,2.25,2.25,False,4,-0.7345208390382241,-0.7621682875409468,-0.6070791927614217,-0.6683777624848403,0.3573498045108787,0.009694342909151719,1.6083184451360621,1.7724436455435606,1.6472491879192772,-1.0555985482106764,2.0602866580439767
Fernando Calero,es ESP,DF,Espanyol,es La Liga,30.0,1995.0,21,18,1594,17.7,0,0,0,0,0,0,3,0,0.0,412,es ESP,DF,es La Liga,30-184,1995.0,17.7,0,9,1,11.1,0.5084745762711864,0.05649717514124294,0.0,0.0,0,0,514,es ESP,DF,es La Liga,30-184,1995.0,21,1594,76,63.3,17.7,18,84.0,13,3,26.0,5,1.48,17,24,-7,-0.4,-0.4,412,es ESP,DF,es La Liga,30-184,1995.0,17.7,3,0,0,6,5,0,1,23,13,0,0.0,0.0,0.05649717514124294,1.2994350282485876,0.7344632768361582,0.33898305084745767,0.2824858757062147,False,1,-0.7345208390382241,-0.7621682875409468,-0.7318122706204014,-0.8331294554702056,-0.7758578546685312,0.8726675138339901,-0.48232349757436094,-1.6857507149178952,-1.2041117659998395,-1.911620225925161,-1.763708252221263
Duje Ćaleta-Car,hr CRO,DF,Real Sociedad,es La Liga,29.0,1996.0,19,17,1505,16.7,1,0,1,1,0,0,4,1,0.06,413,hr CRO,DF,es La Liga,29-181,1996.0,16.7,1,10,2,20.0,0.5988023952095809,0.11976047904191617,0.1,0.5,0,0,515,hr CRO,DF,es La Liga,29-181,1996.0,19,1505,79,59.7,16.7,17,86.0,15,2,22.0,8,1.47,25,22,3,0.18,0.36,413,hr CRO,DF,es La Liga,29-181,1996.0,16.7,4,1,0,21,6,1,1,23,11,0,0.059880239520958084,0.0,0.059880239520958084,1.377245508982036,0.6586826347305389,1.25748502994012,0.3592814371257485,False,1,-0.3904100883200303,-0.7621682875409468,-0.6351220676420742,-0.6809789938947339,-0.7738852748412448,1.0308739596280958,-0.6383298587603511,-0.023620839209825054,-1.0928180972214498,-1.5266963763411043,-1.2949789911893383
Hakan Çalhanoğlu,tr TUR,MF,Inter,it Serie A,32.0,1994.0,18,16,1331,14.8,8,2,10,4,4,5,6,0,0.41,414,tr TUR,MF,it Serie A,32-037,1994.0,14.8,8,45,15,33.3,3.0405405405405403,1.0135135135135134,0.09,0.27,4,5,516,tr TUR,MF,it Serie A,32-037,1994.0,18,1331,74,51.0,14.8,16,79.0,6,2,35.0,2,2.22,31,12,19,1.28,-0.33,414,tr TUR,MF,it Serie A,32-037,1994.0,14.8,6,0,0,21,11,0,74,11,13,0,0.5405405405405405,0.13513513513513511,5.0,0.7432432432432432,0.8783783783783783,1.4189189189189189,0.7432432432432432,False,2,2.3717762079854707,0.4744320019011432,1.9786037996125627,1.4685283562562401,2.106574417953514,-0.2581971801782324,-0.186051643872963,0.2685114543846473,-0.536372942271085,3.0874322883799468,0.6780491714671046
Dani Calvo,es ESP,DF,Oviedo,es La Liga,31.0,1994.0,13,10,981,10.9,0,0,0,0,0,0,3,0,0.0,416,es ESP,DF,es La Liga,31-350,1994.0,10.9,0,0,0,,0.0,0.0,,,0,0,519,es ESP,DF,es La Liga,31-350,1994.0,13,981,75,38.9,10.9,10,90.0,10,3,27.0,14,0.86,4,16,-12,-1.1,-0.28,416,es ESP,DF,es La Liga,31-350,1994.0,10.9,3,0,0,9,4,0,1,5,8,0,0.0,0.0,0.09174311926605504,0.4587155963302752,0.7339449541284403,0.8256880733944953,0.36697247706422015,False,1,-0.7345208390382241,-0.7621682875409468,-1.276102064914131,-0.9690071404065893,-0.7553068303394828,-0.8367067501481655,-0.48339054632591993,-0.8050046990718157,-1.0816720877952342,-1.5458562279546229,-1.547431163889768
Lamine Camara,sn SEN,MF,Monaco,fr Ligue 1,22.0,2004.0,17,15,1295,14.4,0,4,4,0,0,0,4,0,0.28,420,sn SEN,MF,fr Ligue 1,22-075,2004.0,14.4,0,14,1,7.1,0.9722222222222222,0.06944444444444445,0.0,0.0,0,0,527,sn SEN,MF,fr Ligue 1,22-075,2004.0,17,1295,76,55.3,14.4,15,84.0,10,2,17.0,0,2.06,29,13,16,1.11,1.8,420,sn SEN,MF,fr Ligue 1,22-075,2004.0,14.4,4,0,0,19,38,0,68,31,26,0,0.0,0.2777777777777778,4.722222222222222,2.1527777777777777,1.8055555555555556,1.3194444444444444,2.638888888888889,False,3,-0.7345208390382241,1.7797323074233498,-0.23539981934324994,-0.8019908193389509,1.944609175968085,2.607707860258027,1.7226882871573093,0.08850150377167895,2.210834770100945,-1.1202850808605644,3.8840892893379793
Mahdi Camara,fr FRA,MF,Rennes,fr Ligue 1,27.0,1998.0,24,23,1952,21.7,3,1,4,3,0,0,4,1,0.18,421,fr FRA,MF,fr Ligue 1,27-260,1998.0,21.7,3,19,8,42.1,0.8755760368663594,0.3686635944700461,0.16,0.38,0,0,528,fr FRA,MF,fr Ligue 1,27-260,1998.0,24,1952,81,83.4,21.7,23,84.0,18,1,27.0,0,1.63,38,28,10,0.46,1.39,421,fr FRA,MF,fr Ligue 1,27-260,1998.0,21.7,4,1,0,28,23,3,24,20,24,0,0.1382488479262673,0.04608294930875576,1.1059907834101383,0.9216589861751152,1.1059907834101383,1.2903225806451613,1.0599078341013826,False,1,0.05994683888719107,-0.340470492984658,-0.3388534329582618,-0.08235828386318207,-0.16392450425697266,0.10456269865686413,0.28252426262708996,0.03580230337920311,-0.0774562622265314,-0.4023238617476784,-0.1076107816254793
Ousmane Camara,ml MLI,DF,Angers,fr Ligue 1,23.0,2003.0,25,24,2133,23.7,1,0,1,1,0,0,2,0,0.04,422,ml MLI,DF,fr Ligue 1,23-011,2003.0,23.7,1,6,2,33.3,0.25316455696202533,0.08438818565400844,0.17,0.5,0,0,529,ml MLI,DF,fr Ligue 1,23-011,2003.0,25,2133,85,91.2,23.7,24,88.0,23,1,18.0,0,1.28,22,25,-3,-0.13,2.48,422,ml MLI,DF,fr Ligue 1,23-011,2003.0,23.7,2,0,0,17,6,1,3,27,27,0,0.04219409282700422,0.0,0.12658227848101267,1.139240506329114,1.139240506329114,0.7172995780590717,0.25316455696202533,False,1,-0.49204617503004533,-0.7621682875409468,-1.0051054584725272,-0.7660505983497122,-0.7349929920693326,0.5469555312106599,0.3509740426619727,-1.00114554621296,-1.2466048095578406,-1.9649686942865696,-1.1961400089058973
Francesco Camarda,it ITA,FW,Lecce,it Serie A,18.0,2008.0,17,7,639,7.1,1,0,1,1,0,1,1,0,0.14,423,it ITA,FW,it Serie A,18-007,2008.0,7.1,1,13,3,23.1,1.8309859154929577,0.4225352112676057,0.08,0.33,0,1,530,it ITA,FW,it Serie A,18-007,2008.0,17,639,38,24.5,7.1,7,62.0,0,10,20.0,1,0.82,4,9,-5,-0.7,-0.11,423,it ITA,FW,it Serie A,18-007,2008.0,7.1,1,0,0,12,4,1,1,0,1,0,0.14084507042253522,0.0,0.14084507042253522,0.0,0.14084507042253522,1.6901408450704227,0.5633802816901409,False,0,0.07486641969330213,-0.7621682875409468,0.6838522647726792,0.04720484130073139,-0.726676716495825,-1.7693801309275783,-1.7043798663666785,0.7593172192767699,-0.7970339557277756,1.0854987987922435,-1.7374221944946984
Eduardo Camavinga,fr FRA,MF,Real Madrid,es La Liga,23.0,2002.0,20,12,1142,12.7,1,0,1,1,0,0,1,0,0.08,424,fr FRA,MF,es La Liga,23-127,2002.0,12.7,1,10,2,20.0,0.7874015748031497,0.15748031496062992,0.1,0.5,0,0,531,fr FRA,MF,es La Liga,23-127,2002.0,20,1142,57,45.3,12.7,12,78.0,6,8,27.0,1,2.4,31,10,21,1.65,0.68,424,fr FRA,MF,es La Liga,23-127,2002.0,12.7,1,0,0,27,25,1,2,12,29,0,0.07874015748031496,0.0,0.15748031496062992,0.9448818897637796,2.283464566929134,2.125984251968504,1.968503937007874,False,4,-0.28202874951115037,-0.7621682875409468,-0.43323860393433977,-0.5902614674343071,-0.7169771234302675,0.15178015578025184,2.706539093521186,1.5480235739993944,1.2392994442365963,-1.2580541651801054,1.7081694262294351
Sergio Camello,es ESP,FW,Rayo Vallecano,es La Liga,25.0,2001.0,13,4,458,5.1,0,0,0,0,0,0,2,1,0.0,428,es ESP,FW,es La Liga,25-035,2001.0,5.1,0,9,4,44.4,1.7647058823529413,0.7843137254901962,0.0,0.0,0,0,535,es ESP,FW,es La Liga,25-035,2001.0,13,458,35,18.2,5.1,4,71.0,1,9,19.0,9,0.43,3,12,-9,-1.77,-1.9,428,es ESP,FW,es La Liga,25-035,2001.0,5.1,2,1,0,3,9,2,1,2,2,0,0.0,0.0,0.19607843137254904,0.3921568627450981,0.3921568627450981,0.5882352941176471,1.7647058823529413,False,0,-0.7345208390382241,-0.7621682875409468,0.6129036917523424,0.9172948387102674,-0.6944715316768498,-0.9720358289279233,-1.1870150466185352,-1.2347014961280873,0.9439512135161037,0.9656807752259365,-1.3243975747029482
Emre Can,de GER,DF,Dortmund,de Bundesliga,32.0,1994.0,9,7,621,6.9,3,0,3,0,3,3,3,0,0.0,431,de GER,DF,de Bundesliga,32-064,1994.0,6.9,3,5,4,80.0,0.7246376811594203,0.5797101449275363,0.0,0.0,3,3,539,de GER,DF,de Bundesliga,32-064,1994.0,9,621,69,26.5,6.9,7,80.0,4,2,30.0,3,1.78,16,8,8,1.16,0.06,431,de GER,DF,de Bundesliga,32-064,1994.0,6.9,3,0,0,10,10,0,2,13,8,0,0.43478260869565216,0.0,0.2898550724637681,1.8840579710144927,1.1594202898550725,1.4492753623188406,1.4492753623188406,False,4,1.7640224379156173,-0.7621682875409468,-0.5004233725631637,0.42521606154934816,-0.6397927287559377,2.0613392330272853,0.3925172984319358,0.32344476170870334,0.4868229736756566,-0.19956356387987795,-0.3267442757504707
Fali Candé,gw GNB,DF,Sassuolo,it Serie A,28.0,1998.0,12,5,509,5.7,0,0,0,0,0,0,2,0,0.0,434,gw GNB,DF,it Serie A,28-052,1998.0,5.7,0,3,0,0.0,0.5263157894736842,0.0,0.0,,0,0,542,gw GNB,DF,it Serie A,28-052,1998.0,12,509,42,19.5,5.7,5,72.0,1,7,22.0,6,0.92,9,6,3,0.53,0.83,434,gw GNB,DF,it Serie A,28-052,1998.0,5.7,2,0,0,9,6,0,4,2,9,0,0.0,0.0,0.7017543859649122,0.3508771929824561,1.5789473684210527,1.5789473684210527,1.0526315789473684,False,4,-0.7345208390382241,-0.7621682875409468,-0.7127143831013233,-0.9690071404065893,-0.39962458961049574,-1.0559668080857818,1.256179721018012,0.5581004513985588,-0.08800115721901629,-1.3050863255824448,0.3299999447962597
Simone Canestrelli,it ITA,DF,Pisa,it Serie A,25.0,2000.0,28,27,2406,26.7,0,0,0,0,0,0,2,0,0.0,435,it ITA,DF,it Serie A,25-187,2000.0,26.7,0,11,1,9.1,0.41198501872659177,0.03745318352059925,0.0,0.0,0,0,543,it ITA,DF,it Serie A,25-187,2000.0,28,2406,86,92.2,26.7,27,88.0,26,1,21.0,1,0.64,22,44,-22,-0.82,0.94,435,it ITA,DF,it Serie A,25-187,2000.0,26.7,2,0,0,31,16,1,9,21,20,0,0.0,0.0,0.33707865168539325,0.7865168539325843,0.7490636704119851,1.1610486891385767,0.599250936329588,False,1,-0.7345208390382241,-0.7621682875409468,-0.8350982240943676,-0.8789309223026945,-0.6122578463861628,-0.17021206455748383,-0.45226629285348463,-0.1981329543699377,-0.7450494831552347,-1.410555790475867,-1.0674346409640194
Maxence Caqueret,fr FRA,MF,Como,it Serie A,26.0,2000.0,23,14,1180,13.1,2,4,6,2,0,0,2,0,0.46,441,fr FRA,MF,it Serie A,26-030,2000.0,13.1,2,16,4,25.0,1.2213740458015268,0.3053435114503817,0.13,0.5,0,0,549,fr FRA,MF,it Serie A,26-030,2000.0,23,1180,51,45.2,13.1,14,70.0,1,9,23.0,6,1.78,24,8,16,1.22,0.59,441,fr FRA,MF,it Serie A,26-030,2000.0,13.1,2,0,0,19,18,1,28,9,19,0,0.15267175572519084,0.3053435114503817,2.1374045801526718,0.6870229007633588,1.450381679389313,1.450381679389313,1.3740458015267176,False,3,0.1428302353119799,2.031981984786219,0.03130141043772837,-0.23464530120842378,0.4374669623784804,-0.3725059529968851,0.9915070452275807,0.32544676355158936,0.3777987844337428,0.4850124599911476,1.7549028726615312
Antonio Caracciolo,it ITA,DF,Pisa,it Serie A,35.0,1990.0,27,26,2353,26.1,2,0,2,2,0,0,7,0,0.08,442,it ITA,DF,it Serie A,35-260,1990.0,26.1,2,19,5,26.3,0.7279693486590038,0.19157088122605362,0.11,0.4,0,0,550,it ITA,DF,it Serie A,35-260,1990.0,27,2353,87,90.2,26.1,26,89.0,23,1,29.0,1,0.63,19,40,-21,-0.8,0.95,442,it ITA,DF,it Serie A,35-260,1990.0,26.1,7,0,0,28,10,0,2,41,33,1,0.07662835249042145,0.0,0.07662835249042145,1.5708812260536398,1.264367816091954,1.0727969348659003,0.38314176245210724,False,1,-0.2941645526785432,-0.7621682875409468,-0.4968570337477571,-0.5082724615993112,-0.7641198710296104,1.4245795155882806,0.6085682743641265,-0.357834164273879,-1.0582392349183358,-1.8052585301503592,-0.7710768384677008
Sergi Cardona,es ESP,DF,Villarreal,es La Liga,26.0,1999.0,23,16,1544,17.2,0,3,3,0,0,0,4,0,0.17,445,es ESP,DF,es La Liga,26-252,1999.0,17.2,0,14,3,21.4,0.813953488372093,0.1744186046511628,0.0,0.0,0,0,557,es ESP,DF,es La Liga,26-252,1999.0,23,1544,67,61.3,17.2,16,86.0,12,7,24.0,5,2.0,28,21,7,0.41,-0.61,445,es ESP,DF,es La Liga,26-252,1999.0,17.2,4,0,0,21,17,1,55,30,24,0,0.0,0.1744186046511628,3.1976744186046515,1.744186046511628,1.3953488372093024,1.2209302325581395,0.9883720930232559,False,4,-0.7345208390382241,0.8339088302273324,-0.4048164639710678,-0.5495242874925209,1.055683661815497,1.7769477238964682,0.8782132908376361,-0.08977074657209891,-0.18112729380962217,-1.4157405758032746,1.5328461758235883
Johnny Cardoso,us USA,MF,Atlético Madrid,es La Liga,24.0,2001.0,12,10,708,7.9,0,0,0,0,0,0,4,0,0.0,447,us USA,MF,es La Liga,24-178,2001.0,7.9,0,2,0,0.0,0.2531645569620253,0.0,0.0,,0,0,559,us USA,MF,es La Liga,24-178,2001.0,12,708,59,28.1,7.9,10,65.0,2,2,31.0,8,1.58,11,7,4,0.51,-0.39,447,us USA,MF,es La Liga,24-178,2001.0,7.9,4,0,0,16,11,0,3,11,17,0,0.0,0.0,0.37974683544303794,1.3924050632911391,2.151898734177215,2.0253164556962022,1.3924050632911391,False,4,-0.7345208390382241,-0.7621682875409468,-1.0051054584725272,-0.9690071404065893,-0.5873791006395742,1.0616967894636011,2.4356901503910326,1.3658541769653503,0.40440539502498396,-2.3719068325687847,1.4235861454877525
Igor Carioca,br BRA,DF,Lorient,fr Ligue 1,29.0,1996.0,14,13,1197,13.3,1,0,1,1,0,0,1,0,0.08,449,br BRA,DF,fr Ligue 1,29-208,1996.0,13.3,1,7,1,14.3,0.5263157894736842,0.07518796992481203,0.14,1.0,0,0,562,br BRA,DF,fr Ligue 1,29-208,1996.0,14,1197,86,51.2,13.3,13,89.0,11,1,45.0,8,1.43,21,22,-1,-0.08,0.08,449,br BRA,DF,fr Ligue 1,29-208,1996.0,13.3,1,0,0,9,18,1,20,13,19,0,0.07518796992481203,0.0,1.5037593984962405,0.9774436090225563,1.4285714285714286,0.6766917293233082,1.3533834586466165,False,1,-0.30244192648229656,-0.7621682875409468,-0.7127143831013233,-0.788177439401026,0.06800437973089385,0.21798555413171183,0.946607216298847,-1.0746298936703513,0.347854502470351,-1.3626009697704413,0.0818751603800093
Diego Carlos,br BRA,DF,Como,it Serie A,33.0,1993.0,20,15,1493,16.6,1,0,1,1,0,0,6,0,0.06,451,br BRA,DF,it Serie A,33-002,1993.0,16.6,1,3,2,66.7,0.18072289156626503,0.12048192771084336,0.33,0.5,0,0,564,br BRA,DF,it Serie A,33-002,1993.0,20,1493,75,57.2,16.6,15,86.0,13,5,40.0,6,2.0,25,14,11,0.66,-0.55,451,br BRA,DF,it Serie A,33-002,1993.0,16.6,6,0,0,26,6,1,1,13,12,0,0.06024096385542168,0.0,0.06024096385542168,0.7831325301204819,0.7228915662650601,1.5662650602409638,0.36144578313253006,False,1,-0.38833713199040265,-0.7621682875409468,-1.0826496681470825,-0.6792438845783975,-0.7736749455464077,-0.1770931663921229,-0.5061456823531384,0.5351504264678711,-1.0896814835533153,-1.3078498173222328,-1.14654761349487
Kevin Carlos,es ESP,FW,Nice,fr Ligue 1,24.0,2001.0,17,9,812,9.0,0,0,0,0,0,0,3,0,0.0,452,es ESP,FW,fr Ligue 1,24-341,2001.0,9.0,0,20,7,35.0,2.2222222222222223,0.7777777777777778,0.0,0.0,0,0,566,es ESP,FW,fr Ligue 1,24-341,2001.0,17,812,48,34.7,9.0,9,66.0,2,8,27.0,6,1.0,12,14,-2,-0.22,0.6,452,es ESP,FW,fr Ligue 1,24-341,2001.0,9.0,3,0,0,26,14,5,3,1,1,0,0.0,0.0,0.3333333333333333,0.1111111111111111,0.1111111111111111,2.888888888888889,1.5555555555555556,False,0,-0.7345208390382241,-0.7621682875409468,1.1026459249621687,0.9015756555509601,-0.6144416474016966,-1.5434659120276761,-1.7655918944907265,2.9285830264615687,0.6408463625948703,1.7414529688864187,-0.33273913532065624
David Carmo,ao ANG,DF,Oviedo,es La Liga,26.0,1999.0,21,19,1722,19.1,1,0,1,1,0,0,8,1,0.05,453,ao ANG,DF,es La Liga,26-241,1999.0,19.1,1,10,3,30.0,0.5235602094240838,0.15706806282722513,0.1,0.33,0,0,567,ao ANG,DF,es La Liga,26-241,1999.0,21,1722,82,68.3,19.1,19,88.0,17,2,25.0,2,0.62,14,33,-19,-0.99,-0.2,453,ao ANG,DF,es La Liga,26-241,1999.0,19.1,8,1,1,20,4,0,2,21,17,0,0.05235602094240837,0.0,0.10471204188481674,1.0994764397905759,0.8900523560209423,1.0471204188481675,0.20942408376963348,False,1,-0.4336491355306934,-0.7621682875409468,-0.7156640568280919,-0.5912529482536062,-0.7477449774546259,0.4661061189196216,-0.16201892625564981,-0.404298630707941,-1.309994381112504,-1.5296202810584463,-1.3030550196938513
Sergio Carreira,es ESP,MF,Celta Vigo,es La Liga,25.0,2000.0,24,21,1914,21.3,2,1,3,2,0,0,2,0,0.14,456,es ESP,MF,es La Liga,25-155,2000.0,21.3,2,12,5,41.7,0.5633802816901409,0.2347417840375587,0.17,0.4,0,0,570,es ESP,MF,es La Liga,25-155,2000.0,24,1914,80,76.0,21.3,21,89.0,18,3,18.0,3,1.54,31,25,6,0.28,0.13,456,es ESP,MF,es La Liga,25-155,2000.0,21.3,2,0,0,14,27,1,24,21,15,0,0.09389671361502347,0.046948356807511735,1.1267605633802817,0.9859154929577465,0.704225352112676,0.6572769953051643,1.2676056338028168,False,1,-0.19492933321720665,-0.33255128557515024,-0.6730391942412663,-0.4044449283469667,-0.15181416747711846,0.23521082550817388,-0.5445730177005113,-1.109762980125277,0.2235435572772567,-0.6714450531109392,-0.699253878668344
Álvaro Carreras,es ESP,DF,Real Madrid,es La Liga,22.0,2003.0,23,22,1968,21.9,2,2,4,2,0,0,5,1,0.18,458,es ESP,DF,es La Liga,22-359,2003.0,21.9,2,8,2,25.0,0.36529680365296807,0.09132420091324202,0.25,1.0,0,0,572,es ESP,DF,es La Liga,22-359,2003.0,23,1968,86,78.1,21.9,22,89.0,19,1,1.0,1,2.22,47,18,29,1.33,0.18,458,es ESP,DF,es La Liga,22-359,2003.0,21.9,5,1,0,16,26,4,28,33,16,0,0.09132420091324202,0.09132420091324202,1.2785388127853883,1.5068493150684932,0.7305936073059361,0.7305936073059361,1.1872146118721463,False,1,-0.2097126621438098,0.07352505874868501,-0.8850749980851503,-0.7493692387285992,-0.06331608426223598,1.2943880431943835,-0.49028982044558767,-0.9770885450494154,0.10703927497074654,-1.25740817240631,-0.3574466834363492
Dani Carvajal,es ESP,DF,Real Madrid,es La Liga,34.0,1992.0,11,6,596,6.6,0,0,0,0,0,0,0,0,0.0,459,es ESP,DF,es La Liga,34-065,1992.0,6.6,0,3,0,0.0,0.4545454545454546,0.0,0.0,,0,0,574,es ESP,DF,es La Liga,34-065,1992.0,11,596,54,23.7,6.6,6,78.0,2,5,26.0,7,2.18,12,6,6,0.91,-0.5,459,es ESP,DF,es La Liga,34-065,1992.0,6.6,0,0,0,5,7,0,5,4,9,0,0.0,0.0,0.7575757575757576,0.6060606060606061,1.3636363636363638,0.7575757575757576,1.0606060606060606,False,1,-0.7345208390382241,-0.7621682875409468,-0.789539976075797,-0.9690071404065893,-0.36707655055122285,-0.5371207551099297,0.8129281801701168,-0.9282613905139211,-0.0764443783636164,-1.4996273482127578,-0.31873590357183396
Cesare Casadei,it ITA,MF,Torino,it Serie A,23.0,2003.0,25,16,1614,17.9,4,0,4,4,0,0,5,0,0.22,461,it ITA,MF,it Serie A,23-066,2003.0,17.9,4,29,14,48.3,1.6201117318435756,0.782122905027933,0.14,0.29,0,0,576,it ITA,MF,it Serie A,23-066,2003.0,25,1614,65,61.8,17.9,16,85.0,13,9,27.0,3,1.2,20,32,-12,-0.67,-0.13,461,it ITA,MF,it Serie A,23-066,2003.0,17.9,5,0,0,44,13,2,2,8,12,0,0.223463687150838,0.0,0.111731843575419,0.446927374301676,0.670391061452514,2.458100558659218,0.7262569832402235,False,0,0.5496466552620745,-0.7621682875409468,0.45812482155993123,0.9120258387686001,-0.7436519074883965,-0.860674892894452,-0.6142262222991776,2.1490243863283673,-0.560989771155662,1.1406838827572443,-0.728125949526077
Marc Casado,es ESP,MF,Barcelona,es La Liga,22.0,2003.0,18,9,836,9.3,0,1,1,0,0,0,0,0,0.11,462,es ESP,MF,es La Liga,22-184,2003.0,9.3,0,9,0,0.0,0.9677419354838709,0.0,0.0,,0,0,577,es ESP,MF,es La Liga,22-184,2003.0,18,836,46,33.2,9.3,9,78.0,5,9,15.0,10,2.83,23,7,16,1.72,-0.04,462,es ESP,MF,es La Liga,22-184,2003.0,9.3,0,0,0,21,15,0,0,7,7,0,0.0,0.1075268817204301,0.0,0.7526881720430108,0.7526881720430108,2.258064516129032,1.6129032258064515,False,4,-0.7345208390382241,0.22179323309039367,-0.24019568222606513,-0.9690071404065893,-0.8087999377842117,-0.2389934867669503,-0.44480468663245376,1.7870372702676305,0.723955757202305,-0.4678651137387033,0.45847474784982617
Nicolò Casale,it ITA,DF,Bologna,it Serie A,28.0,1998.0,11,7,588,6.5,0,0,0,0,0,0,0,0,0.0,463,it ITA,DF,it Serie A,28-031,1998.0,6.5,0,4,0,0.0,0.6153846153846154,0.0,0.0,,0,0,578,it ITA,DF,it Serie A,28-031,1998.0,11,588,53,22.5,6.5,7,70.0,4,4,25.0,13,1.09,8,13,-5,-0.77,-1.17,463,it ITA,DF,it Serie A,28-031,1998.0,6.5,0,0,0,10,4,0,2,7,1,0,0.0,0.0,0.3076923076923077,1.0769230769230769,0.15384615384615385,1.5384615384615385,0.6153846153846154,False,1,-0.7345208390382241,-0.7621682875409468,-0.6173718523330018,-0.9690071404065893,-0.6293922851234285,0.42024999071762775,-1.6776150929359208,0.48483691027367193,-0.7216682316904809,-1.2011350049726668,-1.3840583882428994
Cristian Cásseres Jr.,ve VEN,MF,Toulouse,fr Ligue 1,26.0,2000.0,23,21,1873,20.8,1,0,1,1,0,1,5,0,0.05,467,ve VEN,MF,fr Ligue 1,26-056,2000.0,20.8,1,21,5,23.8,1.0096153846153846,0.24038461538461536,0.05,0.2,0,1,584,ve VEN,MF,fr Ligue 1,26-056,2000.0,23,1873,81,80.0,20.8,21,86.0,16,2,32.0,0,1.22,25,25,0,0.0,-0.96,467,ve VEN,MF,fr Ligue 1,26-056,2000.0,20.8,5,0,0,28,34,1,85,28,33,0,0.04807692307692307,0.0,4.086538461538462,1.346153846153846,1.5865384615384615,1.346153846153846,1.6346153846153846,False,4,-0.45823961129813584,-0.7621682875409468,-0.19537280989821607,-0.39087372132630277,1.5739579491168143,0.9676575211289291,1.2718071791889312,0.1368350899304584,0.7554214534779565,-1.0472613041982495,1.6987332762291045
Valentín Castellanos,ar ARG,FW,Lazio,it Serie A,27.0,1998.0,11,8,692,7.7,2,3,5,2,0,0,2,0,0.65,469,ar ARG,FW,it Serie A,27-165,1998.0,7.7,2,20,8,40.0,2.5974025974025974,1.0389610389610389,0.1,0.25,0,0,588,ar ARG,FW,it Serie A,27-165,1998.0,11,692,63,26.5,7.7,8,77.0,3,3,25.0,0,1.18,11,7,4,0.52,0.66,469,ar ARG,FW,it Serie A,27-165,1998.0,7.7,2,0,0,9,18,5,6,3,3,0,0.2597402597402597,0.38961038961038963,0.7792207792207793,0.38961038961038963,0.38961038961038963,1.1688311688311688,2.3376623376623376,False,2,0.758115404336798,2.803094884616768,1.5042527284477776,1.52973054621574,-0.35445588234456604,-0.9772133893305185,-1.1922573617608385,-0.18404970545094584,1.7742912069082801,3.532643885583534,0.685796567458499
Castrin,es ESP,DF,Sevilla,es La Liga,23.0,2003.0,10,7,669,7.4,0,0,0,0,0,0,3,0,0.0,471,es ESP,DF,es La Liga,23-075,2003.0,7.4,0,5,1,20.0,0.6756756756756757,0.13513513513513511,0.0,0.0,0,0,591,es ESP,DF,es La Liga,23-075,2003.0,10,669,67,26.5,7.4,7,82.0,5,3,32.0,13,1.1,14,9,5,0.67,1.4,471,es ESP,DF,es La Liga,23-075,2003.0,7.4,3,0,0,7,7,0,0,12,10,0,0.0,0.0,0.0,1.6216216216216215,1.3513513513513513,0.9459459459459459,0.9459459459459459,False,1,-0.7345208390382241,-0.7621682875409468,-0.5528340950193102,-0.6440024075182119,-0.8087999377842117,1.5277463070709945,0.7876375517133297,-0.5873849145675797,-0.24261211758179851,-2.0159716038431026,-0.382073617994727
Jonny Castro,es ESP,DF,Alavés,es La Liga,32.0,1994.0,27,27,2364,26.3,0,0,0,0,0,0,5,0,0.0,472,es ESP,DF,es La Liga,32-014,1994.0,26.3,0,7,2,28.6,0.2661596958174905,0.07604562737642585,0.0,0.0,0,0,592,es ESP,DF,es La Liga,32-014,1994.0,27,2364,88,93.8,26.3,27,88.0,23,0,,0,1.0,24,36,-12,-0.46,-0.46,472,es ESP,DF,es La Liga,32-014,1994.0,26.3,5,0,0,28,23,1,19,33,35,0,0.0,0.0,0.7224334600760456,1.2547528517110267,1.3307984790874525,1.064638783269962,0.8745247148288973,False,1,-0.7345208390382241,-0.7621682875409468,-0.9911949862787567,-0.786114743191837,-0.38756714113769614,0.7818184627329147,0.7453262341430401,-0.3725972326251957,-0.3461171990312557,-1.9948040135311544,-0.1952339210524527
Santiago Castro,ar ARG,FW,Bologna,it Serie A,21.0,2004.0,26,18,1698,18.9,7,2,9,7,0,0,1,0,0.48,473,ar ARG,FW,it Serie A,21-169,2004.0,18.9,7,47,16,34.0,2.486772486772487,0.8465608465608466,0.15,0.44,0,0,593,ar ARG,FW,it Serie A,21-169,2004.0,26,1698,65,65.1,18.9,18,80.0,7,8,32.0,3,1.38,25,22,3,0.16,0.06,473,ar ARG,FW,it Serie A,21-169,2004.0,18.9,1,0,0,26,40,7,4,1,7,0,0.3703703703703704,0.10582010582010583,0.21164021164021166,0.052910052910052914,0.3703703703703704,1.3756613756613758,2.1164021164021167,False,0,1.3938678783669005,0.20617479625497576,1.3858302094712522,1.067001344989383,-0.685397848652456,-1.6618019314514343,-1.2318659650582402,0.19023219463920588,1.453636453904487,3.0733447809098773,-0.6760559814167793
Danilo Cataldi,it ITA,MF,Lazio,it Serie A,31.0,1994.0,25,22,1835,20.4,3,3,6,1,2,2,5,0,0.2,475,it ITA,MF,it Serie A,31-223,1994.0,20.4,3,26,7,26.9,1.2745098039215688,0.3431372549019608,0.04,0.14,2,2,595,it ITA,MF,it Serie A,31-223,1994.0,25,1835,73,70.3,20.4,22,78.0,12,3,42.0,1,1.32,21,25,-4,-0.2,-0.78,475,it ITA,MF,it Serie A,31-223,1994.0,20.4,5,0,0,18,11,0,42,21,22,0,0.14705882352941177,0.14705882352941177,2.058823529411765,1.0294117647058825,1.0784313725490198,0.8823529411764707,0.5392156862745099,False,1,0.11057468110792827,0.5835437921460338,0.0881798704560998,-0.14375002454296457,0.3916483263430874,0.3236486618215161,0.2257888842321641,-0.7024634179561142,-0.8320537723504973,-0.2038512848281801,0.023163195713984612
Catena,es ESP,DF,Osasuna,es La Liga,31.0,1994.0,26,26,2261,25.1,2,2,4,2,0,0,8,1,0.16,476,es ESP,DF,es La Liga,31-140,1994.0,25.1,2,14,2,14.3,0.5577689243027888,0.0796812749003984,0.14,1.0,0,0,596,es ESP,DF,es La Liga,31-140,1994.0,26,2261,87,89.7,25.1,26,87.0,23,0,,0,1.15,26,31,-5,-0.2,-1.24,476,es ESP,DF,es La Liga,31-140,1994.0,25.1,8,1,0,37,12,2,1,28,24,0,0.0796812749003984,0.0796812749003984,0.0398406374501992,1.1155378486055776,0.9561752988047808,1.4741035856573705,0.4780876494023904,False,1,-0.27662047752477104,-0.03301751926433587,-0.6790457965388049,-0.7773708835640402,-0.7855698632365007,0.4987626245614797,-0.025894456892633668,0.368374149680724,-0.9206417501315723,-1.2694245758264415,-0.5687247880790343
Santi Cazorla,es ESP,MF,Oviedo,es La Liga,41.0,1984.0,19,4,590,6.6,0,1,1,0,0,0,0,1,0.15,478,es ESP,MF,es La Liga,41-094,1984.0,6.6,0,5,0,0.0,0.7575757575757576,0.0,0.0,,0,0,599,es ESP,MF,es La Liga,41-094,1984.0,19,590,31,23.4,6.6,4,72.0,0,15,20.0,3,0.74,3,11,-8,-1.22,-0.38,478,es ESP,MF,es La Liga,41-094,1984.0,6.6,0,1,0,4,12,0,41,1,6,0,0.0,0.15151515151515152,6.212121212121213,0.15151515151515152,0.9090909090909092,0.6060606060606061,1.8181818181818183,False,3,-0.7345208390382241,0.6243229460759423,-0.46516525018357435,-0.9690071404065893,2.8133318375262966,-1.4613152869731663,-0.12282507273099559,-1.2024446429055435,1.0214496128993735,0.07215927371763867,1.7995497157399991
Dani Ceballos,es ESP,MF,Real Madrid,es La Liga,29.0,1996.0,15,4,469,5.2,0,0,0,0,0,0,1,0,0.0,479,es ESP,MF,es La Liga,29-222,1996.0,5.2,0,3,0,0.0,0.5769230769230769,0.0,0.0,,0,0,600,es ESP,MF,es La Liga,29-222,1996.0,15,469,31,18.6,5.2,4,67.0,0,11,18.0,9,2.53,13,5,8,1.54,0.31,479,es ESP,MF,es La Liga,29-222,1996.0,5.2,1,0,0,6,15,0,3,7,10,0,0.0,0.0,0.5769230769230769,1.346153846153846,1.923076923076923,1.1538461538461537,2.8846153846153846,False,4,-0.7345208390382241,-0.7621682875409468,-0.6585424906193226,-0.9690071404065893,-0.4724105890452433,0.9676575211289291,1.9646244914330238,-0.21116673041275477,2.566946539061889,-1.649382898974739,1.5680479708859112
Federico Ceccherini,it ITA,DF,Cremonese,it Serie A,33.0,1992.0,9,6,476,5.3,0,1,1,0,0,0,1,1,0.19,480,it ITA,DF,it Serie A,33-310,1992.0,5.3,0,5,2,40.0,0.9433962264150944,0.37735849056603776,0.0,0.0,0,0,601,it ITA,DF,it Serie A,33-310,1992.0,9,476,53,18.2,5.3,6,67.0,1,3,25.0,18,0.67,1,13,-12,-2.27,-1.89,480,it ITA,DF,it Serie A,33-310,1992.0,5.3,1,1,0,10,9,0,3,7,2,0,0.0,0.18867924528301888,0.5660377358490566,1.3207547169811322,0.37735849056603776,1.8867924528301887,1.6981132075471699,False,0,-0.7345208390382241,0.9644057014914057,-0.2662562201553246,-0.06144675422772432,-0.47875755788937474,0.9160153012788069,-1.2174798214077687,1.115179830140624,0.8474437727746731,-0.05400388702344304,0.4111893357805272
Julian Chabot,de GER,DF,Stuttgart,de Bundesliga,28.0,1998.0,20,19,1700,18.9,0,0,0,0,0,0,3,0,0.0,488,de GER,DF,de Bundesliga,28-033,1998.0,18.9,0,15,6,40.0,0.7936507936507937,0.3174603174603175,0.0,0.0,0,0,613,de GER,DF,de Bundesliga,28-033,1998.0,20,1700,85,72.6,18.9,19,89.0,17,1,16.0,4,1.9,38,23,15,0.79,0.51,488,de GER,DF,de Bundesliga,28-033,1998.0,18.9,3,0,0,26,33,0,1,32,12,1,0.0,0.0,0.052910052910052914,1.6931216931216932,0.634920634920635,1.3756613756613758,1.7460317460317463,False,1,-0.7345208390382241,-0.7621682875409468,-0.42654921138688107,-0.20550395838309968,-0.7779494155012727,1.6731222523090272,-0.6872476697189681,0.19023219463920588,0.9168882803981365,-1.1032128781314938,-0.39613224515459816
Fares Chaïbi,dz ALG,MF,Eintracht Frankfurt,de Bundesliga,23.0,2002.0,20,17,1370,15.2,2,8,10,2,0,0,1,0,0.66,490,dz ALG,MF,de Bundesliga,23-109,2002.0,15.2,2,22,7,31.8,1.4473684210526316,0.46052631578947373,0.09,0.29,0,0,615,dz ALG,MF,de Bundesliga,23-109,2002.0,20,1370,69,58.5,15.2,17,77.0,7,3,23.0,2,1.6,31,30,1,0.07,0.16,490,dz ALG,MF,de Bundesliga,23-109,2002.0,15.2,1,0,0,10,15,2,67,10,15,0,0.13157894736842105,0.5263157894736842,4.407894736842105,0.6578947368421053,0.986842105263158,0.6578947368421053,0.986842105263158,False,3,0.02161725793464901,4.054064418707194,0.27321406007109056,0.13857477825248607,1.7613327179319413,-0.43173015059920977,0.03723798368629992,-1.1086451091926202,-0.1833445827760652,1.3974791250767307,2.1245792980253513
Ilyas Chaira,ma MAR,MF,Oviedo,es La Liga,25.0,2001.0,26,21,1665,18.5,3,1,4,3,0,0,1,1,0.22,491,ma MAR,MF,es La Liga,25-043,2001.0,18.5,3,50,22,44.0,2.7027027027027026,1.1891891891891893,0.06,0.14,0,0,616,ma MAR,MF,es La Liga,25-043,2001.0,26,1665,64,66.1,18.5,21,72.0,5,5,31.0,0,0.81,14,25,-11,-0.59,0.98,491,ma MAR,MF,es La Liga,25-043,2001.0,18.5,1,1,0,37,20,16,43,4,26,0,0.16216216216216217,0.05405405405405406,2.324324324324324,0.21621621621621623,1.4054054054054055,2.0,1.0810810810810811,False,0,0.19736827506888446,-0.2675281717641107,1.6169698146651523,1.8910345090111311,0.5464551681262987,-1.3297632725277686,0.898916316923192,1.3200412790973834,-0.046771567788940836,2.1052020283506048,0.8178298955281159
Brendan Chardonnet,fr FRA,DF,Brest,fr Ligue 1,31.0,1994.0,24,24,2096,23.3,0,3,3,0,0,0,4,0,0.13,494,fr FRA,DF,fr Ligue 1,31-085,1994.0,23.3,0,10,5,50.0,0.4291845493562232,0.2145922746781116,0.0,0.0,0,0,621,fr FRA,DF,fr Ligue 1,31-085,1994.0,24,2096,87,89.6,23.3,24,87.0,22,0,,1,1.5,31,30,1,0.04,1.15,494,fr FRA,DF,fr Ligue 1,31-085,1994.0,23.3,4,0,0,22,17,0,6,29,17,0,0.0,0.12875536480686695,0.2575107296137339,1.2446351931330473,0.7296137339055794,0.944206008583691,0.7296137339055794,False,1,-0.7345208390382241,0.4160517307257657,-0.8166872170839444,-0.45290520406023904,-0.6586519022955734,0.7612469563202536,-0.4923070438335809,-0.5905335216881887,-0.5561251007265877,-1.2126287189872107,-0.6563768447304825
Pep Chavarría,es ESP,DF,Rayo Vallecano,es La Liga,27.0,1998.0,24,22,2015,22.4,1,2,3,1,0,0,6,1,0.13,495,es ESP,DF,es La Liga,27-341,1998.0,22.4,1,14,2,14.3,0.625,0.08928571428571429,0.07,0.5,0,0,624,es ESP,DF,es La Liga,27-341,1998.0,24,2015,84,80.0,22.4,22,90.0,20,2,23.0,3,1.08,21,28,-7,-0.31,-0.49,495,es ESP,DF,es La Liga,27-341,1998.0,22.4,6,1,1,26,30,1,70,25,24,0,0.044642857142857144,0.08928571428571429,3.125,1.1160714285714286,1.0714285714285714,1.1607142857142858,1.3392857142857144,False,4,-0.47797398470814206,0.05487118941186281,-0.6070791927614217,-0.7542718704624828,1.0133090345518672,0.4998475142723325,0.21137251759083003,-0.19873809397192535,0.32742376842241216,-0.9563322589748402,0.9026482539385199
Walid Cheddira,ma MAR,FW,Lecce,it Serie A,28.0,1998.0,8,5,477,5.3,0,0,0,0,0,0,0,0,0.0,501,ma MAR,FW,it Serie A,28-054,1998.0,5.3,0,9,2,22.2,1.6981132075471699,0.37735849056603776,0.0,0.0,0,0,632,ma MAR,FW,it Serie A,28-054,1998.0,8,477,60,18.3,5.3,5,79.0,2,3,28.0,0,1.25,4,8,-4,-0.75,-0.16,501,ma MAR,FW,it Serie A,28-054,1998.0,5.3,0,0,0,10,12,4,1,0,2,0,0.0,0.0,0.18867924528301888,0.0,0.37735849056603776,1.8867924528301887,2.2641509433962264,False,0,-0.7345208390382241,-0.7621682875409468,0.5416204556517207,-0.06144675422772432,-0.6987858111525994,-1.7693801309275783,-1.2174798214077687,1.115179830140624,1.6677570190768312,1.0478085366350314,-0.2777172783935014
Chema,es ESP,MF,Stuttgart,de Bundesliga,20.0,2005.0,18,9,875,9.7,1,0,1,1,0,0,2,0,0.1,502,es ESP,MF,de Bundesliga,20-326,2005.0,9.7,1,10,3,30.0,1.0309278350515465,0.30927835051546393,0.1,0.33,0,0,634,es ESP,MF,de Bundesliga,20-326,2005.0,18,875,49,37.4,9.7,9,88.0,6,9,9.0,8,2.0,18,17,1,0.1,-0.88,502,es ESP,MF,de Bundesliga,20-326,2005.0,9.7,2,0,0,12,7,1,0,23,13,0,0.10309278350515465,0.0,0.0,2.3711340206185567,1.3402061855670104,1.2371134020618557,0.7216494845360826,False,4,-0.14208274244092137,-0.7621682875409468,-0.17255918301275477,-0.22518187544556081,-0.8087999377842117,3.0516758806476543,0.7646934764123275,-0.060485529851775584,-0.5676670507431393,-1.9421751949470525,-0.34095928629882294
Samir Chergui,dz ALG,DF,Paris FC,fr Ligue 1,27.0,1999.0,12,11,973,10.8,1,0,1,1,0,0,1,0,0.09,503,dz ALG,DF,fr Ligue 1,27-039,1999.0,10.8,1,11,3,27.3,1.0185185185185184,0.27777777777777773,0.09,0.33,0,0,635,dz ALG,DF,fr Ligue 1,27-039,1999.0,12,973,81,41.6,10.8,11,86.0,9,1,23.0,1,1.08,16,21,-5,-0.46,0.0,503,dz ALG,DF,fr Ligue 1,27-039,1999.0,10.8,1,0,0,12,4,1,6,8,10,0,0.09259259259259259,0.0,0.5555555555555555,0.7407407407407407,0.9259259259259258,1.111111111111111,0.37037037037037035,False,1,-0.202423659686943,-0.7621682875409468,-0.1858425695541605,-0.3009418561360361,-0.4848694538133533,-0.26328533826156353,-0.0881675448457696,-0.28850046826680226,-1.0767477926254512,-0.698917515416716,-1.0979576597637808
Joris Chotard,fr FRA,MF,Brest,fr Ligue 1,24.0,2001.0,25,24,2157,24.0,2,0,2,2,0,0,1,0,0.08,511,fr FRA,MF,fr Ligue 1,24-174,2001.0,24.0,2,22,7,31.8,0.9166666666666666,0.2916666666666667,0.09,0.29,0,0,645,fr FRA,MF,fr Ligue 1,24-174,2001.0,25,2157,86,92.2,24.0,24,89.0,21,1,19.0,0,1.4,31,30,1,0.04,1.52,511,fr FRA,MF,fr Ligue 1,24-174,2001.0,24.0,1,0,0,25,11,0,35,32,28,0,0.08333333333333333,0.0,1.4583333333333333,1.3333333333333333,1.1666666666666667,1.0416666666666667,0.4583333333333333,False,1,-0.2556333776220711,-0.7621682875409468,-0.2948685190901575,-0.26753859192250823,0.04151758263929171,0.9415904958712482,0.40743510391296806,-0.4141677922796288,-0.9492701014176931,-1.256017074310862,-0.45804427960366595
Víctor Chust,es ESP,DF,Elche,es La Liga,26.0,2000.0,22,18,1702,18.9,0,0,0,0,0,0,7,1,0.0,517,es ESP,DF,es La Liga,26-012,2000.0,18.9,0,6,2,33.3,0.3174603174603175,0.10582010582010583,0.0,0.0,0,0,652,es ESP,DF,es La Liga,26-012,2000.0,22,1702,77,67.5,18.9,18,88.0,14,4,30.0,3,0.86,23,30,-7,-0.37,-0.15,517,es ESP,DF,es La Liga,26-012,2000.0,18.9,7,1,1,31,9,1,17,20,26,0,0.0,0.0,0.8994708994708995,1.0582010582010584,1.3756613756613758,1.6402116402116402,0.4761904761904762,False,4,-0.7345208390382241,-0.7621682875409468,-0.9362809235032311,-0.7145060797320928,-0.2843410589742503,0.38218385859530035,0.8376835572309929,0.6689648575452132,-0.9233911716236367,-1.8701428732884002,-0.005718449706005236
Alessandro Circati,au AUS,DF,Parma,it Serie A,22.0,2003.0,22,22,1885,20.9,1,0,1,1,0,0,5,0,0.05,518,au AUS,DF,it Serie A,22-158,2003.0,20.9,1,5,1,20.0,0.23923444976076558,0.04784688995215311,0.2,1.0,0,0,656,au AUS,DF,it Serie A,22-158,2003.0,22,1885,86,72.2,20.9,22,86.0,20,0,,1,1.05,14,25,-11,-0.53,-0.03,518,au AUS,DF,it Serie A,22-158,2003.0,20.9,5,0,0,24,14,0,2,17,15,0,0.04784688995215311,0.0,0.09569377990430622,0.8133971291866029,0.7177033492822967,1.1483253588516746,0.6698564593301436,False,1,-0.4595615310480884,-0.7621682875409468,-1.0200167549992183,-0.85393369431214,-0.7530032993968867,-0.11555833706705,-0.5168264423735692,-0.22115721329342097,-0.6427265422782108,-1.3584293787150696,-1.1893890728944112
Djaoui Cissé,fr FRA,MF,Rennes,fr Ligue 1,22.0,2004.0,20,12,926,10.3,0,0,0,0,0,0,3,0,0.0,521,fr FRA,MF,fr Ligue 1,22-045,2004.0,10.3,0,23,6,26.1,2.233009708737864,0.5825242718446602,0.0,0.0,0,0,660,fr FRA,MF,fr Ligue 1,22-045,2004.0,20,926,46,39.6,10.3,12,60.0,0,8,26.0,5,1.75,18,14,4,0.39,0.26,521,fr FRA,MF,fr Ligue 1,22-045,2004.0,10.3,3,0,0,17,10,0,27,5,19,0,0.0,0.0,2.6213592233009706,0.48543689320388345,1.8446601941747571,1.6504854368932038,0.9708737864077669,False,4,-0.7345208390382241,-0.7621682875409468,1.1141932453013739,0.4319841353452506,0.7196487535734309,-0.782376261947423,1.803191331298478,0.6875564172697182,-0.20648619092098028,0.11247824924940232,1.1702945254044241
Saúl Coco,gq EQG,DF,Torino,it Serie A,27.0,1999.0,26,26,2340,26.0,1,1,2,1,0,0,2,0,0.08,526,gq EQG,DF,it Serie A,27-036,1999.0,26.0,1,14,4,28.6,0.5384615384615384,0.15384615384615385,0.07,0.25,0,0,666,gq EQG,DF,it Serie A,27-036,1999.0,26,2340,90,89.7,26.0,26,90.0,26,0,,1,1.15,29,43,-14,-0.54,0.79,526,gq EQG,DF,it Serie A,27-036,1999.0,26.0,2,0,0,36,31,0,4,32,28,0,0.038461538461538464,0.038461538461538464,0.15384615384615385,1.2307692307692308,1.0769230769230769,1.3846153846153846,1.1923076923076923,False,1,-0.5134958568461534,-0.41021282054589037,-0.6997131289056431,-0.5990017521952059,-0.71909611145382,0.7330542938098004,0.2226838206478764,0.20643545399910118,0.11442026934825722,-1.3125729175285468,-0.170299583608502
Maxime Colin,fr FRA,DF,Metz,fr Ligue 1,34.0,1991.0,18,14,1369,15.2,0,0,0,0,0,0,0,0,0.0,528,fr FRA,DF,fr Ligue 1,34-122,1991.0,15.2,0,7,2,28.6,0.46052631578947373,0.13157894736842105,0.0,0.0,0,0,669,fr FRA,DF,fr Ligue 1,34-122,1991.0,18,1369,76,58.5,15.2,14,88.0,12,4,34.0,8,0.56,21,37,-16,-1.05,0.71,528,fr FRA,DF,fr Ligue 1,34-122,1991.0,15.2,0,0,0,8,6,0,9,19,25,0,0.0,0.0,0.5921052631578948,1.25,1.6447368421052633,0.5263157894736842,0.39473684210526316,False,1,-0.7345208390382241,-0.7621682875409468,-0.7831378433279242,-0.6525551636468534,-0.46355823776263877,0.7721548316963217,1.3916176918326468,-1.3467516178485028,-1.0414354127895071,-2.210737886402489,-0.5199871231234725
Nnamdi Collins,de GER,DF,Eintracht Frankfurt,de Bundesliga,22.0,2004.0,22,15,1437,16.0,1,2,3,1,0,0,4,0,0.19,530,de GER,DF,de Bundesliga,22-066,2004.0,16.0,1,3,1,33.3,0.1875,0.0625,0.33,1.0,0,0,671,de GER,DF,de Bundesliga,22-066,2004.0,22,1437,65,61.4,16.0,15,86.0,12,7,20.0,3,1.64,37,31,6,0.38,0.97,530,de GER,DF,de Bundesliga,22-066,2004.0,16.0,4,0,0,22,19,0,4,24,38,0,0.0625,0.125,0.25,1.5,2.375,1.375,1.1875,False,4,-0.37535524297610934,0.38168698019298664,-1.0753952032683183,-0.8186924514457148,-0.6630312199973254,1.2804618242211017,2.8949791678750914,0.1890353629819406,0.10745286517293444,-2.229545405855642,1.5044998893589738
Santiago Colombatto,ar ARG,MF,Oviedo,es La Liga,29.0,1997.0,23,18,1609,17.9,0,1,1,0,0,0,6,0,0.06,532,ar ARG,MF,es La Liga,29-059,1997.0,17.9,0,12,2,16.7,0.670391061452514,0.111731843575419,0.0,0.0,0,0,673,ar ARG,MF,es La Liga,29-059,1997.0,23,1609,70,63.8,17.9,18,83.0,6,5,23.0,3,0.74,11,25,-14,-0.78,0.4,532,ar ARG,MF,es La Liga,29-059,1997.0,17.9,6,0,0,35,33,0,53,13,15,0,0.0,0.0558659217877095,2.9608938547486034,0.7262569832402235,0.8379888268156426,1.9553072625698324,1.8435754189944136,False,4,-0.7345208390382241,-0.2509480561514793,-0.558490939476588,-0.7002881433815622,0.9176228650548887,-0.2927341191237481,-0.26919988324066674,1.2391648783919216,1.05825052880763,-0.44580860301763725,1.229111987176311
Lorenzo Colombo,it ITA,FW,Genoa,it Serie A,24.0,2002.0,29,22,1751,19.5,6,1,7,6,0,1,1,0,0.36,533,it ITA,FW,it Serie A,24-009,2002.0,19.5,6,52,21,40.4,2.6666666666666665,1.0769230769230769,0.12,0.29,0,1,674,it ITA,FW,it Serie A,24-009,2002.0,29,1751,60,67.1,19.5,22,73.0,1,7,22.0,0,1.14,24,25,-1,-0.05,0.26,533,it ITA,FW,it Serie A,24-009,2002.0,19.5,1,0,0,34,40,1,11,1,9,0,0.3076923076923077,0.05128205128205128,0.5641025641025641,0.05128205128205128,0.46153846153846156,1.7435897435897436,2.051282051282051,False,0,1.0336790184983409,-0.29289433154753824,1.5783955229374285,1.6210305770730944,-0.47988590790610924,-1.665112029896854,-1.0441821217413216,0.8560388519730993,1.3592631486726006,3.1439301745451997,-0.46219479470566643
Eray Cömert,ch SUI,DF,Valencia,es La Liga,28.0,1998.0,11,9,834,9.3,2,0,2,2,0,0,2,0,0.22,534,ch SUI,DF,es La Liga,28-041,1998.0,9.3,2,5,2,40.0,0.5376344086021505,0.2150537634408602,0.4,1.0,0,0,675,ch SUI,DF,es La Liga,28-041,1998.0,11,834,76,33.1,9.3,9,87.0,7,2,24.0,14,1.18,12,13,-1,-0.11,0.48,534,ch SUI,DF,es La Liga,28-041,1998.0,9.3,2,0,0,3,6,1,1,15,10,0,0.2150537634408602,0.0,0.1075268817204301,1.6129032258064515,1.075268817204301,0.3225806451612903,0.6451612903225806,False,1,0.501317771067977,-0.7621682875409468,-0.7005985189763166,-0.45179530742293517,-0.7461037150801746,1.5100198208451956,0.21927826703930325,-1.7154326635092245,-0.678515276798159,-1.4450990519405693,-1.3834156378559368
Santi Comesaña,es ESP,MF,Villarreal,es La Liga,29.0,1996.0,26,21,1801,20.0,3,4,7,3,0,0,4,1,0.35,535,es ESP,MF,es La Liga,29-163,1996.0,20.0,3,22,7,31.8,1.1,0.35,0.14,0.43,0,0,676,es ESP,MF,es La Liga,29-163,1996.0,26,1801,69,71.5,20.0,21,80.0,10,5,26.0,1,2.0,42,20,22,1.1,1.6,535,es ESP,MF,es La Liga,29-163,1996.0,20.0,4,1,0,31,19,1,11,23,19,0,0.15,0.2,0.55,1.15,0.95,1.55,0.95,False,1,0.12747659151085125,1.0680001408333468,-0.0986218099253626,-0.12724488222569214,-0.48810875865306175,0.5688320346864095,-0.038607279969895734,0.5057170194942646,-0.23673690108801285,-0.04908455367832784,0.24456824207186528
Pietro Comuzzo,it ITA,DF,Fiorentina,it Serie A,21.0,2005.0,21,16,1428,15.9,1,0,1,1,0,0,2,0,0.06,536,it ITA,DF,it Serie A,21-025,2005.0,15.9,1,9,2,22.2,0.5660377358490566,0.12578616352201258,0.11,0.5,0,0,678,it ITA,DF,it Serie A,21-025,2005.0,21,1428,68,54.7,15.9,16,83.0,10,5,19.0,8,0.86,18,26,-8,-0.5,-0.43,536,it ITA,DF,it Serie A,21-025,2005.0,15.9,2,0,0,20,3,0,1,19,14,0,0.06289308176100629,0.0,0.06289308176100629,1.1949685534591195,0.8805031446540881,1.2578616352201257,0.18867924528301885,False,1,-0.3730963398562218,-0.7621682875409468,-0.6701945580588472,-0.6664870116803009,-0.7721285622403409,0.660263355354389,-0.18167747857383296,-0.02293933073026201,-1.3400582173644158,-1.5679034438966883,-1.1995338059316867
Copete,es ESP,DF,Valencia,es La Liga,26.0,1999.0,21,19,1759,19.5,0,0,0,0,0,0,5,0,0.0,541,es ESP,DF,es La Liga,26-158,1999.0,19.5,0,13,0,0.0,0.6666666666666666,0.0,0.0,,0,0,686,es ESP,DF,es La Liga,26-158,1999.0,21,1759,84,69.8,19.5,19,88.0,15,2,47.0,3,0.9,17,32,-15,-0.77,-1.12,541,es ESP,DF,es La Liga,26-158,1999.0,19.5,5,0,0,20,11,2,4,25,15,1,0.0,0.0,0.20512820512820512,1.2820512820512822,0.7692307692307693,1.0256410256410255,0.5641025641025641,False,1,-0.7345208390382241,-0.7621682875409468,-0.5624776679512412,-0.9690071404065893,-0.6891948360103562,0.8373223948405245,-0.41074915054672256,-0.44316794397489684,-0.795987209560591,-1.728082994415611,-1.1006090999786642
Diego Coppola,it ITA,DF,Paris FC,fr Ligue 1,22.0,2003.0,5,5,450,5.0,0,0,0,0,0,0,1,0,0.0,542,it ITA,DF,fr Ligue 1,22-079,2003.0,5.0,0,1,0,0.0,0.2,0.0,0.0,,0,0,687,it ITA,DF,fr Ligue 1,22-079,2003.0,5,450,90,19.2,5.0,5,90.0,5,0,,2,1.2,3,7,-4,-0.8,-0.42,542,it ITA,DF,fr Ligue 1,22-079,2003.0,5.0,1,0,0,4,3,0,0,2,3,0,0.0,0.0,0.0,0.4,0.6,0.8,0.6,False,1,-0.7345208390382241,-0.7621682875409468,-1.0620147458252642,-0.9690071404065893,-0.8087999377842117,-0.9560889428879302,-0.7591372847037522,-0.8514900798442667,-0.743963925051514,-1.2591510146570544,-1.6023414332541688
Francesco Coppola,it ITA,DF,Pisa,it Serie A,20.0,2005.0,6,5,451,5.0,0,0,0,0,0,0,3,0,0.0,544,it ITA,DF,it Serie A,20-340,2005.0,5.0,0,2,0,0.0,0.4,0.0,0.0,,0,0,689,it ITA,DF,it Serie A,20-340,2005.0,6,451,75,17.3,5.0,5,90.0,5,1,1.0,14,0.33,3,15,-12,-2.39,-1.81,544,it ITA,DF,it Serie A,20-340,2005.0,5.0,3,0,0,7,8,0,2,5,5,0,0.0,0.0,0.4,1.0,1.0,1.4,1.6,False,1,-0.7345208390382241,-0.7621682875409468,-0.8479274267363971,-0.9690071404065893,-0.5755699893251935,0.2638478391715417,0.06432557784922671,0.23427559962655814,0.7052561434156324,-1.3972458389518223,-0.04957089428542625
Félix Correia,pt POR,MF,Lille,fr Ligue 1,25.0,2001.0,26,18,1493,16.6,3,5,8,3,0,0,2,0,0.48,549,pt POR,MF,fr Ligue 1,25-054,2001.0,16.6,3,25,5,20.0,1.506024096385542,0.3012048192771084,0.12,0.6,0,0,695,pt POR,MF,fr Ligue 1,25-054,2001.0,26,1493,57,63.8,16.6,18,75.0,2,8,18.0,0,1.69,27,19,8,0.48,0.59,549,pt POR,MF,fr Ligue 1,25-054,2001.0,16.6,2,0,0,9,20,3,69,18,7,0,0.18072289156626503,0.3012048192771084,4.156626506024096,1.0843373493975903,0.4216867469879518,0.5421686746987951,1.2048192771084336,False,3,0.30403028210524,1.9941094660347962,0.33600124147793936,-0.24459900083610983,1.6148245266242587,0.4353248968907445,-1.1262231390948392,-1.3180640866851436,0.13255230912982008,0.8918256477686413,0.7571249259704947
Samu Costa,pt POR,MF,Mallorca,es La Liga,25.0,2000.0,25,22,1956,21.7,5,0,5,5,0,0,9,0,0.23,555,pt POR,MF,es La Liga,25-110,2000.0,21.7,5,22,10,45.5,1.0138248847926268,0.4608294930875576,0.23,0.5,0,0,704,pt POR,MF,es La Liga,25-110,2000.0,25,1956,78,77.6,21.7,22,85.0,12,3,31.0,0,0.96,22,34,-12,-0.55,-0.55,555,pt POR,MF,es La Liga,25-110,2000.0,21.7,9,0,0,48,52,4,22,19,22,0,0.2304147465437788,0.0,1.0138248847926268,0.8755760368663594,1.0138248847926268,2.2119815668202767,2.3963133640553,False,0,0.5895919575041344,-0.7621682875409468,-0.19086680685996663,0.1393039302726697,-0.21766412371757593,0.010865557177641962,0.0927862758637307,1.7036451289872299,1.8592894513931573,0.5244048583862404,0.8007315060731363
David Costas,es ESP,DF,Oviedo,es La Liga,30.0,1995.0,18,17,1520,16.9,1,0,1,1,0,0,2,0,0.06,556,es ESP,DF,es La Liga,30-356,1995.0,16.9,1,2,1,50.0,0.1183431952662722,0.0591715976331361,0.5,1.0,0,0,705,es ESP,DF,es La Liga,30-356,1995.0,18,1520,84,60.3,16.9,17,89.0,16,1,3.0,2,1.06,10,23,-13,-0.77,0.4,556,es ESP,DF,es La Liga,30-356,1995.0,16.9,2,0,0,13,9,2,1,21,20,0,0.0591715976331361,0.0,0.0591715976331361,1.2426035502958581,1.183431952662722,0.7692307692307693,0.5325443786982249,False,1,-0.394482404896577,-0.7621682875409468,-1.1494231778792985,-0.8266973757099033,-0.7742984661186764,0.7571161632784291,0.44194907990754556,-0.9071703710991809,-0.8417219651729664,-2.0277322268560005,-0.9828843365885057
Abdoul Coulibaly,de GER,DF,Werder Bremen,de Bundesliga,18.0,2007.0,21,20,1730,19.2,1,0,1,1,0,0,5,1,0.05,559,de GER,DF,de Bundesliga,18-298,2007.0,19.2,1,6,1,16.7,0.3125,0.052083333333333336,0.17,1.0,0,0,708,de GER,DF,de Bundesliga,18-298,2007.0,21,1730,82,73.9,19.2,20,86.0,16,1,13.0,1,0.86,18,35,-17,-0.88,-0.74,559,de GER,DF,de Bundesliga,18-298,2007.0,19.2,5,1,1,16,6,1,11,21,12,1,0.052083333333333336,0.0,0.5729166666666667,1.09375,0.625,0.8333333333333334,0.3125,False,1,-0.43521617565312837,-0.7621682875409468,-0.9415906288377764,-0.8437448996058605,-0.47474662618926383,0.4544629613683342,-0.707670855794191,-0.7911697643181098,-1.1606146947358185,-1.5869748180081402,-1.4771601793097533
Lassana Coulibaly,ml MLI,MF,Lecce,it Serie A,29.0,1996.0,25,24,2036,22.6,3,1,4,3,0,0,3,0,0.18,561,ml MLI,MF,it Serie A,29-341,1996.0,22.6,3,20,7,35.0,0.8849557522123893,0.30973451327433627,0.15,0.43,0,0,710,ml MLI,MF,it Serie A,29-341,1996.0,25,2036,81,78.0,22.6,24,84.0,14,1,13.0,1,1.04,16,26,-10,-0.44,0.81,561,ml MLI,MF,it Serie A,29-341,1996.0,22.6,3,0,0,20,36,1,11,7,24,0,0.1327433628318584,0.04424778761061947,0.48672566371681414,0.30973451327433627,1.0619469026548671,0.8849557522123893,1.5929203539823007,False,0,0.028308745518479696,-0.35726376798911197,-0.32881304239702064,-0.22408478803411394,-0.5250024341283268,-1.1396192552331608,0.19185301231539575,-0.6977533464678669,0.6949961783291388,0.08426796961184972,-0.3858596234377314
Mamadou Coulibaly,fr FRA,MF,Monaco,fr Ligue 1,21.0,2004.0,18,13,1100,12.2,3,3,6,3,0,0,5,1,0.49,563,fr FRA,MF,fr Ligue 1,21-330,2004.0,12.2,3,7,4,57.1,0.5737704918032788,0.3278688524590164,0.43,0.75,0,0,712,fr FRA,MF,fr Ligue 1,21-330,2004.0,18,1100,61,47.0,12.2,13,77.0,5,5,20.0,3,1.67,21,24,-3,-0.25,-1.04,563,fr FRA,MF,fr Ligue 1,21-330,2004.0,12.2,5,1,0,26,12,2,8,17,17,0,0.24590163934426232,0.24590163934426232,0.6557377049180328,1.3934426229508197,1.3934426229508197,2.1311475409836067,0.9836065573770493,False,4,0.6785897028455061,1.4880387965258077,-0.6619171331018077,-0.1804710671692148,-0.42645575998254265,1.0638063847843102,0.8742890492128125,1.557367110675706,-0.18803360370510036,-0.33294915659721996,1.2055236282453936
Soumaïla Coulibaly,fr FRA,DF,Brest,fr Ligue 1,22.0,2003.0,12,12,1063,11.8,0,0,0,0,0,0,3,0,0.0,564,fr FRA,DF,fr Ligue 1,22-154,2003.0,11.8,0,6,2,33.3,0.5084745762711864,0.1694915254237288,0.0,0.0,0,0,714,fr FRA,DF,fr Ligue 1,22-154,2003.0,12,1063,89,45.4,11.8,12,89.0,11,0,,4,1.0,13,21,-8,-0.68,-1.1,564,fr FRA,DF,fr Ligue 1,22-154,2003.0,11.8,3,0,0,19,14,1,1,11,9,1,0.0,0.0,0.0847457627118644,0.9322033898305084,0.7627118644067796,1.6101694915254237,1.1864406779661016,False,1,-0.7345208390382241,-0.7621682875409468,-0.7318122706204014,-0.5613740855974381,-0.7593868131106909,0.126001875097025,-0.4241693406144049,0.6146003009101241,0.1059176744224395,-1.091436175099933,-0.5324585905229607
Woyo Coulibaly,ml MLI,DF,Sassuolo,it Serie A,26.0,1999.0,13,5,586,6.5,0,0,0,0,0,0,2,0,0.0,565,ml MLI,DF,it Serie A,26-301,1999.0,6.5,0,3,1,33.3,0.46153846153846156,0.15384615384615385,0.0,0.0,0,0,715,ml MLI,DF,it Serie A,26-301,1999.0,13,586,45,22.5,6.5,5,74.0,2,8,27.0,9,1.69,11,8,3,0.46,0.77,565,ml MLI,DF,it Serie A,26-301,1999.0,6.5,2,0,0,9,11,0,5,6,5,0,0.0,0.0,0.7692307692307693,0.9230769230769231,0.7692307692307693,1.3846153846153846,1.6923076923076923,False,1,-0.7345208390382241,-0.7621682875409468,-0.7820544054782842,-0.5990017521952059,-0.3602808061322538,0.10744568762545567,-0.41074915054672256,0.20643545399910118,0.8390303035818303,-0.9582019129512127,-0.15708793529647058
Yan Couto,br BRA,MF,Dortmund,de Bundesliga,23.0,2002.0,17,11,987,11.0,1,2,3,1,0,0,4,0,0.27,568,br BRA,MF,de Bundesliga,23-287,2002.0,11.0,1,8,3,37.5,0.7272727272727273,0.2727272727272727,0.13,0.33,0,0,718,br BRA,MF,de Bundesliga,23-287,2002.0,17,987,58,42.2,11.0,11,80.0,5,6,17.0,8,2.35,24,13,11,1.0,-0.19,568,br BRA,MF,de Bundesliga,23-287,2002.0,11.0,4,0,0,14,13,2,54,9,15,0,0.09090909090909091,0.18181818181818182,4.909090909090909,0.8181818181818182,1.3636363636363635,1.2727272727272727,1.1818181818181819,False,3,-0.21209815385696626,0.9016211927993201,-0.4976027227727966,-0.3130884976682279,2.0535676114855557,-0.10582997357375272,0.8129281801701164,0.003961667617595358,0.0992186602384621,-0.2451240509428792,1.9695314992681685
Nicolas Cozza,fr FRA,DF,Nantes,fr Ligue 1,27.0,1999.0,21,17,1581,17.6,0,0,0,0,0,0,1,0,0.0,570,fr FRA,DF,fr Ligue 1,27-068,1999.0,17.6,0,3,0,0.0,0.17045454545454544,0.0,0.0,,0,0,720,fr FRA,DF,fr Ligue 1,27-068,1999.0,21,1581,75,70.3,17.6,17,88.0,12,4,23.0,4,0.71,12,26,-14,-0.8,0.01,570,fr FRA,DF,fr Ligue 1,27-068,1999.0,17.6,1,0,0,13,17,0,17,12,13,0,0.0,0.0,0.9659090909090908,0.6818181818181818,0.7386363636363635,0.7386363636363635,0.9659090909090908,False,1,-0.7345208390382241,-0.7621682875409468,-1.0936412815997558,-0.9690071404065893,-0.245602619062151,-0.38308833313272384,-0.4737325425689131,-0.9625342970628741,-0.21368112727149013,-1.3950939026909746,-0.9387605015741535
Charlie Cresswell,eng ENG,DF,Toulouse,fr Ligue 1,23.0,2002.0,24,24,2160,24.0,3,2,5,3,0,0,6,0,0.21,572,eng ENG,DF,fr Ligue 1,23-212,2002.0,24.0,3,31,9,29.0,1.2916666666666667,0.375,0.1,0.33,0,0,722,eng ENG,DF,fr Ligue 1,23-212,2002.0,24,2160,90,92.3,24.0,24,90.0,24,0,,0,1.29,33,28,5,0.21,0.21,572,eng ENG,DF,fr Ligue 1,23-212,2002.0,24.0,6,0,0,28,14,4,1,25,12,0,0.125,0.08333333333333333,0.041666666666666664,1.0416666666666667,0.5,1.1666666666666667,0.5833333333333334,False,1,-0.016189646913994604,0.00040189094834210825,0.10654520420146824,-0.0671190066413423,-0.7845051514863972,0.34856567125900517,-0.9650030003419969,-0.18796660905654022,-0.7681175928592997,-0.11476046972110017,-1.228587051544744
Bryan Cristante,it ITA,MF,Roma,it Serie A,31.0,1995.0,28,27,2316,25.7,2,1,3,2,0,0,6,0,0.12,573,it ITA,MF,it Serie A,31-014,1995.0,25.7,2,35,8,22.9,1.3618677042801557,0.311284046692607,0.06,0.25,0,0,723,it ITA,MF,it Serie A,31-014,1995.0,28,2316,83,88.7,25.7,27,84.0,19,1,45.0,0,1.71,37,19,18,0.7,1.31,573,it ITA,MF,it Serie A,31-014,1995.0,25.7,6,0,0,50,6,0,14,18,29,0,0.07782101167315175,0.038910505836575876,0.5447470817120623,0.7003891050583658,1.1284046692607004,1.9455252918287937,0.23346303501945526,False,4,-0.28731075833831465,-0.40610439097007256,0.18169096390111103,-0.22035810589328436,-0.49117160330694964,-0.3453294125702178,0.32866676913568876,1.221463331544909,-1.275156650536359,-0.4619687802241345,-0.3228694234549505
Juan Cruz Armada,es ESP,DF,Osasuna,es La Liga,33.0,1992.0,14,7,604,6.7,0,0,0,0,0,0,0,0,0.0,574,es ESP,DF,es La Liga,33-232,1992.0,6.7,0,1,0,0.0,0.14925373134328357,0.0,0.0,,0,0,725,es ESP,DF,es La Liga,33-232,1992.0,14,604,43,24.0,6.7,7,74.0,2,7,12.0,11,1.29,10,7,3,0.45,0.68,574,es ESP,DF,es La Liga,33-232,1992.0,6.7,0,0,0,4,2,0,5,3,3,0,0.0,0.0,0.7462686567164178,0.44776119402985076,0.44776119402985076,0.5970149253731343,0.29850746268656714,False,1,-0.7345208390382241,-0.7621682875409468,-1.1163354088776631,-0.9690071404065893,-0.37366943692783466,-0.8589795473011066,-1.0725447920933187,-1.2188137923020586,-1.1808929606192207,-1.3229722639008719,-1.79964056022672
Pau Cubarsí,es ESP,DF,Barcelona,es La Liga,19.0,2007.0,23,23,2012,22.4,1,0,1,1,0,0,2,0,0.04,576,es ESP,DF,es La Liga,19-054,2007.0,22.4,1,10,2,20.0,0.44642857142857145,0.08928571428571429,0.1,0.5,0,0,727,es ESP,DF,es La Liga,19-054,2007.0,23,2012,87,79.8,22.4,23,87.0,18,0,,5,2.48,62,25,37,1.66,-0.47,576,es ESP,DF,es La Liga,19-054,2007.0,22.4,2,0,0,20,6,0,0,22,21,0,0.044642857142857144,0.0,0.0,0.9821428571428572,0.9375000000000001,0.8928571428571429,0.26785714285714285,False,1,-0.47797398470814206,-0.7621682875409468,-0.798228584805053,-0.7542718704624828,-0.8087999377842117,0.22754019684834328,-0.064340494424676,-0.683454915164258,-1.225312019220959,-1.6121846186409796,-1.3508989574692079
Cucho,co COL,FW,Real Betis,es La Liga,26.0,1999.0,23,22,1912,21.2,8,3,11,7,1,1,3,0,0.47,577,co COL,FW,es La Liga,26-331,1999.0,21.2,8,67,17,25.4,3.160377358490566,0.8018867924528302,0.1,0.41,1,1,728,co COL,FW,es La Liga,26-331,1999.0,23,1912,83,75.9,21.2,22,85.0,10,1,45.0,0,1.39,33,29,4,0.19,-0.4,577,co COL,FW,es La Liga,26-331,1999.0,21.2,3,0,0,19,26,12,16,9,13,0,0.37735849056603776,0.14150943396226415,0.7547169811320755,0.42452830188679247,0.6132075471698113,0.8962264150943396,1.2264150943396226,False,2,1.4340261560537895,0.5327622042333174,2.1068815150278706,0.9595586802234987,-0.36874343125776243,-0.9062173134326688,-0.7319474732043614,-0.6773578482310213,0.16384940085620775,2.756742047108888,-0.8407902453364983
Patrick Cutrone,it ITA,FW,Parma,it Serie A,28.0,1998.0,15,11,888,9.9,1,0,1,1,0,0,0,0,0.1,585,it ITA,FW,it Serie A,28-073,1998.0,9.9,1,25,7,28.0,2.525252525252525,0.7070707070707071,0.04,0.14,0,0,739,it ITA,FW,it Serie A,28-073,1998.0,15,888,59,34.0,9.9,11,76.0,1,4,14.0,5,0.8,6,11,-5,-0.51,0.02,585,it ITA,FW,it Serie A,28-073,1998.0,9.9,0,0,0,7,16,8,12,3,1,0,0.10101010101010101,0.0,1.2121212121212122,0.30303030303030304,0.10101010101010101,0.7070707070707071,1.6161616161616161,False,0,-0.15405118883682653,-0.7621682875409468,1.4270206508543912,0.7315226741002737,-0.10204251821142958,-1.1532504430187538,-1.7863864112218621,-1.0196558079777953,0.7286778818959093,1.7676754995923907,-1.3821906142504174
Lucas Da Cunha,fr FRA,MF,Como,it Serie A,24.0,2001.0,27,23,2030,22.6,3,3,6,1,2,2,4,0,0.18,586,fr FRA,MF,it Serie A,24-281,2001.0,22.6,3,29,10,34.5,1.2831858407079646,0.44247787610619466,0.03,0.1,2,2,740,fr FRA,MF,it Serie A,24-281,2001.0,27,2030,75,77.8,22.6,23,82.0,13,4,34.0,2,1.85,39,18,21,0.93,0.16,586,fr FRA,MF,it Serie A,24-281,2001.0,22.6,4,0,0,28,16,0,63,13,22,0,0.1327433628318584,0.1327433628318584,2.787610619469026,0.5752212389380531,0.9734513274336283,1.238938053097345,0.7079646017699115,False,3,0.028308745518479696,0.4525452711145576,0.09746701773567917,0.09516764869694691,0.8165857649722195,-0.5998242189236597,0.00967096307801122,-0.0571836240662002,-0.5874994574824947,0.3666546066067326,0.33332727203584395
Adam Daghim,dk DEN,MF,Wolfsburg,de Bundesliga,20.0,2005.0,20,9,1060,11.8,2,2,4,2,0,0,1,0,0.34,587,dk DEN,MF,de Bundesliga,20-170,2005.0,11.8,2,18,5,27.8,1.5254237288135593,0.423728813559322,0.11,0.4,0,0,743,dk DEN,MF,de Bundesliga,20-170,2005.0,20,1060,53,45.3,11.8,9,84.0,5,11,28.0,0,0.5,13,29,-16,-1.36,-1.01,587,dk DEN,MF,de Bundesliga,20-170,2005.0,11.8,1,0,0,14,20,2,15,8,17,0,0.1694915254237288,0.1694915254237288,1.271186440677966,0.6779661016949152,1.4406779661016949,1.1864406779661016,1.694915254237288,False,0,0.239487557062426,0.78882190599659,0.3567673179670577,0.05007549661628863,-0.0676030676814,-0.39092049018241226,0.9715304264245423,-0.15218337103254903,0.8428092346599715,0.5653560427159694,0.9614249512684365
Thijs Dallinga,nl NED,FW,Bologna,it Serie A,25.0,2000.0,20,9,770,8.6,2,2,4,2,0,0,2,0,0.47,592,nl NED,FW,it Serie A,25-226,2000.0,8.6,2,24,5,20.8,2.7906976744186047,0.5813953488372093,0.08,0.4,0,0,748,nl NED,FW,it Serie A,25-226,2000.0,20,770,39,29.5,8.6,9,65.0,1,11,17.0,9,1.45,13,9,4,0.47,0.47,592,nl NED,FW,it Serie A,25-226,2000.0,8.6,2,0,0,19,9,4,5,1,4,0,0.23255813953488372,0.23255813953488372,0.5813953488372093,0.11627906976744186,0.46511627906976744,2.2093023255813953,1.0465116279069768,False,0,0.6019092858440632,1.365934536150092,1.7111628526049432,0.4292690359736387,-0.46980291967517374,-1.5329582739393086,-1.0368166220762682,1.6987967486802293,-0.09687031308478809,2.514226532154412,0.08770224308253172
Kévin Danois,fr FRA,MF,Auxerre,fr Ligue 1,21.0,2004.0,25,24,2114,23.5,2,1,3,2,0,0,3,0,0.13,597,fr FRA,MF,fr Ligue 1,21-262,2004.0,23.5,2,21,6,28.6,0.8936170212765957,0.2553191489361702,0.1,0.33,0,0,753,fr FRA,MF,fr Ligue 1,21-262,2004.0,25,2114,85,90.3,23.5,24,87.0,15,1,22.0,1,0.76,18,31,-13,-0.55,1.04,597,fr FRA,MF,fr Ligue 1,21-262,2004.0,23.5,3,0,0,23,18,1,98,30,28,0,0.0851063829787234,0.0425531914893617,4.170212765957447,1.2765957446808511,1.1914893617021276,0.9787234042553191,0.7659574468085106,False,3,-0.24544428269832316,-0.3727707495889695,-0.3195417030277042,-0.35495564507705946,1.6227463333842747,0.8262300436670431,0.4585365226884186,-0.5280705157465743,-0.5034550626250514,-0.9555562312119239,0.7252185455279098
Dante,br BRA,DF,Nice,fr Ligue 1,42.0,1983.0,9,7,644,7.2,0,0,0,0,0,0,1,0,0.0,599,br BRA,DF,fr Ligue 1,42-150,1983.0,7.2,0,4,1,25.0,0.5555555555555556,0.1388888888888889,0.0,0.0,0,0,755,br BRA,DF,fr Ligue 1,42-150,1983.0,9,644,72,27.5,7.2,7,80.0,3,2,42.0,1,1.67,11,11,0,0.0,0.85,599,br BRA,DF,fr Ligue 1,42-150,1983.0,7.2,1,0,0,6,2,1,0,10,4,0,0.0,0.0,0.0,1.3888888888888888,0.5555555555555556,0.8333333333333333,0.2777777777777778,False,1,-0.7345208390382241,-0.7621682875409468,-0.6814150674450561,-0.6349744982713126,-0.8087999377842117,1.0545476053211993,-0.8506331583207498,-0.79116976431811,-1.2109348360020389,-1.7109156520612105,-1.6659750716640784
Sergi Darder,es ESP,MF,Mallorca,es La Liga,32.0,1993.0,28,21,1891,21.0,1,4,5,1,0,0,3,0,0.24,602,es ESP,MF,es La Liga,32-085,1993.0,21.0,1,28,8,28.6,1.3333333333333333,0.38095238095238093,0.04,0.13,0,0,758,es ESP,MF,es La Liga,32-085,1993.0,28,1891,68,75.0,21.0,21,81.0,7,7,27.0,0,1.0,24,32,-8,-0.38,0.19,602,es ESP,MF,es La Liga,32-085,1993.0,21.0,3,0,0,15,21,2,129,15,8,0,0.047619047619047616,0.19047619047619047,6.142857142857143,0.7142857142857143,0.38095238095238093,0.7142857142857143,1.0,False,3,-0.4608708610861367,0.9808492632917136,0.1511467290116487,-0.052803321978401915,2.7729456992649943,-0.31707443799963536,-1.2100812332446693,-1.0065994626258132,-0.16427589766465547,0.6451604713299615,0.9876858137270539
Jonathan David,ca CAN,FW,Juventus,it Serie A,26.0,2000.0,28,16,1420,15.8,5,4,9,5,0,1,0,0,0.57,607,ca CAN,FW,it Serie A,26-062,2000.0,15.8,5,35,15,42.9,2.2151898734177213,0.9493670886075949,0.14,0.33,0,1,764,ca CAN,FW,it Serie A,26-062,2000.0,28,1420,51,54.4,15.8,16,73.0,4,12,20.0,1,1.86,27,12,15,0.95,0.35,607,ca CAN,FW,it Serie A,26-062,2000.0,15.8,0,0,0,22,20,7,8,6,7,0,0.3164556962025316,0.2531645569620253,0.5063291139240506,0.37974683544303794,0.4430379746835443,1.3924050632911391,1.2658227848101264,False,0,1.084039141023116,1.5545006091353737,1.0951182414499017,1.3142539577332766,-0.5135721549246951,-0.9972682435481657,-1.0822682814017566,0.22053173026616787,0.22095981673800344,2.708560825674141,-0.3580958770533631
Keinan Davis,eng ENG,FW,Udinese,it Serie A,28.0,1998.0,25,23,1725,19.2,9,3,12,5,4,4,4,0,0.42,611,eng ENG,FW,it Serie A,28-032,1998.0,19.2,9,42,19,45.2,2.1875,0.9895833333333334,0.12,0.26,4,4,768,eng ENG,FW,it Serie A,28-032,1998.0,25,1725,69,66.1,19.2,23,73.0,8,2,18.0,0,1.32,25,26,-1,-0.05,0.76,611,eng ENG,FW,it Serie A,28-032,1998.0,19.2,4,0,0,36,45,9,3,0,4,0,0.46875,0.15625,0.15625,0.0,0.20833333333333334,1.875,2.34375,False,2,1.9592211314276364,0.66765079712647,1.0654779876203515,1.410975434807257,-0.7176944891674077,-1.7693801309275783,-1.565444670953544,1.0938400958742949,1.7831135693380722,3.703746366453923,-0.37357035136438904
Kevin De Bruyne,be BEL,MF,Napoli,it Serie A,34.0,1991.0,10,7,623,6.9,4,0,4,1,3,3,1,0,0.14,612,be BEL,MF,it Serie A,34-262,1991.0,6.9,4,18,7,38.9,2.608695652173913,1.0144927536231882,0.06,0.14,3,3,770,be BEL,MF,it Serie A,34-262,1991.0,10,623,62,23.9,6.9,7,75.0,3,3,33.0,0,2.4,13,6,7,1.01,0.65,612,be BEL,MF,it Serie A,34-262,1991.0,6.9,1,0,0,6,4,1,29,5,3,0,0.5797101449275363,0.0,4.202898550724638,0.7246376811594203,0.43478260869565216,0.8695652173913043,0.5797101449275363,False,2,2.5968701969002317,-0.7621682875409468,1.5163412275493513,1.4708834630163008,1.6418045931257608,-0.29602652940647683,-1.0992632496712869,-0.7256042039635915,-0.7733683902088183,2.755894515524986,-0.9870881997511456
Thibault De Smet,be BEL,DF,Paris FC,fr Ligue 1,27.0,1998.0,16,12,1057,11.7,0,1,1,0,0,0,6,2,0.09,620,be BEL,DF,fr Ligue 1,27-285,1998.0,11.7,0,4,0,0.0,0.3418803418803419,0.0,0.0,,0,0,781,be BEL,DF,fr Ligue 1,27-285,1998.0,16,1057,66,45.2,11.7,12,82.0,5,4,20.0,3,1.06,18,21,-3,-0.26,0.38,620,be BEL,DF,fr Ligue 1,27-285,1998.0,11.7,6,2,2,11,13,1,24,10,11,0,0.0,0.08547008547008547,2.0512820512820515,0.8547008547008548,0.9401709401709403,0.9401709401709403,1.1111111111111112,False,1,-0.7345208390382241,0.019954972448067525,-0.9101408357023927,-0.9690071404065893,0.3872510799543427,-0.03157844708217642,-0.058841944327500686,-0.5978354196829913,-0.003251445612750275,-1.223705906881619,0.1587738887844793
Koni De Winter,be BEL,DF,Milan,it Serie A,23.0,2002.0,21,15,1458,16.2,1,1,2,1,0,0,1,0,0.12,621,be BEL,DF,it Serie A,23-278,2002.0,16.2,1,7,1,14.3,0.4320987654320988,0.0617283950617284,0.14,1.0,0,0,782,be BEL,DF,it Serie A,23-278,2002.0,21,1458,69,55.9,16.2,15,90.0,14,6,19.0,8,2.14,23,11,12,0.74,-0.12,621,be BEL,DF,it Serie A,23-278,2002.0,16.2,1,0,0,24,8,1,4,11,15,0,0.0617283950617284,0.0617283950617284,0.2469135802469136,0.6790123456790124,0.9259259259259259,1.4814814814814816,0.4938271604938272,False,1,-0.37978938613737,-0.197301488659992,-0.813567733549295,-0.8205481883464664,-0.6648308337971635,-0.38879323765039797,-0.08816754484576936,0.3817252598016089,-0.8978317347900011,-1.0912207646271597,-0.6373262255691814
Enrico Del Prato,it ITA,DF,Parma,it Serie A,26.0,1999.0,28,27,2348,26.1,1,0,1,1,0,0,5,0,0.04,624,it ITA,DF,it Serie A,26-127,1999.0,26.1,1,15,7,46.7,0.5747126436781609,0.2681992337164751,0.07,0.14,0,0,785,it ITA,DF,it Serie A,26-127,1999.0,28,2348,84,90.0,26.1,27,86.0,24,1,21.0,1,1.11,19,34,-15,-0.57,-0.57,624,it ITA,DF,it Serie A,26-127,1999.0,26.1,5,0,0,16,10,4,11,22,16,0,0.038314176245210725,0.0,0.421455938697318,0.842911877394636,0.6130268199233716,0.6130268199233716,0.38314176245210724,False,1,-0.5143426958583837,-0.7621682875409468,-0.6609086192564674,-0.3239785900763999,-0.5630595706339052,-0.05554812548004417,-0.7323195286435977,-1.1898385163588026,-1.0582392349183358,-1.0484429434088598,-1.6891117951572245
Fisayo Dele-Bashiru,ng NGA,MF,Lazio,it Serie A,25.0,2001.0,15,7,677,7.5,0,0,0,0,0,0,0,0,0.0,627,ng NGA,MF,it Serie A,25-039,2001.0,7.5,0,5,0,0.0,0.6666666666666666,0.0,0.0,,0,0,788,ng NGA,MF,it Serie A,25-039,2001.0,15,677,45,25.9,7.5,7,68.0,3,8,25.0,1,1.2,9,8,1,0.13,0.13,627,ng NGA,MF,it Serie A,25-039,2001.0,7.5,0,0,0,3,2,2,7,2,8,0,0.0,0.0,0.9333333333333333,0.26666666666666666,1.0666666666666667,0.4,0.26666666666666666,False,1,-0.7345208390382241,-0.7621682875409468,-0.5624776679512412,-0.9690071404065893,-0.2645967247131695,-1.2271860055678128,0.20156938827472318,-1.5753338661581502,-1.2270372812072294,-1.270061342511225,-1.2716457324006376
Pape Demba Diop,sn SEN,MF,Toulouse,fr Ligue 1,22.0,2003.0,9,9,778,8.6,1,2,3,1,0,0,2,0,0.35,629,sn SEN,MF,fr Ligue 1,22-194,2003.0,8.6,1,21,10,47.6,2.441860465116279,1.1627906976744187,0.05,0.1,0,0,793,sn SEN,MF,fr Ligue 1,22-194,2003.0,9,778,86,33.2,8.6,9,86.0,4,0,,0,1.22,12,9,3,0.35,0.23,629,sn SEN,MF,fr Ligue 1,22-194,2003.0,8.6,2,0,0,11,12,0,13,18,14,0,0.11627906976744186,0.23255813953488372,1.5116279069767442,2.0930232558139537,1.627906976744186,1.2790697674418605,1.3953488372093024,False,4,-0.06630577659708038,1.365934536150092,1.3377547379150587,1.8275452123538667,0.07259230929928691,2.4862132948612774,1.3569707690661121,0.015439106089802942,0.4086715712642163,0.7114892716542207,1.5150832962056002
Ousmane Dembélé,fr FRA,FW,Paris Saint-Germain,fr Ligue 1,28.0,1997.0,15,7,719,8.0,8,4,12,6,2,3,0,0,1.25,631,fr FRA,FW,fr Ligue 1,28-306,1997.0,8.0,8,30,13,43.3,3.75,1.625,0.2,0.46,2,3,795,fr FRA,FW,fr Ligue 1,28-306,1997.0,15,719,48,32.0,8.0,7,71.0,0,8,27.0,0,2.27,26,7,19,2.38,1.61,631,fr FRA,FW,fr Ligue 1,28-306,1997.0,8.0,0,0,0,2,2,4,41,0,2,0,1.0,0.5,5.125,0.0,0.25,0.25,0.25,False,2,5.012128697955612,3.813252783394787,2.7380351680021247,2.939174772576148,2.1794587768469573,-1.7693801309275783,-1.4796672894376086,-1.8467752860258566,-1.251190949015015,6.788175253032594,-0.19234107382745597
Jessy Deminguet,fr FRA,MF,Metz,fr Ligue 1,28.0,1998.0,24,18,1425,15.8,1,0,1,1,0,0,4,0,0.06,632,fr FRA,MF,fr Ligue 1,28-069,1998.0,15.8,1,11,4,36.4,0.6962025316455696,0.2531645569620253,0.09,0.25,0,0,796,fr FRA,MF,fr Ligue 1,28-069,1998.0,24,1425,59,60.9,15.8,18,72.0,0,6,22.0,0,0.54,12,34,-22,-1.39,-0.11,632,fr FRA,MF,fr Ligue 1,28-069,1998.0,15.8,4,0,0,20,21,0,15,15,15,0,0.06329113924050632,0.0,0.9493670886075949,0.9493670886075949,0.9493670886075949,1.2658227848101264,1.3291139240506329,False,1,-0.370808843025956,-0.7621682875409468,-0.5308613971997208,-0.36013751423595847,-0.25524784492261815,0.16089958752095326,-0.0399102275372264,-0.008532759073668666,0.3126826058814939,-0.7908460352697531,-0.25859727270536875
Ermedin Demirović,ba BIH,FW,Stuttgart,de Bundesliga,27.0,1998.0,17,14,1155,12.8,8,2,10,7,1,1,4,0,0.7,633,ba BIH,FW,de Bundesliga,27-357,1998.0,12.8,8,28,14,50.0,2.1875,1.09375,0.25,0.5,1,1,797,ba BIH,FW,de Bundesliga,27-357,1998.0,17,1155,68,49.4,12.8,14,80.0,7,3,11.0,0,2.12,24,13,11,0.86,0.4,633,ba BIH,FW,de Bundesliga,27-357,1998.0,12.8,4,0,0,26,19,8,1,2,8,0,0.625,0.15625,0.078125,0.15625,0.625,2.03125,1.484375,False,2,2.8571351215829233,0.66765079712647,1.0654779876203515,1.6614999164087145,-0.7632472134758097,-1.4516882605995907,-0.707670855794191,1.3765915749031556,0.5376900729991184,3.63041299985345,-0.5026164175974073
Rav van den Berg,nl NED,DF,Köln,de Bundesliga,21.0,2004.0,12,10,951,10.6,0,1,1,0,0,0,0,1,0.09,634,nl NED,DF,de Bundesliga,21-253,2004.0,10.6,0,1,0,0.0,0.09433962264150944,0.0,0.0,,0,0,798,nl NED,DF,de Bundesliga,21-253,2004.0,12,951,79,40.6,10.6,10,87.0,7,2,42.0,4,0.92,12,16,-4,-0.38,-0.05,634,nl NED,DF,de Bundesliga,21-253,2004.0,10.6,0,1,0,9,1,1,0,11,6,0,0.0,0.09433962264150944,0.0,1.0377358490566038,0.5660377358490566,0.8490566037735849,0.09433962264150944,False,1,-0.7345208390382241,0.10111870697522944,-1.1751174804382505,-0.9690071404065893,-0.8087999377842117,0.340573422948867,-0.8290539428450429,-0.7627167852963377,-1.4767770917481087,-1.7094692983638318,-1.4467849499160537
Branco van den Boomen,nl NED,MF,Angers,fr Ligue 1,30.0,1995.0,7,6,538,6.0,0,1,1,0,0,0,2,0,0.17,636,nl NED,MF,fr Ligue 1,30-239,1995.0,6.0,0,9,2,22.2,1.5,0.3333333333333333,0.0,0.0,0,0,800,nl NED,MF,fr Ligue 1,30-239,1995.0,7,538,77,23.0,6.0,6,85.0,4,1,30.0,0,1.43,3,5,-2,-0.33,0.02,636,nl NED,MF,fr Ligue 1,30-239,1995.0,6.0,2,0,0,11,4,0,34,3,5,0,0.0,0.16666666666666666,5.666666666666667,0.5,0.8333333333333334,1.8333333333333333,0.6666666666666666,False,3,-0.7345208390382241,0.7629720694376311,0.32955282825237125,-0.16732879928192534,2.4952909987185445,-0.7527661458780183,-0.2787839482145144,1.0184397014665985,-0.6473492538203709,0.40702032151707285,1.7093877141483431
Leander Dendoncker,be BEL,MF,Oviedo,es La Liga,30.0,1995.0,19,15,1330,14.8,1,0,1,1,0,0,2,0,0.07,637,be BEL,MF,es La Liga,30-336,1995.0,14.8,1,9,4,44.4,0.6081081081081081,0.27027027027027023,0.11,0.25,0,0,801,be BEL,MF,es La Liga,30-336,1995.0,19,1330,70,52.8,14.8,15,86.0,8,4,11.0,5,0.79,7,25,-18,-1.22,-0.61,637,be BEL,MF,es La Liga,30-336,1995.0,14.8,2,0,0,12,3,1,5,11,25,0,0.06756756756756756,0.0,0.33783783783783783,0.7432432432432432,1.689189189189189,0.8108108108108107,0.2027027027027027,False,1,-0.3462337081602622,-0.7621682875409468,-0.6251608920087923,-0.3189976746298348,-0.611815184018149,-0.2581971801782324,1.483129834274967,-0.8319267342682161,-1.3197351414425154,-1.490942136268207,-0.65693785464878
Nelson Deossa,co COL,MF,Real Betis,es La Liga,26.0,2000.0,16,7,602,6.7,0,0,0,0,0,0,3,0,0.0,639,co COL,MF,es La Liga,26-039,2000.0,6.7,0,16,0,0.0,2.388059701492537,0.0,0.0,,0,0,804,co COL,MF,es La Liga,26-039,2000.0,16,602,38,23.9,6.7,7,64.0,2,9,17.0,5,1.38,12,8,4,0.6,0.41,639,co COL,MF,es La Liga,26-039,2000.0,6.7,3,0,0,15,22,1,5,5,7,0,0.0,0.0,0.7462686567164178,0.7462686567164178,1.044776119402985,2.2388059701492535,3.2835820895522385,False,0,-0.7345208390382241,-0.7621682875409468,1.280164431669355,-0.9690071404065893,-0.37366943692783466,-0.252045824883459,0.1565042564932167,1.7521868231653732,3.1451370945065884,0.4581587448841149,1.5517717447122819
Mouctar Diakhaby,gn GUI,DF,Valencia,es La Liga,29.0,1996.0,8,7,543,6.0,1,0,1,1,0,0,3,0,0.17,650,gn GUI,DF,es La Liga,29-088,1996.0,6.0,1,4,3,75.0,0.6666666666666666,0.5,0.25,0.33,0,0,818,gn GUI,DF,es La Liga,29-088,1996.0,8,543,68,21.5,6.0,7,74.0,5,1,24.0,2,0.88,9,11,-2,-0.33,0.12,650,gn GUI,DF,es La Liga,29-088,1996.0,6.0,3,0,0,7,3,1,0,9,6,0,0.16666666666666666,0.0,0.0,1.5,1.0,1.1666666666666667,0.5,False,1,0.22325408379408182,-0.7621682875409468,-0.5624776679512412,0.2335103712804067,-0.8087999377842117,1.2804618242211017,0.06432557784922671,-0.18796660905654022,-0.8888859318982286,-1.003774762603125,-1.0860975079376929
Habib Diallo,sn SEN,FW,Metz,fr Ligue 1,30.0,1995.0,19,17,1573,17.5,4,1,5,4,0,1,0,0,0.29,653,sn SEN,FW,fr Ligue 1,30-272,1995.0,17.5,4,33,12,36.4,1.8857142857142857,0.6857142857142857,0.12,0.33,0,1,821,sn SEN,FW,fr Ligue 1,30-272,1995.0,19,1573,83,67.2,17.5,17,89.0,13,2,33.0,0,0.63,16,41,-25,-1.43,-0.26,653,sn SEN,FW,fr Ligue 1,30-272,1995.0,17.5,0,0,0,25,26,9,4,2,4,0,0.22857142857142856,0.05714285714285714,0.22857142857142856,0.11428571428571428,0.22857142857142856,1.4285714285714286,1.4857142857142858,False,0,0.5789990551317955,-0.23926302229114868,0.7424355150666146,0.6801597327641481,-0.6755256815219155,-1.5370112200591073,-1.5237813713600898,0.2859787272204072,0.5396309927336728,1.925114120707157,-1.1573224825876893
Junior Diaz,ci CIV,DF,Brest,fr Ligue 1,22.0,2003.0,15,13,1206,13.4,0,0,0,0,0,0,2,0,0.0,666,ci CIV,DF,fr Ligue 1,22-237,2003.0,13.4,0,4,0,0.0,0.29850746268656714,0.0,0.0,,0,0,838,ci CIV,DF,fr Ligue 1,22-237,2003.0,15,1206,80,51.5,13.4,13,90.0,13,2,18.0,11,1.6,18,13,5,0.37,0.93,666,ci CIV,DF,fr Ligue 1,22-237,2003.0,13.4,2,0,0,5,7,0,0,19,12,0,0.0,0.0,0.0,1.417910447761194,0.8955223880597015,0.3731343283582089,0.5223880597014925,False,1,-0.7345208390382241,-0.7621682875409468,-0.9565687528411954,-0.9690071404065893,-0.8087999377842117,1.1135550505562484,-0.15075800565341696,-1.6239502398657992,-0.8564407064847851,-2.181696687059708,-1.4402923171150057
Luis Díaz,co COL,MF,Bayern Munich,de Bundesliga,29.0,1997.0,25,23,2069,23.0,15,11,26,15,0,0,7,1,1.13,667,co COL,MF,de Bundesliga,29-063,1997.0,23.0,15,71,33,46.5,3.0869565217391304,1.434782608695652,0.21,0.45,0,0,839,co COL,MF,de Bundesliga,29-063,1997.0,25,2069,83,88.4,23.0,23,87.0,17,2,39.0,0,2.64,83,21,62,2.7,0.7,667,co COL,MF,de Bundesliga,29-063,1997.0,23.0,7,1,1,28,30,19,38,12,13,0,0.6521739130434783,0.4782608695652174,1.6521739130434783,0.5217391304347826,0.5652173913043478,1.2173913043478262,1.3043478260869565,False,2,3.0132940763925387,3.614321432484538,2.0282891645009897,2.481695284434356,0.15454115367694998,-0.7085655378323853,-0.8307427510127069,-0.09617482456021442,0.2767910796949108,4.994645312297246,0.5215256484986248
Bamba Dieng,sn SEN,FW,Lorient,fr Ligue 1,25.0,2000.0,14,8,685,7.6,7,1,8,6,1,1,2,0,0.92,671,sn SEN,FW,fr Ligue 1,25-359,2000.0,7.6,7,29,16,55.2,3.8157894736842106,2.1052631578947367,0.21,0.38,1,1,843,sn SEN,FW,fr Ligue 1,25-359,2000.0,14,685,49,29.3,7.6,8,71.0,0,6,20.0,5,1.86,13,8,5,0.66,1.09,671,sn SEN,FW,fr Ligue 1,25-359,2000.0,7.6,2,0,0,12,8,5,2,1,2,0,0.9210526315789475,0.13157894736842105,0.2631578947368421,0.13157894736842105,0.2631578947368421,1.5789473684210527,1.0526315789473684,False,2,4.558445839771888,0.44188988902108833,2.808458628228726,4.094224487749183,-0.6553591822190682,-1.5018501348619047,-1.4525796952746817,0.5581004513985588,-0.08800115721901629,6.416876516813322,-1.8236927818982498
Eric Dier,eng ENG,DF,Monaco,fr Ligue 1,32.0,1994.0,8,7,672,7.5,1,0,1,1,0,0,0,0,0.13,672,eng ENG,DF,fr Ligue 1,32-061,1994.0,7.5,1,3,2,66.7,0.4,0.26666666666666666,0.33,0.5,0,0,844,eng ENG,DF,fr Ligue 1,32-061,1994.0,8,672,84,28.7,7.5,7,90.0,7,1,42.0,4,1.38,15,14,1,0.13,-0.24,672,eng ENG,DF,fr Ligue 1,32-061,1994.0,7.5,0,0,0,9,4,0,2,10,2,0,0.13333333333333333,0.0,0.26666666666666666,1.3333333333333333,0.26666666666666666,1.2,0.5333333333333333,False,1,0.03169909922762068,-0.7621682875409468,-0.8479274267363971,-0.32766446750685807,-0.6533133054781997,0.9415904958712482,-1.4453563368312345,-0.12764629353038348,-0.8405785962826571,-0.9670107324325043,-1.6625397336893393
Kevin Diks,id IDN,DF,Gladbach,de Bundesliga,29.0,1996.0,23,22,1952,21.7,4,0,4,0,4,4,5,0,0.0,674,id IDN,DF,de Bundesliga,29-162,1996.0,21.7,4,19,10,52.6,0.8755760368663594,0.4608294930875576,0.0,0.0,4,4,846,id IDN,DF,de Bundesliga,29-162,1996.0,23,1952,85,83.4,21.7,22,88.0,19,1,14.0,0,1.17,28,35,-7,-0.32,1.07,674,id IDN,DF,de Bundesliga,29-162,1996.0,21.7,5,0,0,12,16,1,4,19,28,0,0.18433179723502305,0.0,0.18433179723502305,0.8755760368663594,1.2903225806451613,0.5529953917050692,0.7373271889400922,False,1,0.32476939819566275,-0.7621682875409468,-0.3388534329582618,0.1393039302726697,-0.7013206988630051,0.010865557177641962,0.6620002361538081,-1.2984719571072179,-0.5449466068933528,-0.5722071949233678,-1.075837120349287
Federico Dimarco,it ITA,MF,Inter,it Serie A,28.0,1997.0,27,23,2139,23.8,6,13,19,6,0,0,2,0,0.8,675,it ITA,MF,it Serie A,28-127,1997.0,23.8,6,56,18,32.1,2.3529411764705883,0.7563025210084033,0.11,0.33,0,0,848,it ITA,MF,it Serie A,28-127,1997.0,27,2139,79,82.0,23.8,23,86.0,17,4,39.0,2,2.3,58,16,42,1.77,1.77,675,it ITA,MF,it Serie A,28-127,1997.0,23.8,2,0,0,32,17,4,244,22,30,0,0.25210084033613445,0.5462184873949579,10.252100840336134,0.9243697478991596,1.2605042016806722,1.3445378151260503,0.7142857142857143,False,3,0.7142143383551799,4.236190865582124,1.2425722773078334,0.8499269108846651,5.168942438686419,0.11007429521446528,0.6006144169068389,0.13391070488555745,-0.5783387743695544,2.511485001315443,4.515488672540426
Sinaly Diomande,ci CIV,DF,Auxerre,fr Ligue 1,24.0,2001.0,16,16,1411,15.7,1,1,2,1,0,0,4,1,0.13,680,ci CIV,DF,fr Ligue 1,24-342,2001.0,15.7,1,4,1,25.0,0.25477707006369427,0.06369426751592357,0.25,1.0,0,0,853,ci CIV,DF,fr Ligue 1,24-342,2001.0,16,1411,88,60.3,15.7,16,88.0,13,0,,1,0.75,12,21,-9,-0.57,0.2,680,ci CIV,DF,fr Ligue 1,24-342,2001.0,15.7,4,1,1,19,15,1,0,27,11,0,0.06369426751592357,0.06369426751592357,0.0,1.7197452229299364,0.7006369426751593,1.2101910828025477,0.9554140127388535,False,1,-0.3684922061086804,-0.17931210016059856,-1.0033793654378675,-0.8158201962426408,-0.8087999377842117,1.727253957777915,-0.5519603224690853,-0.1092044136242973,-0.2288908051759295,-1.7076437331805348,-0.6799614362240096
Berat Djimsiti,al ALB,DF,Atalanta,it Serie A,33.0,1993.0,26,22,1926,21.4,0,0,0,0,0,0,2,0,0.0,694,al ALB,DF,it Serie A,33-026,1993.0,21.4,0,10,1,10.0,0.4672897196261683,0.04672897196261683,0.0,0.0,0,0,868,al ALB,DF,it Serie A,33-026,1993.0,26,1926,74,73.8,21.4,22,83.0,18,4,23.0,1,1.54,25,19,6,0.28,-0.64,694,al ALB,DF,it Serie A,33-026,1993.0,21.4,2,0,0,12,5,0,2,20,20,0,0.0,0.0,0.09345794392523366,0.9345794392523366,0.9345794392523366,0.5607476635514019,0.23364485981308414,False,1,-0.7345208390382241,-0.7621682875409468,-0.7758980483513577,-0.8566223262302345,-0.7543069591722915,0.1308329252398238,-0.07035292770850327,-1.2844433725927578,-1.2748931463964872,-1.7731925797922847,-1.5017907230498353
Ritsu Doan,jp JPN,MF,Eintracht Frankfurt,de Bundesliga,27.0,1998.0,26,24,2004,22.3,4,5,9,4,0,0,3,0,0.4,697,jp JPN,MF,de Bundesliga,27-274,1998.0,22.3,4,33,11,33.3,1.4798206278026906,0.49327354260089684,0.12,0.36,0,0,871,jp JPN,MF,de Bundesliga,27-274,1998.0,26,2004,77,85.6,22.3,24,81.0,10,2,27.0,0,1.46,44,38,6,0.27,1.88,697,jp JPN,MF,de Bundesliga,27-274,1998.0,22.3,3,0,0,19,29,1,97,15,19,0,0.17937219730941703,0.22421524663677128,4.349775784753363,0.6726457399103138,0.852017937219731,0.852017937219731,1.3004484304932735,False,3,0.2962683155795042,1.2895900402329246,0.30795208977927935,0.2173330056523305,1.7274450174315674,-0.40173799857391024,-0.24031875470961073,-0.757357928260847,0.27113999734565297,1.0760196037277339,1.1153061373219486
Danilho Doekhi,nl NED,DF,Union Berlin,de Bundesliga,27.0,1998.0,26,26,2340,26.0,4,0,4,4,0,0,3,0,0.15,699,nl NED,DF,de Bundesliga,27-260,1998.0,26.0,4,32,5,15.6,1.2307692307692308,0.19230769230769232,0.13,0.8,0,0,873,nl NED,DF,de Bundesliga,27-260,1998.0,26,2340,90,100.0,26.0,26,90.0,26,0,,0,1.19,31,42,-11,-0.42,,699,nl NED,DF,de Bundesliga,27-260,1998.0,26.0,3,0,0,22,13,1,6,34,26,0,0.15384615384615385,0.0,0.23076923076923078,1.3076923076923077,1.0,0.8461538461538461,0.5,False,1,0.1495790897300584,-0.7621682875409468,0.04135836024812732,-0.50650040514236,-0.6742441982886243,0.8894564453558863,0.06432557784922671,-0.7679696429618956,-0.8888859318982286,-0.9881751254548325,-1.1621135087447043
Josh Doig,sct SCO,DF,Sassuolo,it Serie A,23.0,2002.0,27,20,1762,19.6,0,0,0,0,0,0,4,0,0.0,701,sct SCO,DF,it Serie A,23-303,2002.0,19.6,0,10,4,40.0,0.5102040816326531,0.2040816326530612,0.0,0.0,0,0,875,sct SCO,DF,it Serie A,23-303,2002.0,27,1762,65,67.5,19.6,20,81.0,11,7,19.0,2,1.19,18,28,-10,-0.51,-1.15,701,sct SCO,DF,it Serie A,23-303,2002.0,19.6,4,0,0,14,16,0,34,22,20,0,0.0,0.0,1.7346938775510203,1.1224489795918366,1.0204081632653061,0.7142857142857142,0.8163265306122448,False,1,-0.7345208390382241,-0.7621682875409468,-0.7299609447894704,-0.4781836662486318,0.20265647134928505,0.5128145293877603,0.10633898920397059,-1.0065994626258135,-0.43045917554637636,-1.4615567734354529,-0.46274391306932533
Tyrhys Dolan,eng ENG,MF,Espanyol,es La Liga,24.0,2001.0,27,21,1824,20.3,1,4,5,1,0,0,6,1,0.25,703,eng ENG,MF,es La Liga,24-079,2001.0,20.3,1,29,9,31.0,1.4285714285714286,0.44334975369458124,0.03,0.11,0,0,877,eng ENG,MF,es La Liga,24-079,2001.0,27,1824,68,72.4,20.3,21,77.0,2,6,34.0,0,1.26,27,30,-3,-0.15,0.37,703,eng ENG,MF,es La Liga,24-079,2001.0,20.3,6,1,1,29,39,4,85,12,29,0,0.04926108374384236,0.19704433497536944,4.1871921182266005,0.5911330049261083,1.4285714285714286,1.4285714285714286,1.921182266009852,False,3,-0.4514346549498578,1.0409533167687017,0.25309307143491877,0.09726454483311149,1.6326465670207801,-0.5674719712630739,0.946607216298847,0.2859787272204072,1.1707199289528631,0.6027061840571628,2.352914055256923
Benjamín Domínguez,ar ARG,MF,Bologna,it Serie A,22.0,2003.0,12,5,453,5.0,0,3,3,0,0,0,1,0,0.6,705,ar ARG,MF,it Serie A,22-179,2003.0,5.0,0,10,1,10.0,2.0,0.2,0.0,0.0,0,0,881,ar ARG,MF,it Serie A,22-179,2003.0,12,453,38,17.4,5.0,5,67.0,1,7,17.0,16,1.67,9,4,5,0.99,1.04,705,ar ARG,MF,it Serie A,22-179,2003.0,5.0,1,0,0,6,12,3,6,2,2,0,0.0,0.6,1.2,0.4,0.4,1.2,2.4,False,3,-0.7345208390382241,4.728336997581934,0.8647711259745386,-0.48800013573179085,-0.10911009240715745,-0.9560889428879302,-1.1708687159802416,-0.12764629353038348,1.864632198189349,2.0628093945266768,2.019697778486891
Carlos Dominguez,es ESP,DF,Celta Vigo,es La Liga,25.0,2001.0,7,5,520,5.8,0,0,0,0,0,0,1,0,0.0,706,es ESP,DF,es La Liga,25-034,2001.0,5.8,0,1,0,0.0,0.1724137931034483,0.0,0.0,,0,0,882,es ESP,DF,es La Liga,25-034,2001.0,7,520,74,20.6,5.8,5,89.0,4,2,38.0,14,1.43,7,8,-1,-0.17,-0.53,706,es ESP,DF,es La Liga,25-034,2001.0,5.8,1,0,0,6,1,0,1,4,8,0,0.0,0.0,0.1724137931034483,0.6896551724137931,1.3793103448275863,1.0344827586206897,0.1724137931034483,False,1,-0.7345208390382241,-0.7621682875409468,-1.0915440312168319,-0.9690071404065893,-0.7082697875863591,-0.367153944652323,0.845195533718431,-0.4271678602809557,-1.363630437085742,-2.003081448059218,-0.8148903241610564
Niklas Dorsch,de GER,MF,Heidenheim,de Bundesliga,28.0,1998.0,24,20,1664,18.5,0,0,0,0,0,0,2,0,0.0,713,de GER,MF,de Bundesliga,28-061,1998.0,18.5,0,13,3,23.1,0.7027027027027027,0.16216216216216217,0.0,0.0,0,0,890,de GER,MF,de Bundesliga,28-061,1998.0,24,1664,69,71.1,18.5,20,78.0,8,4,27.0,1,0.58,14,40,-26,-1.41,-0.34,713,de GER,MF,de Bundesliga,28-061,1998.0,18.5,2,0,0,26,19,0,18,13,24,0,0.0,0.0,0.972972972972973,0.7027027027027027,1.2972972972972974,1.4054054054054055,1.027027027027027,False,4,-0.7345208390382241,-0.7621682875409468,-0.5239033762235173,-0.5790014609405365,-0.24148384693795144,-0.3406253411281966,0.6763587865034679,0.2440572724145839,-0.12510778770608405,-1.1436274926636965,0.04776755336640269
Alberto Dossena,it ITA,DF,Cagliari,it Serie A,27.0,1998.0,5,5,450,5.0,0,1,1,0,0,0,4,0,0.2,714,it ITA,DF,it Serie A,27-155,1998.0,5.0,0,5,1,20.0,1.0,0.2,0.0,0.0,0,0,892,it ITA,DF,it Serie A,27-155,1998.0,5,450,90,17.2,5.0,5,90.0,5,0,,3,0.4,3,8,-5,-1.0,-0.79,714,it ITA,DF,it Serie A,27-155,1998.0,5.0,4,0,0,7,5,2,0,3,6,0,0.0,0.2,0.0,0.6,1.2,1.4,1.0,False,1,-0.7345208390382241,1.0680001408333468,-0.2056654694697962,-0.48800013573179085,-0.8087999377842117,-0.5494433488681063,0.4760570091257161,0.23427559962655814,-0.16427589766465547,-0.4230585351592326,0.3296765912122886
Kamory Doumbia,ml MLI,MF,Brest,fr Ligue 1,23.0,2003.0,20,19,1515,16.8,5,3,8,5,0,0,6,0,0.48,721,ml MLI,MF,fr Ligue 1,23-027,2003.0,16.8,5,38,12,31.6,2.261904761904762,0.7142857142857143,0.13,0.42,0,0,902,ml MLI,MF,fr Ligue 1,23-027,2003.0,20,1515,76,64.7,16.8,19,79.0,4,1,22.0,0,1.55,28,21,7,0.42,1.4,721,ml MLI,MF,fr Ligue 1,23-027,2003.0,16.8,6,0,0,26,18,2,19,18,28,0,0.2976190476190476,0.17857142857142858,1.130952380952381,1.0714285714285714,1.6666666666666665,1.5476190476190474,1.0714285714285714,False,4,0.9757915231623222,0.8719106663646724,1.1451235676385312,0.7488750191462622,-0.1493700239863927,0.4090784084643359,1.4367636821041911,0.5014084255281102,-0.060760178488430794,1.0680100477023886,0.9555348667081602
Anastasios Douvikas,gr GRE,FW,Como,it Serie A,26.0,1999.0,29,17,1610,17.9,10,1,11,9,1,1,0,0,0.56,722,gr GRE,FW,it Serie A,26-227,1999.0,17.9,10,47,22,46.8,2.6256983240223466,1.229050279329609,0.19,0.41,1,1,903,gr GRE,FW,it Serie A,26-227,1999.0,29,1610,56,61.7,17.9,17,75.0,6,12,28.0,0,1.86,34,15,19,1.06,0.43,722,gr GRE,FW,it Serie A,26-227,1999.0,17.9,0,0,0,26,31,3,4,4,8,0,0.558659217877095,0.0558659217877095,0.223463687150838,0.223463687150838,0.446927374301676,1.452513966480447,1.7318435754189945,False,2,2.4758978967125227,-0.2509480561514793,1.5345415097162456,1.9869018268687082,-0.6785038771925814,-1.315027511911015,-1.0742613410438584,0.329305370455476,0.8963264988113008,3.691036349758224,-1.1527162940678035
Damion Downs,us USA,FW,Hamburger SV,de Bundesliga,21.0,2004.0,8,6,478,5.3,0,0,0,0,0,0,0,0,0.0,725,us USA,FW,de Bundesliga,21-254,2004.0,5.3,0,7,4,57.1,1.3207547169811322,0.7547169811320755,0.0,0.0,0,0,906,us USA,FW,de Bundesliga,21-254,2004.0,8,478,60,20.4,5.3,6,70.0,0,2,30.0,1,1.13,4,4,0,0.0,0.39,725,us USA,FW,de Bundesliga,21-254,2004.0,5.3,0,0,0,7,1,2,0,0,2,0,0.0,0.0,0.0,0.0,0.37735849056603776,1.3207547169811322,0.18867924528301888,False,0,-0.7345208390382241,-0.7621682875409468,0.1376821177481982,0.8461136319511406,-0.8087999377842117,-1.7693801309275783,-1.2174798214077687,0.09087258535682695,-1.3400582173644158,0.5534234870546336,-1.9118329082128998
Domingos Duarte,pt POR,DF,Getafe,es La Liga,31.0,1995.0,25,25,2132,23.7,0,0,0,0,0,0,8,0,0.0,728,pt POR,DF,es La Liga,31-007,1995.0,23.7,0,10,3,30.0,0.4219409282700422,0.12658227848101267,0.0,0.0,0,0,912,pt POR,DF,es La Liga,31-007,1995.0,25,2132,85,84.6,23.7,25,85.0,19,0,,1,1.24,18,27,-9,-0.38,-0.84,728,pt POR,DF,es La Liga,31-007,1995.0,23.7,8,0,0,25,21,2,0,24,10,1,0.0,0.0,0.0,1.0126582278481013,0.4219409282700422,1.0548523206751055,0.8860759493670887,False,1,-0.7345208390382241,-0.7621682875409468,-0.8244410541781249,-0.6645723273212738,-0.8087999377842117,0.28958490208418897,-1.1256998669794451,-0.39030690797339596,-0.3293769181229379,-1.2277455848420973,-1.3868988275733185
Denzel Dumfries,nl NED,MF,Inter,it Serie A,29.0,1996.0,13,10,841,9.3,1,0,1,1,0,0,2,0,0.11,730,nl NED,MF,it Serie A,29-333,1996.0,9.3,1,11,3,27.3,1.182795698924731,0.3225806451612903,0.09,0.33,0,0,914,nl NED,MF,it Serie A,29-333,1996.0,13,841,65,32.2,9.3,10,75.0,4,3,29.0,1,1.92,20,8,12,1.28,-0.24,730,nl NED,MF,it Serie A,29-333,1996.0,9.3,2,0,0,14,8,2,23,4,7,0,0.1075268817204301,0.0,2.4731182795698925,0.4301075268817204,0.7526881720430108,1.5053763440860215,0.8602150537634408,False,0,-0.11660153398512352,-0.7621682875409468,-0.009994263850939447,-0.193189390931108,0.633213184408642,-0.8948734771215052,-0.44480468663245376,0.4249656293544093,-0.3668550470202782,0.09405849372918856,-0.21069753587560697
Hugo Duro,es ESP,FW,Valencia,es La Liga,26.0,1999.0,27,16,1489,16.5,8,0,8,7,1,1,4,0,0.42,734,es ESP,FW,es La Liga,26-127,1999.0,16.5,8,27,11,40.7,1.6363636363636365,0.6666666666666666,0.26,0.64,1,1,920,es ESP,FW,es La Liga,26-127,1999.0,27,1489,55,59.1,16.5,16,77.0,7,11,24.0,0,1.15,21,24,-3,-0.18,0.6,734,es ESP,FW,es La Liga,26-127,1999.0,16.5,4,0,0,16,28,5,0,3,6,0,0.48484848484848486,0.0,0.0,0.18181818181818182,0.36363636363636365,0.9696969696969697,1.696969696969697,False,0,2.0517334819284843,-0.7621682875409468,0.47552145490387154,0.6343495418427386,-0.8087999377842117,-1.3997023181822839,-1.2457289762123305,-0.5444048371656496,0.845786574297295,2.192037727604337,-1.6864865699019937
Adam Dźwigała,pl POL,DF,St Pauli,de Bundesliga,30.0,1995.0,16,12,1077,12.0,1,1,2,1,0,0,5,0,0.17,738,pl POL,DF,de Bundesliga,30-173,1995.0,12.0,1,3,1,33.3,0.25,0.08333333333333333,0.33,1.0,0,0,926,pl POL,DF,de Bundesliga,30-173,1995.0,16,1077,67,46.0,12.0,12,78.0,4,4,35.0,5,1.06,10,21,-11,-0.92,-0.35,738,pl POL,DF,de Bundesliga,30-173,1995.0,12.0,5,0,0,15,6,0,1,19,24,0,0.08333333333333333,0.08333333333333333,0.08333333333333333,1.5833333333333333,2.0,1.25,0.5,False,4,-0.2556333776220711,0.00040189094834210825,-1.0084929160530474,-0.7685875551254233,-0.7602103651885829,1.4498974883960283,2.1229827342316736,-0.03716582024114798,-0.8888859318982286,-2.319229156237733,0.45256225946227024
Aron Dønnum,no NOR,MF,Toulouse,fr Ligue 1,27.0,1998.0,21,21,1859,20.7,4,4,8,1,3,3,6,0,0.24,739,no NOR,MF,fr Ligue 1,27-331,1998.0,20.7,4,31,12,38.7,1.497584541062802,0.5797101449275363,0.03,0.08,3,3,927,no NOR,MF,fr Ligue 1,27-331,1998.0,21,1859,89,79.4,20.7,21,89.0,19,0,,0,1.24,31,26,5,0.24,0.24,739,no NOR,MF,fr Ligue 1,27-331,1998.0,20.7,6,0,0,25,32,0,123,22,23,0,0.1932367149758454,0.1932367149758454,5.942028985507247,1.0628019323671498,1.1111111111111112,1.2077294685990339,1.5458937198067633,False,3,0.37594283960792774,1.0061103872168247,0.32696723261120136,0.42521606154934816,2.655847847295405,0.39153848463670393,0.29306526189172094,-0.11365897398808608,0.6268442363294872,0.9270475403129117,2.1634866586439494
Simon Ebonog,cm CMR,MF,Le Havre,fr Ligue 1,21.0,2004.0,22,16,1300,14.4,0,0,0,0,0,0,5,0,0.0,742,cm CMR,MF,fr Ligue 1,21-213,2004.0,14.4,0,14,2,14.3,0.9722222222222222,0.1388888888888889,0.0,0.0,0,0,930,cm CMR,MF,fr Ligue 1,21-213,2004.0,22,1300,59,55.6,14.4,16,76.0,6,6,15.0,2,1.09,9,22,-13,-0.9,-0.99,742,cm CMR,MF,fr Ligue 1,21-213,2004.0,14.4,5,0,0,20,23,0,10,17,20,0,0.0,0.0,0.6944444444444444,1.1805555555555556,1.3888888888888888,1.3888888888888888,1.597222222222222,False,4,-0.7345208390382241,-0.7621682875409468,-0.23539981934324994,-0.6349744982713126,-0.4038868328206386,0.6309584448838829,0.8649144719979561,0.21416882778450588,0.7012305321143344,-1.2597614697427197,0.44530677473685976
Éderson,br BRA,MF,Atalanta,it Serie A,26.0,1999.0,22,19,1621,18.0,1,0,1,0,1,1,1,0,0.0,747,br BRA,MF,it Serie A,26-253,1999.0,18.0,1,25,6,24.0,1.3888888888888888,0.3333333333333333,0.0,0.0,1,1,937,br BRA,MF,it Serie A,26-253,1999.0,22,1621,74,62.1,18.0,19,80.0,11,3,31.0,2,1.59,22,13,9,0.5,0.14,747,br BRA,MF,it Serie A,26-253,1999.0,18.0,1,0,0,25,28,0,10,19,25,0,0.05555555555555555,0.0,0.5555555555555556,1.0555555555555556,1.3888888888888888,1.3888888888888888,1.5555555555555556,False,4,-0.41526253142745545,-0.7621682875409468,0.2106154287585562,-0.16732879928192534,-0.48486945381335317,0.3768049486214929,0.8649144719979561,0.21416882778450588,0.6408463625948703,-0.5971978734543594,0.2818837443131552
Andrias Edmundsson,fo FRO,DF,Hellas Verona,it Serie A,25.0,2000.0,6,6,540,6.0,0,0,0,0,0,0,1,0,0.0,750,fo FRO,DF,it Serie A,25-089,2000.0,6.0,0,1,0,0.0,0.16666666666666666,0.0,0.0,,0,0,940,fo FRO,DF,it Serie A,25-089,2000.0,6,540,90,20.7,6.0,6,90.0,6,0,,0,0.67,4,10,-6,-1.0,0.0,750,fo FRO,DF,it Serie A,25-089,2000.0,6.0,1,0,0,6,6,0,4,11,8,0,0.0,0.0,0.6666666666666666,1.8333333333333333,1.3333333333333333,1.0,1.0,False,1,-0.7345208390382241,-0.7621682875409468,-1.0976959656734084,-0.9690071404065893,-0.42008335701918154,1.9582044809208081,0.750544629976709,-0.4895681866873251,-0.16427589766465547,-2.531185618439414,-0.07596163445867701
Odsonne Édouard,fr FRA,FW,Lens,fr Ligue 1,28.0,1998.0,22,21,1387,15.4,10,3,13,9,1,1,1,0,0.78,752,fr FRA,FW,fr Ligue 1,28-060,1998.0,15.4,10,42,22,52.4,2.727272727272727,1.4285714285714286,0.21,0.41,1,1,942,fr FRA,FW,fr Ligue 1,28-060,1998.0,22,1387,63,59.3,15.4,21,65.0,0,1,22.0,0,2.14,27,14,13,0.84,-0.38,752,fr FRA,FW,fr Ligue 1,28-060,1998.0,15.4,1,0,0,18,16,9,1,1,4,0,0.6493506493506493,0.19480519480519481,0.06493506493506493,0.06493506493506493,0.2597402597402597,1.1688311688311688,1.0389610389610389,False,2,2.9970697693993316,1.0204632985379105,1.643270468115873,2.4667571786991136,-0.7709379331642412,-1.6373523406614017,-1.4596154340182992,-0.18404970545094584,-0.1078127781139876,4.479892557004264,-1.5846231638825745
Maximilian Eggestein,de GER,MF,Freiburg,de Bundesliga,29.0,1996.0,26,26,2340,26.0,2,0,2,2,0,0,3,0,0.08,758,de GER,MF,de Bundesliga,29-099,1996.0,26.0,2,39,12,30.8,1.5,0.46153846153846156,0.05,0.17,0,0,949,de GER,MF,de Bundesliga,29-099,1996.0,26,2340,90,100.0,26.0,26,90.0,26,0,,0,1.31,37,43,-6,-0.23,,758,de GER,MF,de Bundesliga,29-099,1996.0,26.0,3,0,0,16,14,1,12,25,31,0,0.07692307692307693,0.0,0.46153846153846156,0.9615384615384616,1.1923076923076923,0.6153846153846154,0.5384615384615384,False,1,-0.29247087465408284,-0.7621682875409468,0.32955282825237125,0.14100902422756093,-0.539688458793037,0.1856467633984987,0.4602211848458512,-1.1855718273737514,-0.833146698495646,-0.577521829907021,-1.035431174394853
Jeff Ekhator,it ITA,FW,Genoa,it Serie A,19.0,2006.0,23,5,630,7.0,2,0,2,2,0,0,3,0,0.29,763,it ITA,FW,it Serie A,19-126,2006.0,7.0,2,15,3,20.0,2.142857142857143,0.42857142857142855,0.13,0.67,0,0,954,it ITA,FW,it Serie A,19-126,2006.0,23,630,27,24.1,7.0,5,58.0,0,18,19.0,6,1.13,10,10,0,0.0,0.18,763,it ITA,FW,it Serie A,19-126,2006.0,7.0,3,0,0,16,17,8,6,1,6,0,0.2857142857142857,0.0,0.8571428571428571,0.14285714285714285,0.8571428571428571,2.2857142857142856,2.4285714285714284,False,0,0.9073790286743003,-0.7621682875409468,1.0176906396094436,0.06172215532512151,-0.3090214768006015,-1.4789189923419896,-0.22976830163398013,1.8370725550358713,1.906038485859839,1.8502960383386446,0.5133241059460747
Jurgen Ekkelenkamp,nl NED,MF,Udinese,it Serie A,25.0,2000.0,25,21,1717,19.1,3,1,4,3,0,0,1,0,0.21,765,nl NED,MF,it Serie A,25-346,2000.0,19.1,3,25,11,44.0,1.3089005235602094,0.5759162303664921,0.12,0.27,0,0,956,nl NED,MF,it Serie A,25-346,2000.0,25,1717,69,65.8,19.1,21,78.0,4,4,22.0,4,1.24,22,28,-6,-0.31,-0.01,765,nl NED,MF,it Serie A,25-346,2000.0,19.1,1,0,0,17,12,1,27,12,20,0,0.15706806282722513,0.05235602094240837,1.413612565445026,0.6282722513089005,1.0471204188481675,0.8900523560209423,0.6282722513089005,False,1,0.16809427148436792,-0.2830666047204512,0.12499295530096688,0.41609156415434834,0.015442026665197678,-0.49195941672917826,0.16133036532274517,-0.688530483972555,-0.7029912110739088,0.2100085344175212,-0.617913262320271
Daniel Elfadli,ly LBY,DF,Hamburger SV,de Bundesliga,28.0,1997.0,19,14,1170,13.0,0,0,0,0,0,0,6,1,0.0,769,ly LBY,DF,de Bundesliga,28-345,1997.0,13.0,0,4,1,25.0,0.3076923076923077,0.07692307692307693,0.0,0.0,0,0,960,ly LBY,DF,de Bundesliga,28-345,1997.0,19,1170,62,50.0,13.0,14,77.0,8,5,18.0,2,1.11,15,18,-3,-0.23,0.15,769,ly LBY,DF,de Bundesliga,28-345,1997.0,13.0,6,1,1,19,15,0,0,20,12,0,0.0,0.0,0.0,1.5384615384615385,0.9230769230769231,1.4615384615384615,1.1538461538461537,False,1,-0.7345208390382241,-0.7621682875409468,-0.9467369586235664,-0.7840044463008976,-0.8087999377842117,1.358662899994145,-0.09403266494942296,0.34563618213638636,0.05868103594567456,-1.8659571780481505,-0.39741657566477806
Mikael Ellertsson,is ISL,MF,Genoa,it Serie A,24.0,2002.0,28,23,2093,23.3,1,1,2,1,0,0,1,0,0.09,772,is ISL,MF,it Serie A,24-006,2002.0,23.3,1,21,6,28.6,0.9012875536480687,0.2575107296137339,0.05,0.17,0,0,963,is ISL,MF,it Serie A,24-006,2002.0,28,2093,75,80.2,23.3,23,87.0,17,5,17.0,1,1.07,26,34,-8,-0.34,-1.04,772,is ISL,MF,it Serie A,24-006,2002.0,23.3,1,0,0,22,31,1,25,13,22,0,0.04291845493562232,0.04291845493562232,1.0729613733905579,0.5579399141630901,0.944206008583691,0.944206008583691,1.3304721030042919,False,1,-0.48788351985393924,-0.36942828145204265,-0.3113308844707391,-0.3496848167909691,-0.183183123248219,-0.6349610918164814,-0.0505351218630987,-0.5905335216881887,0.3146509060777062,-0.3732651588204305,-0.30092578785943314
Elif Elmas,mk MKD,MF,Napoli,it Serie A,26.0,1999.0,26,18,1540,17.1,1,2,3,1,0,0,2,0,0.18,775,mk MKD,MF,it Serie A,26-174,1999.0,17.1,1,20,8,40.0,1.1695906432748537,0.4678362573099415,0.05,0.13,0,0,966,mk MKD,MF,it Serie A,26-174,1999.0,26,1540,59,59.0,17.1,18,76.0,7,8,22.0,1,1.92,24,20,4,0.23,-0.69,775,mk MKD,MF,it Serie A,26-174,1999.0,17.1,2,0,0,14,12,1,33,5,12,0,0.05847953216374269,0.11695906432748537,1.9298245614035086,0.29239766081871343,0.7017543859649122,0.8187134502923976,0.7017543859649122,False,1,-0.39845946260583603,0.3081056471808622,-0.024129438663447064,0.15615544362802677,0.316432269693507,-1.1748690285594146,-0.5496598898437839,-0.8176260430576525,-0.5964994268566114,0.3707783675848161,-0.5136566534581669
Nico Elvedi,ch SUI,DF,Gladbach,de Bundesliga,29.0,1996.0,26,26,2336,26.0,0,0,0,0,0,0,2,0,0.0,778,ch SUI,DF,de Bundesliga,29-168,1996.0,26.0,0,8,0,0.0,0.3076923076923077,0.0,0.0,,0,0,969,ch SUI,DF,de Bundesliga,29-168,1996.0,26,2336,90,99.8,26.0,26,90.0,25,0,,0,1.08,30,43,-13,-0.5,-0.5,778,ch SUI,DF,de Bundesliga,29-168,1996.0,26.0,2,0,0,14,11,0,0,25,28,0,0.0,0.0,0.0,0.9615384615384616,1.0769230769230769,0.5384615384615384,0.4230769230769231,False,1,-0.7345208390382241,-0.7621682875409468,-0.9467369586235664,-0.9690071404065893,-0.8087999377842117,0.1856467633984987,0.2226838206478764,-1.3247725555110368,-1.0003643987033937,-1.9527183521003448,-1.2866636650634704
Breel Embolo,ch SUI,FW,Rennes,fr Ligue 1,29.0,1997.0,23,15,1387,15.4,6,3,9,6,0,0,3,0,0.58,779,ch SUI,FW,fr Ligue 1,29-031,1997.0,15.4,6,23,11,47.8,1.4935064935064934,0.7142857142857143,0.26,0.55,0,0,970,ch SUI,FW,fr Ligue 1,29-031,1997.0,23,1387,60,59.3,15.4,15,82.0,7,8,20.0,0,1.7,22,24,-2,-0.13,-0.89,779,ch SUI,FW,fr Ligue 1,29-031,1997.0,15.4,3,0,0,37,42,12,4,4,10,0,0.38961038961038963,0.19480519480519481,0.2597402597402597,0.2597402597402597,0.6493506493506493,2.4025974025974026,2.727272727272727,False,0,1.5044335260243096,1.0204632985379105,0.3226019412689664,0.7488750191462622,-0.6573519193043299,-1.2412689698628718,-0.6575412172459171,2.0485853497379805,2.33892240241496,2.6606097644430173,0.9233706034951806
Emersonn,br BRA,FW,Toulouse,fr Ligue 1,21.0,2004.0,20,15,1182,13.1,3,2,5,3,0,0,4,1,0.38,781,br BRA,FW,fr Ligue 1,21-244,2004.0,13.1,3,41,14,34.1,3.1297709923664123,1.0687022900763359,0.07,0.21,0,0,973,br BRA,FW,fr Ligue 1,21-244,2004.0,20,1182,59,50.5,13.1,15,68.0,3,5,31.0,0,1.1,13,11,2,0.15,-0.08,781,br BRA,FW,fr Ligue 1,21-244,2004.0,13.1,4,1,0,32,8,4,7,5,6,0,0.22900763358778625,0.15267175572519084,0.5343511450381679,0.3816793893129771,0.4580152671755725,2.4427480916030535,0.6106870229007634,False,0,0.5815057724870818,0.634906848622636,2.0741193406750087,1.60125929678699,-0.49723321274353866,-0.993338920966082,-1.0514351710298095,2.1212424166203845,-0.7284760769915597,2.76940780277891,-0.35823710808529957
Julio Enciso,py PAR,MF,Strasbourg,fr Ligue 1,22.0,2004.0,19,17,1390,15.4,1,2,3,1,0,0,2,0,0.19,782,py PAR,MF,fr Ligue 1,22-053,2004.0,15.4,1,40,14,35.0,2.5974025974025974,0.9090909090909091,0.03,0.07,0,0,975,py PAR,MF,fr Ligue 1,22-053,2004.0,19,1390,73,59.4,15.4,17,79.0,4,2,25.0,1,1.16,21,20,1,0.06,-0.69,782,py PAR,MF,fr Ligue 1,22-053,2004.0,15.4,2,0,0,13,22,1,47,5,7,0,0.06493506493506493,0.12987012987012986,3.051948051948052,0.3246753246753247,0.45454545454545453,0.8441558441558441,1.4285714285714286,False,0,-0.3613617781944685,0.42625276984495797,1.5042527284477776,1.2173883353879487,0.9707142793544002,-1.1092411795966952,-1.0585783256321082,-0.7715852462901369,0.45681841739269297,2.0854961049400633,0.021690841706168747
Endrick,br BRA,FW,Lyon,fr Ligue 1,19.0,2006.0,8,7,611,6.8,3,3,6,2,1,1,2,1,0.74,785,br BRA,FW,fr Ligue 1,19-239,2006.0,6.8,3,26,16,61.5,3.823529411764706,2.3529411764705883,0.08,0.13,1,1,978,br BRA,FW,fr Ligue 1,19-239,2006.0,8,611,76,26.1,6.8,7,84.0,2,1,26.0,0,1.75,13,9,4,0.59,0.12,785,br BRA,FW,fr Ligue 1,19-239,2006.0,6.8,2,1,0,8,13,3,18,2,3,0,0.4411764705882353,0.4411764705882353,2.6470588235294117,0.29411764705882354,0.4411764705882353,1.1764705882352942,1.911764705882353,False,2,1.8007657214002328,3.274967951519995,2.8167437411965612,4.6898987969439805,0.7346335446651726,-1.1713719044278372,-1.0861004801291998,-0.1702253397841412,1.1570718118200956,6.309750173492212,0.9172953835682486
Yannik Engelhardt,de GER,MF,Gladbach,de Bundesliga,25.0,2001.0,23,21,1801,20.0,2,1,3,2,0,0,5,0,0.15,786,de GER,MF,de Bundesliga,25-038,2001.0,20.0,2,17,5,29.4,0.85,0.25,0.12,0.4,0,0,979,de GER,MF,de Bundesliga,25-038,2001.0,23,1801,78,77.0,20.0,21,84.0,16,2,18.0,0,1.17,27,29,-2,-0.1,1.74,786,de GER,MF,de Bundesliga,25-038,2001.0,20.0,5,0,0,30,25,0,5,25,19,0,0.1,0.05,0.25,1.25,0.95,1.5,1.25,False,1,-0.15985588533884046,-0.3046261804473734,-0.36623095878644646,-0.3677483845630913,-0.6630312199973254,0.7721548316963217,-0.038607279969895734,0.41523654620502914,0.19802911945213106,-0.7618047885263225,-0.18686894985530256
Christian Eriksen,dk DEN,MF,Wolfsburg,de Bundesliga,34.0,1992.0,23,19,1749,19.4,2,6,8,0,2,2,4,0,0.31,787,dk DEN,MF,de Bundesliga,34-031,1992.0,19.4,2,26,8,30.8,1.3402061855670104,0.4123711340206186,0.0,0.0,2,2,980,dk DEN,MF,de Bundesliga,34-031,1992.0,23,1749,76,74.7,19.4,19,85.0,8,4,32.0,1,0.7,27,41,-14,-0.72,0.35,787,dk DEN,MF,de Bundesliga,34-031,1992.0,19.4,4,0,0,11,3,3,75,12,15,0,0.10309278350515465,0.30927835051546393,3.8659793814432994,0.6185567010309279,0.7731958762886598,0.5670103092783506,0.15463917525773196,False,3,-0.14208274244092137,2.0679890759244555,0.15850368155765807,0.022759879541448726,1.4453554919099065,-0.5117133452992566,-0.40258635452617364,-1.2731104296044153,-1.3893897699770883,0.5574285292604118,0.4483907424757003
Carlos Espí,es ESP,FW,Levante,es La Liga,20.0,2005.0,15,3,494,5.5,5,0,5,5,0,0,1,0,0.91,790,es ESP,FW,es La Liga,20-236,2005.0,5.5,5,18,11,61.1,3.272727272727273,2.0,0.28,0.45,0,0,983,es ESP,FW,es La Liga,20-236,2005.0,15,494,33,19.6,5.5,3,79.0,1,12,21.0,9,0.87,11,7,4,0.73,1.62,790,es ESP,FW,es La Liga,20-236,2005.0,5.5,1,0,0,14,14,6,0,2,2,0,0.9090909090909091,0.0,0.0,0.36363636363636365,0.36363636363636365,2.5454545454545454,2.5454545454545454,False,2,4.489706012774354,-0.7621682875409468,2.2271449747218743,3.841062906341395,-0.8087999377842117,-1.0300245054369892,-1.2457289762123305,2.3071009877072246,2.075427844511843,6.033304596516075,-0.8133942378603662
Francesco Esposito,it ITA,FW,Inter,it Serie A,20.0,2005.0,27,10,1119,12.4,5,3,8,5,0,0,1,0,0.64,792,it ITA,FW,it Serie A,20-262,2005.0,12.4,5,45,17,37.8,3.629032258064516,1.3709677419354838,0.11,0.29,0,0,987,it ITA,FW,it Serie A,20-262,2005.0,27,1119,41,42.9,12.4,10,73.0,2,17,23.0,1,2.41,27,8,19,1.53,0.14,792,it ITA,FW,it Serie A,20-262,2005.0,12.4,1,0,0,22,39,2,2,4,3,0,0.4032258064516129,0.24193548387096772,0.16129032258064516,0.3225806451612903,0.24193548387096772,1.7741935483870968,3.1451612903225805,False,2,1.5826765549109032,1.4517451338795693,2.6085468701661165,2.328218294864206,-0.7147556037281559,-1.1135001405730234,-1.4962693632794026,0.911419786823417,2.9445348943697063,4.9267279276446345,0.4384757851255507
Nahuel Estévez,ar ARG,MF,Parma,it Serie A,30.0,1995.0,25,9,922,10.2,0,0,0,0,0,0,2,0,0.0,799,ar ARG,MF,it Serie A,30-123,1995.0,10.2,0,8,1,12.5,0.7843137254901962,0.09803921568627452,0.0,0.0,0,0,997,ar ARG,MF,it Serie A,30-123,1995.0,25,922,37,35.3,10.2,9,76.0,5,16,15.0,2,1.04,5,8,-3,-0.29,0.35,799,ar ARG,MF,it Serie A,30-123,1995.0,10.2,2,0,0,8,11,0,37,4,9,0,0.0,0.0,3.6274509803921573,0.3921568627450981,0.8823529411764707,0.7843137254901962,1.0784313725490198,False,1,-0.7345208390382241,-0.7621682875409468,-0.4365439508401428,-0.7332193930169821,1.306275575201982,-0.9720358289279233,-0.17786938172517866,-0.8798761106801052,-0.050611578569192794,-0.6494111626850883,0.10291400852141984
Pervis Estupiñán,ec ECU,MF,Milan,it Serie A,28.0,1998.0,16,12,888,9.9,1,1,2,1,0,0,3,1,0.2,800,ec ECU,MF,it Serie A,28-055,1998.0,9.9,1,9,1,11.1,0.9090909090909091,0.10101010101010101,0.11,1.0,0,0,998,ec ECU,MF,it Serie A,28-055,1998.0,16,888,56,34.0,9.9,12,73.0,5,4,4.0,9,2.06,15,4,11,1.11,0.49,800,ec ECU,MF,it Serie A,28-055,1998.0,9.9,3,1,0,14,6,5,15,10,8,0,0.10101010101010101,0.10101010101010101,1.5151515151515151,1.0101010101010102,0.8080808080808081,1.4141414141414141,0.6060606060606061,False,1,-0.15405118883682653,0.1621592015369792,-0.30297788723746305,-0.7260743097627518,0.0746468366817659,0.28438549543516933,-0.3307702400423541,0.2598660365164431,-0.7351807731214101,-0.693893118836308,-0.1625686887723833
Karl Etta Eyong,cm CMR,FW,Levante,es La Liga,22.0,2003.0,23,15,1335,14.8,5,2,7,5,0,1,2,0,0.47,802,cm CMR,FW,es La Liga,22-154,2003.0,14.8,5,34,14,41.2,2.2972972972972974,0.9459459459459459,0.15,0.36,0,1,1000,cm CMR,FW,es La Liga,22-154,2003.0,23,1335,58,53.0,14.8,15,79.0,6,8,19.0,0,0.83,18,30,-12,-0.81,-0.51,802,cm CMR,FW,es La Liga,22-154,2003.0,14.8,2,0,0,24,30,6,13,4,11,0,0.33783783783783783,0.13513513513513511,0.8783783783783783,0.27027027027027023,0.7432432432432432,1.6216216216216215,2.0270270270270268,False,0,1.2069148153515852,0.4744320019011432,1.1830090327282599,1.3060259898120516,-0.29663957799244905,-1.2198590579278161,-0.4642485568976179,0.6353241839356015,1.324112280761062,2.747640195749472,0.16354405007812142
Edu Expósito,es ESP,MF,Espanyol,es La Liga,29.0,1996.0,26,22,1722,19.1,1,6,7,1,0,0,5,0,0.37,804,es ESP,MF,es La Liga,29-228,1996.0,19.1,1,29,9,31.0,1.5183246073298429,0.47120418848167533,0.03,0.11,0,0,1002,es ESP,MF,es La Liga,29-228,1996.0,26,1722,66,68.3,19.1,22,74.0,5,4,26.0,1,1.27,25,27,-2,-0.1,0.46,804,es ESP,MF,es La Liga,29-228,1996.0,19.1,5,0,0,18,28,2,183,16,20,0,0.05235602094240837,0.31413612565445026,9.581151832460732,0.8376963350785339,1.0471204188481675,0.9424083769633507,1.4659685863874345,False,3,-0.4336491355306934,2.112441809382027,0.3491681585353826,0.16425543605235968,4.777728932372896,-0.06615251199637852,0.16133036532274517,-0.5937865328843505,0.5110151290032817,1.0416144274347732,3.619317519209225
Giovanni Fabbian,it ITA,MF,Bologna,it Serie A,23.0,2003.0,14,8,705,7.8,2,0,2,2,0,0,0,0,0.26,808,it ITA,MF,it Serie A,23-062,2003.0,7.8,2,14,4,28.6,1.794871794871795,0.5128205128205129,0.14,0.5,0,0,1006,it ITA,MF,it Serie A,23-062,2003.0,14,705,50,27.0,7.8,8,72.0,1,6,21.0,7,1.43,10,7,3,0.38,0.34,808,it ITA,MF,it Serie A,23-062,2003.0,7.8,0,0,0,13,18,2,2,5,4,0,0.25641025641025644,0.0,0.25641025641025644,0.6410256410256411,0.5128205128205129,1.6666666666666667,2.307692307692308,False,0,0.7389790422422468,-0.7621682875409468,0.6451943884474957,0.2643441536313555,-0.6592935605668924,-0.4660288680435269,-0.9386099598755552,0.716838123835814,1.7308580380231515,1.3733255849042727,-0.3807947670538761
Alieu Fadera,gm GAM,FW,Sassuolo,it Serie A,24.0,2001.0,25,8,936,10.4,2,1,3,2,0,0,4,0,0.29,810,gm GAM,FW,it Serie A,24-134,2001.0,10.4,2,13,4,30.8,1.25,0.3846153846153846,0.15,0.5,0,0,1009,gm GAM,FW,it Serie A,24-134,2001.0,25,936,37,35.9,10.4,8,67.0,0,17,23.0,2,1.48,12,11,1,0.1,0.36,810,gm GAM,FW,it Serie A,24-134,2001.0,10.4,4,0,0,32,36,8,24,5,19,0,0.1923076923076923,0.09615384615384615,2.3076923076923075,0.4807692307692307,1.8269230769230769,3.0769230769230766,3.4615384615384612,False,4,0.37060407192212885,0.11772037994669422,0.06194367939128753,-0.04399366987813091,0.5367574571716618,-0.79186668376454,1.7666766879347118,3.2688514730193767,3.403035040100627,1.037652109650591,3.493016476259562
Wout Faes,be BEL,DF,Monaco,fr Ligue 1,27.0,1998.0,7,7,568,6.3,0,0,0,0,0,0,2,0,0.0,811,be BEL,DF,fr Ligue 1,27-348,1998.0,6.3,0,3,1,33.3,0.4761904761904762,0.15873015873015872,0.0,0.0,0,0,1011,be BEL,DF,fr Ligue 1,27-348,1998.0,7,568,81,24.3,6.3,7,81.0,6,0,,1,2.29,14,7,7,1.11,1.06,811,be BEL,DF,fr Ligue 1,27-348,1998.0,6.3,2,0,0,7,2,0,0,10,7,0,0.0,0.0,0.0,1.5873015873015874,1.1111111111111112,1.1111111111111112,0.31746031746031744,False,1,-0.7345208390382241,-0.7621682875409468,-0.766370352797781,-0.5872555493948446,-0.8087999377842117,1.4579658533567394,0.29306526189172094,-0.28850046826680187,-1.1534261031263584,-2.125554061316489,-0.8902279096518533
Nicolò Fagioli,it ITA,MF,Fiorentina,it Serie A,25.0,2001.0,26,23,1980,22.0,1,3,4,1,0,0,4,0,0.18,812,it ITA,MF,it Serie A,25-033,2001.0,22.0,1,25,6,24.0,1.1363636363636365,0.2727272727272727,0.04,0.17,0,0,1012,it ITA,MF,it Serie A,25-033,2001.0,26,1980,76,75.9,22.0,23,82.0,12,3,34.0,3,1.0,27,36,-9,-0.41,-0.41,812,it ITA,MF,it Serie A,25-033,2001.0,22.0,4,0,0,18,33,0,78,14,22,0,0.045454545454545456,0.13636363636363635,3.5454545454545454,0.6363636363636364,1.0,0.8181818181818182,1.5,False,3,-0.4733094964475952,0.48567382271425324,-0.05969684281829587,-0.3130884976682279,1.2584655144661758,-0.4755077863190474,0.06432557784922671,-0.818588089557272,0.5603341365689176,0.060983069724046074,0.9237257968171771
Ansu Fati,es ESP,MF,Monaco,fr Ligue 1,23.0,2002.0,17,6,671,7.5,8,0,8,5,3,4,1,0,0.67,816,es ESP,MF,fr Ligue 1,23-137,2002.0,7.5,8,27,15,55.6,3.6,2.0,0.19,0.33,3,4,1019,es ESP,MF,fr Ligue 1,23-137,2002.0,17,671,39,28.7,7.5,6,66.0,1,11,25.0,1,1.76,15,9,6,0.8,0.7,816,es ESP,MF,fr Ligue 1,23-137,2002.0,7.5,1,0,0,7,4,2,2,1,7,0,1.0666666666666667,0.0,0.26666666666666666,0.13333333333333333,0.9333333333333333,0.9333333333333333,0.5333333333333333,False,2,5.395238667088534,-0.7621682875409468,2.5774696786854747,3.841062906341395,-0.6533133054781997,-1.4982830682476957,-0.07291823257626974,-0.610208817739639,-0.8405785962826571,5.664850237520426,-2.426403320416596
Abdoulaye Faye,sn SEN,DF,Lorient,fr Ligue 1,21.0,2004.0,9,8,753,8.4,0,0,0,0,0,0,6,0,0.0,817,sn SEN,DF,fr Ligue 1,21-176,2004.0,8.4,0,6,1,16.7,0.7142857142857143,0.11904761904761904,0.0,0.0,0,0,1022,sn SEN,DF,fr Ligue 1,21-176,2004.0,9,753,84,32.2,8.4,8,89.0,7,1,45.0,0,1.33,14,20,-6,-0.72,-0.89,817,sn SEN,DF,fr Ligue 1,21-176,2004.0,8.4,6,0,0,17,9,0,1,17,13,0,0.0,0.0,0.11904761904761904,2.0238095238095237,1.5476190476190474,2.0238095238095237,1.0714285714285714,False,4,-0.7345208390382241,-0.7621682875409468,-0.5115044967396062,-0.6826934471477808,-0.7393862626475991,2.345485999034926,1.191685449201519,1.363127218758924,-0.060760178488430794,-2.249659315399477,0.6399652586320644
Aleix Febas,es ESP,MF,Elche,es La Liga,30.0,1996.0,27,27,2395,26.6,2,1,3,2,0,0,7,0,0.11,819,es ESP,MF,es La Liga,30-043,1996.0,26.6,2,19,8,42.1,0.7142857142857143,0.3007518796992481,0.11,0.25,0,0,1024,es ESP,MF,es La Liga,30-043,1996.0,27,2395,89,95.0,26.6,27,89.0,24,0,,0,0.96,34,40,-6,-0.23,1.93,819,es ESP,MF,es La Liga,30-043,1996.0,26.6,7,0,0,23,85,0,17,21,30,0,0.07518796992481203,0.03759398496240601,0.6390977443609023,0.7894736842105263,1.1278195488721805,0.8646616541353384,3.195488721804511,False,0,-0.30244192648229656,-0.41815166566607964,-0.5115044967396062,-0.2456883363843361,-0.4361581028402918,-0.16420015453353615,0.3274622068605171,-0.7344777384476616,3.017470418067725,-0.0415284111791737,0.7194948841723076
Robin Fellhauer,de GER,MF,Augsburg,de Bundesliga,28.0,1998.0,26,24,2131,23.7,2,1,3,2,0,0,2,0,0.13,824,de GER,MF,de Bundesliga,28-055,1998.0,23.7,2,24,6,25.0,1.0126582278481013,0.25316455696202533,0.08,0.33,0,0,1030,de GER,MF,de Bundesliga,28-055,1998.0,26,2131,82,91.1,23.7,24,85.0,15,2,46.0,0,1.19,25,40,-15,-0.63,-1.06,824,de GER,MF,de Bundesliga,28-055,1998.0,23.7,2,0,0,21,29,4,68,17,37,0,0.08438818565400844,0.04219409282700422,2.869198312236287,0.7172995780590717,1.5611814345991561,0.8860759493670887,1.2236286919831223,False,4,-0.24957151102186664,-0.37605680476156,-0.19211563914771593,-0.36013751423595836,0.8641574984197155,-0.3109465658775766,1.2196057542157477,-0.6957262270931779,0.15981129064234337,-0.6105223165848227,0.7918624368656801
Evan Ferguson,ie IRL,FW,Roma,it Serie A,21.0,2004.0,16,10,773,8.6,3,2,5,3,0,0,1,0,0.58,826,ie IRL,FW,it Serie A,21-149,2004.0,8.6,3,27,15,55.6,3.1395348837209305,1.744186046511628,0.11,0.2,0,0,1032,ie IRL,FW,it Serie A,21-149,2004.0,16,773,48,29.6,8.6,10,59.0,1,6,30.0,3,1.88,12,6,6,0.7,0.21,826,ie IRL,FW,it Serie A,21-149,2004.0,8.6,1,0,0,11,9,3,2,1,4,0,0.3488372093023256,0.23255813953488372,0.23255813953488372,0.11627906976744186,0.46511627906976744,1.2790697674418605,1.0465116279069768,False,2,1.270124348285207,1.365934536150092,2.0845709672948276,3.2258213887340945,-0.6732011305405965,-1.5329582739393086,-1.0368166220762682,0.015439106089802942,-0.09687031308478809,4.253063981192376,-0.8761204824982672
Lewis Ferguson,sct SCO,MF,Bologna,it Serie A,26.0,1999.0,19,13,1192,13.2,1,0,1,1,0,0,5,0,0.08,827,sct SCO,MF,it Serie A,26-205,1999.0,13.2,1,10,2,20.0,0.7575757575757576,0.15151515151515152,0.1,0.5,0,0,1033,sct SCO,MF,it Serie A,26-205,1999.0,19,1192,63,45.7,13.2,13,84.0,10,6,16.0,9,1.05,15,21,-6,-0.45,-1.09,827,sct SCO,MF,it Serie A,26-205,1999.0,13.2,5,0,0,29,19,3,17,9,12,0,0.07575757575757576,0.0,1.2878787878787878,0.6818181818181819,0.9090909090909092,2.1969696969696972,1.4393939393939394,False,4,-0.2991686013871759,-0.7621682875409468,-0.46516525018357435,-0.6046078944408328,-0.057870179488130745,-0.3830883331327236,-0.12282507273099559,1.676479507206493,0.4725026172678785,-0.4755165358436606,0.395228748407529
Ezequiél Fernández,ar ARG,MF,Leverkusen,de Bundesliga,23.0,2002.0,16,11,905,10.1,0,0,0,0,0,0,4,1,0.0,833,ar ARG,MF,de Bundesliga,23-235,2002.0,10.1,0,10,1,10.0,0.9900990099009901,0.09900990099009901,0.0,0.0,0,0,1043,ar ARG,MF,de Bundesliga,23-235,2002.0,16,905,57,38.7,10.1,11,69.0,2,5,28.0,2,1.94,18,15,3,0.3,-0.52,833,ar ARG,MF,de Bundesliga,23-235,2002.0,10.1,4,1,1,12,21,1,4,11,16,0,0.0,0.0,0.39603960396039606,1.0891089108910892,1.5841584158415842,1.188118811881188,2.0792079207920793,False,4,-0.7345208390382241,-0.7621682875409468,-0.21626385160290842,-0.7308848608646098,-0.5778791967356789,0.44502656918037437,1.2669074810825376,-0.1491466040149543,1.3997338791959282,-1.2144441633464464,0.6876916685464861
Manu Fernández,es ESP,DF,Celta Vigo,es La Liga,24.0,2001.0,13,9,713,7.9,0,0,0,0,0,0,2,0,0.0,834,es ESP,DF,es La Liga,24-328,2001.0,7.9,0,2,0,0.0,0.2531645569620253,0.0,0.0,,0,0,1046,es ESP,DF,es La Liga,24-328,2001.0,13,713,55,28.3,7.9,9,74.0,3,4,11.0,12,1.54,11,10,1,0.13,-0.17,834,es ESP,DF,es La Liga,24-328,2001.0,7.9,2,0,0,7,7,0,0,6,9,0,0.0,0.0,0.0,0.7594936708860759,1.1392405063291138,0.8860759493670886,0.8860759493670886,False,1,-0.7345208390382241,-0.7621682875409468,-1.0051054584725272,-0.9690071404065893,-0.8087999377842117,-0.2251563561687531,0.35097404266197224,-0.6957262270931781,-0.329376918122938,-1.6784062107871498,-0.788629826682502
Roberto Férnandez,es ESP,FW,Espanyol,es La Liga,23.0,2002.0,28,19,1806,20.1,5,2,7,4,1,1,3,0,0.3,836,es ESP,FW,es La Liga,23-257,2002.0,20.1,5,44,17,38.6,2.189054726368159,0.8457711442786069,0.09,0.24,1,1,1049,es ESP,FW,es La Liga,23-257,2002.0,28,1806,65,71.7,20.1,19,82.0,10,9,27.0,0,1.32,22,29,-7,-0.35,-0.35,836,es ESP,FW,es La Liga,23-257,2002.0,20.1,3,0,0,28,35,5,7,5,2,0,0.24875621890547261,0.09950248756218905,0.34825870646766166,0.24875621890547261,0.09950248756218905,1.3930348258706466,1.7412935323383083,False,0,0.6949939711592473,0.14836326886417425,1.067142223620731,1.065102083342558,-0.605739037384569,-1.2636020289128718,-1.7894900704354646,0.2216713545912417,0.9100215660249203,2.4752178076097278,-0.9902518137767221
Junior Firpo,do DOM,DF,Real Betis,es La Liga,29.0,1996.0,10,8,672,7.5,0,1,1,0,0,0,2,0,0.13,843,do DOM,DF,es La Liga,29-207,1996.0,7.5,0,5,0,0.0,0.6666666666666666,0.0,0.0,,0,0,1058,do DOM,DF,es La Liga,29-207,1996.0,10,672,67,26.7,7.5,8,78.0,3,2,26.0,11,1.0,11,11,0,0.0,-0.39,843,do DOM,DF,es La Liga,29-207,1996.0,7.5,2,0,0,10,7,0,18,8,13,0,0.0,0.13333333333333333,2.4,1.0666666666666667,1.7333333333333334,1.3333333333333333,0.9333333333333333,False,4,-0.7345208390382241,0.4579439980419155,-0.5624776679512412,-0.9690071404065893,0.5905797529698967,0.399396370511483,1.574007492529688,0.11363496857424427,-0.26089056889579854,-1.519004098459845,1.4210110606939457
Kilian Fischer,de GER,DF,Wolfsburg,de Bundesliga,25.0,2000.0,11,10,800,8.9,0,0,0,0,0,0,0,0,0.0,845,de GER,DF,de Bundesliga,25-156,2000.0,8.9,0,2,0,0.0,0.2247191011235955,0.0,0.0,,0,0,1060,de GER,DF,de Bundesliga,25-156,2000.0,11,800,73,34.2,8.9,10,78.0,5,1,18.0,4,0.73,10,21,-11,-1.24,-0.65,845,de GER,DF,de Bundesliga,25-156,2000.0,8.9,0,0,0,10,4,0,16,12,13,1,0.0,0.0,1.797752808988764,1.348314606741573,1.4606741573033708,1.1235955056179774,0.449438202247191,False,1,-0.7345208390382241,-0.7621682875409468,-1.0355545153760783,-0.9690071404065893,0.23942454967204932,0.9720508399925835,1.0126957285422642,-0.26590858979258614,-0.9621611038993765,-2.3219215324723814,0.10583647568410805
Rayan Fofana,fr FRA,FW,Lens,fr Ligue 1,20.0,2006.0,21,5,672,7.5,5,0,5,5,0,0,0,0,0.67,853,fr FRA,FW,fr Ligue 1,20-033,2006.0,7.5,5,31,11,35.5,4.133333333333334,1.4666666666666666,0.16,0.45,0,0,1069,fr FRA,FW,fr Ligue 1,20-033,2006.0,21,672,32,28.7,7.5,5,65.0,0,16,22.0,5,2.05,16,6,10,1.34,0.48,853,fr FRA,FW,fr Ligue 1,20-033,2006.0,7.5,0,0,0,11,30,6,4,1,3,0,0.6666666666666666,0.0,0.5333333333333333,0.13333333333333333,0.4,1.4666666666666666,4.0,False,2,3.0965788522909996,-0.7621682875409468,3.148369196255787,2.558377560541932,-0.49782667317218754,-1.4982830682476957,-1.1708687159802416,0.354916230678872,4.183384307736783,5.755758665827185,-0.148197923986101
Seko Fofana,ci CIV,MF,Rennes,fr Ligue 1,30.0,1995.0,12,7,655,7.3,1,0,1,1,0,0,0,0,0.14,855,ci CIV,MF,fr Ligue 1,30-314,1995.0,7.3,1,9,3,33.3,1.2328767123287672,0.4109589041095891,0.11,0.33,0,0,1071,ci CIV,MF,fr Ligue 1,30-314,1995.0,12,655,55,28.0,7.3,7,83.0,4,5,14.0,1,1.5,9,12,-3,-0.41,-0.89,855,ci CIV,MF,fr Ligue 1,30-314,1995.0,7.3,0,0,0,3,13,0,7,3,2,0,0.136986301369863,0.0,0.9589041095890412,0.4109589041095891,0.273972602739726,0.4109589041095891,1.7808219178082192,False,0,0.05269142630339722,-0.7621682875409468,0.043614285633679105,0.019363417144366405,-0.24968704764272992,-0.9338069925306796,-1.4303159192503583,-1.5555025295468108,0.9673068955220203,0.6728027938163795,-1.3661791530039162
Youssouf Fofana,fr FRA,MF,Milan,it Serie A,27.0,1999.0,24,21,1668,18.5,1,3,4,1,0,0,4,0,0.22,857,fr FRA,MF,it Serie A,27-066,1999.0,18.5,1,35,13,37.1,1.8918918918918919,0.7027027027027027,0.03,0.08,0,0,1073,fr FRA,MF,it Serie A,27-066,1999.0,24,1668,70,63.9,18.5,21,75.0,8,3,28.0,3,2.17,29,14,15,0.81,0.05,857,fr FRA,MF,it Serie A,27-066,1999.0,18.5,4,0,0,17,14,0,9,9,14,0,0.05405405405405406,0.16216216216216217,0.4864864864864865,0.4864864864864865,0.7567567567567568,0.918918918918919,0.7567567567567568,False,0,-0.42389113433585457,0.7217520597895615,0.7490482507913674,0.7210174706129727,-0.5251418923610816,-0.7802421995280063,-0.43642886559515226,-0.6362932785077068,-0.5167888872917991,0.9027121883812194,-0.6576733772689308
Francesco Folino,it ITA,DF,Cremonese,it Serie A,24.0,2002.0,15,7,684,7.6,1,0,1,1,0,0,1,0,0.13,859,it ITA,DF,it Serie A,24-053,2002.0,7.6,1,1,1,100.0,0.13157894736842105,0.13157894736842105,1.0,1.0,0,0,1076,it ITA,DF,it Serie A,24-053,2002.0,15,684,46,26.2,7.6,7,87.0,6,8,10.0,13,0.8,4,15,-11,-1.45,-0.98,859,it ITA,DF,it Serie A,24-053,2002.0,7.6,1,0,0,11,8,0,1,1,4,0,0.13157894736842105,0.0,0.13157894736842105,0.13157894736842105,0.5263157894736842,1.4473684210526316,1.0526315789473684,False,1,0.02161725793464901,-0.7621682875409468,-1.1352551444609291,-0.6525551636468534,-0.7320795600016399,-1.5018501348619047,-0.910827812016143,0.3199939427426762,-0.08800115721901629,-0.3400172879008408,-1.1778485906409322
Nicolas Fonseca,uy URU,MF,Oviedo,es La Liga,27.0,1998.0,11,4,450,5.0,0,0,0,0,0,0,3,0,0.0,861,uy URU,MF,es La Liga,27-149,1998.0,5.0,0,5,1,20.0,1.0,0.2,0.0,0.0,0,0,1078,uy URU,MF,es La Liga,27-149,1998.0,11,450,41,17.9,5.0,4,69.0,0,7,25.0,0,0.91,6,10,-4,-0.8,0.16,861,uy URU,MF,es La Liga,27-149,1998.0,5.0,3,0,0,11,4,0,1,8,16,0,0.0,0.0,0.2,1.6,3.2,2.2,0.8,False,4,-0.7345208390382241,-0.7621682875409468,-0.2056654694697962,-0.48800013573179085,-0.6921849635547026,1.483784621231014,4.5933713218906105,1.6819631722543256,-0.45411991135808466,-2.6339988356185238,2.208212601339964
Pablo Fornals,es ESP,MF,Real Betis,es La Liga,30.0,1996.0,28,26,2208,24.5,6,4,10,6,0,0,2,0,0.41,863,es ESP,MF,es La Liga,30-023,1996.0,24.5,6,35,15,42.9,1.4285714285714286,0.6122448979591837,0.17,0.4,0,0,1081,es ESP,MF,es La Liga,30-023,1996.0,28,2208,79,87.6,24.5,26,82.0,14,2,38.0,0,1.57,40,32,8,0.33,0.33,863,es ESP,MF,es La Liga,30-023,1996.0,24.5,2,0,0,24,20,10,109,26,23,0,0.24489795918367346,0.16326530612244897,4.448979591836735,1.0612244897959184,0.9387755102040817,0.9795918367346939,0.8163265306122449,False,3,0.6728219047153683,0.7318467560299049,0.25309307143491877,0.5034632820672834,1.7852882644640504,0.38833118427965124,-0.06171465621500465,-0.5264989921115029,-0.4304591755463762,0.753091087331454,0.7991473843526787
Niccolò Fortini,it ITA,MF,Fiorentina,it Serie A,20.0,2006.0,16,2,541,6.0,0,0,0,0,0,0,0,0,0.0,865,it ITA,MF,it Serie A,20-032,2006.0,6.0,0,8,2,25.0,1.3333333333333333,0.3333333333333333,0.0,0.0,0,0,1084,it ITA,MF,it Serie A,20-032,2006.0,16,541,34,20.7,6.0,2,78.0,1,14,28.0,12,0.81,9,12,-3,-0.5,-0.24,865,it ITA,MF,it Serie A,20-032,2006.0,6.0,0,0,0,5,18,0,29,4,9,0,0.0,0.0,4.833333333333333,0.6666666666666666,1.5,0.8333333333333334,3.0,False,3,-0.7345208390382241,-0.7621682875409468,0.1511467290116487,-0.16732879928192534,2.0093952727622564,-0.41389481752816504,1.0936541560404502,-0.7911697643181098,2.734164239269637,0.07455357719793113,2.2356161979207574
Dimitri Foulquier,fr FRA,DF,Valencia,es La Liga,32.0,1993.0,15,12,1150,12.8,0,0,0,0,0,0,1,0,0.0,867,fr FRA,DF,es La Liga,32-359,1993.0,12.8,0,6,1,16.7,0.46875,0.078125,0.0,0.0,0,0,1087,fr FRA,DF,es La Liga,32-359,1993.0,15,1150,77,45.6,12.8,12,88.0,11,3,32.0,3,1.27,16,21,-5,-0.39,0.07,867,fr FRA,DF,es La Liga,32-359,1993.0,12.8,1,0,0,16,7,0,11,8,9,0,0.0,0.0,0.859375,0.625,0.703125,1.25,0.546875,False,1,-0.7345208390382241,-0.7621682875409468,-0.774334910799599,-0.7811137792054962,-0.30771997039179,-0.4986126496156283,-0.5468382654518124,-0.03716582024114798,-0.8209537411888311,-1.1716312694357849,-0.952808732467469
Juan Foyth,ar ARG,DF,Villarreal,es La Liga,28.0,1998.0,13,12,934,10.4,0,0,0,0,0,0,2,0,0.0,868,ar ARG,DF,es La Liga,28-064,1998.0,10.4,0,2,0,0.0,0.1923076923076923,0.0,0.0,,0,0,1088,ar ARG,DF,es La Liga,28-064,1998.0,13,934,72,37.1,10.4,12,77.0,8,1,11.0,2,2.15,22,9,13,1.25,0.97,868,ar ARG,DF,es La Liga,28-064,1998.0,10.4,2,0,0,8,1,0,0,15,13,0,0.0,0.0,0.0,1.4423076923076923,1.25,0.7692307692307692,0.09615384615384615,False,1,-0.7345208390382241,-0.7621682875409468,-1.0702488734825282,-0.9690071404065893,-0.8087999377842117,1.163160210561537,0.5789898669448386,-0.9071703710991811,-1.4741478826253451,-2.537798426225284,-1.0822131761359748
Alejandro Francés,es ESP,DF,Girona,es La Liga,23.0,2002.0,17,6,619,6.9,0,1,1,0,0,0,1,1,0.15,869,es ESP,DF,es La Liga,23-228,2002.0,6.9,0,7,4,57.1,1.0144927536231882,0.5797101449275363,0.0,0.0,0,0,1091,es ESP,DF,es La Liga,23-228,2002.0,17,619,36,24.6,6.9,6,68.0,1,11,19.0,6,1.53,9,14,-5,-0.73,-0.4,869,es ESP,DF,es La Liga,23-228,2002.0,6.9,1,1,0,8,12,0,15,8,9,0,0.0,0.14492753623188406,2.1739130434782608,1.1594202898550725,1.3043478260869565,1.1594202898550725,1.7391304347826086,False,4,-0.7345208390382241,0.5640407185273819,-0.190151895622777,0.42521606154934816,0.45875412992784304,0.5879856315061841,0.6908734080525802,-0.20107972112744396,0.9068867616371482,-0.23568946139360458,1.2312092877666974
Przemysław Frankowski,pl POL,MF,Rennes,fr Ligue 1,30.0,1995.0,17,14,1126,12.5,1,2,3,1,0,0,5,0,0.24,870,pl POL,MF,fr Ligue 1,30-339,1995.0,12.5,1,9,3,33.3,0.72,0.24,0.11,0.33,0,0,1094,pl POL,MF,fr Ligue 1,30-339,1995.0,17,1126,66,48.1,12.5,14,76.0,5,3,22.0,1,1.65,20,16,4,0.32,0.17,870,pl POL,MF,fr Ligue 1,30-339,1995.0,12.5,5,0,0,12,9,1,74,9,25,0,0.08,0.16,5.92,0.72,2.0,0.96,0.72,False,3,-0.2747888760787172,0.701966455158488,-0.50538771619421,-0.39179873479683125,2.643003299409256,-0.3054559924562119,2.1229827342316736,-0.5619525653187135,-0.5700575168354565,-0.7638678222678417,2.40925693047319
Davide Frattesi,it ITA,MF,Inter,it Serie A,26.0,1999.0,17,3,490,5.4,0,0,0,0,0,0,0,0,0.0,871,it ITA,MF,it Serie A,26-146,1999.0,5.4,0,12,3,25.0,2.222222222222222,0.5555555555555555,0.0,0.0,0,0,1095,it ITA,MF,it Serie A,26-146,1999.0,17,490,29,18.8,5.4,3,80.0,2,14,18.0,11,2.53,13,3,10,1.84,0.48,871,it ITA,MF,it Serie A,26-146,1999.0,5.4,0,0,0,8,10,2,0,3,6,0,0.0,0.0,0.0,0.5555555555555555,1.111111111111111,1.4814814814814814,1.8518518518518516,False,0,-0.7345208390382241,-0.7621682875409468,1.1026459249621683,0.36712342813451715,-0.8087999377842117,-0.6398090364280673,0.2930652618917205,0.3817252598016085,1.0702449013999502,0.5497641656102182,-0.005189806802997833
Morten Frendrup,dk DEN,MF,Genoa,it Serie A,24.0,2001.0,28,27,2376,26.4,1,0,1,1,0,0,3,0,0.04,875,dk DEN,MF,it Serie A,24-344,2001.0,26.4,1,8,3,37.5,0.30303030303030304,0.11363636363636365,0.13,0.33,0,0,1100,dk DEN,MF,it Serie A,24-344,2001.0,28,2376,85,91.0,26.4,27,87.0,20,1,28.0,0,1.07,33,36,-3,-0.11,0.27,875,dk DEN,MF,it Serie A,24-344,2001.0,26.4,3,0,0,34,33,0,3,33,56,0,0.03787878787878788,0.0,0.11363636363636365,1.25,2.121212121212121,1.2878787878787878,1.25,False,4,-0.5168447202127,-0.7621682875409468,-0.9517273390219084,-0.6957077059322719,-0.7425414296992634,0.7721548316963217,2.3725169350053035,0.031379992856757584,0.19802911945213106,-2.132501760504998,0.7084112383965023
Remo Freuler,ch SUI,MF,Bologna,it Serie A,33.0,1992.0,21,18,1518,16.9,0,2,2,0,0,0,5,0,0.12,877,ch SUI,MF,it Serie A,33-336,1992.0,16.9,0,5,0,0.0,0.2958579881656805,0.0,0.0,,0,0,1102,ch SUI,MF,it Serie A,33-336,1992.0,21,1518,72,58.2,16.9,18,81.0,11,3,21.0,2,1.57,22,20,2,0.12,-0.05,877,ch SUI,MF,it Serie A,33-336,1992.0,16.9,5,0,0,16,18,0,11,9,29,1,0.0,0.1183431952662722,0.6508875739644971,0.5325443786982249,1.7159763313609468,0.9467455621301776,1.0650887573964498,False,4,-0.7345208390382241,0.32077161090538076,-0.9594048473270498,-0.9690071404065893,-0.4292837494633242,-0.6865960048392894,1.5382753762058903,-0.5859379215515994,-0.069947964214131,-1.4317737769518584,0.5345910633995251
Marco Friedl,at AUT,DF,Werder Bremen,de Bundesliga,28.0,1998.0,24,24,2118,23.5,1,0,1,1,0,0,7,0,0.04,878,at AUT,DF,de Bundesliga,28-001,1998.0,23.5,1,8,2,25.0,0.3404255319148936,0.0851063829787234,0.13,0.5,0,0,1103,at AUT,DF,de Bundesliga,28-001,1998.0,24,2118,88,90.5,23.5,24,88.0,22,0,,0,1.0,26,40,-14,-0.59,1.03,878,at AUT,DF,de Bundesliga,28-001,1998.0,23.5,7,0,0,13,15,1,15,28,19,0,0.0425531914893617,0.0,0.6382978723404256,1.1914893617021276,0.8085106382978723,0.5531914893617021,0.6382978723404256,False,1,-0.4899825608682736,-0.7621682875409468,-0.9116981175288256,-0.7643233086300792,-0.43662448811556576,0.6531893653607348,-0.3298853669899654,-1.2981170969315565,-0.6884618798761764,-1.6485626249960375,-1.2375742356080424
Chris Führich,de GER,MF,Stuttgart,de Bundesliga,28.0,1998.0,25,13,1146,12.7,4,5,9,4,0,0,1,0,0.71,882,de GER,MF,de Bundesliga,28-067,1998.0,12.7,4,24,13,54.2,1.8897637795275593,1.0236220472440944,0.17,0.31,0,0,1109,de GER,MF,de Bundesliga,28-067,1998.0,25,1146,46,49.0,12.7,13,68.0,0,12,22.0,1,1.88,24,18,6,0.47,-0.36,882,de GER,MF,de Bundesliga,28-067,1998.0,12.7,1,0,0,4,4,2,51,1,7,0,0.31496062992125984,0.3937007874015748,4.015748031496063,0.07874015748031496,0.5511811023622047,0.31496062992125984,0.31496062992125984,False,3,1.0754475190700705,2.840525469101363,0.7467702414373681,1.492839733913245,1.5326818282413635,-1.6092834403685925,-0.8596386576925015,-1.7292219152170074,-1.157048700472858,2.850309294412001,0.14765203440409838
Joel Fujita,jp JPN,MF,St Pauli,de Bundesliga,24.0,2002.0,25,24,2123,23.6,1,3,4,1,0,0,4,0,0.17,883,jp JPN,MF,de Bundesliga,24-029,2002.0,23.6,1,26,5,19.2,1.1016949152542372,0.211864406779661,0.04,0.2,0,0,1110,jp JPN,MF,de Bundesliga,24-029,2002.0,25,2123,85,90.7,23.6,24,88.0,19,1,22.0,0,0.84,20,38,-18,-0.76,-0.35,883,jp JPN,MF,de Bundesliga,24-029,2002.0,23.6,4,0,0,28,12,3,25,28,26,0,0.0423728813559322,0.1271186440677966,1.059322033898305,1.1864406779661016,1.1016949152542372,1.1864406779661016,0.5084745762711864,False,1,-0.49101874001306156,0.4010743576122058,-0.09680751061105032,-0.45946582189515034,-0.19113587936520202,0.6429242403764622,0.2736805429050687,-0.15218337103254903,-0.8766044058942698,-0.918491235929832,-0.04287055060465813
Matteo Gabbia,it ITA,DF,Milan,it Serie A,26.0,1999.0,24,22,1990,22.1,0,0,0,0,0,0,3,0,0.0,886,it ITA,DF,it Serie A,26-147,1999.0,22.1,0,18,3,16.7,0.8144796380090498,0.13574660633484162,0.0,0.0,0,0,1117,it ITA,DF,it Serie A,26-147,1999.0,24,1990,83,76.2,22.1,22,88.0,20,2,29.0,1,2.13,36,17,19,0.86,0.28,886,it ITA,DF,it Serie A,26-147,1999.0,22.1,3,0,0,18,5,0,1,12,10,0,0.0,0.0,0.04524886877828054,0.5429864253393665,0.4524886877828054,0.8144796380090498,0.2262443438914027,False,1,-0.7345208390382241,-0.7621682875409468,-0.4042532541449895,-0.6425317978671333,-0.7824164594517435,-0.6653649435434408,-1.0628125032470455,-0.8252875898419543,-1.2856181225871985,-0.9212708629243246,-1.9253138118389816
Tiago Gabriel,pt POR,DF,Lecce,it Serie A,21.0,2004.0,29,28,2499,27.8,1,0,1,1,0,0,4,0,0.04,887,pt POR,DF,it Serie A,21-081,2004.0,27.8,1,17,3,17.6,0.6115107913669064,0.1079136690647482,0.06,0.33,0,0,1119,pt POR,DF,it Serie A,21-081,2004.0,29,2499,86,95.7,27.8,28,89.0,26,1,12.0,0,0.93,21,35,-14,-0.5,2.74,887,pt POR,DF,it Serie A,21-081,2004.0,27.8,4,0,0,23,35,0,1,35,31,1,0.03597122302158273,0.0,0.03597122302158273,1.2589928057553956,1.1151079136690647,0.8273381294964028,1.2589928057553956,False,1,-0.5278068269161437,-0.7621682875409468,-0.6215185353258688,-0.7094709868050794,-0.7878260215558827,0.7904392558878605,0.3012933080802997,-0.8020187419307281,0.21106167402467726,-1.5075927586721298,-0.5918799702413315
Roberto Gagliardini,it ITA,MF,Hellas Verona,it Serie A,31.0,1994.0,21,17,1585,17.6,1,0,1,1,0,0,5,0,0.06,889,it ITA,MF,it Serie A,31-344,1994.0,17.6,1,11,3,27.3,0.625,0.17045454545454544,0.09,0.33,0,0,1122,it ITA,MF,it Serie A,31-344,1994.0,21,1585,75,60.7,17.6,17,83.0,13,4,43.0,1,0.57,14,28,-14,-0.79,0.52,889,it ITA,MF,it Serie A,31-344,1994.0,17.6,5,0,0,28,22,0,13,42,30,0,0.056818181818181816,0.0,0.7386363636363635,2.3863636363636362,1.7045454545454544,1.5909090909090908,1.25,False,4,-0.4080066607999379,-0.7621682875409468,-0.6070791927614217,-0.5590579886951134,-0.37811963523204767,3.0826411613544122,1.5147431198459504,0.5797464976400025,0.19802911945213106,-2.396244512572268,0.8331599712947838
Javi Galán,es ESP,DF,Osasuna,es La Liga,31.0,1994.0,11,11,960,10.7,0,1,1,0,0,0,1,0,0.09,891,es ESP,DF,es La Liga,31-118,1994.0,10.7,0,4,1,25.0,0.3738317757009346,0.09345794392523366,0.0,0.0,0,0,1124,es ESP,DF,es La Liga,31-118,1994.0,11,960,87,38.1,10.7,11,87.0,9,0,,0,1.45,14,15,-1,-0.09,-0.04,891,es ESP,DF,es La Liga,31-118,1994.0,10.7,1,0,0,13,24,0,40,17,21,0,0.0,0.09345794392523366,3.738317757009346,1.5887850467289721,1.9626168224299068,1.2149532710280375,2.2429906542056077,False,4,-0.7345208390382241,0.09305060422274183,-0.8759388516639124,-0.7442375120538797,1.3709192066925928,1.4609820645570053,2.0460235881986857,-0.10058671273360248,1.6370911033272182,-1.6783844586073264,2.6635030609381447
Iñigo Ruiz de Galarreta,es ESP,MF,Athletic Club,es La Liga,32.0,1993.0,25,23,1646,18.3,1,1,2,1,0,0,10,0,0.11,893,es ESP,MF,es La Liga,32-223,1993.0,18.3,1,16,2,12.5,0.8743169398907104,0.1092896174863388,0.06,0.5,0,0,1126,es ESP,MF,es La Liga,32-223,1993.0,25,1646,66,65.3,18.3,23,68.0,3,2,45.0,1,1.16,19,27,-8,-0.44,-0.23,893,es ESP,MF,es La Liga,32-223,1993.0,18.3,10,0,0,44,30,0,37,15,25,0,0.0546448087431694,0.0546448087431694,2.021857923497268,0.819672131147541,1.366120218579235,2.4043715846994536,1.639344262295082,False,4,-0.4204962741751729,-0.2621222688594459,-0.3402012164382099,-0.7061617826607978,0.37009461043760106,-0.1027998275676438,0.8180415859236745,2.0517959264638774,0.7622746379127003,-0.6153318824445397,1.5784984714607673
Conor Gallagher,eng ENG,MF,Atlético Madrid,es La Liga,26.0,2000.0,19,4,679,7.5,2,0,2,2,0,0,2,0,0.27,895,eng ENG,MF,es La Liga,26-039,2000.0,7.5,2,13,5,38.5,1.7333333333333334,0.6666666666666666,0.15,0.4,0,0,1128,eng ENG,MF,es La Liga,26-039,2000.0,19,679,36,26.9,7.5,4,65.0,1,15,28.0,0,2.0,15,7,8,1.06,0.38,895,eng ENG,MF,es La Liga,26-039,2000.0,7.5,2,0,0,18,9,2,11,11,12,0,0.26666666666666666,0.0,1.4666666666666666,1.4666666666666666,1.6,2.4,1.2,False,4,0.7979190374934654,-0.7621682875409468,0.5793213671893828,0.6343495418427386,0.04637653989885457,1.2126875585511308,1.2995198716786953,2.0438850654112666,0.12556811602877369,0.14936265054541203,1.0198807411865536
Antonino Gallo,it ITA,DF,Lecce,it Serie A,26.0,2000.0,29,27,2387,26.5,0,3,3,0,0,0,2,0,0.11,896,it ITA,DF,it Serie A,26-071,2000.0,26.5,0,5,1,20.0,0.18867924528301888,0.03773584905660377,0.0,0.0,0,0,1129,it ITA,DF,it Serie A,26-071,2000.0,29,2387,82,91.5,26.5,27,87.0,23,2,22.0,0,0.93,18,36,-18,-0.68,-0.68,896,it ITA,DF,it Serie A,26-071,2000.0,26.5,2,0,0,6,10,0,100,11,35,0,0.0,0.11320754716981132,3.7735849056603774,0.41509433962264153,1.320754716981132,0.22641509433962265,0.37735849056603776,False,3,-0.7345208390382241,0.2737761058784646,-1.0741328959623697,-0.8782511017887028,1.3914825948480343,-0.9253987093770001,0.7246495714058606,-1.8894547545585147,-1.0666204685970295,-1.3064972180229741,0.27817023035253785
Ismaëlo Ganiou,bf BFA,DF,Lens,fr Ligue 1,21.0,2005.0,15,15,1332,14.8,2,0,2,2,0,0,4,1,0.14,900,bf BFA,DF,fr Ligue 1,21-003,2005.0,14.8,2,11,2,18.2,0.7432432432432432,0.13513513513513511,0.18,1.0,0,0,1133,bf BFA,DF,fr Ligue 1,21-003,2005.0,15,1332,89,56.9,14.8,15,89.0,14,0,,8,2.27,29,13,16,1.08,0.19,900,bf BFA,DF,fr Ligue 1,21-003,2005.0,14.8,4,1,1,18,16,0,9,15,16,0,0.13513513513513511,0.0,0.6081081081081081,1.0135135135135134,1.081081081081081,1.2162162162162162,1.081081081081081,False,1,0.04205342271769956,-0.7621682875409468,-0.48050729802982817,-0.6440024075182119,-0.454227381005299,0.29132389282152954,0.2312437256640194,-0.09830127516630703,-0.046771567788941155,-0.9393540909955789,-0.4400887299317307
Facundo Garcés,my MAS,DF,Alavés,es La Liga,26.0,1999.0,10,8,793,8.8,0,0,0,0,0,0,3,0,0.0,902,my MAS,DF,es La Liga,26-193,1999.0,8.8,0,8,4,50.0,0.9090909090909091,0.45454545454545453,0.0,0.0,0,0,1135,my MAS,DF,es La Liga,26-193,1999.0,10,793,79,31.5,8.8,8,90.0,8,2,37.0,1,1.2,8,11,-3,-0.34,0.13,902,my MAS,DF,es La Liga,26-193,1999.0,8.8,3,0,0,13,3,2,1,7,8,0,0.0,0.0,0.11363636363636363,0.7954545454545454,0.9090909090909091,1.477272727272727,0.3409090909090909,False,1,-0.7345208390382241,-0.7621682875409468,-0.30297788723746305,0.12419059749067976,-0.7425414296992634,-0.15203970016691473,-0.12282507273099581,0.37410905834628544,-1.1194436700634565,-0.8092371150510744,-0.9911741365777138
Aleix García,es ESP,MF,Leverkusen,de Bundesliga,28.0,1997.0,26,24,2104,23.4,2,5,7,2,0,0,4,0,0.3,903,es ESP,MF,de Bundesliga,28-262,1997.0,23.4,2,23,4,17.4,0.982905982905983,0.17094017094017094,0.09,0.5,0,0,1136,es ESP,MF,de Bundesliga,28-262,1997.0,26,2104,81,89.9,23.4,24,84.0,17,2,43.0,0,1.73,47,30,17,0.73,1.11,903,es ESP,MF,de Bundesliga,28-262,1997.0,23.4,4,0,0,7,17,2,95,19,14,0,0.08547008547008547,0.2136752136752137,4.0598290598290605,0.811965811965812,0.5982905982905983,0.29914529914529914,0.7264957264957266,False,3,-0.24335421194473383,1.1931398624315892,-0.22396353093038304,-0.557890042393941,1.5583843681566771,-0.11846853127444665,-0.7626563567659445,-1.757841487493702,-0.5606437796385757,-0.05933618547356721,0.22616630640462765
Gonzalo García,es ESP,FW,Real Madrid,es La Liga,21.0,2004.0,23,6,676,7.5,4,0,4,4,0,0,1,0,0.53,909,es ESP,FW,es La Liga,21-358,2004.0,7.5,4,14,9,64.3,1.8666666666666667,1.2,0.29,0.44,0,0,1143,es ESP,FW,es La Liga,21-358,2004.0,23,676,29,26.8,7.5,6,75.0,2,17,13.0,5,2.3,21,8,13,1.73,0.61,909,es ESP,FW,es La Liga,21-358,2004.0,7.5,1,0,0,5,3,0,1,2,7,0,0.5333333333333333,0.0,0.13333333333333333,0.26666666666666666,0.9333333333333333,0.6666666666666666,0.4,False,2,2.330358914025155,-0.7621682875409468,0.7220462465819607,1.917034887642201,-0.7310566216312057,-1.2271860055678128,-0.07291823257626974,-1.0927713419488947,-1.0338079387449433,2.2577714540199136,-2.0938377721051156
Federico Gatti,it ITA,DF,Juventus,it Serie A,27.0,1998.0,16,11,957,10.6,2,0,2,2,0,0,3,0,0.19,920,it ITA,DF,it Serie A,27-266,1998.0,10.6,2,12,6,50.0,1.1320754716981132,0.5660377358490566,0.17,0.33,0,0,1158,it ITA,DF,it Serie A,27-266,1998.0,16,957,60,36.7,10.6,11,79.0,6,5,18.0,6,2.0,10,10,0,0.0,-1.25,920,it ITA,DF,it Serie A,27-266,1998.0,10.6,3,0,0,14,6,0,2,11,7,0,0.18867924528301888,0.0,0.18867924528301888,1.0377358490566038,0.6603773584905661,1.3207547169811322,0.5660377358490566,False,1,0.34975265850778275,-0.7621682875409468,-0.0642870512035633,0.392333438861708,-0.6987858111525994,0.340573422948867,-0.6348410035636798,0.09087258535682695,-0.7931827198296435,-0.0593459764537378,-1.3340461184295818
Yannick Gerhardt,de GER,MF,Wolfsburg,de Bundesliga,32.0,1994.0,15,12,1006,11.2,1,0,1,1,0,0,1,0,0.09,932,de GER,MF,de Bundesliga,32-004,1994.0,11.2,1,10,1,10.0,0.8928571428571429,0.08928571428571429,0.1,1.0,0,0,1173,de GER,MF,de Bundesliga,32-004,1994.0,15,1006,67,43.0,11.2,12,81.0,4,3,10.0,7,1.0,16,28,-12,-1.07,-0.47,932,de GER,MF,de Bundesliga,32-004,1994.0,11.2,1,0,0,19,13,0,7,9,8,0,0.08928571428571429,0.0,0.625,0.8035714285714286,0.7142857142857143,1.6964285714285716,1.1607142857142858,False,1,-0.22142713037806014,-0.7621682875409468,-0.3203551046959749,-0.7542718704624828,-0.4443781433169959,-0.1355362263836425,-0.5238621811171867,0.7706955484127401,0.0686344704818503,-0.6068077988837797,-0.45185703449778103
Willem Geubbels,fr FRA,FW,Paris FC,fr Ligue 1,24.0,2001.0,18,8,725,8.1,3,0,3,2,1,1,0,0,0.25,933,fr FRA,FW,fr Ligue 1,24-213,2001.0,8.1,3,23,6,26.1,2.8395061728395063,0.7407407407407408,0.09,0.33,1,1,1174,fr FRA,FW,fr Ligue 1,24-213,2001.0,18,725,40,31.0,8.1,8,66.0,0,10,20.0,4,1.0,10,15,-5,-0.62,-0.23,933,fr FRA,FW,fr Ligue 1,24-213,2001.0,8.1,0,0,0,15,2,7,7,4,1,0,0.3703703703703704,0.0,0.8641975308641976,0.4938271604938272,0.1234567901234568,1.8518518518518519,0.2469135802469136,False,0,1.3938678783669005,-0.7621682875409468,1.7634092554833631,0.8125002843148864,-0.30490807382954294,-0.7653169358169016,-1.7401763740415603,1.0519509878700193,-1.2556638504609015,2.1804090714850966,-1.7675969139276848
Daniele Ghilardi,it ITA,DF,Roma,it Serie A,23.0,2003.0,15,7,754,8.4,0,0,0,0,0,0,1,0,0.0,937,it ITA,DF,it Serie A,23-070,2003.0,8.4,0,1,0,0.0,0.11904761904761904,0.0,0.0,,0,0,1178,it ITA,DF,it Serie A,23-070,2003.0,15,754,50,28.9,8.4,7,84.0,6,8,21.0,14,1.8,12,11,1,0.12,-0.61,937,it ITA,DF,it Serie A,23-070,2003.0,8.4,1,0,0,17,12,0,2,11,11,0,0.0,0.0,0.23809523809523808,1.3095238095238095,1.3095238095238095,2.0238095238095237,1.4285714285714286,False,4,-0.7345208390382241,-0.7621682875409468,-1.1486691368850435,-0.9690071404065893,-0.6699725875109865,0.8931803061069836,0.7015289833961746,1.363127218758924,0.45681841739269297,-1.9305402476022755,0.5331639432890107
Dimitris Giannoulis,gr GRE,MF,Augsburg,de Bundesliga,30.0,1995.0,20,18,1365,15.2,2,3,5,2,0,0,6,0,0.33,939,gr GRE,MF,de Bundesliga,30-151,1995.0,15.2,2,9,5,55.6,0.5921052631578948,0.32894736842105265,0.22,0.4,0,0,1181,gr GRE,MF,de Bundesliga,30-151,1995.0,20,1365,68,58.3,15.2,18,73.0,5,2,25.0,0,1.25,22,28,-6,-0.4,0.34,939,gr GRE,MF,de Bundesliga,30-151,1995.0,15.2,6,0,0,12,14,4,64,16,17,0,0.13157894736842105,0.19736842105263158,4.2105263157894735,1.0526315789473684,1.118421052631579,0.7894736842105263,0.9210526315789475,False,3,0.02161725793464901,1.043918977302106,-0.6422909228747222,-0.17787719850724976,1.6462521512580837,0.37085983759781105,0.30811392531556925,-0.8705386005367374,-0.27868800833311425,-0.32258053510918905,1.1058034957781808
Bryan Gil,es ESP,MF,Girona,es La Liga,25.0,2001.0,23,17,1349,15.0,0,3,3,0,0,0,4,0,0.2,941,es ESP,MF,es La Liga,25-034,2001.0,15.0,0,20,5,25.0,1.3333333333333333,0.3333333333333333,0.0,0.0,0,0,1183,es ESP,MF,es La Liga,25-034,2001.0,23,1349,59,53.5,15.0,17,72.0,1,6,22.0,0,1.3,17,18,-1,-0.07,0.78,941,es ESP,MF,es La Liga,25-034,2001.0,15.0,4,0,0,16,33,6,41,9,17,0,0.0,0.2,2.7333333333333334,0.6,1.1333333333333333,1.0666666666666667,2.2,False,3,-0.7345208390382241,1.0680001408333468,0.1511467290116487,-0.16732879928192534,0.7849380433524119,-0.5494433488681063,0.33881319870021964,-0.36892755563501123,1.5747881844959202,0.43128999447742306,1.5997363145734957
Mario Gila,es ESP,DF,Lazio,it Serie A,25.0,2000.0,26,26,2197,24.4,0,0,0,0,0,0,3,1,0.0,942,es ESP,DF,it Serie A,25-200,2000.0,24.4,0,11,3,27.3,0.45081967213114754,0.12295081967213116,0.0,0.0,0,0,1184,es ESP,DF,it Serie A,25-200,2000.0,26,2197,85,84.2,24.4,26,85.0,18,0,,0,1.38,27,23,4,0.16,0.82,942,es ESP,DF,it Serie A,25-200,2000.0,24.4,3,1,0,17,21,0,1,24,33,0,0.0,0.0,0.04098360655737705,0.9836065573770493,1.3524590163934427,0.6967213114754098,0.8606557377049181,False,1,-0.7345208390382241,-0.7621682875409468,-0.7935281899187342,-0.6733061129425738,-0.7849034266716074,0.23051623310434322,0.7899178542791058,-1.0383841722121958,-0.36621639900843805,-1.7337262202197323,-0.6695652932554903
Billy Gilmour,sct SCO,MF,Napoli,it Serie A,24.0,2001.0,13,7,623,6.9,1,0,1,1,0,0,1,0,0.14,943,sct SCO,MF,it Serie A,24-279,2001.0,6.9,1,8,2,25.0,1.1594202898550725,0.2898550724637681,0.13,0.5,0,0,1185,sct SCO,MF,it Serie A,24-279,2001.0,13,623,48,23.9,6.9,7,76.0,4,6,15.0,2,2.23,13,4,9,1.3,1.03,943,sct SCO,MF,it Serie A,24-279,2001.0,6.9,1,0,0,8,6,0,4,10,5,0,0.14492753623188406,0.0,0.5797101449275363,1.4492753623188406,0.7246376811594203,1.1594202898550725,0.8695652173913043,False,1,0.09832691994638983,-0.7621682875409468,-0.035016157152583334,-0.27189553942862055,-0.4707855197276637,1.1773270721146245,-0.5025510304299979,-0.20107972112744396,-0.35330460224732674,-0.7201559947640398,-0.9181085114902718
Benedikt Gimber,de GER,DF,Heidenheim,de Bundesliga,29.0,1997.0,19,17,1367,15.2,0,0,0,0,0,0,6,0,0.0,944,de GER,DF,de Bundesliga,29-026,1997.0,15.2,0,4,1,25.0,0.2631578947368421,0.06578947368421052,0.0,0.0,0,0,1186,de GER,DF,de Bundesliga,29-026,1997.0,19,1367,72,58.4,15.2,17,77.0,10,2,30.0,6,0.58,8,37,-29,-1.91,-1.45,944,de GER,DF,de Bundesliga,29-026,1997.0,15.2,6,0,0,26,29,0,5,14,18,0,0.0,0.0,0.32894736842105265,0.9210526315789475,1.1842105263157896,1.7105263157894737,1.9078947368421053,False,4,-0.7345208390382241,-0.7621682875409468,-0.9944082240077272,-0.8107811520267214,-0.6169989933277823,0.10332984153213769,0.4435518961302041,0.7962069600544415,1.151463375022622,-1.3007648199639381,0.4463596236976356
Santiago Giménez,mx MEX,FW,Milan,it Serie A,24.0,2001.0,9,8,621,6.9,0,0,0,0,0,0,1,0,0.0,945,mx MEX,FW,it Serie A,24-333,2001.0,6.9,0,21,7,33.3,3.043478260869565,1.0144927536231882,0.0,0.0,0,0,1187,mx MEX,FW,it Serie A,24-333,2001.0,9,621,69,23.8,6.9,8,73.0,1,1,34.0,0,2.0,13,5,8,1.16,0.48,945,mx MEX,FW,it Serie A,24-333,2001.0,6.9,1,0,0,7,10,6,1,1,4,0,0.0,0.0,0.14492753623188406,0.14492753623188406,0.5797101449275363,1.0144927536231882,1.4492753623188406,False,0,-0.7345208390382241,-0.7621682875409468,1.9817484429599312,1.4708834630163008,-0.7242963332700747,-1.474709410623358,-0.8009071400506423,-0.463341962545518,0.4868229736756566,1.9299591685031376,-1.1263095305882411
Gvidas Gineitis,lt LTU,MF,Torino,it Serie A,21.0,2004.0,21,15,1146,12.7,0,1,1,0,0,0,4,0,0.08,946,lt LTU,MF,it Serie A,21-336,2004.0,12.7,0,11,2,18.2,0.8661417322834646,0.15748031496062992,0.0,0.0,0,0,1188,lt LTU,MF,it Serie A,21-336,2004.0,21,1146,55,43.9,12.7,15,70.0,5,6,17.0,5,1.24,13,22,-9,-0.71,-0.15,946,lt LTU,MF,it Serie A,21-336,2004.0,12.7,4,0,0,31,21,0,51,17,21,0,0.0,0.07874015748031496,4.015748031496063,1.3385826771653544,1.6535433070866143,2.440944881889764,1.6535433070866143,False,4,-0.7345208390382241,-0.04162953621248481,-0.3489522578363607,-0.5902614674343071,1.5326818282413635,0.9522636085751809,1.4097471839889366,2.1179793112544205,0.7828521785776529,-1.0751749287378762,2.7530854134357736
Matthias Ginter,de GER,DF,Freiburg,de Bundesliga,32.0,1994.0,25,25,2250,25.0,2,2,4,2,0,0,1,0,0.16,947,de GER,DF,de Bundesliga,32-057,1994.0,25.0,2,14,6,42.9,0.56,0.24,0.14,0.33,0,0,1189,de GER,DF,de Bundesliga,32-057,1994.0,25,2250,90,96.2,25.0,25,90.0,25,0,,0,1.36,37,41,-4,-0.16,1.84,947,de GER,DF,de Bundesliga,32-057,1994.0,25.0,1,0,0,13,14,2,8,20,10,0,0.08,0.08,0.32,0.8,0.4,0.52,0.56,False,1,-0.2747888760787172,-0.030100916191229392,-0.6766575714653035,-0.39179873479683125,-0.6222159790169971,-0.1427977548482822,-1.1708687159802416,-1.3581807302639852,-0.8019327277901998,-0.614906393966453,-1.6422892626747472
Olivier Giroud,fr FRA,FW,Lille,fr Ligue 1,39.0,1986.0,23,17,1458,16.2,5,1,6,3,2,3,2,0,0.25,950,fr FRA,FW,fr Ligue 1,39-168,1986.0,16.2,5,38,13,34.2,2.345679012345679,0.8024691358024691,0.08,0.23,2,3,1192,fr FRA,FW,fr Ligue 1,39-168,1986.0,23,1458,63,62.3,16.2,17,78.0,4,6,23.0,0,1.61,14,24,-10,-0.62,-2.35,950,fr FRA,FW,fr Ligue 1,39-168,1986.0,16.2,2,0,0,26,27,7,2,4,6,0,0.308641975308642,0.0617283950617284,0.1234567901234568,0.2469135802469136,0.3703703703703704,1.6049382716049383,1.6666666666666667,False,0,1.0391364254660465,-0.197301488659992,1.2347985910664077,0.9609592363750092,-0.7368153857906875,-1.26734853337224,-1.2318659650582402,0.6051338358244122,0.8018708146467755,2.421265961395424,-0.8871700467930945
Serge Gnabry,de GER,MF,Bayern Munich,de Bundesliga,30.0,1995.0,19,14,1069,11.9,6,6,12,6,0,0,1,0,1.01,953,de GER,MF,de Bundesliga,30-246,1995.0,11.9,6,40,15,37.5,3.361344537815126,1.2605042016806722,0.15,0.4,0,0,1196,de GER,MF,de Bundesliga,30-246,1995.0,19,1069,56,45.7,11.9,14,67.0,1,5,26.0,4,2.68,44,13,31,2.61,-0.01,953,de GER,MF,de Bundesliga,30-246,1995.0,11.9,1,0,0,8,3,6,19,4,8,0,0.5042016806722689,0.5042016806722689,1.5966386554621848,0.3361344537815126,0.6722689075630252,0.6722689075630252,0.25210084033613445,False,2,2.162949515748584,3.8517016999572724,2.322004138260104,2.0625496117455016,0.12215994051859153,-1.0859421577850168,-0.6103603809651889,-1.0826334737932382,-1.2481463690392438,4.284586881241307,-0.07170640629830763
Giorgi Gocholeishvili,ge GEO,MF,Hamburger SV,de Bundesliga,25.0,2001.0,20,9,858,9.5,0,2,2,0,0,0,3,1,0.21,955,ge GEO,MF,de Bundesliga,25-031,2001.0,9.5,0,13,2,15.4,1.368421052631579,0.21052631578947367,0.0,0.0,0,0,1198,ge GEO,MF,de Bundesliga,25-031,2001.0,20,858,43,36.7,9.5,9,78.0,1,11,14.0,3,1.4,9,11,-2,-0.21,0.15,955,ge GEO,MF,de Bundesliga,25-031,2001.0,9.5,3,1,1,12,17,3,19,6,13,0,0.0,0.21052631578947367,2.0,0.631578947368421,1.368421052631579,1.263157894736842,1.7894736842105263,False,3,-0.7345208390382241,1.1643247949583093,0.18870590779916932,-0.46268397759101204,0.3573498045108787,-0.48523614981234464,0.822778214411181,-0.013355169375559839,0.9798452090199337,0.03283051335807814,1.552544138050282
Martial Godo,eng ENG,MF,Strasbourg,fr Ligue 1,23.0,2003.0,21,13,1088,12.1,7,1,8,7,0,0,2,0,0.66,956,eng ENG,MF,fr Ligue 1,23-003,2003.0,12.1,7,28,13,46.4,2.31404958677686,1.0743801652892562,0.25,0.54,0,0,1199,eng ENG,MF,fr Ligue 1,23-003,2003.0,21,1088,52,46.5,12.1,13,77.0,5,8,11.0,2,1.48,25,13,12,0.99,1.21,956,eng ENG,MF,fr Ligue 1,23-003,2003.0,12.1,2,0,0,13,22,5,21,12,8,0,0.578512396694215,0.08264462809917356,1.7355371900826446,0.9917355371900827,0.6611570247933884,1.0743801652892562,1.8181818181818183,False,2,2.5899871575697806,-0.0059003419317345965,1.2009412964446606,1.6149147855324104,0.203148185694999,0.24704430222857385,-0.6332359379497843,-0.35496913551325593,1.0214496128993735,2.841876210931974,-0.40681643445554216
Aleksandr Golovin,ru RUS,MF,Monaco,fr Ligue 1,29.0,1996.0,19,17,1339,14.9,4,5,9,4,0,0,3,1,0.6,960,ru RUS,MF,fr Ligue 1,29-291,1996.0,14.9,4,29,17,58.6,1.9463087248322146,1.1409395973154361,0.14,0.24,0,0,1205,ru RUS,MF,fr Ligue 1,29-291,1996.0,19,1339,70,57.2,14.9,17,75.0,4,2,30.0,2,1.68,24,16,8,0.54,0.54,960,ru RUS,MF,fr Ligue 1,29-291,1996.0,14.9,3,1,1,20,13,2,30,19,14,0,0.2684563758389262,0.33557046979865773,2.013422818791946,1.2751677852348993,0.9395973154362416,1.342281879194631,0.87248322147651,False,3,0.8082038688795842,2.3085841090602166,0.8072980201788695,1.7749925506912538,0.36517631284842955,0.8233266765813665,-0.06002284099266612,0.12982834186985712,-0.34907577216717756,1.8783852592402321,0.8277469366159522
Angel Gomes,eng ENG,MF,Marseille,fr Ligue 1,25.0,2000.0,14,12,888,9.9,3,0,3,3,0,0,4,0,0.3,962,eng ENG,MF,fr Ligue 1,25-198,2000.0,9.9,3,11,5,45.5,1.1111111111111112,0.5050505050505051,0.27,0.6,0,0,1207,eng ENG,MF,fr Ligue 1,25-198,2000.0,14,888,63,37.9,9.9,12,72.0,4,2,13.0,3,2.07,21,9,12,1.22,0.72,962,eng ENG,MF,fr Ligue 1,25-198,2000.0,9.9,4,0,0,19,12,0,7,4,5,0,0.30303030303030304,0.0,0.7070707070707071,0.40404040404040403,0.5050505050505051,1.9191919191919191,1.2121212121212122,False,0,1.0068881115659687,-0.7621682875409468,-0.08672806997598115,0.24565701281259866,-0.3965247763667554,-0.9478738803824793,-0.9546057419764289,1.1738102111551847,0.14313441988898165,0.9997974401136338,-0.7980159308405802
Moi Gómez,es ESP,MF,Osasuna,es La Liga,31.0,1994.0,20,10,980,10.9,0,1,1,0,0,0,2,0,0.09,969,es ESP,MF,es La Liga,31-267,1994.0,10.9,0,11,2,18.2,1.0091743119266054,0.18348623853211007,0.0,0.0,0,0,1215,es ESP,MF,es La Liga,31-267,1994.0,20,980,49,38.9,10.9,10,79.0,3,10,19.0,6,1.0,13,13,0,0.0,0.12,969,es ESP,MF,es La Liga,31-267,1994.0,10.9,2,0,0,15,20,0,24,9,6,0,0.0,0.09174311926605504,2.2018348623853212,0.8256880733944953,0.5504587155963303,1.3761467889908257,1.8348623853211008,False,0,-0.7345208390382241,0.07735851446560976,-0.1958449502455363,-0.52771631042971,0.47503464088928243,-0.0905680455246353,-0.8611258043777449,0.19111060319499637,1.0456234255510353,-0.12681299121074566,0.48302179873015505
Sergio Gómez,es ESP,DF,Real Sociedad,es La Liga,25.0,2000.0,26,22,1972,21.9,0,2,2,0,0,0,2,0,0.09,970,es ESP,DF,es La Liga,25-194,2000.0,21.9,0,9,0,0.0,0.4109589041095891,0.0,0.0,,0,0,1217,es ESP,DF,es La Liga,25-194,2000.0,26,1972,76,78.3,21.9,22,86.0,15,4,20.0,1,1.35,32,31,1,0.05,0.05,970,es ESP,DF,es La Liga,25-194,2000.0,21.9,2,0,0,35,12,3,115,26,44,0,0.0,0.09132420091324202,5.251141552511416,1.1872146118721463,2.0091324200913245,1.5981735159817352,0.5479452054794521,False,4,-0.7345208390382241,0.07352505874868501,-0.8361966147315276,-0.9690071404065893,2.253008746323902,0.6444978244412403,2.14178325620777,0.5928922700149435,-0.8194027779306255,-1.9372250918519658,2.421851609218076
Valentín Gómez,ar ARG,DF,Real Betis,es La Liga,22.0,2003.0,20,12,1240,13.8,1,0,1,1,0,0,5,0,0.07,972,ar ARG,DF,es La Liga,22-264,2003.0,13.8,1,9,3,33.3,0.6521739130434783,0.21739130434782608,0.11,0.33,0,0,1219,ar ARG,DF,es La Liga,22-264,2003.0,20,1240,62,49.2,13.8,12,90.0,12,8,20.0,7,1.75,19,17,2,0.15,-0.28,972,ar ARG,DF,es La Liga,22-264,2003.0,13.8,5,0,0,18,7,1,10,18,21,0,0.07246376811594203,0.0,0.7246376811594203,1.3043478260869565,1.5217391304347825,1.3043478260869565,0.5072463768115941,False,4,-0.3180969595459171,-0.7621682875409468,-0.5779912417982604,-0.4461734396731128,-0.3862819152135267,0.8826563518104044,1.1384075724835467,0.06118252029062969,-0.8783843371991914,-1.6688017916883051,-0.13876578146692886
Urko González,es ESP,MF,Espanyol,es La Liga,24.0,2001.0,26,19,1820,20.2,0,1,1,0,0,0,4,0,0.05,978,es ESP,MF,es La Liga,24-362,2001.0,20.2,0,13,1,7.7,0.6435643564356436,0.04950495049504951,0.0,0.0,0,0,1231,es ESP,MF,es La Liga,24-362,2001.0,26,1820,70,72.2,20.2,19,88.0,16,7,22.0,0,1.27,25,33,-8,-0.4,-0.52,978,es ESP,MF,es La Liga,24-362,2001.0,20.2,4,0,0,27,26,0,8,19,25,0,0.0,0.04950495049504951,0.39603960396039606,0.9405940594059407,1.2376237623762376,1.3366336633663367,1.2871287128712872,False,4,-0.7345208390382241,-0.309156300319587,-0.5872072262618363,-0.8499460006355996,-0.5778791967356789,0.14306201916565353,0.5535114367915904,0.11960727704218087,0.2518367952615549,-1.2905104001226146,0.14224186251338455
Leon Goretzka,de GER,MF,Bayern Munich,de Bundesliga,31.0,1995.0,23,17,1319,14.7,2,1,3,2,0,0,4,0,0.2,981,de GER,MF,de Bundesliga,31-039,1995.0,14.7,2,16,5,31.3,1.08843537414966,0.3401360544217687,0.13,0.4,0,0,1234,de GER,MF,de Bundesliga,31-039,1995.0,23,1319,57,56.4,14.7,17,71.0,6,6,18.0,3,2.61,47,10,37,2.52,-0.21,981,de GER,MF,de Bundesliga,31-039,1995.0,14.7,4,0,0,11,12,0,3,21,13,0,0.1360544217687075,0.06802721088435375,0.20408163265306123,1.4285714285714286,0.8843537414965987,0.7482993197278912,0.8163265306122449,False,1,0.0473362408248829,-0.13966201938642517,-0.11100100864818824,-0.1509680168099934,-0.6898050661214473,1.1352312549283075,-0.17375041982765474,-0.9450481202521837,-0.4304591755463762,-0.7173548026806578,-0.9121341988176738
Andoni Gorosabel,es ESP,DF,Athletic Club,es La Liga,29.0,1996.0,16,10,818,9.1,0,1,1,0,0,0,2,0,0.11,982,es ESP,DF,es La Liga,29-225,1996.0,9.1,0,5,1,20.0,0.5494505494505495,0.10989010989010989,0.0,0.0,0,0,1236,es ESP,DF,es La Liga,29-225,1996.0,16,818,51,32.5,9.1,10,74.0,4,6,13.0,12,1.38,12,16,-4,-0.44,-0.12,982,es ESP,DF,es La Liga,29-225,1996.0,9.1,2,0,0,9,9,0,28,8,16,0,0.0,0.10989010989010989,3.076923076923077,0.8791208791208791,1.7582417582417582,0.989010989010989,0.989010989010989,False,4,-0.7345208390382241,0.2434187610163573,-0.6879500893952657,-0.7047175773984583,0.9852765888236198,0.01807302959912059,1.6252853997216317,-0.5094540049926515,-0.18020139292253615,-1.3650943721625934,1.352652420975074
Jon Gorrotxategi,es ESP,MF,Real Sociedad,es La Liga,24.0,2002.0,24,21,1863,20.7,1,3,4,1,0,0,7,0,0.19,983,es ESP,MF,es La Liga,24-043,2002.0,20.7,1,11,1,9.1,0.5314009661835749,0.04830917874396135,0.09,1.0,0,0,1237,es ESP,MF,es La Liga,24-043,2002.0,24,1863,78,73.9,20.7,21,84.0,14,3,31.0,2,1.38,32,31,1,0.05,0.05,983,es ESP,MF,es La Liga,24-043,2002.0,20.7,7,0,0,26,20,0,5,29,26,0,0.04830917874396135,0.14492753623188406,0.24154589371980678,1.4009661835748792,1.2560386473429952,1.2560386473429952,0.9661835748792271,False,1,-0.45690491937668615,0.5640407185273819,-0.707271023856755,-0.8528218735769278,-0.6679605969273167,1.0791034986798844,0.5914213715123654,-0.026238226848728195,-0.21328333959349607,-1.4780009338075824,0.2577423334729039
Mario Götze,de GER,MF,Eintracht Frankfurt,de Bundesliga,33.0,1992.0,18,7,769,8.5,0,0,0,0,0,0,1,0,0.0,988,de GER,MF,de Bundesliga,33-287,1992.0,8.5,0,5,0,0.0,0.5882352941176471,0.0,0.0,,0,0,1242,de GER,MF,de Bundesliga,33-287,1992.0,18,769,43,32.9,8.5,7,68.0,1,11,27.0,4,1.61,13,15,-2,-0.23,-0.35,988,de GER,MF,de Bundesliga,33-287,1992.0,8.5,1,0,0,6,12,1,21,4,6,0,0.0,0.0,2.4705882352941178,0.47058823529411764,0.7058823529411765,0.7058823529411765,1.411764705882353,False,1,-0.7345208390382241,-0.7621682875409468,-0.6464334793586399,-0.9690071404065893,0.6317379791685471,-0.8125669685279924,-0.5411618210867871,-1.021806264859298,0.4324617775865225,-0.78945590417557,-0.2826932243387895
Lucas Gourna-Douath,fr FRA,MF,Le Havre,fr Ligue 1,22.0,2003.0,8,8,713,7.9,0,0,0,0,0,0,3,0,0.0,990,fr FRA,MF,fr Ligue 1,22-224,2003.0,7.9,0,5,1,20.0,0.6329113924050632,0.12658227848101264,0.0,0.0,0,0,1244,fr FRA,MF,fr Ligue 1,22-224,2003.0,8,713,89,30.5,7.9,8,89.0,7,0,,0,1.0,4,8,-4,-0.5,-0.06,990,fr FRA,MF,fr Ligue 1,22-224,2003.0,7.9,3,0,0,11,17,1,2,10,5,0,0.0,0.0,0.2531645569620253,1.2658227848101264,0.6329113924050632,1.3924050632911391,2.151898734177215,False,1,-0.7345208390382241,-0.7621682875409468,-0.5986105488101218,-0.6645723273212739,-0.6611860463544533,0.8043261603371303,-0.6913840112025579,0.22053173026616787,1.5050788647468671,-0.9555339279070525,-0.13578693279896356
Tiago Gouveia,pt POR,MF,Nice,fr Ligue 1,24.0,2001.0,14,5,531,5.9,0,0,0,0,0,0,2,0,0.0,991,pt POR,MF,fr Ligue 1,24-272,2001.0,5.9,0,12,4,33.3,2.0338983050847457,0.6779661016949152,0.0,0.0,0,0,1245,pt POR,MF,fr Ligue 1,24-272,2001.0,14,531,38,22.7,5.9,5,69.0,2,9,21.0,5,1.14,6,13,-7,-1.19,-0.74,991,pt POR,MF,fr Ligue 1,24-272,2001.0,5.9,2,0,0,6,9,0,4,9,3,0,0.0,0.0,0.6779661016949152,1.5254237288135593,0.5084745762711864,1.0169491525423728,1.5254237288135593,False,1,-0.7345208390382241,-0.7621682875409468,0.9010571122607872,0.6615250788300153,-0.41349494039604545,1.3321540607490452,-0.9475567532540101,-0.45889683980961826,0.5971787145807941,0.08161761734015616,-0.7247104644729729
Jonathan Gradit,fr FRA,DF,Lens,fr Ligue 1,33.0,1992.0,10,10,807,9.0,0,0,0,0,0,0,2,1,0.0,994,fr FRA,DF,fr Ligue 1,33-113,1992.0,9.0,0,2,0,0.0,0.2222222222222222,0.0,0.0,,0,0,1248,fr FRA,DF,fr Ligue 1,33-113,1992.0,10,807,81,34.5,9.0,10,81.0,8,0,,0,2.2,19,8,11,1.23,0.35,994,fr FRA,DF,fr Ligue 1,33-113,1992.0,9.0,2,1,0,15,9,0,3,16,12,0,0.0,0.0,0.3333333333333333,1.7777777777777777,1.3333333333333333,1.6666666666666667,1.0,False,4,-0.7345208390382241,-0.7621682875409468,-1.038227265926501,-0.9690071404065893,-0.6144416474016966,1.845247371470857,0.750544629976709,0.716838123835814,-0.16427589766465547,-2.4053042481871585,0.20959082300889903
Alberto Grassi,it ITA,MF,Cremonese,it Serie A,31.0,1995.0,21,10,1101,12.2,0,0,0,0,0,0,3,0,0.0,995,it ITA,MF,it Serie A,31-010,1995.0,12.2,0,7,3,42.9,0.5737704918032788,0.24590163934426232,0.0,0.0,0,0,1251,it ITA,MF,it Serie A,31-010,1995.0,21,1101,52,42.2,12.2,10,75.0,2,11,32.0,3,0.9,7,24,-17,-1.39,-1.15,995,it ITA,MF,it Serie A,31-010,1995.0,12.2,3,0,0,9,16,0,2,24,8,0,0.0,0.0,0.1639344262295082,1.9672131147540985,0.6557377049180328,0.7377049180327869,1.3114754098360657,False,1,-0.7345208390382241,-0.7621682875409468,-0.6619171331018077,-0.3776050854785584,-0.7132138933337944,2.2304125971362647,-0.6443924595939107,-0.9642198498439699,0.2871205171038001,-1.719336854951339,-0.9150424813639597
Mason Greenwood,eng ENG,MF,Marseille,fr Ligue 1,24.0,2001.0,25,23,1980,22.0,15,4,19,10,5,7,3,0,0.64,999,eng ENG,MF,fr Ligue 1,24-167,2001.0,22.0,15,95,38,40.0,4.318181818181818,1.7272727272727273,0.11,0.26,5,7,1257,eng ENG,MF,fr Ligue 1,24-167,2001.0,25,1980,79,84.6,22.0,23,83.0,13,2,33.0,1,1.84,45,28,17,0.77,0.02,999,eng ENG,MF,fr Ligue 1,24-167,2001.0,22.0,3,0,0,17,21,0,95,3,9,0,0.6818181818181818,0.18181818181818182,4.318181818181818,0.13636363636363635,0.4090909090909091,0.7727272727272727,0.9545454545454546,False,2,3.183649299821209,0.9016211927993201,3.3462377790500426,3.1851442636030334,1.7090233694438244,-1.4921217713686075,-1.1521536509222194,-0.9008430652747589,-0.2301495371404348,5.727348600375109,-0.43485783764493346
Antoine Griezmann,fr FRA,FW,Atlético Madrid,es La Liga,34.0,1991.0,25,6,926,10.3,6,1,7,6,0,0,0,0,0.68,1002,fr FRA,FW,es La Liga,34-361,1991.0,10.3,6,33,18,54.5,3.203883495145631,1.7475728155339805,0.18,0.33,0,0,1260,fr FRA,FW,es La Liga,34-361,1991.0,25,926,37,36.7,10.3,6,67.0,1,19,28.0,1,2.12,21,10,11,1.07,0.45,1002,fr FRA,FW,es La Liga,34-361,1991.0,10.3,0,0,0,1,6,13,52,3,5,0,0.5825242718446602,0.0970873786407767,5.048543689320388,0.2912621359223301,0.48543689320388345,0.0970873786407767,0.5825242718446602,False,2,2.6130419980455635,0.1262629883689044,2.1534520758298545,3.2339666868489303,2.1348790233490256,-1.1771778095394851,-0.994983444366984,-2.12348741307546,-0.7692901010053088,4.409000480751047,-0.9544446105783394
Vincenzo Grifo,it ITA,MF,Freiburg,de Bundesliga,32.0,1993.0,26,16,1279,14.2,7,1,8,3,4,4,0,0,0.28,1003,it ITA,MF,de Bundesliga,32-344,1993.0,14.2,7,23,9,39.1,1.619718309859155,0.6338028169014085,0.13,0.33,4,4,1261,it ITA,MF,de Bundesliga,32-344,1993.0,26,1279,49,54.7,14.2,16,68.0,2,10,20.0,0,1.31,21,24,-3,-0.21,0.04,1003,it ITA,MF,de Bundesliga,32-344,1993.0,14.2,0,0,0,8,9,2,97,11,4,0,0.49295774647887325,0.07042253521126761,6.830985915492958,0.7746478873239437,0.28169014084507044,0.5633802816901409,0.6338028169014085,False,3,2.0983345665221176,-0.11774278459225189,0.45770368827035507,0.5553108321543917,3.1741762947025407,-0.1943443794423443,-1.414428154200137,-1.2796793618890991,-0.6949762044272724,1.8815762879213052,-0.05964492510394711
Álex Grimaldo,es ESP,MF,Leverkusen,de Bundesliga,30.0,1995.0,21,21,1801,20.0,6,4,10,4,2,2,5,0,0.4,1004,es ESP,MF,de Bundesliga,30-178,1995.0,20.0,6,40,15,37.5,2.0,0.75,0.1,0.27,2,2,1262,es ESP,MF,de Bundesliga,30-178,1995.0,21,1801,86,77.0,20.0,21,86.0,17,0,,1,1.81,41,26,15,0.75,0.58,1004,es ESP,MF,de Bundesliga,30-178,1995.0,20.0,5,0,0,11,25,4,105,13,16,0,0.3,0.2,5.25,0.65,0.8,0.55,1.25,False,3,0.9894740220599265,1.0680001408333468,0.8647711259745386,0.8347691271239047,2.2523431357404005,-0.4477819503631502,-0.34740585342726266,-1.303892446290444,0.19802911945213106,1.9480230796013633,0.9077967873836768
Pascal Groß,de GER,MF,Dortmund,de Bundesliga,34.0,1991.0,11,7,613,6.8,0,1,1,0,0,0,0,0,0.15,1005,de GER,MF,de Bundesliga,34-275,1991.0,6.8,0,8,1,12.5,1.1764705882352942,0.14705882352941177,0.0,0.0,0,0,1263,de GER,MF,de Bundesliga,34-275,1991.0,11,613,56,26.2,6.8,7,78.0,1,4,16.0,4,2.0,9,5,4,0.59,-0.72,1005,de GER,MF,de Bundesliga,34-275,1991.0,6.8,0,0,0,10,4,0,23,5,6,0,0.0,0.14705882352941177,3.3823529411764706,0.7352941176470589,0.8823529411764706,1.4705882352941178,0.5882352941176471,False,3,-0.7345208390382241,0.5835437921460338,-0.016764893803148814,-0.6153255193221787,1.1633650675677794,-0.27435956467822525,-0.17786938172517888,0.36201273838783204,-0.7610135729158333,-0.4024510051978575,0.7516800958384177
Gonçalo Guedes,pt POR,MF,Real Sociedad,es La Liga,29.0,1996.0,28,20,1592,17.7,8,4,12,8,0,0,1,0,0.68,1014,pt POR,MF,es La Liga,29-108,1996.0,17.7,8,38,16,42.1,2.146892655367232,0.903954802259887,0.21,0.5,0,0,1273,pt POR,MF,es La Liga,29-108,1996.0,28,1592,57,63.2,17.7,20,70.0,4,8,24.0,0,1.36,28,20,8,0.45,1.13,1014,pt POR,MF,es La Liga,29-108,1996.0,17.7,1,0,0,15,25,9,61,3,14,0,0.4519774011299435,0.22598870056497175,3.446327683615819,0.16949152542372883,0.7909604519774012,0.8474576271186441,1.4124293785310735,False,2,1.8628348838968427,1.305818637175769,1.0220103998816163,1.20503581857555,1.2006671322723,-1.4247652207412866,-0.36601518365444863,-0.7656103085866873,0.43342503452800946,3.0111840583292007,0.44326748256700405
Mattéo Guendouzi,fr FRA,MF,Lazio,it Serie A,26.0,1999.0,16,16,1428,15.9,2,1,3,2,0,0,5,1,0.19,1017,fr FRA,MF,it Serie A,26-337,1999.0,15.9,2,16,8,50.0,1.0062893081761006,0.5031446540880503,0.13,0.25,0,0,1276,fr FRA,MF,it Serie A,26-337,1999.0,16,1428,89,54.7,15.9,16,89.0,14,0,,0,1.25,13,12,1,0.06,0.06,1017,fr FRA,MF,it Serie A,26-337,1999.0,15.9,5,1,0,17,21,0,20,11,8,0,0.12578616352201258,0.06289308176100629,1.2578616352201257,0.6918238993710691,0.5031446540880503,1.069182389937107,1.320754716981132,False,0,-0.011671840674219577,-0.1866436245301627,-0.1989331638380708,0.24107337449856392,-0.07537242690679635,-0.3627444283432815,-0.9585292356992848,-0.3643750789915277,0.30056827523990076,0.38629660770927465,-0.6363511498220648
Javier Guerra,es ESP,MF,Valencia,es La Liga,23.0,2003.0,27,17,1405,15.6,1,3,4,1,0,0,3,0,0.26,1018,es ESP,MF,es La Liga,23-075,2003.0,15.6,1,18,6,33.3,1.153846153846154,0.38461538461538464,0.06,0.17,0,0,1277,es ESP,MF,es La Liga,23-075,2003.0,27,1405,52,55.8,15.6,17,73.0,4,10,17.0,1,1.19,16,21,-5,-0.32,0.24,1018,es ESP,MF,es La Liga,23-075,2003.0,15.6,3,0,0,23,11,1,27,19,10,0,0.06410256410256411,0.19230769230769232,1.7307692307692308,1.217948717948718,0.6410256410256411,1.4743589743589745,0.7051282051282052,False,1,-0.36614586871810634,0.9976090474343355,-0.04098291632451377,-0.043993669878130776,0.2003681084326935,0.7069872685521194,-0.6746795552111389,0.3688363034926009,-0.5916100204177883,-0.13483980758494735,0.1879456326256843
Raphaël Guerreiro,pt POR,MF,Bayern Munich,de Bundesliga,32.0,1993.0,12,4,457,5.1,3,2,5,3,0,0,0,0,0.98,1019,pt POR,MF,de Bundesliga,32-085,1993.0,5.1,3,6,3,50.0,1.1764705882352942,0.5882352941176471,0.5,1.0,0,0,1278,pt POR,MF,de Bundesliga,32-085,1993.0,12,457,38,19.5,5.1,4,68.0,0,8,23.0,10,3.0,19,2,17,3.35,0.91,1019,pt POR,MF,de Bundesliga,32-085,1993.0,5.1,0,0,0,2,1,1,2,1,7,0,0.5882352941176471,0.3921568627450981,0.3921568627450981,0.19607843137254904,1.3725490196078431,0.3921568627450981,0.19607843137254904,False,2,2.6458612415463856,2.826397258291002,-0.016764893803148814,0.4457193439310531,-0.580143125569488,-1.3707079799277506,0.8312762831681777,-1.5895268815760695,-1.3293351683931456,1.9358195740794675,-0.3917623879368504
Ander Guevara,es ESP,MF,Alavés,es La Liga,28.0,1997.0,19,2,550,6.1,1,0,1,1,0,0,4,1,0.16,1024,es ESP,MF,es La Liga,28-253,1997.0,6.1,1,4,1,25.0,0.6557377049180328,0.1639344262295082,0.25,1.0,0,0,1283,es ESP,MF,es La Liga,28-253,1997.0,19,550,29,21.8,6.1,2,83.0,1,17,23.0,8,1.16,11,9,2,0.33,0.97,1024,es ESP,MF,es La Liga,28-253,1997.0,6.1,4,1,1,10,5,0,4,8,8,0,0.1639344262295082,0.0,0.6557377049180328,1.3114754098360657,1.3114754098360657,1.639344262295082,0.819672131147541,False,4,0.20755285555092942,-0.7621682875409468,-0.5741764285571901,-0.574739103787902,-0.42645575998254265,0.8971483544483171,0.7055466593453991,0.6673952422569969,-0.4256106641095507,-1.2532678454284072,-0.07007752206108597
Pape Gueye,sn SEN,MF,Villarreal,es La Liga,27.0,1999.0,22,18,1501,16.7,4,2,6,3,1,1,7,0,0.3,1027,sn SEN,MF,es La Liga,27-052,1999.0,16.7,4,32,10,31.3,1.9161676646706587,0.5988023952095809,0.09,0.3,1,1,1288,sn SEN,MF,es La Liga,27-052,1999.0,22,1501,68,59.6,16.7,18,78.0,8,4,23.0,1,1.95,32,19,13,0.78,0.34,1027,sn SEN,MF,es La Liga,27-052,1999.0,16.7,7,0,0,30,39,2,11,23,16,0,0.23952095808383234,0.11976047904191617,0.6586826347305389,1.377245508982036,0.9580838323353293,1.7964071856287427,2.3353293413173652,False,0,0.6419221638345509,0.33374095100653434,0.7750339263564507,0.47113359215268746,-0.4247386454115771,1.0308739596280958,-0.021965440681774057,0.9516177950454071,1.7709101817854858,1.032278191776233,0.8484595068724107
Morgan Guilavogui,gn GUI,MF,Lens,fr Ligue 1,28.0,1998.0,16,3,491,5.5,1,0,1,1,0,0,3,1,0.18,1028,gn GUI,MF,fr Ligue 1,28-007,1998.0,5.5,1,10,2,20.0,1.8181818181818181,0.36363636363636365,0.1,0.5,0,0,1289,gn GUI,MF,fr Ligue 1,28-007,1998.0,16,491,31,21.0,5.5,3,75.0,1,13,21.0,0,2.31,9,5,4,0.73,-0.34,1028,gn GUI,MF,fr Ligue 1,28-007,1998.0,5.5,3,1,0,15,12,4,4,3,10,0,0.18181818181818182,0.0,0.7272727272727273,0.5454545454545454,1.8181818181818181,2.727272727272727,2.1818181818181817,False,4,0.31032453132429155,-0.7621682875409468,0.670146290439205,-0.09444895008877399,-0.38474548604054243,-0.6603466926916948,1.7486814330712288,2.636120890577171,1.548438728705608,0.49285744241141666,1.7308997343939483
Daouda Guindo,ml MLI,DF,Brest,fr Ligue 1,23.0,2002.0,19,13,1197,13.3,0,0,0,0,0,0,3,1,0.0,1032,ml MLI,DF,fr Ligue 1,23-154,2002.0,13.3,0,16,4,25.0,1.2030075187969924,0.3007518796992481,0.0,0.0,0,0,1293,ml MLI,DF,fr Ligue 1,23-154,2002.0,19,1197,63,51.2,13.3,13,83.0,10,6,19.0,3,1.42,17,16,1,0.08,0.31,1032,ml MLI,DF,fr Ligue 1,23-154,2002.0,13.3,3,1,0,22,12,1,23,19,24,0,0.0,0.0,1.7293233082706767,1.4285714285714286,1.8045112781954886,1.6541353383458646,0.9022556390977443,False,4,-0.7345208390382241,-0.7621682875409468,0.011641207800858191,-0.2456883363843361,0.19952502735815975,1.1352312549283075,1.7205384780967592,0.6941613134876344,-0.3059289870636999,-1.4948320808608517,0.9843154893640886
Serhou Guirassy,gn GUI,FW,Dortmund,de Bundesliga,30.0,1996.0,25,21,1791,19.9,12,1,13,11,1,3,2,0,0.6,1034,gn GUI,FW,de Bundesliga,30-005,1996.0,19.9,12,62,29,46.8,3.1155778894472363,1.4572864321608041,0.18,0.38,1,3,1295,gn GUI,FW,de Bundesliga,30-005,1996.0,25,1791,72,76.5,19.9,21,82.0,8,4,17.0,1,2.2,41,19,22,1.11,-0.04,1034,gn GUI,FW,de Bundesliga,30-005,1996.0,19.9,2,0,0,31,27,7,3,0,1,0,0.6030150753768845,0.05025125628140704,0.15075376884422112,0.0,0.05025125628140704,1.5577889447236182,1.35678391959799,False,2,2.7307954646766524,-0.302326973879064,2.058926523907415,2.5358177680278717,-0.7208992034403606,-1.7693801309275783,-1.8908814701722936,0.5198119675945979,0.35278251872312044,4.57923527334859,-1.848124301960443
Arda Güler,tr TUR,MF,Real Madrid,es La Liga,21.0,2005.0,28,22,1769,19.7,4,8,12,4,0,0,1,0,0.61,1038,tr TUR,MF,es La Liga,21-020,2005.0,19.7,4,44,17,38.6,2.233502538071066,0.8629441624365483,0.09,0.24,0,0,1300,tr TUR,MF,es La Liga,21-020,2005.0,28,1769,63,70.2,19.7,22,73.0,3,6,28.0,0,2.36,37,17,20,1.02,-0.9,1038,tr TUR,MF,es La Liga,21-020,2005.0,19.7,1,0,0,21,27,3,113,7,26,0,0.20304568527918782,0.40609137055837563,5.736040609137056,0.3553299492385787,1.3197969543147208,1.0659898477157361,1.3705583756345179,False,3,0.43231155426001666,2.9539097396149794,1.1147207878549419,1.1064037934694444,2.535741201285464,-1.0469133395217995,0.7226778664385372,-0.3701523336152376,0.372744736843475,2.477404692506282,2.744366597858669
Gerard Gumbau,es ESP,MF,Rayo Vallecano,es La Liga,31.0,1994.0,20,9,711,7.9,0,1,1,0,0,0,4,0,0.13,1039,es ESP,MF,es La Liga,31-089,1994.0,7.9,0,9,5,55.6,1.1392405063291138,0.6329113924050632,0.0,0.0,0,0,1301,es ESP,MF,es La Liga,31-089,1994.0,20,711,36,28.2,7.9,9,63.0,1,11,13.0,8,1.1,8,13,-5,-0.63,-0.58,1039,es ESP,MF,es La Liga,31-089,1994.0,7.9,4,0,0,28,3,0,25,6,11,0,0.0,0.12658227848101264,3.1645569620253164,0.7594936708860759,1.3924050632911391,3.5443037974683542,0.37974683544303794,False,4,-0.7345208390382241,0.39616616079721345,-0.05661733592691427,0.5531669250199878,1.0363737050877668,-0.2251563561687531,0.8721530695942374,4.114628049043389,-1.06315923127086,-0.034327953279085006,2.1733310671284287
Christian Günter,de GER,DF,Freiburg,de Bundesliga,33.0,1993.0,19,13,1155,12.8,0,3,3,0,0,0,2,0,0.23,1041,de GER,DF,de Bundesliga,33-017,1993.0,12.8,0,8,0,0.0,0.625,0.0,0.0,,0,0,1304,de GER,DF,de Bundesliga,33-017,1993.0,19,1155,61,49.4,12.8,13,81.0,7,6,17.0,7,1.32,18,25,-7,-0.55,-0.62,1041,de GER,DF,de Bundesliga,33-017,1993.0,12.8,2,0,0,7,6,4,61,7,9,0,0.0,0.234375,4.765625,0.546875,0.703125,0.546875,0.46875,False,3,-0.7345208390382241,1.3825603394601784,-0.6070791927614217,-0.9690071404065893,1.9699162450283083,-0.657458584779622,-0.5468382654518124,-1.3095474758710213,-0.9341740590378269,-0.5057686461966199,0.6966092295176933
Janik Haberer,de GER,MF,Union Berlin,de Bundesliga,31.0,1994.0,23,16,1314,14.6,0,1,1,0,0,0,8,0,0.07,1050,de GER,MF,de Bundesliga,31-349,1994.0,14.6,0,11,1,9.1,0.7534246575342466,0.0684931506849315,0.0,0.0,0,0,1314,de GER,MF,de Bundesliga,31-349,1994.0,23,1314,57,56.2,14.6,16,71.0,4,7,24.0,2,1.17,15,29,-14,-0.96,-1.22,1050,de GER,MF,de Bundesliga,31-349,1994.0,14.6,8,0,0,21,20,1,55,9,15,0,0.0,0.0684931506849315,3.767123287671233,0.6164383561643836,1.0273972602739727,1.4383561643835616,1.36986301369863,False,3,-0.7345208390382241,-0.13539827782372305,-0.46960873957935817,-0.8042787141480967,1.3877149877716093,-0.5160204233322303,0.12072714377751317,0.3036852777662457,0.3717370043711382,-0.6147896950373318,1.140372729216796
Albian Hajdari,xk KVX,DF,Hoffenheim,de Bundesliga,22.0,2003.0,22,21,1808,20.1,1,1,2,1,0,0,8,0,0.1,1053,xk KVX,DF,de Bundesliga,22-303,2003.0,20.1,1,13,3,23.1,0.6467661691542288,0.14925373134328357,0.08,0.33,0,0,1318,xk KVX,DF,de Bundesliga,22-303,2003.0,22,1808,82,77.3,20.1,21,85.0,15,1,19.0,1,1.91,41,25,16,0.8,0.12,1053,xk KVX,DF,de Bundesliga,22-303,2003.0,20.1,8,0,0,34,21,0,12,26,30,0,0.04975124378109452,0.04975124378109452,0.5970149253731343,1.2935323383084576,1.4925373134328357,1.6915422885572138,1.044776119402985,False,4,-0.4486178769987298,-0.30690250933838625,-0.5837798887561035,-0.6100466891567398,-0.46069553709911004,0.8606659995488951,1.0782910429331183,0.7618532846762293,-0.09938544683776847,-1.465385474271638,0.5364540741916168
Achraf Hakimi,ma MAR,DF,Paris Saint-Germain,fr Ligue 1,27.0,1998.0,14,11,1091,12.1,2,1,3,2,0,0,3,1,0.25,1054,ma MAR,DF,fr Ligue 1,27-133,1998.0,12.1,2,21,7,33.3,1.7355371900826446,0.578512396694215,0.1,0.29,0,0,1319,ma MAR,DF,fr Ligue 1,27-133,1998.0,14,1091,78,48.5,12.1,11,89.0,10,3,39.0,1,2.21,23,12,11,0.91,-0.72,1054,ma MAR,DF,fr Ligue 1,27-133,1998.0,12.1,3,1,0,8,13,4,33,9,10,0,0.1652892561983471,0.08264462809917356,2.7272727272727275,0.7438016528925621,0.8264462809917356,0.6611570247933884,1.0743801652892562,False,3,0.21533858856406285,-0.0059003419317345965,0.5816804561049626,0.4223354350990261,0.7814042562545481,-0.2570618060604641,-0.2929620278039252,-1.1027416420358627,-0.056482669431562,0.7422895621392926,-0.17561708780270885
Andreas Hanche-Olsen,no NOR,DF,Mainz 05,de Bundesliga,29.0,1997.0,13,8,851,9.5,0,1,1,0,0,0,3,0,0.11,1058,no NOR,DF,de Bundesliga,29-059,1997.0,9.5,0,6,3,50.0,0.631578947368421,0.3157894736842105,0.0,0.0,0,0,1323,no NOR,DF,de Bundesliga,29-059,1997.0,13,851,65,36.4,9.5,8,83.0,5,5,38.0,1,0.54,9,13,-4,-0.42,-0.06,1058,no NOR,DF,de Bundesliga,29-059,1997.0,9.5,3,0,0,13,6,2,0,13,5,1,0.0,0.10526315789473684,0.0,1.368421052631579,0.5263157894736842,1.368421052631579,0.631578947368421,False,1,-0.7345208390382241,0.2010782537086813,-0.6000368467387617,-0.20952239618322344,-0.8087999377842117,1.012931828155428,-0.910827812016143,0.17713003754914652,-0.6981990807841304,-1.0214576520042102,-0.8228023665746903
Dávid Hancko,sk SVK,DF,Atlético Madrid,es La Liga,28.0,1997.0,25,22,2027,22.5,0,2,2,0,0,0,1,0,0.09,1059,sk SVK,DF,es La Liga,28-094,1997.0,22.5,0,19,5,26.3,0.8444444444444444,0.2222222222222222,0.0,0.0,0,0,1324,sk SVK,DF,es La Liga,28-094,1997.0,25,2027,81,80.4,22.5,22,89.0,20,3,25.0,3,2.04,42,22,20,0.89,0.52,1059,sk SVK,DF,es La Liga,28-094,1997.0,22.5,1,0,0,13,4,2,29,18,24,0,0.0,0.08888888888888889,1.288888888888889,0.8,1.0666666666666667,0.5777777777777777,0.17777777777777778,False,1,-0.7345208390382241,0.05123990284762811,-0.37217782876113714,-0.43455491299014665,-0.057281214971820024,-0.1427977548482822,0.20156938827472318,-1.2536255166853132,-1.3558568428487534,-1.0967794780626603,-0.7242398409244829
Hákon Haraldsson,is ISL,MF,Lille,fr Ligue 1,22.0,2003.0,24,21,1783,19.8,6,1,7,6,0,0,4,0,0.35,1063,is ISL,MF,fr Ligue 1,22-341,2003.0,19.8,6,34,8,23.5,1.7171717171717171,0.40404040404040403,0.18,0.75,0,0,1329,is ISL,MF,fr Ligue 1,22-341,2003.0,24,1783,74,76.2,19.8,21,82.0,6,3,22.0,0,1.71,30,23,7,0.35,0.35,1063,is ISL,MF,fr Ligue 1,22-341,2003.0,19.8,4,0,0,21,28,0,58,11,10,0,0.30303030303030304,0.050505050505050504,2.929292929292929,0.5555555555555556,0.5050505050505051,1.0606060606060606,1.4141414141414141,False,0,1.0068881115659687,-0.3000045430019838,0.5620213818084642,0.0027241821687609942,0.8991971595166781,-0.6398090364280671,-0.9546057419764289,-0.3798948857306762,0.4359061508924455,1.2817455852570407,-0.24875675975936978
Conrad Harder,dk DEN,FW,RB Leipzig,de Bundesliga,20.0,2005.0,23,7,771,8.6,2,3,5,2,0,0,3,0,0.58,1064,dk DEN,FW,de Bundesliga,20-344,2005.0,8.6,2,36,11,30.6,4.186046511627907,1.2790697674418605,0.06,0.18,0,0,1330,dk DEN,FW,de Bundesliga,20-344,2005.0,23,771,34,32.9,8.6,7,78.0,3,16,14.0,1,1.78,14,15,-1,-0.12,-0.92,1064,dk DEN,FW,de Bundesliga,20-344,2005.0,8.6,3,0,0,16,16,4,12,6,4,0,0.23255813953488372,0.3488372093023256,1.3953488372093024,0.6976744186046512,0.46511627906976744,1.8604651162790697,1.8604651162790697,False,2,0.6019092858440632,2.4299859479956116,3.2047953113644803,2.1072004476299124,0.004792905677479333,-0.35084898899795963,-1.0368166220762682,1.0675376327088193,1.0827274170628889,4.170336544595781,1.0240809737434178
Abdou Harroui,nl NED,MF,Hellas Verona,it Serie A,28.0,1998.0,18,8,658,7.3,1,0,1,0,1,1,2,0,0.0,1067,nl NED,MF,it Serie A,28-063,1998.0,7.3,1,9,2,22.2,1.2328767123287672,0.273972602739726,0.0,0.0,1,1,1334,nl NED,MF,it Serie A,28-063,1998.0,18,658,37,25.2,7.3,8,67.0,0,10,13.0,7,0.61,5,16,-11,-1.5,-0.67,1067,nl NED,MF,it Serie A,28-063,1998.0,7.3,2,0,0,17,1,1,20,1,14,0,0.136986301369863,0.0,2.73972602739726,0.136986301369863,1.9178082191780823,2.328767123287671,0.136986301369863,False,4,0.05269142630339722,-0.7621682875409468,0.043614285633679105,-0.3100934353726189,0.7886654626200217,-1.4908557514619454,1.9537780364468156,1.9149813774375615,-1.4149726690815077,-0.3948572991246309,1.0732262470295046
Torbjørn Heggem,no NOR,DF,Bologna,it Serie A,27.0,1999.0,21,20,1817,20.2,0,0,0,0,0,0,0,1,0.0,1078,no NOR,DF,it Serie A,27-064,1999.0,20.2,0,10,2,20.0,0.49504950495049505,0.09900990099009901,0.0,0.0,0,0,1347,no NOR,DF,it Serie A,27-064,1999.0,21,1817,87,69.6,20.2,20,89.0,18,1,45.0,3,1.33,29,27,2,0.1,-0.13,1078,no NOR,DF,it Serie A,27-064,1999.0,20.2,0,1,0,28,11,0,1,21,13,0,0.0,0.0,0.04950495049504951,1.0396039603960396,0.6435643564356436,1.3861386138613863,0.5445544554455446,False,1,-0.7345208390382241,-0.7621682875409468,-0.7461829582585198,-0.7308848608646098,-0.779934845153145,0.34437171917546733,-0.6694532105643188,0.20919190406122593,-0.82431672092692,-1.431345210002873,-1.129845693516961
Ramon Hendriks,nl NED,DF,Stuttgart,de Bundesliga,24.0,2001.0,23,16,1419,15.8,0,2,2,0,0,0,2,0,0.13,1084,nl NED,DF,de Bundesliga,24-242,2001.0,15.8,0,3,0,0.0,0.18987341772151897,0.0,0.0,,0,0,1355,nl NED,DF,de Bundesliga,24-242,2001.0,23,1419,62,60.6,15.8,16,85.0,11,7,9.0,2,1.87,34,25,9,0.57,-0.21,1084,nl NED,DF,de Bundesliga,24-242,2001.0,15.8,2,0,0,10,17,0,18,14,10,0,0.0,0.12658227848101264,1.1392405063291138,0.8860759493670886,0.6329113924050632,0.6329113924050632,1.0759493670886076,False,1,-0.7345208390382241,0.39616616079721345,-1.0728546100829284,-0.9690071404065893,-0.14453742635029948,0.03221427295771782,-0.6913840112025579,-1.1538552057728513,-0.05420855069246722,-1.160550032670509,-0.4969269085541294
Luis Henrique,br BRA,MF,Inter,it Serie A,24.0,2001.0,24,17,1414,15.7,1,2,3,1,0,0,1,0,0.19,1086,br BRA,MF,it Serie A,24-093,2001.0,15.7,1,14,6,42.9,0.89171974522293,0.3821656050955414,0.07,0.17,0,0,1357,br BRA,MF,it Serie A,24-093,2001.0,24,1414,59,54.2,15.7,17,74.0,7,7,21.0,5,2.58,28,12,16,1.02,-0.94,1086,br BRA,MF,it Serie A,24-093,2001.0,15.7,1,0,0,5,0,1,39,7,14,0,0.06369426751592357,0.12738853503184713,2.484076433121019,0.445859872611465,0.89171974522293,0.3184713375796179,0.0,False,1,-0.3684922061086804,0.4035440872197497,-0.3215726167472082,-0.049885475422898014,0.6396026083784802,-0.8628453671891171,-0.1585863435425032,-1.7228689054068398,-1.6134959661318016,-0.3062374661124338,-0.7712497936582549
Mario Hermoso,es ESP,DF,Roma,it Serie A,30.0,1995.0,18,16,1361,15.1,1,0,1,1,0,0,6,0,0.07,1090,es ESP,DF,it Serie A,30-272,1995.0,15.1,1,8,3,37.5,0.5298013245033113,0.19867549668874174,0.13,0.33,0,0,1362,es ESP,DF,it Serie A,30-272,1995.0,18,1361,76,52.1,15.1,16,80.0,9,2,39.0,2,1.67,14,10,4,0.26,-0.6,1090,es ESP,DF,it Serie A,30-272,1995.0,15.1,6,0,0,28,14,0,7,24,14,0,0.06622516556291391,0.0,0.4635761589403974,1.589403973509934,0.9271523178807948,1.8543046357615895,0.9271523178807948,False,4,-0.3539480220187647,-0.7621682875409468,-0.7089833388509073,-0.49118561258394183,-0.5385003286429655,1.4622404837995,-0.08564282427134876,1.0563895688506049,-0.26984822053312296,-1.4820126475596673,-0.20355247429609213
Lucas Hernández,fr FRA,DF,Paris Saint-Germain,fr Ligue 1,30.0,1996.0,17,13,1161,12.9,0,2,2,0,0,0,2,0,0.16,1091,fr FRA,DF,fr Ligue 1,30-031,1996.0,12.9,0,7,2,28.6,0.5426356589147286,0.15503875968992248,0.0,0.0,0,0,1366,fr FRA,DF,fr Ligue 1,30-031,1996.0,17,1161,68,51.6,12.9,13,85.0,10,4,15.0,8,2.59,29,8,21,1.63,0.72,1091,fr FRA,DF,fr Ligue 1,30-031,1996.0,12.9,2,0,0,14,15,0,9,14,7,0,0.0,0.15503875968992248,0.6976744186046512,1.0852713178294573,0.5426356589147286,1.0852713178294573,1.1627906976744187,False,1,-0.7345208390382241,0.6565669282530792,-0.6952449976187556,-0.5961334933718618,-0.40200351605336615,0.4372238676296061,-0.8772307960001097,-0.3352604027832028,0.07164364836488005,-0.7712615851373981,-0.29294717974035106
Jorge Herrando,es ESP,DF,Osasuna,es La Liga,25.0,2001.0,24,14,1399,15.5,0,1,1,0,0,0,2,0,0.06,1093,es ESP,DF,es La Liga,25-017,2001.0,15.5,0,3,0,0.0,0.1935483870967742,0.0,0.0,,0,0,1369,es ESP,DF,es La Liga,25-017,2001.0,24,1399,58,55.5,15.5,14,83.0,9,10,24.0,4,1.29,16,22,-6,-0.39,-0.71,1093,es ESP,DF,es La Liga,25-017,2001.0,15.5,2,0,0,22,8,0,2,20,13,0,0.0,0.06451612903225806,0.12903225806451613,1.2903225806451613,0.8387096774193549,1.4193548387096775,0.5161290322580645,False,1,-0.7345208390382241,-0.17179137516214246,-1.0689207883765177,-0.9690071404065893,-0.733564470539367,0.854139830490641,-0.2677158989866518,0.269300298964327,-0.8655114146648876,-1.8493289670859716,-0.6177089325825508
Isak Hien,se SWE,DF,Atalanta,it Serie A,27.0,1999.0,24,18,1741,19.3,1,0,1,1,0,0,3,0,0.05,1101,se SWE,DF,it Serie A,27-063,1999.0,19.3,1,8,3,37.5,0.41450777202072536,0.15544041450777202,0.13,0.33,0,0,1378,se SWE,DF,it Serie A,27-063,1999.0,24,1741,73,66.7,19.3,18,86.0,16,6,32.0,3,1.5,24,21,3,0.16,-0.88,1101,se SWE,DF,it Serie A,27-063,1999.0,19.3,3,0,0,32,15,0,0,22,31,1,0.05181347150259067,0.0,0.0,1.1398963730569949,1.6062176165803108,1.6580310880829014,0.7772020725388601,False,4,-0.43676697701781814,-0.7621682875409468,-0.8323977766470493,-0.5951674994676268,-0.8087999377842117,0.5482890577864447,1.312319812547394,0.7012110990881046,-0.48715912535422695,-1.7537386170127174,0.0753291921643772
Omar El Hilali,ma MAR,DF,Espanyol,es La Liga,22.0,2003.0,26,23,2030,22.6,0,2,2,0,0,0,5,0,0.09,1103,ma MAR,DF,es La Liga,22-186,2003.0,22.6,0,1,0,0.0,0.04424778761061947,0.0,0.0,,0,0,1380,ma MAR,DF,es La Liga,22-186,2003.0,26,2030,78,80.6,22.6,23,86.0,18,3,14.0,1,1.42,28,34,-6,-0.27,-0.08,1103,ma MAR,DF,es La Liga,22-186,2003.0,22.6,5,0,0,30,18,1,40,27,40,0,0.0,0.08849557522123894,1.7699115044247786,1.1946902654867255,1.7699115044247786,1.327433628318584,0.7964601769911503,False,4,-0.7345208390382241,0.04764075156272287,-1.2287376137882755,-0.9690071404065893,0.223190984600824,0.6596975324651754,1.6493094062144733,0.10295880653421634,-0.4592498939013314,-2.1348019964160936,1.0200433102717512
Jonas Hofmann,de GER,MF,Leverkusen,de Bundesliga,33.0,1992.0,21,11,974,10.8,2,2,4,2,0,0,3,0,0.37,1112,de GER,MF,de Bundesliga,33-246,1992.0,10.8,2,21,7,33.3,1.9444444444444444,0.6481481481481481,0.1,0.29,0,0,1390,de GER,MF,de Bundesliga,33-246,1992.0,21,974,46,41.6,10.8,11,72.0,3,10,19.0,2,1.76,20,9,11,1.02,0.69,1112,de GER,MF,de Bundesliga,33-246,1992.0,10.8,3,0,0,4,9,2,35,2,10,0,0.18518518518518517,0.18518518518518517,3.2407407407407405,0.18518518518518517,0.9259259259259258,0.37037037037037035,0.8333333333333333,False,3,0.32967351966433805,0.9324321091019174,0.8053024262276312,0.5898118562247018,1.0807945520457958,-1.3928564327610744,-0.0881675448457696,-1.6289519244036232,-0.4058125757425133,1.4887233487260603,0.03856665320021926
Malthe Hojholt,dk DEN,MF,Pisa,it Serie A,24.0,2001.0,11,5,471,5.2,0,0,0,0,0,0,1,0,0.0,1113,dk DEN,MF,it Serie A,24-335,2001.0,5.2,0,3,1,33.3,0.5769230769230769,0.1923076923076923,0.0,0.0,0,0,1391,dk DEN,MF,it Serie A,24-335,2001.0,11,471,43,18.0,5.2,5,60.0,0,6,28.0,18,0.82,7,11,-4,-0.76,0.16,1113,dk DEN,MF,it Serie A,24-335,2001.0,5.2,1,0,0,9,3,0,4,6,5,0,0.0,0.0,0.7692307692307692,1.1538461538461537,0.9615384615384615,1.7307692307692306,0.5769230769230769,False,1,-0.7345208390382241,-0.7621682875409468,-0.6585424906193226,-0.50650040514236,-0.36028080613225383,0.5766521422637139,-0.01485354355009835,0.8328387306168847,-0.7774074650930636,-1.446922770302436,-0.34800971646802265
Emil Holm,se SWE,DF,Bologna,it Serie A,25.0,2000.0,11,8,655,7.3,1,4,5,1,0,0,3,1,0.69,1116,se SWE,DF,it Serie A,25-308,2000.0,7.3,1,8,1,12.5,1.095890410958904,0.136986301369863,0.13,1.0,0,0,1395,se SWE,DF,it Serie A,25-308,2000.0,11,655,60,25.1,7.3,8,78.0,2,3,11.0,5,1.36,14,9,5,0.69,0.73,1116,se SWE,DF,it Serie A,25-308,2000.0,7.3,3,1,1,11,14,0,23,7,13,0,0.136986301369863,0.547945205479452,3.1506849315068495,0.9589041095890412,1.7808219178082192,1.5068493150684932,1.9178082191780823,False,3,0.05269142630339722,4.251991790196843,-0.1030208644271888,-0.6395502878896041,1.0282852726806568,0.18029052533185197,1.6717702068053841,0.42763113158711624,1.1658301925723145,0.5847833231785644,3.720454872963982
Robin Hranáč,cz CZE,DF,Hoffenheim,de Bundesliga,26.0,2000.0,24,23,2032,22.6,0,0,0,0,0,0,4,0,0.0,1124,cz CZE,DF,de Bundesliga,26-047,2000.0,22.6,0,7,2,28.6,0.30973451327433627,0.08849557522123894,0.0,0.0,0,0,1403,cz CZE,DF,de Bundesliga,26-047,2000.0,24,2032,85,86.8,22.6,23,88.0,20,1,14.0,1,1.96,46,27,19,0.84,0.55,1124,cz CZE,DF,de Bundesliga,26-047,2000.0,22.6,4,0,0,21,10,0,5,17,14,0,0.0,0.0,0.22123893805309733,0.7522123893805309,0.6194690265486725,0.9292035398230087,0.44247787610619466,False,1,-0.7345208390382241,-0.7621682875409468,-0.9445509070331424,-0.756172182585882,-0.6798010724860822,-0.23996086138399253,-0.7190572338715276,-0.6176821311676587,-0.9722481482259847,-1.3916317482656966,-1.478374220830019
Timo Hübers,de GER,DF,Köln,de Bundesliga,29.0,1996.0,8,8,675,7.5,0,0,0,0,0,0,0,0,0.0,1125,de GER,DF,de Bundesliga,29-240,1996.0,7.5,0,0,0,,0.0,0.0,,,0,0,1404,de GER,DF,de Bundesliga,29-240,1996.0,8,675,84,28.8,7.5,8,84.0,7,0,,0,1.38,9,10,-1,-0.13,0.3,1125,de GER,DF,de Bundesliga,29-240,1996.0,7.5,0,0,0,8,10,0,1,10,9,0,0.0,0.0,0.13333333333333333,1.3333333333333333,1.2,1.0666666666666667,1.3333333333333333,False,1,-0.7345208390382241,-0.7621682875409468,-1.276102064914131,-0.9690071404065893,-0.7310566216312057,0.9415904958712482,0.4760570091257161,-0.36892755563501123,0.31879745849105984,-2.0924092399529313,-0.23811860327648998
Dean Huijsen,es ESP,DF,Real Madrid,es La Liga,20.0,2005.0,20,18,1496,16.6,2,2,4,2,0,0,5,1,0.24,1128,es ESP,DF,es La Liga,20-337,2005.0,16.6,2,17,4,23.5,1.0240963855421685,0.24096385542168672,0.12,0.5,0,0,1407,es ESP,DF,es La Liga,20-337,2005.0,20,1496,75,59.4,16.6,18,80.0,12,2,25.0,0,2.5,39,13,26,1.56,0.69,1128,es ESP,DF,es La Liga,20-337,2005.0,16.6,5,1,0,17,9,0,1,16,11,0,0.12048192771084336,0.12048192771084336,0.06024096385542168,0.9638554216867469,0.6626506024096385,1.0240963855421685,0.5421686746987951,False,1,-0.04215342494258129,0.34034281388935034,-0.1798718165675232,-0.3894806287502057,-0.7736749455464077,0.1903576715775974,-0.6301611737014785,-0.44596313931901915,-0.8277742422640718,-0.39808466014652993,-1.0233315003915116
Denis Huseinbasic,ba BIH,MF,Köln,de Bundesliga,24.0,2001.0,14,8,660,7.3,0,0,0,0,0,0,1,0,0.0,1131,ba BIH,MF,de Bundesliga,24-257,2001.0,7.3,0,6,0,0.0,0.8219178082191781,0.0,0.0,,0,0,1411,ba BIH,MF,de Bundesliga,24-257,2001.0,14,660,47,28.2,7.3,8,68.0,2,6,19.0,8,0.86,12,13,-1,-0.14,0.29,1131,ba BIH,MF,de Bundesliga,24-257,2001.0,7.3,1,0,0,8,8,0,1,5,9,0,0.0,0.0,0.136986301369863,0.684931506849315,1.2328767123287672,1.095890410958904,1.095890410958904,False,1,-0.7345208390382241,-0.7621682875409468,-0.39629116454892427,-0.9690071404065893,-0.7289266677640001,-0.37675823359941396,0.5437388882396598,-0.3160439913381066,-0.02530958972944977,-1.278415104608032,-0.4077467084221955
Kwon Hyeokkyu,kr KOR,MF,Nantes,fr Ligue 1,25.0,2001.0,12,9,753,8.4,0,0,0,0,0,0,2,0,0.0,1133,kr KOR,MF,fr Ligue 1,25-004,2001.0,8.4,0,3,0,0.0,0.35714285714285715,0.0,0.0,,0,0,1414,kr KOR,MF,fr Ligue 1,25-004,2001.0,12,753,63,33.5,8.4,9,77.0,2,3,20.0,4,0.83,6,14,-8,-0.96,-0.23,1133,kr KOR,MF,fr Ligue 1,25-004,2001.0,8.4,2,0,0,11,10,0,1,6,6,0,0.0,0.0,0.11904761904761904,0.7142857142857143,0.7142857142857143,1.3095238095238095,1.1904761904761905,False,1,-0.7345208390382241,-0.7621682875409468,-0.8938032808268686,-0.9690071404065893,-0.7393862626475991,-0.31707443799963536,-0.5238621811171867,0.07054902891270373,0.11176602013861045,-1.215271365399317,-0.7583266353232883
Lucas Høgsberg,dk DEN,DF,Strasbourg,fr Ligue 1,19.0,2006.0,16,15,1248,13.9,0,0,0,0,0,0,3,1,0.0,1136,dk DEN,DF,fr Ligue 1,19-267,2006.0,13.9,0,4,1,25.0,0.28776978417266186,0.07194244604316546,0.0,0.0,0,0,1417,dk DEN,DF,fr Ligue 1,19-267,2006.0,16,1248,78,53.3,13.9,15,82.0,8,1,15.0,7,1.25,20,19,1,0.07,-0.59,1136,dk DEN,DF,fr Ligue 1,19-267,2006.0,13.9,3,1,1,13,8,1,0,8,7,0,0.0,0.0,0.0,0.5755395683453237,0.5035971223021583,0.935251798561151,0.5755395683453237,False,1,-0.7345208390382241,-0.7621682875409468,-0.9680627568725959,-0.7959830380055827,-0.8087999377842117,-0.599176982669092,-0.9575977587722759,-0.6067371449036013,-0.7794124734888399,-1.19899962550303,-1.6140248010999032
Pierre Højbjerg,dk DEN,MF,Marseille,fr Ligue 1,30.0,1995.0,24,22,2018,22.4,2,4,6,2,0,0,3,0,0.27,1137,dk DEN,MF,fr Ligue 1,30-224,1995.0,22.4,2,33,11,33.3,1.4732142857142858,0.4910714285714286,0.06,0.18,0,0,1418,dk DEN,MF,fr Ligue 1,30-224,1995.0,24,2018,84,86.2,22.4,22,90.0,20,2,24.0,0,1.92,44,29,15,0.67,-0.73,1137,dk DEN,MF,fr Ligue 1,30-224,1995.0,22.4,3,0,0,24,34,0,6,19,16,0,0.08928571428571429,0.17857142857142858,0.26785714285714285,0.8482142857142858,0.7142857142857143,1.0714285714285714,1.517857142857143,False,0,-0.22142713037806014,0.8719106663646724,0.30088041944582666,0.21203684428599615,-0.6526191687268335,-0.04476712057564594,-0.5238621811171867,-0.36031036770270314,0.586213066362974,0.5714471627065411,-0.1400060301732283
Oscar Højlund,dk DEN,MF,Eintracht Frankfurt,de Bundesliga,21.0,2005.0,19,7,741,8.2,0,1,1,0,0,0,3,1,0.12,1138,dk DEN,MF,de Bundesliga,21-072,2005.0,8.2,0,2,0,0.0,0.24390243902439027,0.0,0.0,,0,0,1419,dk DEN,MF,de Bundesliga,21-072,2005.0,19,741,39,31.7,8.2,7,71.0,0,12,20.0,2,1.26,10,19,-9,-1.09,-1.6,1138,dk DEN,MF,de Bundesliga,21-072,2005.0,8.2,3,1,1,19,3,1,1,5,15,0,0.0,0.12195121951219513,0.12195121951219513,0.6097560975609757,1.829268292682927,2.3170731707317076,0.3658536585365854,False,4,-0.7345208390382241,0.3537880712238664,-1.0150199684642933,-0.9690071404065893,-0.7376932461808524,-0.5296069784281147,1.771504683141988,1.8938198901998524,-1.0832935020584553,-1.6707879187545416,0.9345699671950157
Rasmus Højlund,dk DEN,FW,Napoli,it Serie A,23.0,2003.0,25,24,2085,23.2,10,2,12,9,1,1,1,0,0.47,1139,dk DEN,FW,it Serie A,23-041,2003.0,23.2,10,45,22,48.9,1.9396551724137931,0.9482758620689655,0.2,0.41,1,1,1420,dk DEN,FW,it Serie A,23-041,2003.0,25,2085,83,79.9,23.2,24,86.0,13,1,30.0,0,2.0,38,25,13,0.56,0.22,1139,dk DEN,FW,it Serie A,23-041,2003.0,23.2,1,0,0,30,43,9,3,0,1,0,0.4310344827586207,0.08620689655172414,0.12931034482758622,0.0,0.04310344827586207,1.293103448275862,1.853448275862069,False,0,1.742483271734981,0.02669741434452458,0.800175814180484,1.3116295196894376,-0.7334023251358222,-1.7693801309275783,-1.9055963562753564,0.040834587766813646,1.07255847111334,3.1339849171738026,-1.391848494085831
Pablo Ibáñez,es ESP,MF,Alavés,es La Liga,27.0,1998.0,27,21,1695,18.8,1,1,2,1,0,0,5,0,0.11,1141,es ESP,MF,es La Liga,27-178,1998.0,18.8,1,38,11,28.9,2.021276595744681,0.5851063829787234,0.03,0.09,0,0,1422,es ESP,MF,es La Liga,27-178,1998.0,27,1695,63,67.3,18.8,21,73.0,5,6,27.0,0,1.04,13,22,-9,-0.48,-0.15,1141,es ESP,MF,es La Liga,27-178,1998.0,18.8,5,0,0,28,52,2,28,15,23,0,0.05319148936170213,0.05319148936170213,1.4893617021276595,0.7978723404255319,1.2234042553191489,1.4893617021276595,2.7659574468085104,False,0,-0.42884799132578605,-0.27542136510097515,0.8875463726861205,0.4381942030569167,0.059609444775961994,-0.14712377180594002,0.524238346828284,0.3959853816754045,2.3949850743092407,0.8703329487201671,1.280151739570761
Arijon Ibrahimović,de GER,MF,Heidenheim,de Bundesliga,20.0,2005.0,25,21,1835,20.4,1,2,3,0,1,1,2,0,0.1,1142,de GER,MF,de Bundesliga,20-096,2005.0,20.4,1,41,17,41.5,2.0098039215686274,0.8333333333333334,0.0,0.0,1,1,1423,de GER,MF,de Bundesliga,20-096,2005.0,25,1835,73,78.4,20.4,21,79.0,10,4,42.0,0,0.56,20,42,-22,-1.08,1.06,1142,de GER,MF,de Bundesliga,20-096,2005.0,20.4,2,0,0,10,24,4,106,18,15,0,0.04901960784313726,0.09803921568627452,5.196078431372549,0.8823529411764707,0.7352941176470589,0.4901960784313726,1.1764705882352942,False,3,-0.4528223323228399,0.13497309891704032,0.8752656024004635,1.0351887124050707,2.220902824060876,0.02464454857164542,-0.4806130811931857,-1.4121141888520785,0.09146882030013509,1.0039882072507993,0.6303778871287432
Jay Idzes,id IDN,DF,Sassuolo,it Serie A,25.0,2000.0,28,28,2519,28.0,0,0,0,0,0,0,2,0,0.0,1146,id IDN,DF,it Serie A,25-288,2000.0,28.0,0,4,0,0.0,0.14285714285714285,0.0,0.0,,0,0,1427,id IDN,DF,it Serie A,25-288,2000.0,28,2519,90,96.5,28.0,28,90.0,27,0,,1,1.36,35,37,-2,-0.07,1.91,1146,id IDN,DF,it Serie A,25-288,2000.0,28.0,2,0,0,29,11,1,1,33,13,0,0.0,0.0,0.03571428571428571,1.1785714285714286,0.4642857142857143,1.0357142857142858,0.39285714285714285,False,1,-0.7345208390382241,-0.7621682875409468,-1.1231825512792262,-0.9690071404065893,-0.7879758352432278,0.6269242624035275,-1.0385264702127985,-0.42493927719501395,-1.0441595106625658,-1.8273503776610902,-1.5785696408790517
Borja Iglesias,es ESP,FW,Celta Vigo,es La Liga,33.0,1993.0,25,16,1437,16.0,11,2,13,8,3,3,6,0,0.63,1149,es ESP,FW,es La Liga,33-059,1993.0,16.0,11,40,22,55.0,2.5,1.375,0.2,0.36,3,3,1430,es ESP,FW,es La Liga,33-059,1993.0,25,1437,57,57.0,16.0,16,76.0,4,9,24.0,1,1.36,23,19,4,0.25,0.0,1149,es ESP,FW,es La Liga,33-059,1993.0,16.0,6,0,0,30,19,18,2,0,3,0,0.6875,0.125,0.125,0.0,0.1875,1.875,1.1875,False,2,3.216300717645038,0.38168698019298664,1.399989423696706,2.33791601673265,-0.7359155788907685,-1.7693801309275783,-1.6083333617115116,1.0938400958742949,0.10745286517293444,4.452744149032755,-1.425388836914624
Andrej Ilic,rs SRB,FW,Union Berlin,de Bundesliga,25.0,2000.0,24,18,1676,18.6,1,8,9,1,0,1,5,0,0.48,1153,rs SRB,FW,de Bundesliga,25-348,2000.0,18.6,1,48,14,29.2,2.5806451612903225,0.7526881720430108,0.02,0.07,0,1,1435,rs SRB,FW,de Bundesliga,25-348,2000.0,24,1676,70,71.6,18.6,18,85.0,13,6,26.0,0,1.25,26,34,-8,-0.43,-0.02,1153,rs SRB,FW,de Bundesliga,25-348,2000.0,18.6,5,0,0,27,19,12,13,1,2,0,0.05376344086021505,0.4301075268817204,0.6989247311827956,0.05376344086021505,0.1075268817204301,1.4516129032258063,1.021505376344086,False,0,-0.4255611865116738,3.1736777949844153,1.4863149555873783,0.8412342750362004,-0.4012744902079704,-1.6600667992018192,-1.7729705939759681,0.32767479786060744,-0.1331098746868674,2.7404890574785803,0.13774518546762266
Emirhan İlkhan,tr TUR,MF,Torino,it Serie A,21.0,2004.0,13,9,657,7.3,1,1,2,1,0,0,1,1,0.27,1157,tr TUR,MF,it Serie A,21-289,2004.0,7.3,1,6,3,50.0,0.8219178082191781,0.4109589041095891,0.17,0.33,0,0,1440,tr TUR,MF,it Serie A,21-289,2004.0,13,657,51,25.2,7.3,9,64.0,0,4,21.0,15,1.0,7,17,-10,-1.37,-1.0,1157,tr TUR,MF,it Serie A,21-289,2004.0,7.3,1,1,0,9,13,0,3,10,14,0,0.136986301369863,0.136986301369863,0.4109589041095891,1.36986301369863,1.9178082191780823,1.2328767123287672,1.7808219178082192,False,4,0.05269142630339722,0.49137173189350075,-0.39629116454892427,0.019363417144366405,-0.5691801277235766,1.0158636637287504,1.9537780364468156,-0.06815228369636551,0.9673068955220203,-0.7442310281956486,1.251913664348464
Jackson Irvine,au AUS,MF,St Pauli,de Bundesliga,33.0,1993.0,17,11,1003,11.1,0,0,0,0,0,0,0,0,0.0,1163,au AUS,MF,de Bundesliga,33-010,1993.0,11.1,0,15,3,20.0,1.3513513513513513,0.2702702702702703,0.0,0.0,0,0,1447,au AUS,MF,de Bundesliga,33-010,1993.0,17,1003,59,42.9,11.1,11,82.0,7,6,16.0,2,1.0,11,11,0,0.0,1.28,1163,au AUS,MF,de Bundesliga,33-010,1993.0,11.1,0,0,0,13,9,1,8,18,6,0,0.0,0.0,0.7207207207207208,1.6216216216216217,0.5405405405405406,1.1711711711711712,0.8108108108108109,False,1,-0.7345208390382241,-0.7621682875409468,0.17043387487551062,-0.31899767462983464,-0.3885657964166115,1.527746307070995,-0.8815439264346003,-0.1798152150665191,-0.43845266737465605,-1.0571595833689231,-0.9166189931356752
Gustav Isaksen,dk DEN,FW,Lazio,it Serie A,24.0,2001.0,23,15,1291,14.3,4,1,5,4,0,0,0,0,0.35,1167,dk DEN,FW,it Serie A,24-332,2001.0,14.3,4,38,14,36.8,2.657342657342657,0.979020979020979,0.11,0.29,0,0,1451,dk DEN,FW,it Serie A,24-332,2001.0,23,1291,56,49.5,14.3,15,72.0,0,8,26.0,2,1.3,12,14,-2,-0.14,-0.34,1167,dk DEN,FW,it Serie A,24-332,2001.0,14.3,0,0,0,16,44,0,23,7,7,0,0.2797202797202797,0.06993006993006992,1.6083916083916083,0.4895104895104895,0.4895104895104895,1.1188811188811187,3.0769230769230766,False,0,0.8729335769041073,-0.12224925664084427,1.5684147621407445,1.3855726027567594,0.12901279203351834,-0.7740937119979392,-0.9865973061781764,-0.2744397886569754,2.8456427060748015,2.9727930465796906,0.2815942296130399
Ardian Ismajli,al ALB,DF,Torino,it Serie A,29.0,1996.0,20,16,1456,16.2,0,1,1,0,0,0,4,0,0.06,1170,al ALB,DF,it Serie A,29-168,1996.0,16.2,0,5,3,60.0,0.308641975308642,0.1851851851851852,0.0,0.0,0,0,1454,al ALB,DF,it Serie A,29-168,1996.0,20,1456,73,55.8,16.2,16,84.0,12,4,29.0,0,1.35,19,20,-1,-0.06,1.26,1170,al ALB,DF,it Serie A,29-168,1996.0,16.2,4,0,0,20,12,1,8,28,10,0,0.0,0.0617283950617284,0.4938271604938272,1.7283950617283952,0.617283950617284,1.234567901234568,0.7407407407407408,False,1,-0.7345208390382241,-0.197301488659992,-0.9457203996535338,-0.5236302842262204,-0.5208617298101152,1.74484105195979,-0.7235555560749196,-0.06509189224399814,-0.5399996191191007,-1.7096746374000495,-0.6769179584621016
Hiroki Ito,jp JPN,DF,Bayern Munich,de Bundesliga,26.0,1999.0,10,5,481,5.3,1,2,3,1,0,0,0,0,0.56,1172,jp JPN,DF,de Bundesliga,26-309,1999.0,5.3,1,9,3,33.3,1.6981132075471699,0.5660377358490566,0.11,0.33,0,0,1456,jp JPN,DF,de Bundesliga,26-309,1999.0,10,481,48,20.6,5.3,5,76.0,0,5,20.0,3,2.5,16,6,10,1.87,-0.94,1172,jp JPN,DF,de Bundesliga,26-309,1999.0,5.3,0,0,0,6,1,0,4,8,0,0,0.18867924528301888,0.37735849056603776,0.7547169811320755,1.509433962264151,0.0,1.1320754716981132,0.18867924528301888,False,3,0.34975265850778275,2.6909796905237586,0.5416204556517207,0.392333438861708,-0.36874343125776243,1.2996432201654333,-1.9943315785332205,-0.25056316290443914,-1.3400582173644158,0.9767389955061532,-0.6806150842817844
Nicolas Jackson,sn SEN,FW,Bayern Munich,de Bundesliga,24.0,2001.0,17,7,580,6.4,4,0,4,4,0,0,1,1,0.62,1176,sn SEN,FW,de Bundesliga,24-270,2001.0,6.4,4,19,11,57.9,2.96875,1.71875,0.21,0.36,0,0,1463,sn SEN,FW,de Bundesliga,24-270,2001.0,17,580,34,24.8,6.4,7,61.0,1,10,15.0,3,2.47,20,3,17,2.64,0.03,1176,sn SEN,FW,de Bundesliga,24-270,2001.0,6.4,1,1,0,12,7,2,0,2,1,0,0.625,0.0,0.0,0.3125,0.15625,1.875,1.09375,False,2,2.8571351215829233,-0.7621682875409468,1.9017565778112382,3.1646468060174593,-0.8087999377842117,-1.1339963902716033,-1.672666397848463,1.0938400958742949,-0.028411516245860524,4.41177250889652,-1.945977783085794
Jérémy Jacquet,fr FRA,DF,Rennes,fr Ligue 1,20.0,2005.0,19,19,1671,18.6,0,0,0,0,0,0,6,1,0.0,1177,fr FRA,DF,fr Ligue 1,20-247,2005.0,18.6,0,11,3,27.3,0.5913978494623655,0.16129032258064516,0.0,0.0,0,0,1464,fr FRA,DF,fr Ligue 1,20-247,2005.0,19,1671,88,71.4,18.6,19,88.0,17,0,,0,1.42,27,29,-2,-0.11,-1.18,1177,fr FRA,DF,fr Ligue 1,20-247,2005.0,18.6,6,1,1,20,17,1,0,22,17,0,0.0,0.0,0.0,1.182795698924731,0.9139784946236559,1.075268817204301,0.9139784946236559,False,1,-0.7345208390382241,-0.7621682875409468,-0.6430481643825352,-0.5810982656688486,-0.8087999377842117,0.6355131670391224,-0.11276320979657527,-0.3533610225960031,-0.2889399895758079,-1.4721607457298822,-0.8387943413786543
Luca Jaquez,ch SUI,DF,Stuttgart,de Bundesliga,22.0,2003.0,9,8,642,7.1,0,1,1,0,0,0,1,0,0.14,1188,ch SUI,DF,de Bundesliga,22-288,2003.0,7.1,0,2,0,0.0,0.28169014084507044,0.0,0.0,,0,0,1477,ch SUI,DF,de Bundesliga,22-288,2003.0,9,642,71,27.4,7.1,8,80.0,4,1,1.0,1,2.11,11,7,4,0.56,-0.13,1188,ch SUI,DF,de Bundesliga,22-288,2003.0,7.1,1,0,0,2,2,0,0,8,5,0,0.0,0.14084507042253522,0.0,1.1267605633802817,0.7042253521126761,0.28169014084507044,0.28169014084507044,False,1,-0.7345208390382241,0.5266827183564431,-0.9745706295776986,-0.9690071404065893,-0.8087999377842117,0.5215809621418528,-0.544573017700511,-1.7894285071805665,-1.2052649609297885,-1.646162884093891,-1.3564433793758568
Ardon Jashari,ch SUI,MF,Milan,it Serie A,23.0,2002.0,9,4,461,5.1,0,1,1,0,0,0,0,0,0.2,1189,ch SUI,MF,it Serie A,23-230,2002.0,5.1,0,6,2,33.3,1.1764705882352942,0.3921568627450981,0.0,0.0,0,0,1478,ch SUI,MF,it Serie A,23-230,2002.0,9,461,51,17.7,5.1,4,81.0,2,5,27.0,12,1.56,3,3,0,0.0,-0.96,1189,ch SUI,MF,it Serie A,23-230,2002.0,5.1,0,0,0,7,5,0,8,5,8,0,0.0,0.19607843137254904,1.5686274509803924,0.9803921568627452,1.5686274509803924,1.3725490196078431,0.9803921568627452,False,4,-0.7345208390382241,1.0321144853750275,-0.016764893803148814,-0.025856150848160935,0.10582731107468288,0.2239806240715591,1.2349345491255206,0.18460004566384083,-0.19269197743852098,-0.5184993840706192,1.1968708515059858
Bakery Jatta,gm GAM,MF,Hamburger SV,de Bundesliga,27.0,1998.0,11,9,690,7.7,0,1,1,0,0,0,0,0,0.13,1190,gm GAM,MF,de Bundesliga,27-284,1998.0,7.7,0,6,2,33.3,0.7792207792207793,0.2597402597402597,0.0,0.0,0,0,1479,gm GAM,MF,de Bundesliga,27-284,1998.0,11,690,63,29.5,7.7,9,72.0,2,2,22.0,0,1.27,11,7,4,0.52,1.18,1190,gm GAM,MF,de Bundesliga,27-284,1998.0,7.7,0,0,0,10,5,2,18,5,6,0,0.0,0.12987012987012986,2.3376623376623376,0.6493506493506493,0.7792207792207793,1.2987012987012987,0.6493506493506493,False,1,-0.7345208390382241,0.42625276984495797,-0.4419956269055584,-0.344322718751007,0.5542322285347251,-0.44910222826581203,-0.39018314498845635,0.05096451088473066,-0.6724439736206678,-0.44858666425261023,0.13980470151315091
Mikel Jauregizar,es ESP,MF,Athletic Club,es La Liga,22.0,2003.0,27,27,2243,24.9,2,0,2,2,0,0,3,0,0.08,1191,es ESP,MF,es La Liga,22-124,2003.0,24.9,2,31,8,25.8,1.244979919678715,0.321285140562249,0.06,0.25,0,0,1481,es ESP,MF,es La Liga,22-124,2003.0,27,2243,83,89.0,24.9,27,83.0,17,0,,0,1.19,25,33,-8,-0.32,0.33,1191,es ESP,MF,es La Liga,22-124,2003.0,24.9,3,0,0,33,30,0,53,40,38,0,0.08032128514056225,0.0,2.1285140562249,1.606425702811245,1.5261044176706828,1.3253012048192772,1.2048192771084338,False,4,-0.2729425629744622,-0.7621682875409468,0.05657000170331414,-0.19630512486474447,0.43228312128486057,1.4968495399143815,1.1473942022913979,0.09909995278480907,0.1325523091298204,-1.1419596484369599,0.7565827477417226
Finn Jeltsch,de GER,DF,Stuttgart,de Bundesliga,19.0,2006.0,19,14,1282,14.2,0,1,1,0,0,0,3,0,0.07,1193,de GER,DF,de Bundesliga,19-243,2006.0,14.2,0,3,0,0.0,0.21126760563380284,0.0,0.0,,0,0,1484,de GER,DF,de Bundesliga,19-243,2006.0,19,1282,67,54.8,14.2,14,87.0,12,5,14.0,5,2.11,31,15,16,1.12,1.04,1193,de GER,DF,de Bundesliga,19-243,2006.0,14.2,3,0,0,9,13,3,3,14,11,0,0.0,0.07042253521126761,0.21126760563380284,0.9859154929577465,0.7746478873239437,0.6338028169014085,0.9154929577464789,False,1,-0.7345208390382241,-0.11774278459225189,-1.0499534884118067,-0.9690071404065893,-0.6856151058516317,0.23521082550817388,-0.3995971616172401,-1.1522420755662324,-0.2867451992252594,-1.5218522593651445,-0.9308759224255484
Castrop Jens,kr KOR,MF,Gladbach,de Bundesliga,22.0,2003.0,21,15,1166,13.0,1,0,1,1,0,0,1,1,0.08,1194,kr KOR,MF,de Bundesliga,22-231,2003.0,13.0,1,18,8,44.4,1.3846153846153846,0.6153846153846154,0.06,0.13,0,0,1485,kr KOR,MF,de Bundesliga,22-231,2003.0,21,1166,56,49.8,13.0,15,71.0,3,6,17.0,1,1.05,15,25,-10,-0.77,-0.54,1194,kr KOR,MF,de Bundesliga,22-231,2003.0,13.0,1,1,0,27,21,3,18,12,25,0,0.07692307692307693,0.0,1.3846153846153846,0.9230769230769231,1.9230769230769231,2.076923076923077,1.6153846153846154,False,4,-0.29247087465408284,-0.7621682875409468,0.2060409133934095,0.5110144124389443,-0.0014655008106875616,0.10744568762545567,1.9646244914330242,1.459242007234669,0.7275518367766654,-0.2615705883630894,1.4467355066961967
Oliver Jensen,dk DEN,MF,Parma,it Serie A,24.0,2002.0,27,18,1679,18.7,1,0,1,1,0,0,2,0,0.05,1196,dk DEN,MF,it Serie A,24-007,2002.0,18.7,1,14,3,21.4,0.7486631016042781,0.16042780748663102,0.07,0.33,0,0,1487,dk DEN,MF,it Serie A,24-007,2002.0,27,1679,62,64.3,18.7,18,80.0,9,9,28.0,2,1.22,12,25,-13,-0.7,-0.5,1196,dk DEN,MF,it Serie A,24-007,2002.0,18.7,2,0,0,13,19,2,14,17,7,0,0.053475935828877004,0.0,0.7486631016042781,0.9090909090909092,0.37433155080213903,0.6951871657754011,1.0160427807486632,False,1,-0.427213377166896,-0.7621682875409468,-0.47470568329805146,-0.5831726446781413,-0.3722732962833757,0.07900893279889461,-1.2237112526146572,-1.0411603767928246,-0.14102637784967442,-0.7376772663690788,-1.4021506170759541
Moritz Jenz,de GER,DF,Wolfsburg,de Bundesliga,26.0,1999.0,18,18,1606,17.8,1,0,1,1,0,0,6,0,0.06,1197,de GER,DF,de Bundesliga,26-321,1999.0,17.8,1,5,1,20.0,0.28089887640449435,0.056179775280898875,0.2,1.0,0,0,1488,de GER,DF,de Bundesliga,26-321,1999.0,18,1606,89,68.6,17.8,18,89.0,17,0,,2,0.61,20,41,-21,-1.18,-1.18,1197,de GER,DF,de Bundesliga,26-321,1999.0,17.8,6,0,0,27,7,0,1,12,21,1,0.056179775280898875,0.0,0.056179775280898875,0.6741573033707865,1.1797752808988764,1.5168539325842696,0.3932584269662921,False,1,-0.4116753594318288,-0.7621682875409468,-0.9754176279915651,-0.833892813250747,-0.7760429225512036,-0.3986646454674974,0.4344212464123633,0.44573558214522074,-1.0435779616784295,-1.4993891940982962,-0.7007752410775571
Juan Jesus,br BRA,DF,Napoli,it Serie A,34.0,1991.0,20,17,1494,16.6,0,0,0,0,0,0,10,1,0.0,1200,br BRA,DF,it Serie A,34-280,1991.0,16.6,0,3,0,0.0,0.18072289156626503,0.0,0.0,,0,0,1491,br BRA,DF,it Serie A,34-280,1991.0,20,1494,75,57.2,16.6,17,85.0,13,3,17.0,6,2.15,26,17,9,0.54,0.06,1200,br BRA,DF,it Serie A,34-280,1991.0,16.6,10,1,1,38,2,0,0,25,20,0,0.0,0.0,0.0,1.506024096385542,1.2048192771084336,2.2891566265060237,0.12048192771084336,False,4,-0.7345208390382241,-0.7621682875409468,-1.0826496681470825,-0.9690071404065893,-0.8087999377842117,1.2927101854867586,0.4859782484335831,1.8433018475170575,-1.4388911386056396,-2.3933108646754273,-0.19036050811790003
Jofre,es ESP,MF,Espanyol,es La Liga,24.0,2001.0,20,8,771,8.6,1,0,1,1,0,0,1,0,0.12,1208,es ESP,MF,es La Liga,24-273,2001.0,8.6,1,19,5,26.3,2.2093023255813953,0.5813953488372093,0.05,0.2,0,0,1500,es ESP,MF,es La Liga,24-273,2001.0,20,771,39,30.6,8.6,8,61.0,0,12,23.0,8,1.15,9,18,-9,-1.05,-1.15,1208,es ESP,MF,es La Liga,24-273,2001.0,8.6,1,0,0,12,20,1,30,5,5,0,0.11627906976744186,0.0,3.488372093023256,0.5813953488372093,0.5813953488372093,1.3953488372093024,2.3255813953488373,False,0,-0.06630577659708038,-0.7621682875409468,1.0888159947884692,0.4292690359736387,1.2251821708700157,-0.5872708459862294,-0.7974378829620302,0.22585881141360623,1.7567832628615618,1.4518728781149792,0.6918596451168196
Ísak Jóhannesson,is ISL,MF,Köln,de Bundesliga,22.0,2003.0,24,16,1365,15.2,1,1,2,1,0,0,3,0,0.13,1210,is ISL,MF,de Bundesliga,22-359,2003.0,15.2,1,8,2,25.0,0.5263157894736842,0.13157894736842105,0.13,0.5,0,0,1502,is ISL,MF,de Bundesliga,22-359,2003.0,24,1365,57,58.3,15.2,16,75.0,6,8,22.0,1,1.0,17,27,-10,-0.66,-0.75,1210,is ISL,MF,de Bundesliga,22-359,2003.0,15.2,3,0,0,8,4,2,57,3,11,0,0.06578947368421052,0.06578947368421052,3.75,0.19736842105263158,0.7236842105263158,0.5263157894736842,0.2631578947368421,False,3,-0.3564517905517875,-0.16013919925992925,-0.7127143831013233,-0.6525551636468534,1.3777308290190826,-1.3680851368290678,-0.5045138995722389,-1.3467516178485028,-1.2321222639036054,-0.4855602853059703,-0.4917227086877359
Frenkie de Jong,nl NED,MF,Barcelona,es La Liga,28.0,1997.0,19,16,1495,16.6,1,4,5,1,0,0,4,1,0.3,1218,nl NED,MF,es La Liga,28-309,1997.0,16.6,1,7,2,28.6,0.4216867469879518,0.12048192771084336,0.14,0.5,0,0,1513,nl NED,MF,es La Liga,28-309,1997.0,19,1495,79,59.3,16.6,16,88.0,13,3,30.0,1,2.26,38,17,21,1.26,-1.19,1218,nl NED,MF,es La Liga,28-309,1997.0,16.6,4,1,1,10,24,2,4,17,16,0,0.06024096385542168,0.24096385542168672,0.24096385542168672,1.0240963855421685,0.9638554216867469,0.6024096385542168,1.4457831325301203,False,1,-0.38833713199040265,1.4428539153196476,-0.8247131391243514,-0.6792438845783975,-0.668299968832996,0.31284128423417085,-0.010083716959777639,-1.209051468264378,0.4817619641821443,-0.6876183692229474,0.10408899162027947
Abdulai Juma Bah,sl SLE,DF,Nice,fr Ligue 1,19.0,2006.0,20,16,1463,16.3,0,0,0,0,0,0,6,0,0.0,1224,sl SLE,DF,fr Ligue 1,19-340,2006.0,16.3,0,6,1,16.7,0.36809815950920244,0.06134969325153374,0.0,0.0,0,0,1522,sl SLE,DF,fr Ligue 1,19-340,2006.0,20,1463,73,62.5,16.3,16,87.0,15,4,17.0,4,1.15,18,31,-13,-0.8,-0.49,1224,sl SLE,DF,fr Ligue 1,19-340,2006.0,16.3,6,0,0,25,7,1,0,17,15,0,0.0,0.0,0.0,1.0429447852760736,0.920245398773006,1.5337423312883436,0.42944785276073616,False,1,-0.7345208390382241,-0.7621682875409468,-0.8820763242597747,-0.8214589794633996,-0.8087999377842117,0.3511643777647554,-0.0998618027211527,0.47629698830205924,-0.9911315195508187,-1.7148983191740579,-0.838543372746607
Anthony Jung,de GER,DF,Freiburg,de Bundesliga,34.0,1991.0,10,4,490,5.4,0,0,0,0,0,0,2,0,0.0,1225,de GER,DF,de Bundesliga,34-134,1991.0,5.4,0,1,0,0.0,0.18518518518518517,0.0,0.0,,0,0,1523,de GER,DF,de Bundesliga,34-134,1991.0,10,490,49,20.9,5.4,4,86.0,3,6,24.0,12,1.4,9,11,-2,-0.37,-0.17,1225,de GER,DF,de Bundesliga,34-134,1991.0,5.4,2,0,0,4,3,0,0,8,0,0,0.0,0.0,0.0,1.4814814814814814,0.0,0.7407407407407407,0.5555555555555555,False,1,-0.7345208390382241,-0.7621682875409468,-1.0778730657577729,-0.9690071404065893,-0.8087999377842117,1.2428094544044512,-1.9943315785332205,-0.9587261963352126,-0.8083737058722762,-1.7624362100626472,-2.0945895214059993
Martijn Kaars,nl NED,FW,St Pauli,de Bundesliga,27.0,1999.0,21,11,1018,11.3,3,0,3,2,1,1,1,0,0.18,1235,nl NED,FW,de Bundesliga,27-012,1999.0,11.3,3,20,9,45.0,1.7699115044247786,0.7964601769911503,0.1,0.22,1,1,1533,nl NED,FW,de Bundesliga,27-012,1999.0,21,1018,48,43.5,11.3,11,68.0,1,10,27.0,3,0.86,7,19,-12,-1.06,-0.58,1235,nl NED,FW,de Bundesliga,27-012,1999.0,11.3,1,0,0,6,6,4,10,0,2,0,0.2654867256637168,0.0,0.8849557522123893,0.0,0.17699115044247787,0.5309734513274336,0.5309734513274336,False,0,0.7911383300751834,-0.7621682875409468,0.6184759801200899,0.9465074799797758,-0.29280447659169384,-1.7693801309275783,-1.6299674800584512,-1.3383230688695336,-0.8439985846448215,1.698599928540974,-2.353592106462804
Mohamed Kaba,fr FRA,MF,Lecce,it Serie A,24.0,2001.0,15,5,633,7.0,0,0,0,0,0,0,1,0,0.0,1237,fr FRA,MF,it Serie A,24-141,2001.0,7.0,0,9,4,44.4,1.2857142857142858,0.5714285714285714,0.0,0.0,0,0,1535,fr FRA,MF,it Serie A,24-141,2001.0,15,633,42,24.3,7.0,5,81.0,3,10,23.0,6,1.0,3,12,-9,-1.28,-0.87,1237,fr FRA,MF,it Serie A,24-141,2001.0,7.0,1,0,0,12,21,0,8,4,7,0,0.0,0.0,1.1428571428571428,0.5714285714285714,1.0,1.7142857142857142,3.0,False,0,-0.7345208390382241,-0.7621682875409468,0.10017355780001388,0.4052985872356918,-0.14242865647273148,-0.6075355765852241,0.06432557784922671,0.8030100031588951,2.734164239269637,0.5795626993711425,1.017295729462179
Ozan Kabak,tr TUR,DF,Hoffenheim,de Bundesliga,25.0,2000.0,17,10,1031,11.5,4,0,4,4,0,0,2,0,0.35,1238,tr TUR,DF,de Bundesliga,25-357,2000.0,11.5,4,25,9,36.0,2.1739130434782608,0.782608695652174,0.16,0.44,0,0,1537,tr TUR,DF,de Bundesliga,25-357,2000.0,17,1031,61,44.1,11.5,10,90.0,10,7,19.0,3,2.29,28,16,12,1.05,0.5,1238,tr TUR,DF,de Bundesliga,25-357,2000.0,11.5,2,0,0,14,7,0,1,17,11,0,0.34782608695652173,0.0,0.08695652173913043,1.4782608695652173,0.9565217391304348,1.2173913043478262,0.6086956521739131,False,1,1.2643137825248492,-0.7621682875409468,1.0509340121387707,0.9131941822339262,-0.7580977750757295,1.2362612161754685,-0.02518125503696658,-0.09617482456021442,-0.7313620114126692,0.6706776855658451,-1.1987743587912267
Christian Kabasele,be BEL,DF,Udinese,it Serie A,35.0,1991.0,22,20,1627,18.1,3,0,3,3,0,0,4,0,0.17,1239,be BEL,DF,it Serie A,35-021,1991.0,18.1,3,7,5,71.4,0.38674033149171266,0.2762430939226519,0.43,0.6,0,0,1539,be BEL,DF,it Serie A,35-021,1991.0,22,1627,74,62.3,18.1,20,81.0,13,2,9.0,7,1.18,20,24,-4,-0.22,0.24,1239,be BEL,DF,it Serie A,35-021,1991.0,18.1,4,0,0,24,18,1,0,26,6,0,0.16574585635359115,0.0,0.0,1.43646408839779,0.3314917127071823,1.3259668508287292,0.9944751381215469,False,1,0.21796250963478733,-0.7621682875409468,-0.8621210611511287,-0.3046328245574203,-0.8087999377842117,1.151278831645743,-1.3119037918871055,0.10030451210437535,-0.17228263837441887,-0.8388508352000325,-1.363957016781715
Warren Kamanzi,no NOR,MF,Toulouse,fr Ligue 1,25.0,2000.0,17,6,653,7.3,0,1,1,0,0,0,1,0,0.14,1250,no NOR,MF,fr Ligue 1,25-126,2000.0,7.3,0,9,1,11.1,1.2328767123287672,0.136986301369863,0.0,0.0,0,0,1552,no NOR,MF,fr Ligue 1,25-126,2000.0,17,653,38,27.9,7.3,6,71.0,1,11,21.0,9,1.29,14,14,0,0.0,-0.27,1250,no NOR,MF,fr Ligue 1,25-126,2000.0,7.3,1,0,0,7,6,1,10,5,9,0,0.0,0.136986301369863,1.36986301369863,0.684931506849315,1.2328767123287672,0.9589041095890412,0.8219178082191781,False,1,-0.7345208390382241,0.49137173189350075,0.043614285633679105,-0.6395502878896041,-0.010067237582094997,-0.37675823359941396,0.5437388882396598,-0.5639356989798473,-0.4223561838300376,-0.6356004493479386,0.23773910152138503
Atakan Karazor,tr TUR,MF,Stuttgart,de Bundesliga,29.0,1996.0,24,19,1615,17.9,0,0,0,0,0,0,4,0,0.0,1264,tr TUR,MF,de Bundesliga,29-155,1996.0,17.9,0,7,2,28.6,0.3910614525139665,0.111731843575419,0.0,0.0,0,0,1570,tr TUR,MF,de Bundesliga,29-155,1996.0,24,1615,67,69.0,17.9,19,84.0,10,5,5.0,2,1.96,32,19,13,0.72,0.23,1264,tr TUR,MF,de Bundesliga,29-155,1996.0,17.9,4,0,0,16,29,1,7,11,21,0,0.0,0.0,0.3910614525139665,0.6145251396648045,1.1731843575418994,0.893854748603352,1.6201117318435756,False,1,-0.7345208390382241,-0.7621682875409468,-0.8574955750755643,-0.7002881433815622,-0.5807818317488588,-0.5199104286320296,0.4208527948763544,-0.6816496383627969,0.7344024688149717,-1.1281393340517707,-0.2512639331762951
Dermane Karim,tg TOG,MF,Lorient,fr Ligue 1,22.0,2003.0,24,13,1161,12.9,1,2,3,1,0,0,3,0,0.23,1265,tg TOG,MF,fr Ligue 1,22-100,2003.0,12.9,1,15,2,13.3,1.1627906976744187,0.15503875968992248,0.07,0.5,0,0,1571,tg TOG,MF,fr Ligue 1,22-100,2003.0,24,1161,48,49.6,12.9,13,72.0,2,11,20.0,0,1.5,16,22,-6,-0.47,-0.69,1265,tg TOG,MF,fr Ligue 1,22-100,2003.0,12.9,3,0,0,17,36,0,15,9,12,0,0.07751937984496124,0.15503875968992248,1.1627906976744187,0.6976744186046512,0.9302325581395349,1.317829457364341,2.7906976744186047,False,0,-0.28904413074412827,0.6565669282530792,-0.03140834928118346,-0.5961334933718618,-0.1308059015661358,-0.35084898899795963,-0.07930166561931613,0.08557900786440377,2.4308391086602343,0.4075908654518693,1.1782869074528337
Lennart Karl,de GER,MF,Bayern Munich,de Bundesliga,18.0,2008.0,22,13,1056,11.7,4,3,7,4,0,0,0,0,0.6,1266,de GER,MF,de Bundesliga,18-023,2008.0,11.7,4,34,16,47.1,2.9059829059829063,1.3675213675213675,0.12,0.25,0,0,1572,de GER,MF,de Bundesliga,18-023,2008.0,22,1056,48,45.1,11.7,13,66.0,3,9,22.0,4,2.5,41,11,30,2.56,-0.11,1266,de GER,MF,de Bundesliga,18-023,2008.0,11.7,0,0,0,4,11,4,25,9,13,0,0.3418803418803419,0.25641025641025644,2.1367521367521367,0.7692307692307693,1.1111111111111112,0.3418803418803419,0.9401709401709403,False,2,1.2301456693357369,1.5842014924260965,1.8345683833856459,2.3199296436945964,0.4370865390267823,-0.20535861546671666,0.29306526189172094,-1.6805077496396548,-0.2509813718464504,2.8583626110502762,0.020449701974905005
Jesper Karlström,se SWE,MF,Udinese,it Serie A,30.0,1995.0,29,29,2548,28.3,1,0,1,1,0,0,4,0,0.04,1267,se SWE,MF,it Serie A,30-269,1995.0,28.3,1,15,2,13.3,0.5300353356890459,0.0706713780918728,0.07,0.5,0,0,1574,se SWE,MF,it Serie A,30-269,1995.0,29,2548,88,97.6,28.3,29,88.0,23,0,,0,1.24,32,42,-10,-0.35,-1.8,1267,se SWE,MF,it Serie A,30-269,1995.0,28.3,4,0,0,30,24,1,9,31,28,0,0.0353356890459364,0.0,0.31802120141342755,1.0954063604240283,0.989399293286219,1.0600706713780919,0.8480565371024735,False,1,-0.5314590179430355,-0.7621682875409468,-0.7087328447139536,-0.7990400009455297,-0.6233697667478898,0.45783071971103373,0.04250235711019002,-0.38086373114548755,-0.38447541336814406,-1.5032341040129595,-0.7390557815426504
Mikkel Kaufmann,dk DEN,FW,Heidenheim,de Bundesliga,25.0,2001.0,14,6,522,5.8,1,1,2,1,0,0,2,0,0.34,1272,dk DEN,FW,de Bundesliga,25-073,2001.0,5.8,1,11,3,27.3,1.896551724137931,0.5172413793103449,0.09,0.33,0,0,1581,dk DEN,FW,de Bundesliga,25-073,2001.0,14,522,37,22.3,5.8,6,63.0,0,8,18.0,1,0.43,2,9,-7,-1.21,0.13,1272,dk DEN,FW,de Bundesliga,25-073,2001.0,5.8,2,0,0,13,13,1,1,1,2,0,0.1724137931034483,0.1724137931034483,0.1724137931034483,0.1724137931034483,0.3448275862068966,2.241379310344828,2.241379310344828,False,0,0.256280805271058,0.815563116229996,0.7540363057561592,0.2749764923730618,-0.7082697875863591,-1.4188235843587644,-1.2844498004703075,1.7568435639419688,1.6347559114669747,2.0726229277580677,0.3629659533538806
Moise Kean,it ITA,FW,Fiorentina,it Serie A,26.0,2000.0,24,21,1876,20.8,8,1,9,6,2,2,3,0,0.34,1275,it ITA,FW,it Serie A,26-017,2000.0,20.8,8,95,26,27.4,4.5673076923076925,1.25,0.06,0.23,2,2,1584,it ITA,FW,it Serie A,26-017,2000.0,24,1876,78,71.9,20.8,21,87.0,15,3,19.0,1,0.83,23,31,-8,-0.38,-0.26,1275,it ITA,FW,it Serie A,26-017,2000.0,20.8,3,0,0,27,43,27,6,6,3,0,0.3846153846153846,0.04807692307692307,0.28846153846153844,0.28846153846153844,0.14423076923076922,1.2980769230769231,2.067307692307692,False,2,1.475728982882482,-0.3222239537971263,3.612911231586437,2.037286638810901,-0.6406052634147275,-1.1828720626297553,-1.697409873285752,0.049834634844655404,1.3824878292570097,4.47136376665898,-1.1669939543283696
Yassine Kechta,ma MAR,MF,Le Havre,fr Ligue 1,24.0,2002.0,24,12,1083,12.0,1,1,2,1,0,0,3,0,0.17,1278,ma MAR,MF,fr Ligue 1,24-020,2002.0,12.0,1,17,7,41.2,1.4166666666666667,0.5833333333333334,0.06,0.14,0,0,1587,ma MAR,MF,fr Ligue 1,24-020,2002.0,24,1083,45,46.3,12.0,12,73.0,1,12,17.0,1,1.08,10,18,-8,-0.66,-0.38,1278,ma MAR,MF,fr Ligue 1,24-020,2002.0,12.0,3,0,0,31,15,3,23,16,16,0,0.08333333333333333,0.08333333333333333,1.9166666666666667,1.3333333333333333,1.3333333333333333,2.5833333333333335,1.25,False,4,-0.2556333776220711,0.00040189094834210825,0.2403497786320101,0.4339299565615728,0.30876023191525,0.9415904958712482,0.750544629976709,2.3756468008051304,0.19802911945213106,-0.10346467796889768,1.493031350316222
Thilo Kehrer,de GER,DF,Monaco,fr Ligue 1,29.0,1996.0,20,20,1736,19.3,0,0,0,0,0,0,7,2,0.0,1279,de GER,DF,fr Ligue 1,29-177,1996.0,19.3,0,15,1,6.7,0.7772020725388601,0.05181347150259067,0.0,0.0,0,0,1588,de GER,DF,fr Ligue 1,29-177,1996.0,20,1736,87,74.2,19.3,20,87.0,18,0,,3,1.8,35,24,11,0.57,1.02,1279,de GER,DF,fr Ligue 1,29-177,1996.0,19.3,7,2,1,22,23,1,3,26,25,0,0.0,0.0,0.15544041450777202,1.3471502590673574,1.2953367875647668,1.1398963730569949,1.1917098445595855,False,1,-0.7345208390382241,-0.7621682875409468,-0.4441565244133527,-0.8443939267602684,-0.7181665381239716,0.9696834557344485,0.6723227691124364,-0.23641038577443835,0.11355385639381299,-1.7221889531339176,-0.16224299693058714
Mandela Keita,be BEL,MF,Parma,it Serie A,23.0,2002.0,28,27,2256,25.1,0,1,1,0,0,0,1,0,0.04,1280,be BEL,MF,it Serie A,23-311,2002.0,25.1,0,12,1,8.3,0.4780876494023904,0.0398406374501992,0.0,0.0,0,0,1589,be BEL,MF,it Serie A,23-311,2002.0,28,2256,81,86.4,25.1,27,83.0,15,1,6.0,0,1.21,14,28,-14,-0.56,-0.3,1280,be BEL,MF,it Serie A,23-311,2002.0,25.1,1,0,0,23,46,0,2,33,39,1,0.0,0.0398406374501992,0.0796812749003984,1.3147410358565736,1.5537848605577689,0.9163346613545816,1.8326693227091633,False,4,-0.7345208390382241,-0.39759290340264136,-0.7643395491638514,-0.8731890119853146,-0.7623397886887897,0.9037881166130973,1.2043787441327332,-0.6409697754581574,1.0424451952024103,-1.7365698417293893,0.4350639298597671
Lloyd Kelly,eng ENG,DF,Juventus,it Serie A,27.0,1998.0,26,24,2219,24.7,1,0,1,1,0,0,4,0,0.04,1284,eng ENG,DF,it Serie A,27-162,1998.0,24.7,1,11,2,18.2,0.4453441295546559,0.08097165991902834,0.09,0.5,0,0,1593,eng ENG,DF,it Serie A,27-162,1998.0,26,2219,85,85.0,24.7,24,90.0,24,2,30.0,0,1.77,45,25,20,0.81,0.12,1284,eng ENG,DF,it Serie A,27-162,1998.0,24.7,4,0,0,37,14,3,8,11,25,0,0.04048582995951417,0.0,0.32388663967611336,0.4453441295546559,1.0121457489878543,1.4979757085020244,0.5668016194331984,False,1,-0.5018629630465709,-0.7621682875409468,-0.7993894110725245,-0.7742674624005981,-0.6199497770886505,-0.8638939903976057,0.08932951092269774,0.41157336914878506,-0.7920756844095326,-1.100849452759819,-0.7206126541622102
Aljoscha Kemlein,de GER,MF,Union Berlin,de Bundesliga,21.0,2004.0,24,18,1524,16.9,0,1,1,0,0,0,3,0,0.06,1285,de GER,MF,de Bundesliga,21-227,2004.0,16.9,0,12,2,16.7,0.7100591715976332,0.1183431952662722,0.0,0.0,0,0,1594,de GER,MF,de Bundesliga,21-227,2004.0,24,1524,64,65.1,16.9,18,79.0,5,6,19.0,2,1.13,18,22,-4,-0.24,0.54,1285,de GER,MF,de Bundesliga,21-227,2004.0,16.9,3,0,0,17,10,0,8,16,21,0,0.0,0.0591715976331361,0.4733727810650888,0.9467455621301776,1.2426035502958581,1.0059171597633136,0.591715976331361,False,1,-0.7345208390382241,-0.22069833831778302,-0.5160287427051358,-0.6843876110132174,-0.5327881644599299,0.15556942656271297,0.563763112829584,-0.4788604383690723,-0.7559692983997625,-1.4171215285913439,-0.39048082430687364
Marc-Oliver Kempf,de GER,DF,Como,it Serie A,31.0,1995.0,26,20,1671,18.6,4,0,4,4,0,0,2,0,0.22,1286,de GER,DF,it Serie A,31-048,1995.0,18.6,4,15,6,40.0,0.8064516129032258,0.3225806451612903,0.27,0.67,0,0,1595,de GER,DF,it Serie A,31-048,1995.0,26,1671,64,64.0,18.6,20,79.0,16,6,15.0,3,1.92,31,13,18,0.97,0.2,1286,de GER,DF,it Serie A,31-048,1995.0,18.6,2,0,0,21,15,0,0,4,7,0,0.2150537634408602,0.0,0.0,0.2150537634408602,0.3763440860215054,1.129032258064516,0.8064516129032258,False,1,0.501317771067977,-0.7621682875409468,-0.41284674600740945,-0.193189390931108,-0.8087999377842117,-1.332126804024542,-1.2195681325828371,-0.25607019110220164,-0.44477010446474835,0.35182026519072634,-1.7829348445803614
Luca Kerber,de GER,MF,Heidenheim,de Bundesliga,24.0,2002.0,13,7,563,6.3,2,0,2,2,0,0,2,0,0.32,1287,de GER,MF,de Bundesliga,24-007,2002.0,6.3,2,7,3,42.9,1.1111111111111112,0.4761904761904762,0.29,0.67,0,0,1596,de GER,MF,de Bundesliga,24-007,2002.0,13,563,43,24.1,6.3,7,72.0,2,6,10.0,11,0.54,3,15,-12,-1.92,-0.8,1287,de GER,MF,de Bundesliga,24-007,2002.0,6.3,2,0,0,9,5,1,4,3,9,0,0.31746031746031744,0.0,0.6349206349206349,0.4761904761904762,1.4285714285714286,1.4285714285714286,0.7936507936507937,False,4,1.0898123473090253,-0.7621682875409468,-0.08672806997598115,0.17624763262864507,-0.43859367038894487,-0.801176335642283,0.946607216298847,0.2859787272204072,-0.4633213086181935,0.26845746368506707,-0.417646940871602
Rani Khedira,de GER,MF,Union Berlin,de Bundesliga,32.0,1994.0,25,25,2207,24.5,5,0,5,5,0,0,6,0,0.2,1292,de GER,MF,de Bundesliga,32-049,1994.0,24.5,5,19,10,52.6,0.7755102040816326,0.40816326530612246,0.26,0.5,0,0,1603,de GER,MF,de Bundesliga,32-049,1994.0,25,2207,88,94.3,24.5,25,88.0,22,0,,0,1.24,28,37,-9,-0.37,0.99,1292,de GER,MF,de Bundesliga,32-049,1994.0,24.5,6,0,0,39,17,2,18,33,34,0,0.20408163265306123,0.0,0.7346938775510204,1.346938775510204,1.3877551020408163,1.5918367346938775,0.6938775510204082,False,4,0.4382647807564363,-0.7621682875409468,-0.4459675623246469,0.012639807909325833,-0.38041839979826003,0.9692534614508281,0.8625803935893593,0.5814251706138289,-0.6079146941341901,-0.9066110643730486,-0.1361778084191704
Kialonda,ao ANG,DF,Lecce,it Serie A,28.0,1997.0,22,21,1828,20.3,0,0,0,0,0,0,6,1,0.0,1295,ao ANG,DF,it Serie A,28-171,1997.0,20.3,0,9,1,11.1,0.44334975369458124,0.04926108374384236,0.0,0.0,0,0,1606,ao ANG,DF,it Serie A,28-171,1997.0,22,1828,83,70.0,20.3,21,86.0,19,1,26.0,0,1.05,17,25,-8,-0.39,0.76,1295,ao ANG,DF,it Serie A,28-171,1997.0,20.3,6,1,0,12,22,2,1,19,9,0,0.0,0.0,0.04926108374384236,0.9359605911330049,0.44334975369458124,0.5911330049261083,1.083743842364532,False,1,-0.7345208390382241,-0.7621682875409468,-0.8015242639782192,-0.8505325087132892,-0.7800770377276823,0.13364112187455368,-1.0816264353094753,-1.2294577712199892,-0.04291264069942648,-1.2470976708296866,-1.5165081243916683
Kiké,es ESP,FW,Espanyol,es La Liga,36.0,1989.0,27,12,1247,13.9,6,1,7,5,1,1,3,0,0.43,1296,es ESP,FW,es La Liga,36-112,1989.0,13.9,6,42,19,45.2,3.0215827338129495,1.3669064748201438,0.12,0.26,1,1,1607,es ESP,FW,es La Liga,36-112,1989.0,27,1247,46,49.5,13.9,12,74.0,3,15,24.0,1,1.26,23,19,4,0.29,1.07,1296,es ESP,FW,es La Liga,36-112,1989.0,13.9,3,0,0,27,32,20,13,2,7,0,0.4316546762589928,0.07194244604316546,0.935251798561151,0.14388489208633093,0.5035971223021583,1.9424460431654675,2.302158273381295,False,2,1.746047306426741,-0.10383432049983407,1.9583106695219885,2.3184508052125365,-0.2634781158476586,-1.4768293438629567,-0.9575977587722759,1.215891094016249,1.7228380044400455,4.07033528986974,-0.10498884312720419
Semih Kılıçsoy,tr TUR,FW,Cagliari,it Serie A,20.0,2005.0,20,11,941,10.5,4,0,4,4,0,0,1,0,0.38,1297,tr TUR,FW,it Serie A,20-214,2005.0,10.5,4,17,8,47.1,1.619047619047619,0.7619047619047619,0.24,0.5,0,0,1608,tr TUR,FW,it Serie A,20-214,2005.0,20,941,47,36.1,10.5,11,72.0,1,9,16.0,9,1.15,10,15,-5,-0.48,-0.21,1297,tr TUR,FW,it Serie A,20-214,2005.0,10.5,1,0,0,13,15,2,1,0,3,0,0.38095238095238093,0.0,0.09523809523809523,0.0,0.2857142857142857,1.2380952380952381,1.4285714285714286,False,0,1.4546789845784753,-0.7621682875409468,0.45698575628145877,0.8634004964497854,-0.7532689976749217,-1.7693801309275783,-1.406143819566807,-0.058708790071918246,0.45681841739269297,2.1484662368958647,-1.6731835972789995
Joshua Kimmich,de GER,MF,Bayern Munich,de Bundesliga,31.0,1995.0,22,18,1727,19.2,2,6,8,2,0,0,4,0,0.42,1299,de GER,MF,de Bundesliga,31-037,1995.0,19.2,2,20,8,40.0,1.0416666666666667,0.4166666666666667,0.1,0.25,0,0,1610,de GER,MF,de Bundesliga,31-037,1995.0,22,1727,79,73.8,19.2,18,89.0,14,4,34.0,1,2.5,67,19,48,2.5,-0.43,1299,de GER,MF,de Bundesliga,31-037,1995.0,19.2,4,0,0,6,17,0,95,16,18,0,0.10416666666666667,0.3125,4.947916666666667,0.8333333333333334,0.9375,0.3125,0.8854166666666667,False,3,-0.13591151226803283,2.0974698817938866,-0.1610639446596155,0.03309078599924075,2.0762059350812465,-0.07502348917831153,-0.06434049442467624,-1.7336746944143122,-0.33033236384318254,0.43433602632132423,1.2579926174023122
Ruben Kluivert,nl NED,DF,Lyon,fr Ligue 1,24.0,2001.0,11,7,642,7.1,1,2,3,1,0,0,2,0,0.42,1304,nl NED,DF,fr Ligue 1,24-300,2001.0,7.1,1,1,1,100.0,0.14084507042253522,0.14084507042253522,1.0,1.0,0,0,1624,nl NED,DF,fr Ligue 1,24-300,2001.0,11,642,58,27.4,7.1,7,89.0,6,4,5.0,7,1.91,16,15,1,0.14,-0.5,1304,nl NED,DF,fr Ligue 1,24-300,2001.0,7.1,2,0,0,7,3,0,1,7,7,0,0.14084507042253522,0.28169014084507044,0.14084507042253522,0.9859154929577465,0.9859154929577465,0.9859154929577465,0.4225352112676057,False,1,0.07486641969330213,1.815533724253833,-1.1253363472459148,-0.6302698131708158,-0.726676716495825,0.23521082550817388,0.03533040663257257,-0.5150556439518984,-1.001149458328782,-0.7885035320119483,-0.18936328689025878
Robin Koch,de GER,DF,Eintracht Frankfurt,de Bundesliga,29.0,1996.0,25,25,2203,24.5,3,1,4,3,0,0,3,1,0.16,1308,de GER,DF,de Bundesliga,29-243,1996.0,24.5,3,13,5,38.5,0.5306122448979592,0.20408163265306123,0.23,0.6,0,0,1629,de GER,DF,de Bundesliga,29-243,1996.0,25,2203,88,94.1,24.5,25,88.0,23,0,,0,1.52,46,46,0,0.0,0.0,1308,de GER,DF,de Bundesliga,29-243,1996.0,24.5,3,1,1,22,8,0,2,33,18,0,0.12244897959183673,0.04081632653061224,0.08163265306122448,1.346938775510204,0.7346938775510204,0.8979591836734694,0.32653061224489793,False,1,-0.030849467161427873,-0.38866452664823387,-0.708115299984484,-0.47818366624863173,-0.7612019891191059,0.9692534614508281,-0.4818487697624429,-0.6742222138082138,-1.1402812498976316,-1.2756463466547319,-1.374620182333625
Dominik Kohr,de GER,DF,Mainz 05,de Bundesliga,32.0,1994.0,21,21,1753,19.5,1,0,1,1,0,0,8,2,0.05,1314,de GER,DF,de Bundesliga,32-045,1994.0,19.5,1,9,2,22.2,0.46153846153846156,0.10256410256410256,0.11,0.5,0,0,1636,de GER,DF,de Bundesliga,32-045,1994.0,21,1753,83,74.9,19.5,21,83.0,14,0,,0,1.1,25,28,-3,-0.15,0.92,1314,de GER,DF,de Bundesliga,32-045,1994.0,19.5,8,2,1,30,34,0,10,34,25,0,0.05128205128205128,0.0,0.5128205128205128,1.7435897435897436,1.2820512820512822,1.5384615384615385,1.7435897435897436,False,4,-0.43982086278212995,-0.7621682875409468,-0.7820544054782842,-0.7223368815990003,-0.5097871833495731,1.7757353041170412,0.6449724681109428,0.48483691027367193,0.9133492814519405,-1.7384492795255093,0.49061187502422804
Koke,es ESP,MF,Atlético Madrid,es La Liga,34.0,1992.0,26,17,1635,18.2,2,2,4,2,0,0,4,0,0.22,1315,es ESP,MF,es La Liga,34-068,1992.0,18.2,2,10,4,40.0,0.5494505494505495,0.21978021978021978,0.2,0.5,0,0,1637,es ESP,MF,es La Liga,34-068,1992.0,26,1635,63,64.9,18.2,17,79.0,9,9,33.0,2,2.15,32,16,16,0.88,0.27,1315,es ESP,MF,es La Liga,34-068,1992.0,18.2,4,0,0,16,14,0,26,17,22,0,0.10989010989010989,0.10989010989010989,1.4285714285714286,0.9340659340659341,1.208791208791209,0.8791208791208791,0.7692307692307693,False,1,-0.10302088991802234,0.2434187610163573,-0.6879500893952657,-0.4404280143903273,0.02416416385513864,0.12978885213203933,0.4941550940169907,-0.7083121880459163,-0.4987112980801507,-0.8647992511780781,-0.031274301278891734
Sead Kolašinac,ba BIH,DF,Atalanta,it Serie A,32.0,1993.0,12,9,766,8.5,0,0,0,0,0,0,3,0,0.0,1316,ba BIH,DF,it Serie A,32-270,1993.0,8.5,0,3,0,0.0,0.35294117647058826,0.0,0.0,,0,0,1638,ba BIH,DF,it Serie A,32-270,1993.0,12,766,64,29.3,8.5,9,72.0,2,3,38.0,6,1.92,13,9,4,0.47,0.03,1316,ba BIH,DF,it Serie A,32-270,1993.0,8.5,3,0,0,10,6,0,2,5,10,0,0.0,0.0,0.23529411764705882,0.5882352941176471,1.1764705882352942,1.1764705882352942,0.7058823529411765,False,1,-0.7345208390382241,-0.7621682875409468,-0.8983009135808363,-0.9690071404065893,-0.6716058504553775,-0.5733636779280958,0.42761801721083514,-0.1702253397841412,-0.5905170942726395,-1.5355986489077413,-0.627304636588822
Timothée Kolodziejczak,fr FRA,DF,Paris FC,fr Ligue 1,34.0,1991.0,11,7,662,7.4,0,0,0,0,0,0,2,0,0.0,1321,fr FRA,DF,fr Ligue 1,34-167,1991.0,7.4,0,1,1,100.0,0.13513513513513511,0.13513513513513511,0.0,0.0,0,0,1644,fr FRA,DF,fr Ligue 1,34-167,1991.0,11,662,60,28.3,7.4,7,89.0,6,4,10.0,14,1.18,6,14,-8,-1.09,-0.87,1321,fr FRA,DF,fr Ligue 1,34-167,1991.0,7.4,2,0,0,8,1,0,0,7,6,0,0.0,0.0,0.0,0.9459459459459459,0.8108108108108107,1.081081081081081,0.13513513513513511,False,1,-0.7345208390382241,-0.7621682875409468,-1.1314484709351669,-0.6440024075182119,-0.8087999377842117,0.15394362457158928,-0.32515010038529046,-0.34284309486694364,-1.417655416338944,-1.7650446940988525,-1.417936901500557
Ismaël Koné,ca CAN,MF,Sassuolo,it Serie A,23.0,2002.0,26,25,2077,23.1,5,0,5,5,0,0,4,1,0.22,1326,ca CAN,MF,it Serie A,23-284,2002.0,23.1,5,17,9,52.9,0.7359307359307359,0.3896103896103896,0.29,0.56,0,0,1650,ca CAN,MF,it Serie A,23-284,2002.0,26,2077,80,79.6,23.1,25,82.0,8,1,32.0,1,1.42,29,30,-1,-0.04,0.46,1326,ca CAN,MF,it Serie A,23-284,2002.0,23.1,4,1,1,18,40,0,4,7,10,0,0.21645021645021645,0.0,0.17316017316017315,0.30303030303030304,0.4329004329004329,0.7792207792207791,1.7316017316017316,False,0,0.5093426971076278,-0.7621682875409468,-0.4883348734615903,-0.03198050792321587,-0.7078345921309571,-1.1532504430187538,-1.103138004341685,-0.8890923544579752,0.8959760138978887,0.5734251785355108,-1.3613544763259666
Manu Koné,fr FRA,MF,Roma,it Serie A,24.0,2001.0,26,26,2300,25.6,2,2,4,2,0,0,2,0,0.16,1327,fr FRA,MF,it Serie A,24-304,2001.0,25.6,2,21,5,23.8,0.8203125,0.1953125,0.1,0.4,0,0,1652,fr FRA,MF,it Serie A,24-304,2001.0,26,2300,88,88.1,25.6,26,88.0,24,0,,0,1.81,34,19,15,0.59,0.3,1327,fr FRA,MF,it Serie A,24-304,2001.0,25.6,2,0,0,44,48,2,1,19,26,0,0.078125,0.078125,0.0390625,0.7421875,1.015625,1.71875,1.875,False,4,-0.28556384396058065,-0.04725874520723841,-0.39800954521370013,-0.49927373740385644,-0.7860235756300107,-0.2603437468696376,0.09649209591770246,0.8110886168454342,1.1037916622440975,-0.281925260290088,0.3430937383375997
Odilon Kossounou,ci CIV,DF,Atalanta,it Serie A,25.0,2001.0,15,10,888,9.9,1,0,1,1,0,0,1,0,0.1,1332,ci CIV,DF,it Serie A,25-072,2001.0,9.9,1,5,1,20.0,0.5050505050505051,0.10101010101010101,0.2,1.0,0,0,1659,ci CIV,DF,it Serie A,25-072,2001.0,15,888,59,34.0,9.9,10,76.0,5,5,26.0,7,1.53,14,11,3,0.3,-0.22,1332,ci CIV,DF,it Serie A,25-072,2001.0,9.9,1,0,0,14,3,0,2,9,12,0,0.10101010101010101,0.0,0.20202020202020202,0.9090909090909091,1.2121212121212122,1.4141414141414141,0.30303030303030304,False,1,-0.15405118883682653,-0.7621682875409468,-0.7354775217604266,-0.7260743097627518,-0.6910070345220813,0.07900893279889439,0.5010104292030793,0.2598660365164431,-1.1743383696266059,-1.4358034555186527,-0.7403706878795694
Filip Kostić,rs SRB,MF,Juventus,it Serie A,33.0,1992.0,17,4,467,5.2,3,1,4,3,0,0,0,0,0.77,1333,rs SRB,MF,it Serie A,33-136,1992.0,5.2,3,9,4,44.4,1.7307692307692306,0.7692307692307692,0.33,0.75,0,0,1660,rs SRB,MF,it Serie A,33-136,1992.0,17,467,27,17.9,5.2,4,69.0,0,13,15.0,12,1.94,12,4,8,1.54,0.91,1333,rs SRB,MF,it Serie A,33-136,1992.0,5.2,0,0,0,7,5,0,49,4,10,0,0.5769230769230769,0.1923076923076923,9.423076923076923,0.7692307692307692,1.923076923076923,1.346153846153846,0.9615384615384615,False,3,2.5808538938428347,0.9976090474343352,0.5765766579702946,0.8810198006503275,4.685559424952272,-0.20535861546671688,1.9646244914330238,0.1368350899304584,-0.22001513106723816,2.045271811802401,3.4289177223823266
Arsène Kouassi,bf BFA,MF,Lorient,fr Ligue 1,21.0,2004.0,24,23,1993,22.1,2,5,7,2,0,0,3,0,0.32,1338,bf BFA,MF,fr Ligue 1,21-187,2004.0,22.1,2,5,2,40.0,0.2262443438914027,0.09049773755656108,0.4,1.0,0,0,1667,bf BFA,MF,fr Ligue 1,21-187,2004.0,24,1993,83,85.2,22.1,23,83.0,15,1,77.0,0,1.46,30,30,0,0.0,0.78,1338,bf BFA,MF,fr Ligue 1,21-187,2004.0,22.1,3,0,0,12,42,6,96,19,15,0,0.09049773755656108,0.2262443438914027,4.343891402714932,0.8597285067873303,0.6787330316742081,0.5429864253393665,1.9004524886877827,False,3,-0.21446205740982266,1.3081579889005615,-1.0339218397004806,-0.751356912046952,1.7240139821327263,-0.021356084236027265,-0.5970529656039578,-1.3165842773853142,1.1406779196428651,-0.16562126149186862,1.251556336771957
Konstantinos Koulierakis,gr GRE,DF,Wolfsburg,de Bundesliga,22.0,2003.0,22,20,1853,20.6,2,0,2,2,0,0,4,0,0.1,1340,gr GRE,DF,de Bundesliga,22-109,2003.0,20.6,2,21,9,42.9,1.0194174757281553,0.4368932038834951,0.1,0.22,0,0,1669,gr GRE,DF,de Bundesliga,22-109,2003.0,22,1853,84,79.2,20.6,20,90.0,20,2,27.0,3,0.95,29,43,-14,-0.68,0.61,1340,gr GRE,DF,de Bundesliga,22-109,2003.0,20.6,4,0,0,19,8,0,11,29,14,1,0.0970873786407767,0.0,0.5339805825242718,1.407766990291262,0.6796116504854368,0.9223300970873786,0.3883495145631068,False,1,-0.17659369952425943,-0.7621682875409468,-0.18488029285922658,0.08173631640729064,-0.4974492784335807,1.0929310891148718,-0.5952441907004895,-0.6301203782045842,-1.050692056047473,-0.8728868072417333,-1.3801538210281157
Jules Koundé,fr FRA,DF,Barcelona,es La Liga,27.0,1998.0,25,20,1903,21.1,1,3,4,1,0,0,4,0,0.19,1342,fr FRA,DF,es La Liga,27-125,1998.0,21.1,1,12,3,25.0,0.5687203791469194,0.14218009478672985,0.08,0.33,0,0,1671,fr FRA,DF,es La Liga,27-125,1998.0,25,1903,76,75.5,21.1,20,89.0,17,5,26.0,1,2.44,59,20,39,1.84,0.39,1342,fr FRA,DF,es La Liga,27-125,1998.0,21.1,4,0,0,19,22,1,31,27,20,0,0.04739336492890995,0.14218009478672985,1.4691943127962084,1.2796208530805686,0.947867298578199,0.9004739336492891,1.0426540284360188,False,1,-0.46216778041292383,0.5388993155687405,-0.6673229585002913,-0.6270590328178701,0.047850346840143755,0.8323807786779305,-0.042997781014313376,-0.6696714984478885,-0.10246082365420865,-1.0573323649940658,0.1286051129291364
Goduine Koyalipou,cf CTA,FW,Angers,fr Ligue 1,26.0,2000.0,7,6,482,5.4,0,0,0,0,0,0,0,0,0.0,1346,cf CTA,FW,fr Ligue 1,26-030,2000.0,5.4,0,15,5,33.3,2.7777777777777777,0.9259259259259258,0.0,0.0,0,0,1676,cf CTA,FW,fr Ligue 1,26-030,2000.0,7,482,69,20.6,5.4,6,77.0,1,1,22.0,0,1.29,1,5,-4,-0.75,-0.5,1346,cf CTA,FW,fr Ligue 1,26-030,2000.0,5.4,0,0,0,4,3,3,1,1,2,0,0.0,0.0,0.18518518518518517,0.18518518518518517,0.37037037037037035,0.7407407407407407,0.5555555555555555,False,0,-0.7345208390382241,-0.7621682875409468,1.6973329224312435,1.257877140495255,-0.7008231097939255,-1.3928564327610744,-1.2318659650582402,-0.9587261963352126,-0.8083737058722762,1.4504890741141536,-1.9737486371086677
Jean-Philippe Krasso,ci CIV,FW,Paris FC,fr Ligue 1,28.0,1997.0,25,12,1092,12.1,2,2,4,1,1,1,0,0,0.25,1352,ci CIV,FW,fr Ligue 1,28-243,1997.0,12.1,2,27,10,37.0,2.231404958677686,0.8264462809917356,0.04,0.1,1,1,1682,ci CIV,FW,fr Ligue 1,28-243,1997.0,25,1092,44,46.7,12.1,12,70.0,1,13,19.0,0,1.12,15,17,-2,-0.16,0.56,1352,ci CIV,FW,fr Ligue 1,28-243,1997.0,12.1,0,0,0,20,19,10,4,1,8,0,0.1652892561983471,0.1652892561983471,0.3305785123966942,0.08264462809917356,0.6611570247933884,1.6528925619834711,1.5702479338842976,False,0,0.21533858856406285,0.7503676036774776,1.112475462110418,1.0186251103157182,-0.616047914264362,-1.6013447614978988,-0.6332359379497843,0.6919123736183938,0.662138852122395,2.203317996181235,-0.07616693318082886
Thomas Kristensen,dk DEN,DF,Udinese,it Serie A,24.0,2002.0,19,19,1704,18.9,2,0,2,2,0,0,2,0,0.11,1357,dk DEN,DF,it Serie A,24-059,2002.0,18.9,2,7,4,57.1,0.3703703703703704,0.21164021164021166,0.29,0.5,0,0,1687,dk DEN,DF,it Serie A,24-059,2002.0,19,1704,90,65.3,18.9,19,90.0,18,0,,2,1.26,21,25,-4,-0.21,0.29,1357,dk DEN,DF,it Serie A,24-059,2002.0,18.9,2,0,0,19,6,1,3,18,10,0,0.10582010582010583,0.0,0.15873015873015875,0.9523809523809524,0.5291005291005292,1.0052910052910053,0.3174603174603175,False,1,-0.1264097769224742,-0.7621682875409468,-0.8796440666014144,-0.4600050190575962,-0.7162483709353948,0.1670274596430123,-0.9050949878546768,-0.47999353342920487,-1.1534261031263584,-1.074935322039111,-1.6982034980847072
Nikola Krstović,me MNE,FW,Atalanta,it Serie A,25.0,2000.0,25,11,1156,12.8,8,4,12,8,0,0,2,0,0.93,1358,me MNE,FW,it Serie A,25-346,2000.0,12.8,8,71,24,33.8,5.546875,1.875,0.11,0.33,0,0,1688,me MNE,FW,it Serie A,25-346,2000.0,25,1156,46,44.3,12.8,11,72.0,3,14,26.0,4,1.72,24,11,13,1.01,1.01,1358,me MNE,FW,it Serie A,25-346,2000.0,12.8,2,0,0,24,23,19,4,2,6,0,0.625,0.3125,0.3125,0.15625,0.46875,1.875,1.796875,False,2,2.8571351215829233,2.0974698817938866,4.661475925441164,3.5404335284196455,-0.6265890405506037,-1.4516882605995907,-1.0293360364789483,1.0938400958742949,0.9905713443951016,6.841230968283267,-0.00022373967892063096
Lukas Kübler,de GER,DF,Freiburg,de Bundesliga,33.0,1992.0,16,15,1207,13.4,2,1,3,2,0,0,2,0,0.22,1359,de GER,DF,de Bundesliga,33-199,1992.0,13.4,2,18,4,22.2,1.3432835820895521,0.29850746268656714,0.11,0.5,0,0,1690,de GER,DF,de Bundesliga,33-199,1992.0,16,1207,75,51.6,13.4,15,79.0,8,1,17.0,3,1.44,26,24,2,0.15,0.78,1359,de GER,DF,de Bundesliga,33-199,1992.0,13.4,2,0,0,15,8,4,21,20,21,0,0.14925373134328357,0.07462686567164178,1.5671641791044775,1.4925373134328357,1.5671641791044775,1.1194029850746268,0.5970149253731343,False,4,0.1231880470802588,-0.07926962023710601,0.16179783941407982,-0.2510862379068902,0.10497411401417998,1.2652884811606602,1.2319221740064352,-0.27349541465333027,-0.7482899551066399,-0.9562529620539132,0.34861493832606555
Takefusa Kubo,jp JPN,MF,Real Sociedad,es La Liga,24.0,2001.0,18,13,1179,13.1,2,3,5,2,0,0,0,0,0.38,1360,jp JPN,MF,es La Liga,24-286,2001.0,13.1,2,25,12,48.0,1.9083969465648856,0.916030534351145,0.08,0.17,0,0,1691,jp JPN,MF,es La Liga,24-286,2001.0,18,1179,66,46.8,13.1,13,79.0,3,5,30.0,0,1.11,14,17,-3,-0.23,-0.5,1360,jp JPN,MF,es La Liga,24-286,2001.0,13.1,0,0,0,6,38,10,31,7,15,0,0.15267175572519084,0.22900763358778625,2.366412213740458,0.5343511450381679,1.1450381679389314,0.4580152671755725,2.900763358778626,False,0,0.1428302353119799,1.3334444167044275,0.7667158653231493,1.2340783771879071,0.5709955588244832,-0.6829224369814836,0.36290944022530713,-1.4703488895172054,2.5903485072843475,2.065255507017713,1.3899336167419472
Nicolas-Gerrit Kühn,de GER,MF,Como,it Serie A,26.0,2000.0,20,6,631,7.0,1,0,1,1,0,0,0,0,0.14,1362,de GER,MF,it Serie A,26-075,2000.0,7.0,1,8,3,37.5,1.1428571428571428,0.42857142857142855,0.13,0.33,0,0,1694,de GER,MF,it Serie A,26-075,2000.0,20,631,32,24.2,7.0,6,63.0,0,14,18.0,8,1.65,9,6,3,0.43,-0.62,1362,de GER,MF,it Serie A,26-075,2000.0,7.0,0,0,0,6,2,2,13,3,6,0,0.14285714285714285,0.0,1.8571428571428572,0.42857142857142855,0.8571428571428571,0.8571428571428571,0.2857142857142857,False,1,0.08642909481803814,-0.7621682875409468,-0.05274595583489127,0.06172215532512151,0.27405339434694376,-0.8979967151708126,-0.22976830163398013,-0.7480838246565693,-1.1994330894269027,-0.0514135469098726,-1.0666742336071273
Sael Kumbedi,fr FRA,DF,Wolfsburg,de Bundesliga,20.0,2005.0,18,15,1343,14.9,0,5,5,0,0,0,2,0,0.34,1364,fr FRA,DF,de Bundesliga,20-356,2005.0,14.9,0,3,0,0.0,0.20134228187919462,0.0,0.0,,0,0,1697,fr FRA,DF,de Bundesliga,20-356,2005.0,18,1343,75,57.4,14.9,15,85.0,9,3,24.0,4,0.89,23,36,-13,-0.87,-0.15,1364,fr FRA,DF,de Bundesliga,20-356,2005.0,14.9,2,0,0,18,15,4,28,10,23,0,0.0,0.33557046979865773,1.8791946308724832,0.6711409395973155,1.5436241610738255,1.2080536912751678,1.006711409395973,False,3,-0.7345208390382241,2.3085841090602166,-1.0605779181803725,-0.9690071404065893,0.2869112294729202,-0.40479760065971243,1.1834613474262619,-0.11307225756433201,-0.1545495884803124,-0.9315974061829967,1.693147541541044
Khvicha Kvaratskhelia,ge GEO,FW,Paris Saint-Germain,fr Ligue 1,25.0,2001.0,21,13,1083,12.0,4,3,7,4,0,0,1,0,0.58,1369,ge GEO,FW,fr Ligue 1,25-033,2001.0,12.0,4,47,18,38.3,3.9166666666666665,1.5,0.09,0.22,0,0,1703,ge GEO,FW,fr Ligue 1,25-033,2001.0,21,1083,52,48.1,12.0,13,68.0,3,8,25.0,1,2.24,20,10,10,0.83,-0.87,1369,ge GEO,FW,fr Ligue 1,25-033,2001.0,12.0,1,0,0,16,21,4,37,8,8,0,0.3333333333333333,0.25,3.0833333333333335,0.6666666666666666,0.6666666666666666,1.3333333333333333,1.75,False,2,1.1810290066263878,1.52554224792692,2.9164412672428472,2.6385453946543986,0.9890142482540527,-0.41389481752816504,-0.6218934742782558,0.11363496857424427,0.9226391536857041,4.234326969387062,0.8929007921557204
Adrián de la Fuente,es ESP,DF,Levante,es La Liga,27.0,1999.0,24,21,1916,21.3,2,1,3,1,1,1,5,0,0.09,1372,es ESP,DF,es La Liga,27-019,1999.0,21.3,2,25,4,16.0,1.1737089201877935,0.18779342723004694,0.04,0.25,1,1,1707,es ESP,DF,es La Liga,27-019,1999.0,24,1916,80,76.0,21.3,21,89.0,20,3,17.0,1,0.79,19,37,-18,-0.85,-1.14,1372,es ESP,DF,es La Liga,27-019,1999.0,21.3,5,0,0,20,14,1,21,34,14,1,0.09389671361502347,0.046948356807511735,0.9859154929577465,1.596244131455399,0.6572769953051643,0.9389671361502347,0.6572769953051643,False,1,-0.19492933321720665,-0.33255128557515024,-0.019721084345662828,-0.5173573707588913,-0.2339373887655051,1.4761480842541155,-0.6412235884226919,-0.6000138348338097,-0.6609569539937714,-1.0041062270582202,-0.8481069466187281
Konrad Laimer,at AUT,DF,Bayern Munich,de Bundesliga,28.0,1997.0,21,17,1513,16.8,3,4,7,3,0,0,5,0,0.42,1378,at AUT,DF,de Bundesliga,28-294,1997.0,16.8,3,15,8,53.3,0.8928571428571428,0.47619047619047616,0.2,0.38,0,0,1718,at AUT,DF,de Bundesliga,28-294,1997.0,21,1513,72,64.7,16.8,17,81.0,9,4,33.0,0,2.71,65,11,54,3.21,1.69,1378,at AUT,DF,de Bundesliga,28-294,1997.0,16.8,5,0,0,21,6,2,24,16,17,0,0.17857142857142858,0.23809523809523808,1.4285714285714286,0.9523809523809523,1.0119047619047619,1.25,0.35714285714285715,False,3,0.29166657828210374,1.4166036509998787,-0.320355104695975,0.17624763262864493,0.02416416385513864,0.16702745964301208,0.08883340113949385,-0.03716582024114798,-1.095917370250678,0.08219454727635699,0.13352642976035672
Kenny Lala,mg MAD,DF,Brest,fr Ligue 1,34.0,1991.0,25,25,2227,24.7,0,2,2,0,0,0,3,0,0.08,1379,mg MAD,DF,fr Ligue 1,34-165,1991.0,24.7,0,8,1,12.5,0.32388663967611336,0.04048582995951417,0.0,0.0,0,0,1719,mg MAD,DF,fr Ligue 1,34-165,1991.0,25,2227,89,95.2,24.7,25,89.0,23,0,,0,1.32,30,35,-5,-0.2,-2.59,1379,mg MAD,DF,fr Ligue 1,34-165,1991.0,24.7,3,0,0,11,20,0,80,19,21,0,0.0,0.08097165991902834,3.2388663967611335,0.7692307692307693,0.8502024291497976,0.4453441295546559,0.8097165991902834,False,1,-0.7345208390382241,-0.021209409656617446,-0.9294019530293263,-0.8716373014035936,1.0797016691714003,-0.20535861546671666,-0.2440562633902491,-1.4932787000982768,-0.4400384208142744,-1.1780114110479913,-0.05279473343371291
Aymeric Laporte,es ESP,DF,Athletic Club,es La Liga,31.0,1994.0,17,16,1399,15.5,0,1,1,0,0,0,2,0,0.06,1383,es ESP,DF,es La Liga,31-294,1994.0,15.5,0,12,4,33.3,0.7741935483870968,0.25806451612903225,0.0,0.0,0,0,1725,es ESP,DF,es La Liga,31-294,1994.0,17,1399,82,55.5,15.5,16,86.0,14,1,27.0,0,1.24,15,25,-10,-0.64,-0.64,1383,es ESP,DF,es La Liga,31-294,1994.0,15.5,2,0,0,6,9,1,1,19,11,0,0.0,0.06451612903225806,0.06451612903225806,1.2258064516129032,0.7096774193548387,0.3870967741935484,0.5806451612903226,False,1,-0.7345208390382241,-0.17179137516214246,-0.4473769587636783,-0.34835294082620427,-0.7711822041617894,0.7229638324197302,-0.5333490804553547,-1.5986836657166625,-0.7720133457315231,-1.219710097497216,-1.3949644168703885
Hugo Larsson,se SWE,MF,Eintracht Frankfurt,de Bundesliga,21.0,2004.0,19,15,1310,14.6,1,2,3,1,0,0,0,0,0.21,1384,se SWE,MF,de Bundesliga,21-263,2004.0,14.6,1,8,4,50.0,0.547945205479452,0.273972602739726,0.13,0.25,0,0,1726,se SWE,MF,de Bundesliga,21-263,2004.0,19,1310,69,56.0,14.6,15,80.0,7,4,29.0,1,1.42,25,23,2,0.14,0.31,1384,se SWE,MF,de Bundesliga,21-263,2004.0,14.6,0,0,0,6,1,0,7,18,8,0,0.0684931506849315,0.136986301369863,0.4794520547945206,1.2328767123287672,0.547945205479452,0.4109589041095891,0.0684931506849315,False,1,-0.3409147063674134,0.49137173189350075,-0.6895614646706599,-0.3100934353726189,-0.5292434927134708,0.7373392842631177,-0.866300259967496,-1.5555025295468108,-1.5142343176066546,-1.0410805610931801,-1.5014476548525693
Armand Lauriente,fr FRA,FW,Sassuolo,it Serie A,27.0,1998.0,29,25,1910,21.2,5,7,12,5,0,0,3,0,0.57,1388,fr FRA,FW,it Serie A,27-103,1998.0,21.2,5,52,20,38.5,2.452830188679245,0.9433962264150944,0.1,0.25,0,0,1734,fr FRA,FW,it Serie A,27-103,1998.0,29,1910,66,73.2,21.2,25,72.0,3,4,26.0,0,1.31,25,30,-5,-0.24,-0.36,1388,fr FRA,FW,it Serie A,27-103,1998.0,21.2,3,0,0,28,30,18,90,5,8,0,0.2358490566037736,0.33018867924528306,4.245283018867925,0.2358490566037736,0.37735849056603776,1.3207547169811322,1.4150943396226416,False,3,0.6208210328942844,2.2593361932656704,1.3494971314587656,1.2998938250405732,1.666517911427065,-1.2898452323192953,-1.2174798214077687,0.09087258535682695,0.43728714962359405,3.1562374965744278,1.1580082229433564
Valentino Lazaro,at AUT,MF,Torino,it Serie A,29.0,1996.0,27,23,2043,22.7,0,2,2,0,0,0,4,0,0.09,1391,at AUT,MF,it Serie A,29-358,1996.0,22.7,0,7,2,28.6,0.30837004405286345,0.0881057268722467,0.0,0.0,0,0,1738,at AUT,MF,it Serie A,29-358,1996.0,27,2043,76,78.3,22.7,23,84.0,14,4,28.0,2,1.0,23,44,-21,-0.93,-1.4,1391,at AUT,MF,it Serie A,29-358,1996.0,22.7,4,0,0,36,9,1,117,22,25,0,0.0,0.0881057268722467,5.154185022026432,0.9691629955947136,1.1013215859030838,1.5859030837004406,0.39647577092511016,False,3,-0.7345208390382241,0.044073310861825706,-0.9460114848211644,-0.7571097815190129,2.1964758298044575,0.20114917930064372,0.2729119857646291,0.5706875796094426,-1.0389153222461491,-1.308516259342293,1.3209484243434382
Manuel Lazzari,it ITA,DF,Lazio,it Serie A,32.0,1993.0,16,6,608,6.8,0,0,0,0,0,0,2,0,0.0,1392,it ITA,DF,it Serie A,32-108,1993.0,6.8,0,1,0,0.0,0.14705882352941177,0.0,0.0,,0,0,1739,it ITA,DF,it Serie A,32-108,1993.0,16,608,38,23.3,6.8,6,67.0,0,10,20.0,7,1.25,6,6,0,0.0,-0.04,1392,it ITA,DF,it Serie A,32-108,1993.0,6.8,2,0,0,6,15,0,11,4,4,0,0.0,0.0,1.6176470588235294,0.5882352941176471,0.5882352941176471,0.8823529411764706,2.2058823529411766,False,1,-0.7345208390382241,-0.7621682875409468,-1.1186849185252583,-0.9690071404065893,0.13440941260152323,-0.5733636779280958,-0.7833567806611926,-0.7024634179561144,1.58331300842808,-0.8097336898879587,-0.11402046291279103
Théo Le Bris,fr FRA,MF,Lorient,fr Ligue 1,23.0,2002.0,25,19,1713,19.0,2,2,4,2,0,0,0,0,0.21,1394,fr FRA,MF,fr Ligue 1,23-167,2002.0,19.0,2,16,6,37.5,0.8421052631578947,0.3157894736842105,0.13,0.33,0,0,1741,fr FRA,MF,fr Ligue 1,23-167,2002.0,25,1713,69,73.2,19.0,19,84.0,7,6,19.0,1,1.48,29,25,4,0.21,1.21,1394,fr FRA,MF,fr Ligue 1,23-167,2002.0,19.0,0,0,0,7,6,0,69,13,28,0,0.10526315789473684,0.10526315789473684,3.6315789473684212,0.6842105263157895,1.4736842105263157,0.3684210526315789,0.3157894736842105,False,3,-0.1296103614599256,0.2010782537086813,-0.37468177401363856,-0.20952239618322344,1.3086824890147681,-0.37822415138607507,1.0394789677145964,-1.6324794282355621,-1.1558475234579662,-0.6716844099995986,0.3210114249256402
Robin Le Normand,es ESP,DF,Atlético Madrid,es La Liga,29.0,1996.0,20,12,1288,14.3,1,0,1,1,0,0,3,0,0.07,1398,es ESP,DF,es La Liga,29-126,1996.0,14.3,1,3,1,33.3,0.2097902097902098,0.06993006993006992,0.33,1.0,0,0,1745,es ESP,DF,es La Liga,29-126,1996.0,20,1288,64,51.1,14.3,12,89.0,11,8,28.0,4,1.95,24,13,11,0.77,-0.03,1398,es ESP,DF,es La Liga,29-126,1996.0,14.3,3,0,0,15,14,1,3,10,11,0,0.06993006993006992,0.0,0.2097902097902098,0.6993006993006993,0.7692307692307692,1.048951048951049,0.979020979020979,False,1,-0.3326572350526412,-0.7621682875409468,-1.051534946988746,-0.8008228730377785,-0.6864765382427686,-0.3475423895995224,-0.4107491505467228,-0.4009859051454163,-0.19467911588424605,-1.1393896383797815,-1.0298271195382518
Rafael Leão,pt POR,FW,Milan,it Serie A,26.0,1999.0,22,18,1487,16.5,9,2,11,7,2,2,3,0,0.54,1400,pt POR,FW,it Serie A,26-280,1999.0,16.5,9,49,23,46.9,2.9696969696969697,1.393939393939394,0.14,0.3,2,2,1747,pt POR,FW,it Serie A,26-280,1999.0,22,1487,68,57.0,16.5,18,77.0,6,4,25.0,1,2.0,23,14,9,0.54,-0.58,1400,pt POR,FW,it Serie A,26-280,1999.0,16.5,3,0,0,17,30,9,10,4,1,0,0.5454545454545454,0.12121212121212122,0.6060606060606061,0.24242424242424243,0.06060606060606061,1.0303030303030303,1.8181818181818181,False,2,2.4000152720493224,0.3470246993525644,1.9027702488296514,2.3834659224783694,-0.4554212279978206,-1.2764763806005188,-1.8695644781464054,-0.4347315362090007,1.021449612899373,4.370607059273917,-1.3914871157881978
Pierre Lees-Melou,fr FRA,MF,Paris FC,fr Ligue 1,32.0,1993.0,16,14,1256,14.0,1,1,2,1,0,0,4,0,0.14,1401,fr FRA,MF,fr Ligue 1,32-296,1993.0,14.0,1,23,6,26.1,1.6428571428571428,0.42857142857142855,0.04,0.17,0,0,1751,fr FRA,MF,fr Ligue 1,32-296,1993.0,16,1256,79,53.7,14.0,14,87.0,10,2,18.0,0,1.25,17,18,-1,-0.07,0.84,1401,fr FRA,MF,fr Ligue 1,32-296,1993.0,14.0,4,0,0,22,16,0,8,10,27,0,0.07142857142857142,0.07142857142857142,0.5714285714285714,0.7142857142857143,1.9285714285714286,1.5714285714285714,1.1428571428571428,False,4,-0.32404587211009295,-0.10853670597869916,0.48247234188727617,0.06172215532512151,-0.47561429712847153,-0.31707443799963536,1.9759357944900706,0.5444943651896511,0.042755540687793886,-0.29854456949212177,0.889090870271588
Jordan Lefort,fr FRA,DF,Angers,fr Ligue 1,32.0,1993.0,26,26,2340,26.0,0,2,2,0,0,0,2,0,0.08,1403,fr FRA,DF,fr Ligue 1,32-220,1993.0,26.0,0,8,2,25.0,0.3076923076923077,0.07692307692307693,0.0,0.0,0,0,1753,fr FRA,DF,fr Ligue 1,32-220,1993.0,26,2340,90,100.0,26.0,26,90.0,26,0,,0,1.23,23,32,-9,-0.35,,1403,fr FRA,DF,fr Ligue 1,32-220,1993.0,26.0,2,0,0,16,14,1,14,36,22,0,0.0,0.07692307692307693,0.5384615384615384,1.3846153846153846,0.8461538461538461,0.6153846153846154,0.5384615384615384,False,1,-0.7345208390382241,-0.05825735355083388,-0.9467369586235664,-0.7840044463008976,-0.4948365456278412,1.0458585969019725,-0.2523909077480729,-1.1855718273737514,-0.833146698495646,-1.8038734014256483,-0.8994046871141382
Diogo Leite,pt POR,DF,Union Berlin,de Bundesliga,27.0,1999.0,16,16,1355,15.1,0,0,0,0,0,0,2,0,0.0,1405,pt POR,DF,de Bundesliga,27-053,1999.0,15.1,0,9,1,11.1,0.5960264900662252,0.06622516556291391,0.0,0.0,0,0,1756,pt POR,DF,de Bundesliga,27-053,1999.0,16,1355,85,57.9,15.1,16,85.0,10,0,,1,1.31,18,21,-3,-0.2,0.53,1405,pt POR,DF,de Bundesliga,27-053,1999.0,15.1,2,0,0,21,17,0,3,24,10,1,0.0,0.0,0.19867549668874174,1.589403973509934,0.6622516556291391,1.390728476821192,1.1258278145695364,False,1,-0.7345208390382241,-0.7621682875409468,-0.6380934980930043,-0.8097332977990401,-0.6929572481522491,1.4622404837995,-0.6309824683461692,0.2174977635199451,0.018076296380879438,-1.6339817390080633,-0.639111107490884
Florian Lejeune,fr FRA,DF,Rayo Vallecano,es La Liga,34.0,1991.0,28,28,2510,27.9,0,1,1,0,0,0,4,0,0.04,1407,fr FRA,DF,es La Liga,34-301,1991.0,27.9,0,39,12,30.8,1.3978494623655915,0.43010752688172044,0.0,0.0,0,0,1759,fr FRA,DF,es La Liga,34-301,1991.0,28,2510,90,99.6,27.9,28,90.0,27,0,,0,1.14,28,34,-6,-0.22,-0.22,1407,fr FRA,DF,es La Liga,34-301,1991.0,27.9,4,0,0,42,10,1,5,32,34,0,0.0,0.03584229390681004,0.17921146953405018,1.1469534050179213,1.2186379928315412,1.5053763440860215,0.35842293906810035,False,1,-0.7345208390382241,-0.4341811139971666,0.2202071545241866,0.06541652556071911,-0.7043062332774832,0.5626376125552837,0.5144262464489732,0.4249656293544093,-1.0940622498353334,-0.9113104182218238,-0.43162266786655357
Thomas Lemar,fr FRA,MF,Girona,es La Liga,30.0,1995.0,18,11,975,10.8,2,1,3,2,0,0,2,0,0.28,1410,fr FRA,MF,es La Liga,30-125,1995.0,10.8,2,15,7,46.7,1.3888888888888888,0.6481481481481481,0.13,0.29,0,0,1762,fr FRA,MF,es La Liga,30-125,1995.0,18,975,54,38.7,10.8,11,71.0,1,7,28.0,1,1.11,13,13,0,0.0,0.7,1410,fr FRA,MF,es La Liga,30-125,1995.0,10.8,2,0,0,16,17,0,40,3,9,0,0.18518518518518517,0.09259259259259259,3.7037037037037033,0.27777777777777773,0.8333333333333333,1.4814814814814814,1.574074074074074,False,0,0.32967351966433805,0.08513191078048532,0.2106154287585562,0.5898118562247018,1.350736622021511,-1.2045945836778227,-0.27878394821451463,0.3817252598016085,0.6676837712701875,1.3543040222663782,0.8447790527419976
Tim Lemperle,de GER,FW,Hoffenheim,de Bundesliga,24.0,2002.0,21,16,1341,14.9,7,2,9,6,1,1,1,0,0.54,1412,de GER,FW,de Bundesliga,24-040,2002.0,14.9,7,37,16,43.2,2.483221476510067,1.0738255033557047,0.16,0.38,1,1,1765,de GER,FW,de Bundesliga,24-040,2002.0,21,1341,64,57.3,14.9,16,77.0,1,5,22.0,0,2.05,37,17,20,1.34,1.34,1412,de GER,FW,de Bundesliga,24-040,2002.0,14.9,1,0,0,41,12,15,18,5,12,0,0.4697986577181208,0.1342281879194631,1.2080536912751678,0.33557046979865773,0.8053691275167785,2.751677852348993,0.8053691275167785,False,2,1.9652473998179405,0.4661326710995186,1.3820290781355593,1.6135808041560868,-0.10441418740462684,-1.0870888657936453,-0.3363526606413168,2.680284635928842,-0.4463388640106102,2.9979425428267605,0.19508347132271256
Clément Lenglet,fr FRA,DF,Atlético Madrid,es La Liga,30.0,1995.0,12,12,927,10.3,0,0,0,0,0,0,4,1,0.0,1414,fr FRA,DF,es La Liga,30-273,1995.0,10.3,0,3,0,0.0,0.2912621359223301,0.0,0.0,,0,0,1767,fr FRA,DF,es La Liga,30-273,1995.0,12,927,77,36.8,10.3,12,77.0,8,0,,12,1.58,15,9,6,0.58,-0.32,1414,fr FRA,DF,es La Liga,30-273,1995.0,10.3,4,1,1,16,4,0,2,12,5,0,0.0,0.0,0.1941747572815534,1.1650485436893203,0.48543689320388345,1.5533980582524272,0.3883495145631068,False,1,-0.7345208390382241,-0.7621682875409468,-0.9643244157555869,-0.9690071404065893,-0.6955815162021641,0.5994291546247944,-0.994983444366984,0.5118661778731446,-1.050692056047473,-1.6883419118800496,-1.1969240359588784
Esteban Lepaul,fr FRA,FW,Rennes,fr Ligue 1,25.0,2000.0,24,23,1799,20.0,13,3,16,13,0,1,2,0,0.8,1418,fr FRA,FW,fr Ligue 1,25-333,2000.0,20.0,13,57,25,43.9,2.85,1.25,0.23,0.52,0,1,1775,fr FRA,FW,fr Ligue 1,25-333,2000.0,24,1799,75,76.9,20.0,23,77.0,5,1,29.0,0,1.67,33,25,8,0.4,0.73,1418,fr FRA,FW,fr Ligue 1,25-333,2000.0,20.0,2,0,0,20,10,5,9,2,5,0,0.65,0.15,0.45,0.1,0.25,1.0,0.5,False,2,3.0008013600077694,0.6104580337397733,1.7746422321022235,2.037286638810901,-0.5464162457678163,-1.5660573339176662,-1.4796672894376086,-0.4895681866873251,-0.8888859318982286,4.03921611683212,-2.000587461013978
Johann Lepenant,fr FRA,MF,Nantes,fr Ligue 1,23.0,2002.0,19,15,1471,16.3,0,1,1,0,0,0,2,0,0.06,1419,fr FRA,MF,fr Ligue 1,23-146,2002.0,16.3,0,14,2,14.3,0.8588957055214723,0.12269938650306748,0.0,0.0,0,0,1776,fr FRA,MF,fr Ligue 1,23-146,2002.0,19,1471,77,65.4,16.3,15,88.0,10,4,40.0,0,0.63,14,23,-9,-0.55,0.72,1419,fr FRA,MF,fr Ligue 1,23-146,2002.0,16.3,2,0,0,21,34,0,48,14,39,0,0.0,0.06134969325153374,2.9447852760736195,0.8588957055214723,2.392638036809816,1.2883435582822085,2.085889570552147,False,4,-0.7345208390382241,-0.20076692914392427,-0.3567086700539662,-0.6739108185202098,0.9082303576196024,-0.023049359063303583,2.931289838578156,0.032221045778204144,1.4094170601186873,-1.2375084781766326,2.567506069941261
Mehdi Léris,dz ALG,MF,Pisa,it Serie A,27.0,1998.0,26,13,1306,14.5,1,3,4,1,0,0,2,0,0.28,1420,dz ALG,MF,it Serie A,27-298,1998.0,14.5,1,21,6,28.6,1.4482758620689655,0.41379310344827586,0.05,0.17,0,0,1777,dz ALG,MF,it Serie A,27-298,1998.0,26,1306,50,50.0,14.5,13,72.0,2,13,28.0,3,0.62,14,26,-12,-0.83,0.14,1420,dz ALG,MF,it Serie A,27-298,1998.0,14.5,2,0,0,19,18,4,74,13,20,0,0.06896551724137931,0.20689655172413793,5.103448275862069,0.896551724137931,1.3793103448275863,1.3103448275862069,1.2413793103448276,False,3,-0.33820018131451124,1.1311093969841843,0.27418541814318154,0.026179765817131523,2.166892508072226,0.05351391123025347,0.845195533718431,0.07203475096999815,0.18553584299982814,0.26567611186877754,2.218131866063861
Robert Lewandowski,pl POL,FW,Barcelona,es La Liga,37.0,1988.0,23,11,1149,12.8,11,1,12,10,1,3,2,0,0.86,1423,pl POL,FW,es La Liga,37-208,1988.0,12.8,11,54,25,46.3,4.21875,1.953125,0.19,0.4,1,3,1783,pl POL,FW,es La Liga,37-208,1988.0,23,1149,50,45.6,12.8,11,79.0,6,12,23.0,2,2.52,42,13,29,2.27,0.96,1423,pl POL,FW,es La Liga,37-208,1988.0,12.8,2,0,0,10,15,13,0,2,3,0,0.859375,0.078125,0.0,0.15625,0.234375,0.78125,1.171875,False,2,4.204006106815854,-0.04725874520723841,3.2398023221166565,3.728326889620739,-0.8087999377842117,-1.4516882605995907,-1.5118338075060844,-0.8854202573277301,0.08480880160313527,6.103809902097038,-2.4518065369802677
Jamie Leweling,de GER,MF,Stuttgart,de Bundesliga,25.0,2001.0,25,20,1842,20.5,7,6,13,7,0,0,4,0,0.64,1424,de GER,MF,de Bundesliga,25-019,2001.0,20.5,7,40,17,42.5,1.951219512195122,0.8292682926829268,0.18,0.41,0,0,1784,de GER,MF,de Bundesliga,25-019,2001.0,25,1842,74,78.7,20.5,20,85.0,8,5,30.0,0,1.88,37,27,10,0.49,-0.78,1424,de GER,MF,de Bundesliga,25-019,2001.0,20.5,4,0,0,14,33,8,96,12,9,0,0.34146341463414637,0.2926829268292683,4.682926829268292,0.5853658536585366,0.43902439024390244,0.6829268292682927,1.6097560975609757,False,3,1.2277497345694273,1.9161269734946045,0.8125547066845711,1.025412147269404,1.92169701978478,-0.5791979045280935,-1.0905308757311705,-1.0633467977897937,0.7193948757909217,2.673924904923506,0.9185720403994458
Philipp Lienhart,at AUT,DF,Freiburg,de Bundesliga,29.0,1996.0,12,11,896,10.0,0,0,0,0,0,0,4,1,0.0,1428,at AUT,DF,de Bundesliga,29-249,1996.0,10.0,0,5,1,20.0,0.5,0.1,0.0,0.0,0,0,1791,at AUT,DF,de Bundesliga,29-249,1996.0,12,896,75,38.3,10.0,11,80.0,7,1,14.0,2,1.42,17,15,2,0.2,0.7,1428,at AUT,DF,de Bundesliga,29-249,1996.0,10.0,4,1,1,6,5,1,12,9,8,0,0.0,0.0,1.2,0.9,0.8,0.6,0.5,False,1,-0.7345208390382241,-0.7621682875409468,-0.7408837671919636,-0.7285036380691899,-0.10911009240715745,0.060525042161629766,-0.34740585342726266,-1.2134119730012085,-0.8888859318982286,-1.4513970659788937,-1.1216234542472108
Luca Lipani,it ITA,MF,Sassuolo,it Serie A,20.0,2005.0,15,8,722,8.0,0,0,0,0,0,0,1,0,0.0,1433,it ITA,MF,it Serie A,20-303,2005.0,8.0,0,10,2,20.0,1.25,0.25,0.0,0.0,0,0,1797,it ITA,MF,it Serie A,20-303,2005.0,15,722,48,27.7,8.0,8,72.0,2,7,21.0,13,1.13,10,11,-1,-0.12,0.02,1433,it ITA,MF,it Serie A,20-303,2005.0,8.0,1,0,0,23,4,0,4,8,14,0,0.0,0.0,0.5,1.0,1.75,2.875,0.5,False,4,-0.7345208390382241,-0.7621682875409468,0.06194367939128753,-0.3677483845630913,-0.517262502210439,0.2638478391715417,1.6083184451360621,2.9034495616590035,-0.8888859318982286,-1.2453321933980293,0.982534914077162
Diego Llorente,es ESP,DF,Real Betis,es La Liga,32.0,1993.0,10,7,540,6.0,1,0,1,1,0,0,3,0,0.17,1441,es ESP,DF,es La Liga,32-213,1993.0,6.0,1,2,1,50.0,0.3333333333333333,0.16666666666666666,0.5,1.0,0,0,1807,es ESP,DF,es La Liga,32-213,1993.0,10,540,54,21.4,6.0,7,65.0,3,3,28.0,11,1.5,12,5,7,1.17,1.12,1441,es ESP,DF,es La Liga,32-213,1993.0,6.0,3,0,0,7,9,0,0,11,6,0,0.16666666666666666,0.0,0.0,1.8333333333333333,1.0,1.1666666666666667,1.5,False,1,0.22325408379408182,-0.7621682875409468,-0.9192898664326862,-0.5681679698442573,-0.8087999377842117,1.9582044809208081,0.06432557784922671,-0.18796660905654022,0.5603341365689176,-1.4924595877039748,-0.42328275659020637
Gautier Lloris,fr FRA,DF,Le Havre,fr Ligue 1,30.0,1995.0,22,21,1768,19.6,1,1,2,1,0,0,1,1,0.1,1443,fr FRA,DF,fr Ligue 1,30-242,1995.0,19.6,1,9,3,33.3,0.4591836734693877,0.1530612244897959,0.11,0.33,0,0,1809,fr FRA,DF,fr Ligue 1,30-242,1995.0,22,1768,80,75.6,19.6,21,84.0,18,1,12.0,0,1.0,15,22,-7,-0.36,0.43,1443,fr FRA,DF,fr Ligue 1,30-242,1995.0,19.6,1,1,0,22,12,0,0,36,20,1,0.0510204081632653,0.0510204081632653,0.0,1.8367346938775508,1.0204081632653061,1.1224489795918366,0.6122448979591836,False,1,-0.44132443408955896,-0.2952885864250557,-0.7845750568019365,-0.6008895347881211,-0.8087999377842117,1.965120222315703,0.10633898920397059,-0.26798335414225893,-0.7262183731927327,-1.9322673586242867,-0.629868911998865
Giovani Lo Celso,ar ARG,MF,Real Betis,es La Liga,29.0,1996.0,17,11,1094,12.2,2,2,4,2,0,0,3,0,0.33,1444,ar ARG,MF,es La Liga,29-342,1996.0,12.2,2,27,10,37.0,2.2131147540983607,0.819672131147541,0.07,0.2,0,0,1810,ar ARG,MF,es La Liga,29-342,1996.0,17,1094,64,43.4,12.2,11,79.0,2,6,38.0,2,1.53,18,13,5,0.41,0.22,1444,ar ARG,MF,es La Liga,29-342,1996.0,12.2,3,0,0,7,38,4,48,5,10,0,0.1639344262295082,0.1639344262295082,3.934426229508197,0.4098360655737705,0.819672131147541,0.5737704918032788,3.114754098360656,False,0,0.20755285555092942,0.7379697685035562,1.0928969577905445,1.0023330426868469,1.4852651290258025,-0.9360899792476111,-0.3069076798590834,-1.260877139316873,2.9004681815527524,2.4159359106129217,1.5111427888388858
Stanislav Lobotka,sk SVK,MF,Napoli,it Serie A,31.0,1994.0,23,20,1791,19.9,1,1,2,1,0,0,1,0,0.1,1446,sk SVK,MF,it Serie A,31-112,1994.0,19.9,1,7,4,57.1,0.35175879396984927,0.20100502512562815,0.14,0.25,0,0,1812,sk SVK,MF,it Serie A,31-112,1994.0,23,1791,78,68.6,19.9,20,86.0,15,3,22.0,0,1.91,31,25,6,0.3,-0.69,1446,sk SVK,MF,it Serie A,31-112,1994.0,19.9,1,0,0,9,35,0,3,9,12,0,0.05025125628140704,0.05025125628140704,0.15075376884422112,0.45226130653266333,0.6030150753768845,0.45226130653266333,1.7587939698492463,False,1,-0.4457444803953178,-0.302326973879064,-0.8995665790794405,-0.48558301510528434,-0.7208992034403606,-0.8498297926917954,-0.7529302782020965,-1.4807613111623665,0.9353835512727269,-0.39406244098459353,-0.9950440583881679
Manuel Locatelli,it ITA,MF,Juventus,it Serie A,28.0,1998.0,27,27,2184,24.3,1,2,3,1,0,0,5,0,0.12,1447,it ITA,MF,it Serie A,28-068,1998.0,24.3,1,31,9,29.0,1.2757201646090535,0.37037037037037035,0.03,0.11,0,0,1813,it ITA,MF,it Serie A,28-068,1998.0,27,2184,81,83.7,24.3,27,81.0,15,0,,1,1.89,39,22,17,0.7,-0.57,1447,it ITA,MF,it Serie A,28-068,1998.0,24.3,5,0,0,39,35,0,10,30,48,0,0.0411522633744856,0.0823045267489712,0.411522633744856,1.2345679012345678,1.9753086419753085,1.6049382716049383,1.4403292181069958,False,4,-0.498033203770988,-0.009012555699673762,0.08947548482967059,-0.07825342804585156,-0.5688514311391313,0.7407778568491129,2.0721516933333413,0.6051338358244122,0.4738580419484499,-0.9269815751641369,1.2249524218505197
Bradley Locko,fr FRA,DF,Brest,fr Ligue 1,23.0,2002.0,18,13,1172,13.0,0,1,1,0,0,0,0,0,0.08,1448,fr FRA,DF,fr Ligue 1,23-315,2002.0,13.0,0,2,1,50.0,0.15384615384615385,0.07692307692307693,0.0,0.0,0,0,1814,fr FRA,DF,fr Ligue 1,23-315,2002.0,18,1172,65,50.1,13.0,13,83.0,7,5,19.0,1,1.22,17,19,-2,-0.15,-0.15,1448,fr FRA,DF,fr Ligue 1,23-315,2002.0,13.0,0,0,0,11,17,2,30,9,26,0,0.0,0.07692307692307693,2.3076923076923075,0.6923076923076923,2.0,0.8461538461538461,1.3076923076923077,False,4,-0.7345208390382241,-0.05825735355083388,-1.1114195117688488,-0.7840044463008976,0.5367574571716618,-0.3617607670128029,2.1229827342316736,-0.7679696429618956,0.2816379695560049,-1.6266941900400147,1.289202338836314
David López,es ESP,DF,Mallorca,es La Liga,23.0,2003.0,6,5,459,5.1,0,0,0,0,0,0,1,0,0.0,1454,es ESP,DF,es La Liga,23-042,2003.0,5.1,0,3,0,0.0,0.5882352941176471,0.0,0.0,,0,0,1822,es ESP,DF,es La Liga,23-042,2003.0,6,459,77,18.2,5.1,5,84.0,4,1,38.0,22,0.67,6,12,-6,-1.18,-0.91,1454,es ESP,DF,es La Liga,23-042,2003.0,5.1,1,0,0,5,3,0,0,6,2,1,0.0,0.0,0.0,1.1764705882352942,0.3921568627450981,0.9803921568627452,0.5882352941176471,False,1,-0.7345208390382241,-0.7621682875409468,-0.6464334793586399,-0.9690071404065893,-0.8087999377842117,0.6226527750713865,-1.1870150466185352,-0.5250507252321231,-0.7610135729158333,-1.4992188155446722,-1.5784793483414374
Fermin López,es ESP,MF,Barcelona,es La Liga,22.0,2003.0,22,12,1261,14.0,5,8,13,5,0,0,2,0,0.93,1459,es ESP,MF,es La Liga,22-310,2003.0,14.0,5,48,17,35.4,3.4285714285714284,1.2142857142857142,0.1,0.29,0,0,1827,es ESP,MF,es La Liga,22-310,2003.0,22,1261,57,50.0,14.0,12,79.0,6,10,32.0,1,2.5,43,15,28,2.0,0.5,1459,es ESP,MF,es La Liga,22-310,2003.0,14.0,2,0,0,17,15,4,27,6,13,0,0.35714285714285715,0.5714285714285714,1.9285714285714286,0.42857142857142855,0.9285714285714286,1.2142857142857142,1.0714285714285714,False,2,1.3178539956024315,4.466884364957035,2.3939662623235884,1.951392530833258,0.31570159942891124,-0.8979967151708126,-0.0827213618923766,-0.10179472973345917,-0.060760178488430794,4.173731361071923,1.4822373990331725
Javi López,es ESP,DF,Oviedo,es La Liga,23.0,2002.0,16,13,1112,12.4,0,0,0,0,0,0,2,0,0.0,1461,es ESP,DF,es La Liga,23-357,2002.0,12.4,0,4,0,0.0,0.3225806451612903,0.0,0.0,,0,0,1829,es ESP,DF,es La Liga,23-357,2002.0,16,1112,70,44.1,12.4,13,83.0,9,3,11.0,7,0.81,9,18,-9,-0.73,0.36,1461,es ESP,DF,es La Liga,23-357,2002.0,12.4,2,0,0,28,23,1,36,12,17,0,0.0,0.0,2.903225806451613,0.9677419354838709,1.3709677419354838,2.258064516129032,1.8548387096774193,False,4,-0.7345208390382241,-0.7621682875409468,-0.9307999373514425,-0.9690071404065893,0.8839980752247906,0.19825984013608605,0.8280209745717473,1.7870372702676305,1.074573515702421,-1.3112136897269027,1.7826367484400145
Maxime Lopez,fr FRA,MF,Paris FC,fr Ligue 1,28.0,1997.0,20,19,1686,18.7,0,3,3,0,0,0,9,0,0.16,1463,fr FRA,MF,fr Ligue 1,28-103,1997.0,18.7,0,8,5,62.5,0.42780748663101603,0.26737967914438504,0.0,0.0,0,0,1831,fr FRA,MF,fr Ligue 1,28-103,1997.0,20,1686,84,72.1,18.7,19,87.0,17,1,31.0,1,1.05,21,31,-10,-0.53,-0.26,1463,fr FRA,MF,fr Ligue 1,28-103,1997.0,18.7,9,0,0,27,8,3,71,8,14,0,0.0,0.16042780748663102,3.7967914438502675,0.42780748663101603,0.7486631016042781,1.4438502673796791,0.42780748663101603,False,3,-0.7345208390382241,0.7058812539357593,-0.8181612754192286,-0.3259496475258427,1.405013744112885,-0.8995499832915911,-0.45309092669609424,0.3136274585540161,-0.993508771065643,-0.35987530571836235,0.6102939042893729
Unai López,es ESP,MF,Rayo Vallecano,es La Liga,30.0,1995.0,20,15,1179,13.1,0,3,3,0,0,0,7,1,0.23,1465,es ESP,MF,es La Liga,30-138,1995.0,13.1,0,16,3,18.8,1.2213740458015268,0.22900763358778625,0.0,0.0,0,0,1834,es ESP,MF,es La Liga,30-138,1995.0,20,1179,59,46.8,13.1,15,73.0,3,5,17.0,3,1.3,13,10,3,0.23,0.83,1465,es ESP,MF,es La Liga,30-138,1995.0,13.1,7,1,1,26,10,1,40,14,12,0,0.0,0.22900763358778625,3.053435114503817,1.0687022900763359,0.916030534351145,1.984732824427481,0.7633587786259542,False,3,-0.7345208390382241,1.3334444167044275,0.03130141043772837,-0.41823576100796517,0.9715813481624913,0.403535256964611,-0.10853876352639868,1.2924136536655557,-0.5072211047064992,-0.2630662848953385,1.4261795472211365
Iker Losada,es ESP,MF,Levante,es La Liga,24.0,2001.0,16,7,583,6.5,2,1,3,2,0,0,1,0,0.46,1468,es ESP,MF,es La Liga,24-228,2001.0,6.5,2,11,3,27.3,1.6923076923076923,0.46153846153846156,0.18,0.67,0,0,1837,es ESP,MF,es La Liga,24-228,2001.0,16,583,36,23.1,6.5,7,64.0,0,9,15.0,11,0.81,7,7,0,0.0,0.74,1468,es ESP,MF,es La Liga,24-228,2001.0,6.5,1,0,0,5,4,1,15,7,7,0,0.3076923076923077,0.15384615384615385,2.3076923076923075,1.0769230769230769,1.0769230769230769,0.7692307692307693,0.6153846153846154,False,3,1.0336790184983409,0.645653580439279,0.535406019683974,0.14100902422756093,0.5367574571716618,0.42024999071762775,0.2226838206478764,-0.9071703710991809,-0.7216682316904809,0.5757193467163518,-0.050339025787257234
Tom Louchet,fr FRA,MF,Nice,fr Ligue 1,22.0,2003.0,21,12,1133,12.6,3,2,5,3,0,0,1,1,0.4,1469,fr FRA,MF,fr Ligue 1,22-317,2003.0,12.6,3,20,6,30.0,1.5873015873015874,0.4761904761904762,0.15,0.5,0,0,1839,fr FRA,MF,fr Ligue 1,22-317,2003.0,21,1133,54,48.4,12.6,12,77.0,2,9,23.0,2,1.19,13,23,-10,-0.79,-0.35,1469,fr FRA,MF,fr Ligue 1,22-317,2003.0,12.6,1,1,0,14,11,0,39,9,12,0,0.2380952380952381,0.15873015873015872,3.0952380952380953,0.7142857142857143,0.9523809523809524,1.1111111111111112,0.873015873015873,False,3,0.6337290507222131,0.6903463381529369,0.4230036421403689,0.17624763262864507,0.995955615767714,-0.31707443799963536,-0.03370571531184208,-0.28850046826680187,-0.34830384286683275,0.8604210793182908,0.4472552147026439
Pol Lozano,es ESP,MF,Espanyol,es La Liga,26.0,1999.0,26,23,1788,19.9,1,1,2,1,0,0,7,0,0.1,1474,es ESP,MF,es La Liga,26-162,1999.0,19.9,1,15,4,26.7,0.7537688442211056,0.20100502512562815,0.07,0.25,0,0,1845,es ESP,MF,es La Liga,26-162,1999.0,26,1788,69,71.0,19.9,23,75.0,8,3,21.0,1,1.38,25,32,-7,-0.35,-0.35,1474,es ESP,MF,es La Liga,26-162,1999.0,19.9,7,0,0,51,23,0,25,20,16,0,0.05025125628140704,0.05025125628140704,1.256281407035176,1.0050251256281408,0.8040201005025126,2.562814070351759,1.155778894472362,False,4,-0.4457444803953178,-0.302326973879064,-0.4692403095540796,-0.48558301510528434,-0.07629381825211964,0.27406506515193957,-0.3391298447583885,2.3385149482827474,0.06148200244831722,-0.6064359175069097,0.5901097885454603
Jhon Lucumí,co COL,DF,Bologna,it Serie A,27.0,1998.0,21,19,1641,18.2,1,0,1,1,0,0,4,0,0.05,1479,co COL,DF,it Serie A,27-264,1998.0,18.2,1,7,2,28.6,0.38461538461538464,0.10989010989010989,0.14,0.5,0,0,1851,co COL,DF,it Serie A,27-264,1998.0,21,1641,78,62.9,18.2,19,84.0,16,2,26.0,4,1.52,23,17,6,0.33,0.51,1479,co COL,DF,it Serie A,27-264,1998.0,18.2,4,0,0,13,15,1,1,27,16,0,0.054945054945054944,0.0,0.054945054945054944,1.4835164835164836,0.8791208791208791,0.7142857142857143,0.8241758241758242,False,1,-0.4187708644781232,-0.7621682875409468,-0.8643956820509254,-0.7047175773984583,-0.7767628569519289,1.2469470774612261,-0.1845230894057944,-1.0065994626258132,-0.41908382179074705,-1.7665701978252113,-1.1212837390582207
José Luis Gayà,es ESP,DF,Valencia,es La Liga,30.0,1995.0,24,23,1868,20.8,1,1,2,1,0,0,6,1,0.1,1482,es ESP,DF,es La Liga,30-296,1995.0,20.8,1,9,2,22.2,0.43269230769230765,0.09615384615384615,0.11,0.5,0,0,1855,es ESP,DF,es La Liga,30-296,1995.0,24,1868,78,74.1,20.8,23,81.0,13,1,9.0,2,1.08,17,31,-14,-0.67,-0.95,1482,es ESP,DF,es La Liga,30-296,1995.0,20.8,6,1,0,20,13,2,70,15,30,0,0.04807692307692307,0.04807692307692307,3.3653846153846154,0.7211538461538461,1.4423076923076923,0.9615384615384615,0.625,False,1,-0.45823961129813584,-0.3222239537971263,-0.8129323841930246,-0.7377537727744746,1.153471263193104,-0.3031099601830206,0.974885473941463,-0.5591685507559679,-0.7077334233398354,-1.2810066820248118,0.6122141172187473
Castello Lukeba,fr FRA,DF,RB Leipzig,de Bundesliga,23.0,2002.0,21,20,1806,20.1,1,0,1,1,0,0,2,0,0.05,1487,fr FRA,DF,de Bundesliga,23-090,2002.0,20.1,1,8,2,25.0,0.3980099502487562,0.09950248756218905,0.13,0.5,0,0,1862,fr FRA,DF,de Bundesliga,23-090,2002.0,21,1806,86,77.2,20.1,20,90.0,19,1,9.0,1,1.9,39,26,13,0.65,0.65,1487,fr FRA,DF,de Bundesliga,23-090,2002.0,20.1,2,0,0,10,8,0,3,29,10,0,0.04975124378109452,0.0,0.14925373134328357,1.4427860696517412,0.49751243781094523,0.49751243781094523,0.3980099502487562,False,1,-0.4486178769987298,-0.7621682875409468,-0.8500576488168834,-0.7297001729066895,-0.7217738376129362,1.164132860757719,-0.9701240380444409,-1.398874435663721,-1.0366919587816938,-1.7102421765897076,-1.8442963421691148
Sebastiano Luperto,it ITA,DF,Cremonese,it Serie A,29.0,1996.0,6,6,540,6.0,0,1,1,0,0,0,1,0,0.17,1491,it ITA,DF,it Serie A,29-192,1996.0,6.0,0,2,1,50.0,0.3333333333333333,0.16666666666666666,0.0,0.0,0,0,1869,it ITA,DF,it Serie A,29-192,1996.0,6,540,90,20.7,6.0,6,90.0,6,0,,0,0.17,3,13,-10,-1.67,-1.19,1491,it ITA,DF,it Serie A,29-192,1996.0,6.0,1,0,0,5,8,1,8,3,3,0,0.0,0.16666666666666666,1.3333333333333333,0.5,0.5,0.8333333333333334,1.3333333333333333,False,1,-0.7345208390382241,0.7629720694376311,-0.9192898664326862,-0.5681679698442573,-0.03136677625415144,-0.7527661458780183,-0.9650030003419969,-0.7911697643181098,0.31879745849105984,-0.3301188117023595,-0.24393497883066667
Sebastiano Luperto,it ITA,DF,Cagliari,it Serie A,29.0,1996.0,19,19,1706,19.0,1,0,1,1,0,0,3,0,0.05,1492,it ITA,DF,it Serie A,29-192,1996.0,19.0,1,7,3,42.9,0.3684210526315789,0.15789473684210525,0.14,0.33,0,0,1870,it ITA,DF,it Serie A,29-192,1996.0,19,1706,90,65.4,19.0,19,90.0,18,0,,4,1.32,22,24,-2,-0.11,0.69,1492,it ITA,DF,it Serie A,29-192,1996.0,19.0,3,0,0,23,17,0,1,19,12,0,0.05263157894736842,0.0,0.05263157894736842,1.0,0.631578947368421,1.2105263157894737,0.8947368421052632,False,1,-0.4320656002490748,-0.7621682875409468,-0.8817306876451655,-0.5892647682949064,-0.778111786671183,0.2638478391715417,-0.6941270587127276,-0.10859777283791282,-0.316825378555934,-1.1620927419911742,-1.1168480347282885
Babis Lykogiannis,gr GRE,DF,Bologna,it Serie A,32.0,1993.0,10,7,627,7.0,0,1,1,0,0,0,3,0,0.14,1496,gr GRE,DF,it Serie A,32-146,1993.0,7.0,0,7,2,28.6,1.0,0.2857142857142857,0.0,0.0,0,0,1876,gr GRE,DF,it Serie A,32-146,1993.0,10,627,63,24.0,7.0,7,81.0,4,3,19.0,16,0.7,5,8,-3,-0.43,-0.75,1496,gr GRE,DF,it Serie A,32-146,1993.0,7.0,3,0,0,8,1,0,45,6,10,0,0.0,0.14285714285714285,6.428571428571429,0.8571428571428571,1.4285714285714286,1.1428571428571428,0.14285714285714285,False,3,-0.7345208390382241,0.5450948755835485,-0.2056654694697962,-0.28185427658544876,2.9395385195928645,-0.02661329941404695,0.946607216298847,-0.23105254871808115,-1.4064645277793524,-0.748616613497571,1.8144249618155357
Senne Lynen,be BEL,MF,Werder Bremen,de Bundesliga,27.0,1999.0,24,24,2122,23.6,0,0,0,0,0,0,4,0,0.0,1497,be BEL,MF,de Bundesliga,27-026,1999.0,23.6,0,17,2,11.8,0.7203389830508474,0.0847457627118644,0.0,0.0,0,0,1877,be BEL,MF,de Bundesliga,27-026,1999.0,24,2122,88,90.7,23.6,24,88.0,19,0,,0,1.0,26,41,-15,-0.64,0.6,1497,be BEL,MF,de Bundesliga,27-026,1999.0,23.6,4,0,0,31,9,0,12,50,19,0,0.0,0.0,0.5084745762711864,2.11864406779661,0.8050847457627118,1.3135593220338981,0.3813559322033898,False,1,-0.7345208390382241,-0.7621682875409468,-0.5050248563313475,-0.7651906130020137,-0.5123211897430869,2.538306246401065,-0.3369381051744707,0.07785173055025268,-1.0608272959536527,-2.2447903832744682,-0.7754106857811843
Mathias Løvik,no NOR,MF,Parma,it Serie A,22.0,2003.0,9,5,471,5.2,0,0,0,0,0,0,0,0,0.0,1498,no NOR,MF,it Serie A,22-101,2003.0,5.2,0,3,0,0.0,0.5769230769230769,0.0,0.0,,0,0,1879,no NOR,MF,it Serie A,22-101,2003.0,9,471,52,18.0,5.2,5,79.0,2,4,19.0,10,1.0,5,8,-3,-0.57,-0.07,1498,no NOR,MF,it Serie A,22-101,2003.0,5.2,0,0,0,3,2,2,15,7,8,0,0.0,0.0,2.8846153846153846,1.346153846153846,1.5384615384615383,0.5769230769230769,0.3846153846153846,False,1,-0.7345208390382241,-0.7621682875409468,-0.6585424906193226,-0.9690071404065893,0.8731468059106302,0.9676575211289291,1.172833277439775,-1.2551721914423941,-1.0561036321059762,-2.20425744407877,0.17554018512423167
Pablo Maffeo,es ESP,DF,Mallorca,es La Liga,28.0,1997.0,23,22,1958,21.8,1,0,1,1,0,0,7,0,0.05,1509,es ESP,DF,es La Liga,28-248,1997.0,21.8,1,5,1,20.0,0.2293577981651376,0.04587155963302752,0.2,1.0,0,0,1891,es ESP,DF,es La Liga,28-248,1997.0,23,1958,85,77.7,21.8,22,87.0,14,1,45.0,1,1.0,24,30,-6,-0.28,0.69,1509,es ESP,DF,es La Liga,28-248,1997.0,21.8,7,0,0,17,16,0,62,25,24,1,0.04587155963302752,0.0,2.8440366972477062,1.146788990825688,1.1009174311926606,0.7798165137614679,0.7339449541284403,False,1,-0.4709130621119013,-0.7621682875409468,-1.0305890843076322,-0.8586844329123694,0.8494863930023846,0.5623033210209538,0.2720799697777307,-0.88801430759405,-0.549848209458667,-1.7021385263185052,-0.04837827930718613
Hugo Magnetti,fr FRA,MF,Brest,fr Ligue 1,27.0,1998.0,25,24,2081,23.1,1,1,2,1,0,0,4,1,0.09,1512,fr FRA,MF,fr Ligue 1,27-291,1998.0,23.1,1,18,3,16.7,0.7792207792207791,0.12987012987012986,0.06,0.33,0,0,1894,fr FRA,MF,fr Ligue 1,27-291,1998.0,25,2081,83,88.9,23.1,24,86.0,16,1,20.0,0,1.44,32,29,3,0.13,1.87,1512,fr FRA,MF,fr Ligue 1,27-291,1998.0,23.1,4,1,0,27,28,0,14,38,36,0,0.04329004329004329,0.04329004329004329,0.6060606060606061,1.6450216450216448,1.5584415584415583,1.1688311688311688,1.2121212121212122,False,4,-0.48574813180905363,-0.3660279350789785,-0.4419956269055585,-0.6566649295787982,-0.4554212279978206,1.5753238891488959,1.2139652885563073,-0.18404970545094584,0.14313441988898165,-1.745033200043605,0.4295654924191937
Patrick Mainka,de GER,DF,Heidenheim,de Bundesliga,31.0,1994.0,26,26,2340,26.0,1,1,2,1,0,0,1,0,0.08,1518,de GER,DF,de Bundesliga,31-131,1994.0,26.0,1,26,5,19.2,1.0,0.19230769230769232,0.04,0.2,0,0,1900,de GER,DF,de Bundesliga,31-131,1994.0,26,2340,90,100.0,26.0,26,90.0,26,0,,0,0.54,24,58,-34,-1.31,,1518,de GER,DF,de Bundesliga,31-131,1994.0,26.0,1,0,0,5,14,2,0,27,26,0,0.038461538461538464,0.038461538461538464,0.0,1.0384615384615385,1.0,0.19230769230769232,0.5384615384615384,False,1,-0.5134958568461534,-0.41021282054589037,-0.2056654694697962,-0.50650040514236,-0.8087999377842117,0.34204891494458495,0.06432557784922671,-1.9511758321288206,-0.833146698495646,-1.1932053188972795,-1.4092398770770762
Lovro Majer,hr CRO,MF,Wolfsburg,de Bundesliga,28.0,1998.0,23,16,1264,14.0,2,3,5,2,0,0,4,0,0.36,1522,hr CRO,MF,de Bundesliga,28-059,1998.0,14.0,2,22,5,22.7,1.5714285714285714,0.35714285714285715,0.09,0.4,0,0,1904,hr CRO,MF,de Bundesliga,28-059,1998.0,23,1264,55,54.0,14.0,16,70.0,1,7,20.0,2,0.74,19,29,-10,-0.71,0.21,1522,hr CRO,MF,de Bundesliga,28-059,1998.0,14.0,4,0,0,28,19,3,18,8,16,0,0.14285714285714285,0.21428571428571427,1.2857142857142858,0.5714285714285714,1.1428571428571428,2.0,1.3571428571428572,False,0,0.08642909481803814,1.198726457145796,0.4060125850698237,-0.11006606063016355,-0.05913224630879635,-0.6075355765852241,0.35841945733243336,1.3200412790973834,0.35330269821646826,0.7585565691604731,1.1483682933000365
Jean-Victor Makengo,fr FRA,MF,Lorient,fr Ligue 1,27.0,1998.0,23,16,1261,14.0,3,2,5,3,0,0,0,0,0.36,1524,fr FRA,MF,fr Ligue 1,27-278,1998.0,14.0,3,31,11,35.5,2.2142857142857144,0.7857142857142857,0.1,0.27,0,0,1906,fr FRA,MF,fr Ligue 1,27-278,1998.0,23,1261,55,53.9,14.0,16,68.0,1,7,24.0,3,1.48,20,20,0,0.0,0.25,1524,fr FRA,MF,fr Ligue 1,27-278,1998.0,14.0,0,0,0,7,28,0,14,9,12,1,0.21428571428571427,0.14285714285714285,1.0,0.6428571428571429,0.8571428571428571,0.5,2.0,False,0,0.49690406174616925,0.5450948755835485,1.0941503964268964,0.9206632351015472,-0.22572506663666644,-0.4623050072924296,-0.22976830163398013,-1.3943729195796795,1.2849441708024907,1.7546832119733422,-0.14600915629984548
Jordy Makengo,fr FRA,DF,Freiburg,de Bundesliga,24.0,2001.0,15,10,945,10.5,0,0,0,0,0,0,1,0,0.0,1525,fr FRA,DF,de Bundesliga,24-226,2001.0,10.5,0,0,0,,0.0,0.0,,,0,0,1907,fr FRA,DF,de Bundesliga,24-226,2001.0,15,945,63,40.4,10.5,10,84.0,7,5,20.0,8,1.13,11,16,-5,-0.48,-0.41,1525,fr FRA,DF,de Bundesliga,24-226,2001.0,10.5,1,0,0,9,8,2,27,8,9,0,0.0,0.0,2.5714285714285716,0.7619047619047619,0.8571428571428571,0.8571428571428571,0.7619047619047619,False,1,-0.7345208390382241,-0.7621682875409468,-1.276102064914131,-0.9690071404065893,0.6905354451666189,-0.220254058471106,-0.22976830163398013,-0.7480838246565693,-0.509328294918738,-1.5796730880156196,-0.33568165607773465
Julián Malatini,ar ARG,DF,Werder Bremen,de Bundesliga,24.0,2001.0,11,5,516,5.7,0,0,0,0,0,0,3,0,0.0,1529,ar ARG,DF,de Bundesliga,24-290,2001.0,5.7,0,2,0,0.0,0.3508771929824561,0.0,0.0,,0,0,1911,ar ARG,DF,de Bundesliga,24-290,2001.0,11,516,47,22.1,5.7,5,71.0,1,6,27.0,7,1.0,4,12,-8,-1.4,-0.9,1529,ar ARG,DF,de Bundesliga,24-290,2001.0,5.7,3,0,0,7,1,0,5,6,6,0,0.0,0.0,0.8771929824561403,1.0526315789473684,1.0526315789473684,1.2280701754385965,0.17543859649122806,False,1,-0.7345208390382241,-0.7621682875409468,-0.9005102770389258,-0.9690071404065893,-0.29733075256706676,0.37085983759781105,0.17267595450093434,-0.07685023835046169,-1.3592468313130042,-1.9459018639826056,-0.7374403890753486
Daniel Maldini,it ITA,FW,Lazio,it Serie A,24.0,2001.0,6,6,453,5.0,1,1,2,1,0,0,0,0,0.4,1530,it ITA,FW,it Serie A,24-157,2001.0,5.0,1,10,3,30.0,2.0,0.6,0.1,0.33,0,0,1912,it ITA,FW,it Serie A,24-157,2001.0,6,453,76,17.4,5.0,6,76.0,2,0,,0,1.83,6,6,0,0.0,-0.04,1530,it ITA,FW,it Serie A,24-157,2001.0,5.0,0,0,0,8,16,3,1,3,8,0,0.2,0.2,0.2,0.6,1.6,1.6,3.2,False,0,0.41480906836054315,1.0680001408333468,0.8647711259745386,0.47401387361780584,-0.6921849635547026,-0.5494433488681063,1.2995198716786953,0.5961974927835002,3.0240082529630663,1.621846412358325,1.9197717096506994
Youssef Maleh,ma MAR,MF,Cremonese,it Serie A,27.0,1998.0,7,7,600,6.7,0,0,0,0,0,0,1,0,0.0,1532,ma MAR,MF,it Serie A,27-207,1998.0,6.7,0,8,1,12.5,1.1940298507462686,0.14925373134328357,0.0,0.0,0,0,1914,ma MAR,MF,it Serie A,27-207,1998.0,7,600,86,23.0,6.7,7,86.0,5,0,,0,0.14,3,14,-11,-1.65,-1.2,1532,ma MAR,MF,it Serie A,27-207,1998.0,6.7,1,0,0,18,6,0,22,6,4,0,0.0,0.0,3.2835820895522385,0.8955223880597015,0.5970149253731343,2.6865671641791042,0.8955223880597015,False,4,-0.7345208390382241,-0.7621682875409468,0.00203118337761196,-0.6100466891567398,1.105774265983847,0.051421036325365065,-0.765282529946685,2.5624597182928546,-0.3156869495940588,-0.46151580373395856,0.8254185974135511
Youssef Maleh,ma MAR,MF,Lecce,it Serie A,27.0,1998.0,9,5,460,5.1,0,0,0,0,0,0,2,0,0.0,1533,ma MAR,MF,it Serie A,27-207,1998.0,5.1,0,7,1,14.3,1.3725490196078431,0.19607843137254904,0.0,0.0,0,0,1915,ma MAR,MF,it Serie A,27-207,1998.0,9,460,51,17.6,5.1,5,82.0,2,4,13.0,9,0.44,3,9,-6,-1.17,-0.67,1533,ma MAR,MF,it Serie A,27-207,1998.0,5.1,2,0,0,9,8,0,12,7,4,0,0.0,0.0,2.3529411764705883,1.3725490196078431,0.7843137254901962,1.7647058823529413,1.5686274509803924,False,4,-0.7345208390382241,-0.7621682875409468,0.1931246347153482,-0.4974316456273751,0.56314093550413,1.0213249260712138,-0.3796985147038499,0.8942508165598052,0.6597904157774476,-0.6898479787774714,0.6092950627750734
Donyell Malen,nl NED,FW,Roma,it Serie A,27.0,1999.0,9,9,723,8.0,7,0,7,5,2,2,1,0,0.62,1535,nl NED,FW,it Serie A,27-067,1999.0,8.0,7,40,14,35.0,5.0,1.75,0.13,0.36,2,2,1917,nl NED,FW,it Serie A,27-067,1999.0,9,723,80,27.7,8.0,9,80.0,4,0,,0,1.33,14,9,5,0.62,0.1,1535,nl NED,FW,it Serie A,27-067,1999.0,8.0,1,0,0,7,8,11,2,0,1,0,0.875,0.0,0.25,0.0,0.125,0.875,1.0,False,2,4.293797505831383,-0.7621682875409468,4.076080912307543,3.2398041504978967,-0.6630312199973254,-1.7693801309275783,-1.7369994339854147,-0.7157693699104137,-0.16427589766465547,6.275826735512392,-2.7973992351539927
Ruslan Malinovskyi,ua UKR,MF,Genoa,it Serie A,32.0,1993.0,27,24,1874,20.8,5,3,8,2,3,3,9,0,0.24,1536,ua UKR,MF,it Serie A,32-317,1993.0,20.8,5,40,13,32.5,1.923076923076923,0.625,0.05,0.15,3,3,1919,ua UKR,MF,it Serie A,32-317,1993.0,27,1874,69,71.8,20.8,24,74.0,4,3,30.0,1,1.15,26,26,0,0.0,0.49,1536,ua UKR,MF,it Serie A,32-317,1993.0,20.8,9,0,0,32,25,1,47,14,17,0,0.24038461538461536,0.14423076923076922,2.2596153846153846,0.673076923076923,0.8173076923076923,1.5384615384615383,1.2019230769230769,False,0,0.6468852996622171,0.5576647136905147,0.7824298494018974,0.5341397492021557,0.5087250114434144,-0.40086130489932453,-0.3117752487975666,0.48483691027367154,0.1283550776989028,1.398669306449577,0.40348923208419235
Gianluca Mancini,it ITA,DF,Roma,it Serie A,29.0,1996.0,28,28,2487,27.6,0,2,2,0,0,0,9,0,0.07,1542,it ITA,DF,it Serie A,29-334,1996.0,27.6,0,15,4,26.7,0.5434782608695652,0.14492753623188406,0.0,0.0,0,0,1926,it ITA,DF,it Serie A,29-334,1996.0,28,2487,89,95.3,27.6,28,89.0,24,0,,0,1.71,37,21,16,0.58,0.58,1542,it ITA,DF,it Serie A,29-334,1996.0,27.6,9,0,0,59,34,4,22,41,23,0,0.0,0.07246376811594203,0.7971014492753623,1.4855072463768115,0.8333333333333333,2.1376811594202896,1.2318840579710144,False,4,-0.7345208390382241,-0.09906378450678248,-0.6943430456509057,-0.6204513399176048,-0.34403011295645824,1.2509947521906795,-0.27878394821451463,1.569190408444553,0.17177513270453773,-1.2743953474445198,0.46801522803178586
Aïssa Mandi,dz ALG,DF,Lille,fr Ligue 1,34.0,1991.0,21,20,1704,18.9,1,0,1,1,0,0,7,0,0.05,1544,dz ALG,DF,fr Ligue 1,34-146,1991.0,18.9,1,9,2,22.2,0.4761904761904762,0.10582010582010583,0.11,0.5,0,0,1930,dz ALG,DF,fr Ligue 1,34-146,1991.0,21,1704,81,72.8,18.9,20,85.0,16,1,6.0,2,1.71,25,24,1,0.05,-0.8,1544,dz ALG,DF,fr Ligue 1,34-146,1991.0,18.9,7,0,0,13,13,0,8,28,17,0,0.052910052910052914,0.0,0.4232804232804233,1.4814814814814816,0.8994708994708995,0.6878306878306879,0.6878306878306879,False,1,-0.43046530798034915,-0.7621682875409468,-0.766370352797781,-0.7145060797320928,-0.5619957595207005,1.2428094544044517,-0.14262937437969642,-1.054472728916414,-0.6166779296200079,-1.7669117745473546,-1.0705592105066095
Rolando Mandragora,it ITA,MF,Fiorentina,it Serie A,28.0,1997.0,28,25,1987,22.1,6,2,8,5,1,1,6,0,0.32,1545,it ITA,MF,it Serie A,28-261,1997.0,22.1,6,55,13,23.6,2.48868778280543,0.588235294117647,0.09,0.38,1,1,1931,it ITA,MF,it Serie A,28-261,1997.0,28,1987,71,76.1,22.1,25,74.0,8,3,45.0,0,0.89,25,31,-6,-0.27,0.16,1545,it ITA,MF,it Serie A,28-261,1997.0,22.1,6,0,0,29,47,0,64,14,20,0,0.27149321266968324,0.09049773755656108,2.8959276018099547,0.6334841628959276,0.9049773755656108,1.3122171945701357,2.1266968325791855,False,0,0.8256555058469801,0.06596222303565656,1.3878804124360236,0.44571934393105284,0.8797426754937472,-0.4813624123127512,-0.1312934279608703,0.07542300398753864,1.4685557631874686,1.8990780023049436,0.8651776395047873
Johan Manzambi,ch SUI,MF,Freiburg,de Bundesliga,20.0,2005.0,20,19,1537,17.1,3,2,5,3,0,0,4,2,0.29,1551,ch SUI,MF,de Bundesliga,20-154,2005.0,17.1,3,35,8,22.9,2.046783625730994,0.4678362573099415,0.09,0.38,0,0,1938,ch SUI,MF,de Bundesliga,20-154,2005.0,20,1537,77,65.7,17.1,19,79.0,6,1,45.0,1,1.2,25,31,-6,-0.35,-0.35,1551,ch SUI,MF,de Bundesliga,20-154,2005.0,17.1,4,2,0,17,58,1,25,21,8,0,0.17543859649122806,0.11695906432748537,1.461988304093567,1.2280701754385963,0.4678362573099415,0.9941520467836257,3.3918128654970756,False,0,0.27366329025894004,0.3081056471808622,0.9148500310245661,0.15615544362802677,0.043648704244363075,0.7275664990187091,-1.0312171194069295,-0.5001506981831423,3.3019873070316175,1.437260727028652,0.7723675356933795
Sekou Mara,fr FRA,FW,Auxerre,fr Ligue 1,23.0,2002.0,21,11,941,10.5,0,1,1,0,0,0,0,0,0.1,1552,fr FRA,FW,fr Ligue 1,23-230,2002.0,10.5,0,24,8,33.3,2.2857142857142856,0.7619047619047619,0.0,0.0,0,0,1939,fr FRA,FW,fr Ligue 1,23-230,2002.0,21,941,45,40.2,10.5,11,69.0,1,10,19.0,0,0.71,10,15,-5,-0.48,0.29,1552,fr FRA,FW,fr Ligue 1,23-230,2002.0,10.5,0,0,0,25,21,2,0,2,6,0,0.0,0.09523809523809523,0.0,0.19047619047619047,0.5714285714285714,2.380952380952381,2.0,False,0,-0.7345208390382241,0.10934048787538338,1.1706101532443485,0.8634004964497854,-0.8087999377842117,-1.3820986128134602,-0.8179560606003936,2.0094163136820344,1.2849441708024907,1.7408403145913875,0.3309119475985569
Alessandro Marcandalli,it ITA,DF,Genoa,it Serie A,23.0,2002.0,23,20,1804,20.0,0,2,2,0,0,0,4,0,0.1,1553,it ITA,DF,it Serie A,23-143,2002.0,20.0,0,3,2,66.7,0.15,0.1,0.0,0.0,0,0,1942,it ITA,DF,it Serie A,23-143,2002.0,23,1804,78,69.1,20.0,20,86.0,17,3,28.0,4,1.35,31,25,6,0.3,1.42,1553,it ITA,DF,it Serie A,23-143,2002.0,20.0,4,0,0,18,9,0,7,12,12,0,0.0,0.1,0.35,0.6,0.6,0.9,0.45,False,1,-0.7345208390382241,0.1529159266462,-1.1155365755974809,-0.7285036380691899,-0.6047237328825709,-0.5494433488681063,-0.7591372847037522,-0.6705291332657959,-0.961346935321586,-1.1086424411448006,-1.1345971568292852
Marcão,br BRA,DF,Sevilla,es La Liga,29.0,1996.0,13,11,938,10.4,1,0,1,1,0,0,5,1,0.1,1554,br BRA,DF,es La Liga,29-285,1996.0,10.4,1,10,2,20.0,0.9615384615384615,0.1923076923076923,0.1,0.5,0,0,1943,br BRA,DF,es La Liga,29-285,1996.0,13,938,72,37.2,10.4,11,84.0,9,2,8.0,2,1.23,13,15,-2,-0.19,0.26,1554,br BRA,DF,es La Liga,29-285,1996.0,10.4,5,1,1,22,21,1,1,4,4,0,0.09615384615384615,0.0,0.09615384615384615,0.3846153846153846,0.3846153846153846,2.1153846153846154,2.019230769230769,False,0,-0.1819583835580476,-0.7621682875409468,-0.24683610775611686,-0.50650040514236,-0.7527350463277169,-0.9873693731971476,-1.2025403645399717,1.5288423713033115,1.312813787503782,0.3478042102969178,-0.3100331890254874
Vincent Marchetti,fr FRA,MF,Paris FC,fr Ligue 1,28.0,1997.0,19,9,764,8.5,2,0,2,2,0,0,1,0,0.24,1556,fr FRA,MF,fr Ligue 1,28-256,1997.0,8.5,2,23,7,30.4,2.7058823529411766,0.8235294117647058,0.09,0.29,0,0,1946,fr FRA,MF,fr Ligue 1,28-256,1997.0,19,764,40,32.6,8.5,9,71.0,1,10,12.0,2,0.95,11,19,-8,-0.94,-0.71,1556,fr FRA,MF,fr Ligue 1,28-256,1997.0,8.5,1,0,0,12,4,1,1,4,12,0,0.23529411764705882,0.0,0.11764705882352941,0.47058823529411764,1.411764705882353,1.411764705882353,0.47058823529411764,False,0,0.6176319931956196,-0.7621682875409468,1.6203734286411282,1.0116099376661098,-0.7402028941197946,-0.8125669685279924,0.9120079363596464,0.2555651227534374,-0.931510051559027,1.1815429185625417,-0.7456239912387467
Pablo Marí,es ESP,DF,Fiorentina,it Serie A,32.0,1993.0,11,9,808,9.0,0,0,0,0,0,0,3,0,0.0,1557,es ESP,DF,it Serie A,32-198,1993.0,9.0,0,2,0,0.0,0.2222222222222222,0.0,0.0,,0,0,1948,es ESP,DF,it Serie A,32-198,1993.0,11,808,73,31.0,9.0,9,86.0,7,2,15.0,6,0.55,9,19,-10,-1.11,-1.16,1557,es ESP,DF,it Serie A,32-198,1993.0,9.0,3,0,0,17,8,0,0,19,8,0,0.0,0.0,0.0,2.111111111111111,0.8888888888888888,1.8888888888888888,0.8888888888888888,False,4,-0.7345208390382241,-0.7621682875409468,-1.038227265926501,-0.9690071404065893,-0.8087999377842117,2.5229900281705637,-0.16441410619326752,1.1189735606768603,-0.3253003497165607,-2.4423887594709472,-0.22084841452046203
José María Giménez,uy URU,DF,Atlético Madrid,es La Liga,31.0,1995.0,13,12,1084,12.0,0,1,1,0,0,0,3,0,0.08,1558,uy URU,DF,es La Liga,31-056,1995.0,12.0,0,13,3,23.1,1.0833333333333333,0.25,0.0,0.0,0,0,1949,uy URU,DF,es La Liga,31-056,1995.0,13,1084,83,43.0,12.0,12,90.0,12,1,4.0,4,2.31,19,10,9,0.75,-0.07,1558,uy URU,DF,es La Liga,31-056,1995.0,12.0,3,0,0,16,10,1,0,13,11,0,0.0,0.08333333333333333,0.0,1.0833333333333333,0.9166666666666666,1.3333333333333333,0.8333333333333334,False,1,-0.7345208390382241,0.00040189094834210825,-0.11646241984943502,-0.3677483845630913,-0.8087999377842117,0.43328350334646826,-0.10722918518264396,0.11363496857424427,-0.4058125757425131,-0.8487607606579693,-0.44384757528398916
Rafa Marín,es ESP,DF,Villarreal,es La Liga,23.0,2002.0,18,17,1574,17.5,1,0,1,1,0,0,1,0,0.06,1563,es ESP,DF,es La Liga,23-302,2002.0,17.5,1,4,1,25.0,0.22857142857142856,0.05714285714285714,0.25,1.0,0,0,1954,es ESP,DF,es La Liga,23-302,2002.0,18,1574,87,62.5,17.5,17,89.0,15,1,67.0,9,2.06,31,20,11,0.63,-0.04,1563,es ESP,DF,es La Liga,23-302,2002.0,17.5,1,0,0,11,7,3,0,19,16,1,0.05714285714285714,0.0,0.0,1.0857142857142856,0.9142857142857143,0.6285714285714286,0.4,False,1,-0.4061408654957192,-0.7621682875409468,-1.031430843098283,-0.8315765676423611,-0.8087999377842117,0.43812452232289467,-0.11213074984069739,-1.1617088454073599,-1.0338079387449433,-1.7813524380874939,-1.4527330624457286
Marius Marin,ro ROU,MF,Pisa,it Serie A,27.0,1998.0,23,18,1281,14.2,0,0,0,0,0,0,7,0,0.0,1564,ro ROU,MF,it Serie A,27-199,1998.0,14.2,0,3,0,0.0,0.21126760563380284,0.0,0.0,,0,0,1955,ro ROU,MF,it Serie A,27-199,1998.0,23,1281,56,49.1,14.2,18,66.0,4,5,19.0,4,0.65,7,22,-15,-1.05,-0.31,1564,ro ROU,MF,it Serie A,27-199,1998.0,14.2,7,0,0,36,20,0,18,14,26,0,0.0,0.0,1.267605633802817,0.9859154929577465,1.8309859154929577,2.535211267605634,1.4084507042253522,False,4,-0.7345208390382241,-0.7621682875409468,-1.0499534884118067,-0.9690071404065893,-0.06969094618873178,0.23521082550817388,1.7750406796318237,2.2885646551511716,0.4276590598782636,-1.8214728950294443,1.6361818355421502
Pablo Marín,es ESP,MF,Real Sociedad,es La Liga,22.0,2003.0,25,12,1101,12.2,0,0,0,0,0,0,1,0,0.0,1565,es ESP,MF,es La Liga,22-257,2003.0,12.2,0,12,4,33.3,0.9836065573770493,0.3278688524590164,0.0,0.0,0,0,1956,es ESP,MF,es La Liga,22-257,2003.0,25,1101,44,43.7,12.2,12,72.0,3,13,18.0,3,1.4,20,25,-5,-0.41,-0.79,1565,es ESP,MF,es La Liga,22-257,2003.0,12.2,1,0,0,17,14,2,10,6,13,0,0.0,0.0,0.819672131147541,0.49180327868852464,1.0655737704918034,1.3934426229508197,1.1475409836065575,False,1,-0.7345208390382241,-0.7621682875409468,-0.22321361037871962,-0.1804710671692148,-0.3308697155321254,-0.7694319489116175,0.19931948974315783,0.22240930804764217,0.04954345669934993,-0.4934362682507779,-0.23046926169570325
Guillermo Maripán,cl CHI,DF,Torino,it Serie A,31.0,1994.0,24,23,2026,22.5,2,0,2,2,0,0,3,0,0.09,1568,cl CHI,DF,it Serie A,31-315,1994.0,22.5,2,18,8,44.4,0.8,0.35555555555555557,0.11,0.25,0,0,1961,cl CHI,DF,it Serie A,31-315,1994.0,24,2026,84,77.6,22.5,23,85.0,20,1,70.0,5,1.13,25,37,-12,-0.53,0.39,1568,cl CHI,DF,it Serie A,31-315,1994.0,22.5,3,0,0,27,6,2,3,26,28,0,0.08888888888888889,0.0,0.13333333333333333,1.1555555555555554,1.2444444444444445,1.2,0.26666666666666666,False,1,-0.2237075468609942,-0.7621682875409468,-0.4197527885586631,-0.11388357654028099,-0.7310566216312057,0.5801277456314046,0.5675528827427139,-0.12764629353038348,-1.2270372812072294,-1.2482617442024186,-0.8650871545046611
Marquinhos,br BRA,DF,Paris Saint-Germain,fr Ligue 1,31.0,1994.0,11,8,782,8.7,0,0,0,0,0,0,0,0,0.0,1571,br BRA,DF,fr Ligue 1,31-307,1994.0,8.7,0,1,0,0.0,0.1149425287356322,0.0,0.0,,0,0,1966,br BRA,DF,fr Ligue 1,31-307,1994.0,11,782,71,34.8,8.7,8,90.0,8,3,21.0,10,2.27,19,4,15,1.73,0.68,1571,br BRA,DF,fr Ligue 1,31-307,1994.0,8.7,0,0,0,7,1,0,1,6,9,1,0.0,0.0,0.1149425287356322,0.6896551724137931,1.0344827586206897,0.8045977011494253,0.1149425287356322,False,1,-0.7345208390382241,-0.7621682875409468,-1.1530633757825983,-0.9690071404065893,-0.7417798376523098,-0.367153944652323,0.13531375565551815,-0.8431700363234176,-1.446918946767762,-1.8969479332188153,-1.352201243821951
Gerard Martín,es ESP,DF,Barcelona,es La Liga,24.0,2002.0,23,17,1354,15.0,0,0,0,0,0,0,5,0,0.0,1576,es ESP,DF,es La Liga,24-075,2002.0,15.0,0,3,1,33.3,0.2,0.06666666666666667,0.0,0.0,0,0,1974,es ESP,DF,es La Liga,24-075,2002.0,23,1354,59,53.7,15.0,17,76.0,7,6,9.0,2,2.39,42,10,32,2.13,0.81,1576,es ESP,DF,es La Liga,24-075,2002.0,15.0,5,0,0,10,7,0,10,21,22,0,0.0,0.0,0.6666666666666666,1.4,1.4666666666666666,0.6666666666666666,0.4666666666666667,False,1,-0.7345208390382241,-0.7621682875409468,-1.0620147458252642,-0.8086714721816565,-0.42008335701918154,1.0771390272111896,1.0250322508277019,-1.0927713419488947,-0.9371932675138002,-2.397040453329868,-0.5207597785753012
Iván Martín,es ESP,MF,Girona,es La Liga,27.0,1999.0,26,22,1921,21.3,0,1,1,0,0,0,5,1,0.05,1577,es ESP,MF,es La Liga,27-031,1999.0,21.3,0,9,4,44.4,0.4225352112676056,0.18779342723004694,0.0,0.0,0,0,1975,es ESP,MF,es La Liga,27-031,1999.0,26,1921,74,76.2,21.3,22,83.0,12,4,22.0,1,1.31,22,25,-3,-0.14,1.21,1577,es ESP,MF,es La Liga,27-031,1999.0,21.3,5,1,1,25,26,2,7,13,34,0,0.0,0.046948356807511735,0.32863849765258213,0.6103286384976525,1.596244131455399,1.1737089201877935,1.220657276995305,False,4,-0.7345208390382241,-0.33255128557515024,-0.8238049119094826,-0.5173573707588913,-0.6171790881113094,-0.5284428721816367,1.2917878260209206,-0.17522288042425357,0.1555050564102545,-1.2389360458542935,0.25744648156648375
Jon Martin,es ESP,DF,Real Sociedad,es La Liga,19.0,2006.0,17,17,1530,17.0,0,0,0,0,0,0,4,0,0.0,1578,es ESP,DF,es La Liga,19-328,2006.0,17.0,0,11,3,27.3,0.6470588235294118,0.17647058823529413,0.0,0.0,0,0,1976,es ESP,DF,es La Liga,19-328,2006.0,17,1530,90,60.7,17.0,17,90.0,17,0,,7,1.41,30,29,1,0.06,0.06,1578,es ESP,DF,es La Liga,19-328,2006.0,17.0,4,0,0,13,9,0,0,27,10,0,0.0,0.0,0.0,1.588235294117647,0.5882352941176471,0.7647058823529411,0.5294117647058824,False,1,-0.7345208390382241,-0.7621682875409468,-0.5834666208030909,-0.5445891951052966,-0.8087999377842117,1.4598642921710239,-0.7833567806611926,-0.9153586492249037,-0.8462618122374301,-1.7080191629149482,-1.505864063471244
Lautaro Martínez,ar ARG,FW,Inter,it Serie A,28.0,1997.0,25,23,1888,21.0,14,4,18,14,0,0,3,0,0.86,1585,ar ARG,FW,it Serie A,28-207,1997.0,21.0,14,83,32,38.6,3.9523809523809526,1.5238095238095237,0.17,0.44,0,0,1986,ar ARG,FW,it Serie A,28-207,1997.0,25,1888,76,72.3,21.0,23,80.0,4,2,23.0,1,2.44,51,17,34,1.62,0.62,1585,ar ARG,FW,it Serie A,28-207,1997.0,21.0,3,0,0,41,39,7,16,4,10,0,0.6666666666666666,0.19047619047619047,0.7619047619047619,0.19047619047619047,0.47619047619047616,1.9523809523809523,1.8571428571428572,False,2,3.0965788522909996,0.9808492632917136,2.9546711456515737,2.6958081333061603,-0.36455241690989154,-1.3820986128134602,-1.0140186469225314,1.233869399774302,1.0779127324500413,5.446057510820497,-0.21680464943570446
Pablo Martínez,es ESP,MF,Levante,es La Liga,28.0,1998.0,17,13,1172,13.0,1,2,3,1,0,0,2,0,0.23,1587,es ESP,MF,es La Liga,28-023,1998.0,13.0,1,23,4,17.4,1.7692307692307692,0.3076923076923077,0.04,0.25,0,0,1988,es ESP,MF,es La Liga,28-023,1998.0,17,1172,69,46.5,13.0,13,83.0,6,4,23.0,1,1.06,14,18,-4,-0.31,0.49,1587,es ESP,MF,es La Liga,28-023,1998.0,13.0,2,0,0,19,8,2,41,16,7,0,0.07692307692307693,0.15384615384615385,3.1538461538461537,1.2307692307692308,0.5384615384615384,1.4615384615384615,0.6153846153846154,False,3,-0.29247087465408284,0.645653580439279,0.6177472962566152,-0.22899636398382248,1.0301285019888153,0.7330542938098004,-0.885823878942672,0.34563618213638636,-0.7216682316904809,0.1271258404292203,0.35934234046317215
Toni Martínez,es ESP,FW,Alavés,es La Liga,28.0,1997.0,27,22,1858,20.6,5,2,7,5,0,0,1,0,0.34,1589,es ESP,FW,es La Liga,28-260,1997.0,20.6,5,59,19,32.2,2.8640776699029122,0.9223300970873786,0.08,0.26,0,0,1990,es ESP,FW,es La Liga,28-260,1997.0,27,1858,69,73.7,20.6,22,78.0,6,5,28.0,1,0.93,22,24,-2,-0.1,1.26,1589,es ESP,FW,es La Liga,28-260,1997.0,20.6,1,0,0,31,27,10,11,4,12,0,0.24271844660194172,0.0970873786407767,0.5339805825242718,0.1941747572815534,0.5825242718446602,1.5048543689320388,1.3106796116504853,False,0,0.6602970097466874,0.1262629883689044,1.7897114851448859,1.2492290462004905,-0.4974492784335807,-1.374578583335516,-0.7951138175337368,0.42402105817485786,0.2859672304028072,2.5636484146245544,-0.6302194881389902
Adam Marušić,me MNE,DF,Lazio,it Serie A,33.0,1992.0,27,26,2298,25.5,1,2,3,1,0,0,1,1,0.12,1590,me MNE,DF,it Serie A,33-151,1992.0,25.5,1,13,6,46.2,0.5098039215686274,0.23529411764705882,0.08,0.17,0,0,1991,me MNE,DF,it Serie A,33-151,1992.0,27,2298,85,88.0,25.5,26,87.0,22,1,30.0,0,1.41,23,22,1,0.04,0.04,1590,me MNE,DF,it Serie A,33-151,1992.0,25.5,1,1,0,19,14,1,27,25,16,0,0.0392156862745098,0.0784313725490196,1.0588235294117647,0.9803921568627451,0.6274509803921569,0.7450980392156863,0.5490196078431373,False,1,-0.5091620336659167,-0.04445517837455721,-0.7303892907660388,-0.40311654667153235,-0.19142654480445792,0.2239806240715589,-0.7026251274697243,-0.9508411877697017,-0.8178457324635645,-0.9509724723464725,-0.9856298915621194
Omar Mascarell,gq EQG,MF,Mallorca,es La Liga,33.0,1993.0,21,17,1482,16.5,1,2,3,1,0,0,4,0,0.18,1591,gq EQG,MF,es La Liga,33-043,1993.0,16.5,1,2,2,100.0,0.12121212121212122,0.12121212121212122,0.5,0.5,0,0,1993,gq EQG,MF,es La Liga,33-043,1993.0,21,1482,71,58.8,16.5,17,80.0,10,4,32.0,4,1.05,20,25,-5,-0.3,0.3,1591,gq EQG,MF,es La Liga,33-043,1993.0,16.5,4,0,0,23,8,0,5,26,20,0,0.06060606060606061,0.12121212121212122,0.30303030303030304,1.5757575757575757,1.2121212121212122,1.393939393939394,0.48484848484848486,False,1,-0.38623904891738553,0.3470246993525644,-1.146352174557242,-0.6774877436339842,-0.6321105828910162,1.4344942461983077,0.5010104292030793,0.22330826953089358,-0.9108438117234884,-1.8706760126359523,-0.043107735786335706
Patrizio Masini,it ITA,MF,Genoa,it Serie A,25.0,2001.0,22,11,1166,13.0,0,1,1,0,0,0,5,0,0.08,1593,it ITA,MF,it Serie A,25-049,2001.0,13.0,0,13,3,23.1,1.0,0.23076923076923078,0.0,0.0,0,0,1995,it ITA,MF,it Serie A,25-049,2001.0,22,1166,53,44.7,13.0,11,88.0,10,11,18.0,6,1.0,12,19,-7,-0.54,-0.73,1593,it ITA,MF,it Serie A,25-049,2001.0,13.0,5,0,0,32,36,0,12,23,34,0,0.0,0.07692307692307693,0.9230769230769231,1.7692307692307692,2.6153846153846154,2.4615384615384617,2.769230769230769,False,4,-0.7345208390382241,-0.05825735355083388,-0.2056654694697962,-0.41399905808951415,-0.2705769798018622,1.8278693546324032,3.389848676620872,2.1552456479210953,2.3997288388541413,-1.5366875820734684,3.4160420318260596
Han-Noah Massengo,fr FRA,MF,Augsburg,de Bundesliga,24.0,2001.0,26,25,2090,23.2,2,1,3,2,0,0,2,0,0.13,1594,fr FRA,MF,de Bundesliga,24-253,2001.0,23.2,2,16,5,31.3,0.6896551724137931,0.21551724137931036,0.13,0.4,0,0,1996,fr FRA,MF,de Bundesliga,24-253,2001.0,26,2090,80,89.3,23.2,25,82.0,13,1,28.0,0,1.19,25,44,-19,-0.82,-2.62,1594,fr FRA,MF,de Bundesliga,24-253,2001.0,23.2,2,0,0,20,22,0,15,33,16,0,0.08620689655172414,0.04310344827586207,0.646551724137931,1.4224137931034484,0.6896551724137931,0.8620689655172414,0.9482758620689655,False,1,-0.23912001688358303,-0.3677354365982111,-0.5378699301249346,-0.4506806267484013,-0.43181187454226433,1.1227113782651357,-0.5745680224073947,-0.739169492312802,-0.23923555637847338,-1.0736404091232779,-0.8562206356612632
Clinton Mata,ao ANG,DF,Lyon,fr Ligue 1,33.0,1992.0,24,24,2113,23.5,0,0,0,0,0,0,5,0,0.0,1598,ao ANG,DF,fr Ligue 1,33-130,1992.0,23.5,0,3,0,0.0,0.1276595744680851,0.0,0.0,,0,0,2000,ao ANG,DF,fr Ligue 1,33-130,1992.0,24,2113,88,90.3,23.5,24,88.0,21,0,,0,1.79,36,27,9,0.38,-1.2,1598,ao ANG,DF,fr Ligue 1,33-130,1992.0,23.5,5,0,0,27,31,0,7,15,18,1,0.0,0.0,0.2978723404255319,0.6382978723404256,0.7659574468085106,1.148936170212766,1.3191489361702127,False,1,-0.7345208390382241,-0.7621682875409468,-1.1394505846446414,-0.9690071404065893,-0.635118061272177,-0.4715750436302676,-0.4174877991764524,-0.2200518832725811,0.298241145463157,-1.2739459736039394,-0.6894867033471427
Igor Matanovic,hr CRO,FW,Freiburg,de Bundesliga,22.0,2003.0,23,8,1042,11.6,6,1,7,5,1,2,0,0,0.52,1599,hr CRO,FW,de Bundesliga,22-351,2003.0,11.6,6,37,13,35.1,3.189655172413793,1.120689655172414,0.14,0.38,1,2,2002,hr CRO,FW,de Bundesliga,22-351,2003.0,23,1042,45,44.5,11.6,8,87.0,6,15,23.0,1,1.48,16,15,1,0.09,0.57,1599,hr CRO,FW,de Bundesliga,22-351,2003.0,11.6,0,0,0,33,20,4,0,8,8,0,0.5172413793103449,0.08620689655172414,0.0,0.6896551724137931,0.6896551724137931,2.844827586206897,1.7241379310344829,False,2,2.2378840938896225,0.02669741434452458,2.1382215584859026,1.7262907306159883,-0.8087999377842117,-0.367153944652323,-0.5745680224073947,2.8488492760534307,0.8851593243287954,3.4870306150833046,0.1039635628016624
Nemanja Matić,rs SRB,MF,Sassuolo,it Serie A,37.0,1988.0,26,25,2183,24.3,1,1,2,1,0,0,6,1,0.08,1602,rs SRB,MF,it Serie A,37-228,1988.0,24.3,1,10,4,40.0,0.411522633744856,0.1646090534979424,0.1,0.25,0,0,2005,rs SRB,MF,it Serie A,37-228,1988.0,26,2183,84,83.6,24.3,25,86.0,19,1,45.0,0,1.23,28,32,-4,-0.16,-0.16,1602,rs SRB,MF,it Serie A,37-228,1988.0,24.3,6,1,0,21,36,0,10,18,26,0,0.0411522633744856,0.0411522633744856,0.411522633744856,0.7407407407407407,1.0699588477366255,0.8641975308641975,1.4814814814814814,False,1,-0.498033203770988,-0.38559042162031026,-0.8355931779000014,-0.5731166015795947,-0.5688514311391313,-0.26328533826156353,0.20834686039450084,-0.7353176203124091,0.5334967278936,-0.9407102675606831,-0.3201593845468434
Rudy Matondo,fr FRA,MF,Auxerre,fr Ligue 1,18.0,2008.0,16,6,614,6.8,0,0,0,0,0,0,3,0,0.0,1604,fr FRA,MF,fr Ligue 1,18-004,2008.0,6.8,0,4,0,0.0,0.5882352941176471,0.0,0.0,,0,0,2007,fr FRA,MF,fr Ligue 1,18-004,2008.0,16,614,38,26.2,6.8,6,74.0,3,10,17.0,3,0.5,4,8,-4,-0.59,0.09,1604,fr FRA,MF,fr Ligue 1,18-004,2008.0,6.8,3,0,0,12,9,1,5,7,7,0,0.0,0.0,0.7352941176470589,1.0294117647058825,1.0294117647058825,1.7647058823529411,1.3235294117647058,False,4,-0.7345208390382241,-0.7621682875409468,-0.6464334793586399,-0.9690071404065893,-0.38006841488160487,0.3236486618215161,0.12487431774282835,0.8942508165598049,0.3045894186041271,-1.3692514076203262,0.16051131320930842
Chrislain Matsima,fr FRA,DF,Augsburg,de Bundesliga,23.0,2002.0,14,14,1260,14.0,1,1,2,1,0,0,5,0,0.14,1605,fr FRA,DF,de Bundesliga,23-306,2002.0,14.0,1,6,1,16.7,0.42857142857142855,0.07142857142857142,0.17,1.0,0,0,2008,fr FRA,DF,de Bundesliga,23-306,2002.0,14,1260,90,53.8,14.0,14,90.0,14,0,,0,0.93,17,28,-11,-0.79,-0.54,1605,fr FRA,DF,de Bundesliga,23-306,2002.0,14.0,5,0,0,8,4,0,4,29,9,0,0.07142857142857142,0.07142857142857142,0.2857142857142857,2.0714285714285716,0.6428571428571429,0.5714285714285714,0.2857142857142857,False,1,-0.32404587211009295,-0.10853670597869916,-0.8173435240094161,-0.797218924451304,-0.6422071174563415,2.442306378563456,-0.6709091208587901,-1.2651151005950574,-1.1994330894269027,-2.069613083096543,-1.3263564791604445
Alan Matturro,uy URU,DF,Levante,es La Liga,21.0,2004.0,14,8,703,7.8,1,0,1,1,0,0,0,1,0.13,1607,uy URU,DF,es La Liga,21-157,2004.0,7.8,1,5,1,20.0,0.6410256410256411,0.12820512820512822,0.2,1.0,0,0,2011,uy URU,DF,es La Liga,21-157,2004.0,14,703,50,27.9,7.8,8,77.0,6,6,15.0,6,0.71,7,14,-7,-0.9,-0.45,1607,uy URU,DF,es La Liga,21-157,2004.0,7.8,0,1,0,7,6,0,0,6,12,0,0.12820512820512822,0.0,0.0,0.7692307692307693,1.5384615384615385,0.8974358974358975,0.7692307692307693,False,1,0.002229101602011374,-0.7621682875409468,-0.5899247601421215,-0.6606693168971031,-0.8087999377842117,-0.20535861546671666,1.1728332774397754,-0.6751691575370388,-0.4987112980801507,-1.2478503895870718,-0.5752812874530393
Christian Mawissa,fr FRA,DF,Monaco,fr Ligue 1,20.0,2005.0,10,7,622,6.9,0,0,0,0,0,0,1,0,0.0,1611,fr FRA,DF,fr Ligue 1,20-333,2005.0,6.9,0,0,0,,0.0,0.0,,,0,0,2016,fr FRA,DF,fr Ligue 1,20-333,2005.0,10,622,62,26.6,6.9,7,79.0,5,3,23.0,2,2.1,13,10,3,0.43,0.17,1611,fr FRA,DF,fr Ligue 1,20-333,2005.0,6.9,1,0,0,4,7,0,1,10,14,0,0.0,0.0,0.14492753623188406,1.4492753623188406,2.0289855072463765,0.5797101449275363,1.0144927536231882,False,4,-0.7345208390382241,-0.7621682875409468,-1.276102064914131,-0.9690071404065893,-0.7242963332700747,1.1773270721146245,2.182653956155802,-1.2501286867997388,-0.14327270826658112,-2.772164271238991,0.1475589926908659
Borja Mayoral,es ESP,FW,Getafe,es La Liga,28.0,1997.0,14,12,1041,11.6,4,1,5,4,0,1,0,0,0.43,1614,es ESP,FW,es La Liga,28-346,1997.0,11.6,4,14,7,50.0,1.206896551724138,0.603448275862069,0.29,0.57,0,1,2021,es ESP,FW,es La Liga,28-346,1997.0,14,1041,74,41.3,11.6,12,81.0,6,2,34.0,2,1.0,9,15,-6,-0.52,-0.46,1614,es ESP,FW,es La Liga,28-346,1997.0,11.6,0,0,0,6,7,10,6,4,5,0,0.3448275862068966,0.08620689655172414,0.5172413793103449,0.3448275862068966,0.4310344827586207,0.5172413793103449,0.603448275862069,False,0,1.24708244958034,0.02669741434452458,0.01580417096696272,0.48230709783633685,-0.5072094871906537,-1.0682670377899506,-1.1069793559545795,-1.3631727563764946,-0.7389666144705928,1.1921189717238598,-1.8659323745036678
Ibrahim Maza,dz ALG,MF,Leverkusen,de Bundesliga,20.0,2005.0,20,12,1166,13.0,2,3,5,2,0,0,1,0,0.39,1616,dz ALG,MF,de Bundesliga,20-113,2005.0,13.0,2,34,10,29.4,2.6153846153846154,0.7692307692307693,0.06,0.2,0,0,2023,dz ALG,MF,de Bundesliga,20-113,2005.0,20,1166,58,49.8,13.0,12,75.0,4,8,33.0,2,1.6,24,14,10,0.77,0.31,1616,dz ALG,MF,de Bundesliga,20-113,2005.0,13.0,1,0,0,12,26,2,45,14,16,0,0.15384615384615385,0.23076923076923078,3.4615384615384617,1.0769230769230769,1.2307692307692308,0.9230769230769231,2.0,False,3,0.1495790897300584,1.349564514429392,1.523501338555668,0.8810198006503277,1.2095361546495986,0.42024999071762775,0.5394003062451762,-0.6287689148246103,1.2849441708024907,1.6383636765215925,1.7330808703011014
Luca Mazzitelli,it ITA,MF,Cagliari,it Serie A,30.0,1995.0,17,8,737,8.2,2,2,4,2,0,0,3,0,0.49,1618,it ITA,MF,it Serie A,30-122,1995.0,8.2,2,15,5,33.3,1.829268292682927,0.6097560975609757,0.13,0.4,0,0,2025,it ITA,MF,it Serie A,30-122,1995.0,17,737,43,28.2,8.2,8,69.0,1,9,20.0,7,1.24,12,9,3,0.37,0.99,1618,it ITA,MF,it Serie A,30-122,1995.0,8.2,3,0,0,22,11,0,9,10,10,0,0.24390243902439027,0.24390243902439027,1.0975609756097562,1.2195121951219514,1.2195121951219514,2.682926829268293,1.3414634146341464,False,4,0.6671009992529555,1.4697444299886797,0.6820136584596523,0.49747762994340605,-0.16883971335397907,0.710166174071349,0.5162259292502521,2.5558721337796237,0.3305797354704677,1.0643770380488664,1.6486195345665344
Kylian Mbappé,fr FRA,FW,Real Madrid,es La Liga,27.0,1998.0,23,23,2020,22.4,23,4,27,15,8,9,3,0,0.85,1623,fr FRA,FW,es La Liga,27-087,1998.0,22.4,23,111,51,45.9,4.955357142857143,2.2767857142857144,0.14,0.29,8,9,2031,fr FRA,FW,es La Liga,27-087,1998.0,23,2020,88,80.2,22.4,23,88.0,15,0,,1,2.35,43,19,24,1.07,-1.09,1623,fr FRA,FW,es La Liga,27-087,1998.0,22.4,3,0,0,9,27,21,19,3,1,0,1.0267857142857144,0.17857142857142858,0.8482142857142858,0.13392857142857142,0.044642857142857144,0.4017857142857143,1.205357142857143,False,2,5.166056810553662,0.8719106663646724,4.028293564296636,4.506742243168125,-0.31422750243584735,-1.4970728135035891,-1.9024272411947185,-1.5721024206835346,0.13333179496699085,7.6589870835122955,-2.40985332460174
Chancel Mbemba,cd COD,DF,Lille,fr Ligue 1,31.0,1994.0,11,8,863,9.6,0,0,0,0,0,0,2,0,0.0,1626,cd COD,DF,fr Ligue 1,31-221,1994.0,9.6,0,5,3,60.0,0.5208333333333334,0.3125,0.0,0.0,0,0,2034,cd COD,DF,fr Ligue 1,31-221,1994.0,11,863,78,36.9,9.6,8,90.0,8,3,48.0,11,2.27,22,15,7,0.73,0.73,1626,cd COD,DF,fr Ligue 1,31-221,1994.0,9.6,2,0,0,9,6,0,0,11,8,1,0.0,0.0,0.0,1.1458333333333335,0.8333333333333334,0.9375,0.625,False,1,-0.7345208390382241,-0.7621682875409468,-0.7185830047868733,-0.2174336956022168,-0.8087999377842117,0.5603602514776637,-0.2787839482145144,-0.6026687782988694,-0.7077334233398354,-1.3691242431348727,-1.1970587571426736
Pathé Mboup,sn SEN,MF,Brest,fr Ligue 1,22.0,2003.0,21,8,877,9.7,1,0,1,1,0,0,5,0,0.1,1629,sn SEN,MF,fr Ligue 1,22-203,2003.0,9.7,1,18,9,50.0,1.8556701030927836,0.9278350515463918,0.06,0.11,0,0,2038,sn SEN,MF,fr Ligue 1,22-203,2003.0,21,877,42,37.5,9.7,8,70.0,1,13,24.0,2,1.38,10,13,-3,-0.31,-0.37,1629,sn SEN,MF,fr Ligue 1,22-203,2003.0,9.7,5,0,0,29,15,4,5,11,14,0,0.10309278350515465,0.0,0.5154639175257733,1.1340206185567012,1.4432989690721651,2.9896907216494846,1.5463917525773196,False,4,-0.14208274244092137,-0.7621682875409468,0.7102751225083461,1.2624686544764963,-0.5082458804916625,0.5363423093910118,0.9769261729466007,3.11099497719359,0.6275659954153318,0.5553730232177935,1.1604447358985832
Moustapha Mbow,sn SEN,DF,Paris FC,fr Ligue 1,26.0,2000.0,25,24,2177,24.2,0,1,1,0,0,0,3,0,0.04,1630,sn SEN,DF,fr Ligue 1,26-009,2000.0,24.2,0,6,2,33.3,0.24793388429752067,0.08264462809917356,0.0,0.0,0,0,2039,sn SEN,DF,fr Ligue 1,26-009,2000.0,25,2177,87,93.0,24.2,24,90.0,24,1,17.0,1,1.12,28,36,-8,-0.33,1.88,1630,sn SEN,DF,fr Ligue 1,26-009,2000.0,24.2,3,0,0,19,15,1,2,28,29,0,0.0,0.04132231404958678,0.08264462809917356,1.15702479338843,1.1983471074380165,0.7851239669421488,0.6198347107438017,False,1,-0.7345208390382241,-0.3840343147363407,-1.0107045619114032,-0.7702439153343585,-0.7606119319042492,0.5831150410879328,0.4726542700242576,-0.8784098900790805,-0.7152190641893557,-1.9060539029063166,-0.7120451063696293
Weston McKennie,us USA,MF,Juventus,it Serie A,27.0,1998.0,28,24,2120,23.6,4,4,8,4,0,0,4,0,0.34,1633,us USA,MF,it Serie A,27-201,1998.0,23.6,4,36,14,38.9,1.5254237288135593,0.5932203389830508,0.11,0.29,0,0,2043,us USA,MF,it Serie A,27-201,1998.0,28,2120,76,81.2,23.6,24,86.0,16,4,13.0,1,1.86,44,25,19,0.81,0.07,1633,us USA,MF,it Serie A,27-201,1998.0,23.6,4,0,0,33,11,7,25,20,17,0,0.1694915254237288,0.1694915254237288,1.059322033898305,0.847457627118644,0.7203389830508474,1.3983050847457625,0.4661016949152542,False,0,0.239487557062426,0.78882190599659,0.3567673179670577,0.4577085514254398,-0.19113587936520202,-0.04630557999612073,-0.5114005760543391,0.2312084649387873,-0.9380120359140641,0.6376900627854917,-0.3948504184431757
Mark McKenzie,us USA,DF,Toulouse,fr Ligue 1,27.0,1999.0,23,21,1907,21.2,0,2,2,0,0,0,6,0,0.09,1634,us USA,DF,fr Ligue 1,27-020,1999.0,21.2,0,6,1,16.7,0.2830188679245283,0.04716981132075472,0.0,0.0,0,0,2044,us USA,DF,fr Ligue 1,27-020,1999.0,23,1907,83,81.5,21.2,21,89.0,19,2,19.0,0,1.26,29,30,-1,-0.05,-1.29,1634,us USA,DF,fr Ligue 1,27-020,1999.0,21.2,6,0,0,26,10,1,2,19,25,0,0.0,0.09433962264150944,0.09433962264150944,0.8962264150943396,1.179245283018868,1.2264150943396226,0.4716981132075472,False,1,-0.7345208390382241,0.10111870697522944,-0.9731483114864892,-0.8555620921342312,-0.7537928744684055,0.05285248378389724,0.43333016248381645,-0.0798452887738063,-0.9299015942133365,-1.6082390221619447,-0.3872405529993743
Scott McTominay,sct SCO,MF,Napoli,it Serie A,29.0,1996.0,24,22,1981,22.0,6,3,9,6,0,0,1,0,0.41,1636,sct SCO,MF,it Serie A,29-099,1996.0,22.0,6,65,25,38.5,2.9545454545454546,1.1363636363636365,0.09,0.24,0,0,2048,sct SCO,MF,it Serie A,29-099,1996.0,24,1981,83,75.9,22.0,22,87.0,18,2,38.0,0,2.17,36,21,15,0.68,0.68,1636,sct SCO,MF,it Serie A,29-099,1996.0,22.0,1,0,0,16,51,3,7,19,11,0,0.2727272727272727,0.13636363636363635,0.3181818181818182,0.8636363636363636,0.5,0.7272727272727273,2.3181818181818183,False,2,0.8327472165055492,0.48567382271425324,1.8865515125350403,1.7639872043365838,-0.6232761151463564,-0.013410520387429169,-0.9650030003419969,-0.9830980409922456,1.7460596471329466,2.8141803635719094,-0.49645771628839996
Facundo Medina,ar ARG,DF,Marseille,fr Ligue 1,26.0,1999.0,10,9,735,8.2,0,0,0,0,0,0,3,0,0.0,1637,ar ARG,DF,fr Ligue 1,26-293,1999.0,8.2,0,2,0,0.0,0.24390243902439027,0.0,0.0,,0,0,2049,ar ARG,DF,fr Ligue 1,26-293,1999.0,10,735,74,31.4,8.2,9,81.0,6,1,6.0,3,2.0,16,13,3,0.37,-0.59,1637,ar ARG,DF,fr Ligue 1,26-293,1999.0,8.2,3,0,0,13,7,0,2,11,9,1,0.0,0.0,0.24390243902439027,1.3414634146341464,1.0975609756097562,1.5853658536585367,0.853658536585366,False,1,-0.7345208390382241,-0.7621682875409468,-1.0150199684642933,-0.9690071404065893,-0.6665865545774933,0.9581208045712414,0.26517017847190466,0.5697154030403093,-0.3763568832939938,-2.010000273265269,-0.256954860252979
Henrik Meister,dk DEN,FW,Pisa,it Serie A,22.0,2003.0,21,14,1275,14.2,2,0,2,2,0,0,1,0,0.14,1639,dk DEN,FW,it Serie A,22-120,2003.0,14.2,2,18,7,38.9,1.267605633802817,0.49295774647887325,0.11,0.29,0,0,2052,dk DEN,FW,it Serie A,22-120,2003.0,21,1275,61,48.9,14.2,14,77.0,6,7,29.0,6,0.62,13,22,-9,-0.64,0.51,1639,dk DEN,FW,it Serie A,22-120,2003.0,14.2,1,0,0,22,14,3,0,0,1,0,0.14084507042253522,0.0,0.0,0.0,0.07042253521126761,1.5492957746478875,0.9859154929577465,False,0,0.07486641969330213,-0.7621682875409468,0.08078939409981464,0.21657350491861804,-0.8087999377842117,-1.7693801309275783,-1.8493557224499495,0.5044426466310362,-0.1846874479247561,1.0259944078542405,-1.723593969413284
Bamo Meïté,ci CIV,DF,Lorient,fr Ligue 1,24.0,2001.0,20,18,1601,17.8,0,3,3,0,0,0,4,0,0.17,1640,ci CIV,DF,fr Ligue 1,24-104,2001.0,17.8,0,6,1,16.7,0.33707865168539325,0.056179775280898875,0.0,0.0,0,0,2053,ci CIV,DF,fr Ligue 1,24-104,2001.0,20,1601,80,68.4,17.8,18,86.0,14,2,25.0,3,1.6,26,23,3,0.17,0.9,1640,ci CIV,DF,fr Ligue 1,24-104,2001.0,17.8,4,0,0,24,19,1,10,12,12,0,0.0,0.16853932584269662,0.5617977528089887,0.6741573033707865,0.6741573033707865,1.348314606741573,1.0674157303370786,False,1,-0.7345208390382241,0.7801084779430083,-0.915280740607052,-0.833892813250747,-0.48122978545413014,-0.3986646454674974,-0.6064728214214584,0.14074522274330364,-0.06657566832979177,-0.7425129486657361,-0.10361447494727519
Kader Meïté,fr FRA,FW,Rennes,fr Ligue 1,18.0,2007.0,17,6,535,5.9,3,2,5,3,0,0,0,0,0.84,1641,fr FRA,FW,fr Ligue 1,18-157,2007.0,5.9,3,22,7,31.8,3.7288135593220337,1.1864406779661016,0.14,0.43,0,0,2054,fr FRA,FW,fr Ligue 1,18-157,2007.0,17,535,31,22.9,5.9,6,52.0,0,11,20.0,2,1.59,14,5,9,1.51,1.66,1641,fr FRA,FW,fr Ligue 1,18-157,2007.0,5.9,0,0,0,12,4,8,3,1,2,0,0.5084745762711864,0.3389830508474576,0.5084745762711864,0.1694915254237288,0.3389830508474576,2.0338983050847457,0.6779661016949152,False,2,2.187504349263726,2.339812099534127,2.7153564265732193,1.884424243257469,-0.5123211897430869,-1.4247652207412866,-1.296481695013747,1.381383972852797,-0.6309738858150924,4.558856975898633,-0.31420612114990815
Nuno Mendes,pt POR,DF,Paris Saint-Germain,fr Ligue 1,23.0,2002.0,17,12,1139,12.7,3,3,6,3,0,0,1,0,0.47,1644,pt POR,DF,fr Ligue 1,23-271,2002.0,12.7,3,28,13,46.4,2.204724409448819,1.0236220472440944,0.11,0.23,0,0,2058,pt POR,DF,fr Ligue 1,23-271,2002.0,17,1139,67,50.6,12.7,12,85.0,10,5,23.0,4,2.12,26,12,14,1.11,-0.35,1644,pt POR,DF,fr Ligue 1,23-271,2002.0,12.7,1,0,0,11,22,1,42,13,20,0,0.2362204724409449,0.2362204724409449,3.3070866141732287,1.0236220472440944,1.5748031496062993,0.8661417322834646,1.7322834645669292,False,3,0.6229554295429971,1.3994479664444395,1.0839156258292846,1.492839733913245,1.1194791636486152,0.3118768463392374,1.2476481952974052,-0.7317993750207112,0.8969639949923887,1.7058294092530029,1.7315932898079218
Antoine Mendy,sn SEN,DF,Nice,fr Ligue 1,21.0,2004.0,17,16,1377,15.3,0,0,0,0,0,0,5,0,0.0,1648,sn SEN,DF,fr Ligue 1,21-294,2004.0,15.3,0,12,5,41.7,0.7843137254901961,0.32679738562091504,0.0,0.0,0,0,2062,sn SEN,DF,fr Ligue 1,21-294,2004.0,17,1377,81,58.8,15.3,16,85.0,13,1,11.0,6,1.06,21,26,-5,-0.33,0.7,1648,sn SEN,DF,fr Ligue 1,21-294,2004.0,15.3,5,0,0,22,19,1,13,7,25,0,0.0,0.0,0.8496732026143791,0.45751633986928103,1.6339869281045751,1.4379084967320261,1.2418300653594772,False,4,-0.7345208390382241,-0.7621682875409468,-0.4365439508401429,-0.1830479824412324,-0.3133768446523105,-0.8391451119279809,1.3694873044446343,0.3028751741465015,0.18618908621302044,-0.8380205402658707,0.4222723453284695
Batista Mendy,fr FRA,MF,Sevilla,es La Liga,26.0,2000.0,22,18,1471,16.3,1,0,1,1,0,0,6,0,0.06,1649,fr FRA,MF,es La Liga,26-064,2000.0,16.3,1,14,4,28.6,0.8588957055214723,0.24539877300613497,0.07,0.25,0,0,2063,fr FRA,MF,es La Liga,26-064,2000.0,22,1471,67,58.4,16.3,18,79.0,10,4,15.0,1,1.14,16,23,-7,-0.43,-0.17,1649,fr FRA,MF,es La Liga,26-064,2000.0,16.3,6,0,0,33,26,0,5,15,20,0,0.06134969325153374,0.0,0.3067484662576687,0.920245398773006,1.2269938650306749,2.0245398773006134,1.5950920245398772,False,4,-0.38196565271958377,-0.7621682875409468,-0.3567086700539662,-0.3788144966338305,-0.6299426153463143,0.101688553212716,0.5316281225495368,1.3644488733497686,0.698143406883278,-0.7086636923744614,0.4206889724237634
Nobel Mendy,fr FRA,DF,Rayo Vallecano,es La Liga,21.0,2004.0,18,17,1416,15.7,2,0,2,2,0,0,6,2,0.13,1652,fr FRA,DF,es La Liga,21-195,2004.0,15.7,2,11,3,27.3,0.7006369426751593,0.1910828025477707,0.18,0.67,0,0,2066,fr FRA,DF,es La Liga,21-195,2004.0,18,1416,79,56.2,15.7,17,80.0,9,1,51.0,5,1.17,15,19,-4,-0.25,-0.09,1652,fr FRA,DF,es La Liga,21-195,2004.0,15.7,6,2,1,24,9,0,6,19,8,0,0.12738853503184713,0.0,0.3821656050955414,1.2101910828025477,0.5095541401273885,1.5286624203821657,0.5732484076433121,False,1,-0.0024635731791367186,-0.7621682875409468,-0.5261146413544059,-0.5094463079147437,-0.5859687768361052,0.6912142277911019,-0.9453343013956678,0.4671043334408968,-0.7827328695582784,-0.8985253090687033,-1.1568907793325185
Rafik Messali,fr FRA,MF,Toulouse,fr Ligue 1,22.0,2003.0,12,5,502,5.6,0,0,0,0,0,0,2,0,0.0,1658,fr FRA,MF,fr Ligue 1,22-323,2003.0,5.6,0,0,0,,0.0,0.0,,,0,0,2079,fr FRA,MF,fr Ligue 1,22-323,2003.0,12,502,42,21.5,5.6,5,70.0,2,7,22.0,1,1.25,8,2,6,1.08,1.12,1658,fr FRA,MF,fr Ligue 1,22-323,2003.0,5.6,2,0,0,11,9,0,9,12,6,0,0.0,0.0,1.6071428571428572,2.142857142857143,1.0714285714285714,1.9642857142857144,1.6071428571428572,False,4,-0.7345208390382241,-0.7621682875409468,-1.276102064914131,-0.9690071404065893,0.12828467656005743,2.58753694785625,0.21137251759083003,1.2554123696050727,0.7156077153332548,-2.3584707791228987,0.9297473974346009
Junior Messias,br BRA,MF,Genoa,it Serie A,34.0,1991.0,14,3,477,5.3,3,0,3,2,1,1,0,0,0.38,1659,br BRA,MF,it Serie A,34-308,1991.0,5.3,3,15,6,40.0,2.8301886792452833,1.1320754716981132,0.13,0.33,1,1,2080,br BRA,MF,it Serie A,34-308,1991.0,14,477,34,18.3,5.3,3,70.0,0,11,24.0,5,1.79,10,4,6,1.13,1.55,1659,br BRA,MF,it Serie A,34-308,1991.0,5.3,0,0,0,6,16,0,13,3,6,0,0.5660377358490566,0.0,2.452830188679245,0.5660377358490566,1.1320754716981132,1.1320754716981132,3.018867924528302,False,2,2.5182996535997964,-0.7621682875409468,1.7534354693622887,1.7536740181300055,0.6213837084267482,-0.6184963742676991,0.3362236928431348,-0.25056316290443914,2.7615080141463757,3.454393311517774,0.6487541629513834
Dayann Methalie,fr FRA,MF,Toulouse,fr Ligue 1,20.0,2006.0,21,17,1464,16.3,0,0,0,0,0,0,6,0,0.0,1662,fr FRA,MF,fr Ligue 1,20-030,2006.0,16.3,0,11,5,45.5,0.6748466257668712,0.3067484662576687,0.0,0.0,0,0,2084,fr FRA,MF,fr Ligue 1,20-030,2006.0,21,1464,70,62.6,16.3,17,80.0,5,4,27.0,0,1.14,16,18,-2,-0.12,-0.84,1662,fr FRA,MF,fr Ligue 1,20-030,2006.0,16.3,6,0,0,42,8,0,33,17,24,0,0.0,0.0,2.0245398773006134,1.0429447852760736,1.4723926380368098,2.576687116564417,0.49079754601226994,False,4,-0.7345208390382241,-0.7621682875409468,-0.5537215403811443,-0.2312663356906408,0.3716583903059104,0.3511643777647554,1.0368200627660882,2.363619744028442,-0.9022223128963924,-1.3237012611797725,0.9963751787263327
Karol Mets,ee EST,DF,St Pauli,de Bundesliga,32.0,1993.0,18,17,1482,16.5,0,0,0,0,0,0,2,0,0.0,1663,ee EST,DF,de Bundesliga,32-305,1993.0,16.5,0,3,0,0.0,0.18181818181818182,0.0,0.0,,0,0,2085,ee EST,DF,de Bundesliga,32-305,1993.0,18,1482,82,63.3,16.5,17,86.0,13,1,16.0,2,0.89,14,29,-15,-0.91,-0.49,1663,ee EST,DF,de Bundesliga,32-305,1993.0,16.5,2,0,0,9,9,1,5,18,20,0,0.0,0.0,0.30303030303030304,1.0909090909090908,1.2121212121212122,0.5454545454545454,0.5454545454545454,False,1,-0.7345208390382241,-0.7621682875409468,-1.0814772293787973,-0.9690071404065893,-0.6321105828910162,0.4486867455441888,0.5010104292030793,-1.3121179438621928,-0.8230122924224492,-2.12961829189122,-0.9617132199017565
Thomas Meunier,be BEL,DF,Lille,fr Ligue 1,34.0,1991.0,18,14,1294,14.4,0,1,1,0,0,0,2,0,0.07,1664,be BEL,DF,fr Ligue 1,34-186,1991.0,14.4,0,13,2,15.4,0.9027777777777778,0.1388888888888889,0.0,0.0,0,0,2086,be BEL,DF,fr Ligue 1,34-186,1991.0,18,1294,72,55.3,14.4,14,87.0,11,4,18.0,0,1.94,25,17,8,0.56,0.64,1664,be BEL,DF,fr Ligue 1,34-186,1991.0,14.4,2,0,0,19,2,1,32,13,12,0,0.0,0.06944444444444445,2.2222222222222223,0.9027777777777778,0.8333333333333333,1.3194444444444444,0.1388888888888889,False,1,-0.7345208390382241,-0.12669313879987265,-0.3097356940268843,-0.6349744982713126,0.48692199809922215,0.0661728976341273,-0.27878394821451463,0.08850150377167895,-1.4122154010669203,-1.0461674841127306,-0.2740855398031673
Georges Mikautadze,ge GEO,FW,Villarreal,es La Liga,25.0,2000.0,23,17,1529,17.0,8,4,12,8,0,0,1,0,0.71,1667,ge GEO,FW,es La Liga,25-137,2000.0,17.0,8,43,22,51.2,2.5294117647058822,1.2941176470588236,0.19,0.36,0,0,2093,ge GEO,FW,es La Liga,25-137,2000.0,23,1529,66,60.7,17.0,17,80.0,6,6,29.0,1,1.91,29,21,8,0.47,-0.44,1667,ge GEO,FW,es La Liga,25-137,2000.0,17.0,1,0,0,10,36,2,10,4,2,0,0.47058823529411764,0.23529411764705882,0.5882352941176471,0.23529411764705882,0.11764705882352941,0.5882352941176471,2.1176470588235294,False,2,1.9697848254294634,1.390971039958222,1.4314728529744805,2.1433911251362243,-0.4658147194621262,-1.2909735497277854,-1.7521366189588148,-1.2347014961280873,1.4554406494456844,4.109069900356601,-0.9460096091518057
Éder Militão,br BRA,DF,Real Madrid,es La Liga,28.0,1998.0,13,12,1000,11.1,1,1,2,1,0,0,2,0,0.18,1675,br BRA,DF,es La Liga,28-058,1998.0,11.1,1,17,8,47.1,1.5315315315315317,0.7207207207207208,0.06,0.13,0,0,2103,br BRA,DF,es La Liga,28-058,1998.0,13,1000,77,39.7,11.1,12,80.0,9,1,45.0,2,2.23,23,7,16,1.44,0.26,1675,br BRA,DF,es La Liga,28-058,1998.0,11.1,2,0,0,13,11,0,0,9,14,0,0.0900900900900901,0.0900900900900901,0.0,0.8108108108108109,1.2612612612612613,1.1711711711711712,0.990990990990991,False,1,-0.21680466453427485,0.06223190542044675,0.3633053335141297,0.7643514349980898,-0.8087999377842117,-0.1208169119282917,0.6021729430302264,-0.1798152150665191,-0.17733193431751268,0.24065240348207845,-0.2768663706183785
Luis Milla,es ESP,MF,Getafe,es La Liga,31.0,1994.0,27,27,2383,26.5,0,8,8,0,0,0,3,1,0.3,1676,es ESP,MF,es La Liga,31-161,1994.0,26.5,0,19,2,10.5,0.7169811320754716,0.07547169811320754,0.0,0.0,0,0,2104,es ESP,MF,es La Liga,31-161,1994.0,27,2383,88,94.6,26.5,27,88.0,22,0,,0,1.3,23,27,-4,-0.15,1.82,1676,es ESP,MF,es La Liga,31-161,1994.0,26.5,3,1,0,22,40,1,154,26,21,0,0.0,0.3018867924528302,5.811320754716981,0.9811320754716981,0.7924528301886793,0.8301886792452831,1.509433962264151,False,3,-0.7345208390382241,2.000350094910817,-0.5086192228974382,-0.7874950631708163,2.579635162469447,0.22548504728287908,-0.3629428885697717,-0.7968603601224642,0.5740060240072871,-0.1623678516392259,2.182002301554711
Lennon Miller,sct SCO,MF,Udinese,it Serie A,19.0,2006.0,16,6,663,7.4,0,1,1,0,0,0,2,0,0.14,1678,sct SCO,MF,it Serie A,19-204,2006.0,7.4,0,8,1,12.5,1.081081081081081,0.13513513513513511,0.0,0.0,0,0,2106,sct SCO,MF,it Serie A,19-204,2006.0,16,663,41,25.4,7.4,6,72.0,0,10,23.0,12,1.0,12,10,2,0.27,0.78,1678,sct SCO,MF,it Serie A,19-204,2006.0,7.4,2,0,0,12,10,0,20,7,9,0,0.0,0.13513513513513511,2.7027027027027026,0.9459459459459459,1.2162162162162162,1.6216216216216215,1.3513513513513513,False,4,-0.7345208390382241,0.4744320019011432,-0.11887331308241786,-0.6440024075182119,0.7670780923442888,0.15394362457158928,0.5094406386886748,0.6353241839356015,0.3449095317967742,-0.5944647303962822,1.378068601475719
Kim Min-jae,kr KOR,DF,Bayern Munich,de Bundesliga,29.0,1996.0,18,12,1041,11.6,1,1,2,1,0,0,1,0,0.17,1682,kr KOR,DF,de Bundesliga,29-122,1996.0,11.6,1,2,1,50.0,0.1724137931034483,0.08620689655172414,0.5,1.0,0,0,2110,kr KOR,DF,de Bundesliga,29-122,1996.0,18,1041,58,44.5,11.6,12,83.0,7,6,8.0,5,2.5,36,11,25,2.16,-0.82,1682,kr KOR,DF,de Bundesliga,29-122,1996.0,11.6,1,0,0,8,1,0,0,21,12,0,0.08620689655172414,0.08620689655172414,0.0,1.8103448275862069,1.0344827586206897,0.6896551724137931,0.08620689655172414,False,1,-0.23912001688358303,0.02669741434452458,-1.0915440312168319,-0.7616765349433141,-0.8087999377842117,1.9114636080449665,0.13531375565551815,-1.0511711243446484,-1.4885632016087718,-2.196526886266725,-1.0734009892360117
Yerry Mina,co COL,DF,Cagliari,it Serie A,31.0,1994.0,18,18,1430,15.9,1,0,1,1,0,0,5,1,0.06,1683,co COL,DF,it Serie A,31-175,1994.0,15.9,1,4,2,50.0,0.25157232704402516,0.12578616352201258,0.25,0.5,0,0,2111,co COL,DF,it Serie A,31-175,1994.0,18,1430,79,54.8,15.9,18,79.0,13,0,,2,1.22,17,19,-2,-0.13,0.48,1683,co COL,DF,it Serie A,31-175,1994.0,15.9,5,1,1,22,26,3,1,14,10,0,0.06289308176100629,0.0,0.06289308176100629,0.8805031446540881,0.6289308176100629,1.3836477987421383,1.6352201257861634,False,1,-0.3730963398562218,-0.7621682875409468,-1.0068098396451162,-0.6664870116803009,-0.7721285622403409,0.020883490543345044,-0.6995786499908009,0.20468450144391512,0.7562978565188775,-0.8864930141317717,-0.6223364621800888
Takumi Minamino,jp JPN,MF,Monaco,fr Ligue 1,31.0,1995.0,15,11,944,10.5,3,2,5,3,0,0,4,0,0.48,1684,jp JPN,MF,fr Ligue 1,31-060,1995.0,10.5,3,21,7,33.3,2.0,0.6666666666666666,0.14,0.43,0,0,2112,jp JPN,MF,fr Ligue 1,31-060,1995.0,15,944,63,40.3,10.5,11,78.0,1,4,22.0,1,1.53,17,14,3,0.29,-0.04,1684,jp JPN,MF,fr Ligue 1,31-060,1995.0,10.5,4,0,0,10,8,3,8,3,3,0,0.2857142857142857,0.19047619047619047,0.7619047619047619,0.2857142857142857,0.2857142857142857,0.9523809523809523,0.7619047619047619,False,0,0.9073790286743003,0.9808492632917136,0.8647711259745386,0.6343495418427386,-0.36455241690989154,-1.1884578537564012,-1.406143819566807,-0.5757400660104066,-0.509328294918738,1.9948706680111339,-1.1539039522858825
Juan Miranda,es ESP,DF,Bologna,it Serie A,26.0,2000.0,23,20,1808,20.1,1,0,1,1,0,0,6,0,0.05,1690,es ESP,DF,it Serie A,26-057,2000.0,20.1,1,11,4,36.4,0.5472636815920398,0.1990049751243781,0.09,0.25,0,0,2118,es ESP,DF,it Serie A,26-057,2000.0,23,1808,79,69.3,20.1,20,87.0,17,3,20.0,2,1.65,31,24,7,0.35,0.69,1690,es ESP,DF,it Serie A,26-057,2000.0,20.1,6,0,0,21,19,2,129,24,16,0,0.04975124378109452,0.0,6.4179104477611935,1.1940298507462686,0.7960199004975124,1.044776119402985,0.9452736318407959,False,3,-0.4486178769987298,-0.7621682875409468,-0.6902909927804155,-0.49039320540678993,2.93332236958063,0.6583547587430125,-0.3555995137511731,-0.40854089717457714,-0.24358644867529544,-0.9444645727318987,1.0582998551593306
Fabio Miretti,it ITA,MF,Juventus,it Serie A,22.0,2003.0,17,5,524,5.8,1,2,3,1,0,0,1,0,0.52,1691,it ITA,MF,it Serie A,22-226,2003.0,5.8,1,16,4,25.0,2.7586206896551726,0.6896551724137931,0.06,0.25,0,0,2120,it ITA,MF,it Serie A,22-226,2003.0,17,524,31,20.1,5.8,5,68.0,0,12,15.0,5,1.94,17,5,12,2.06,1.59,1691,it ITA,MF,it Serie A,22-226,2003.0,5.8,1,0,0,12,5,0,12,4,8,0,0.1724137931034483,0.3448275862068966,2.0689655172413794,0.6896551724137931,1.3793103448275863,2.0689655172413794,0.8620689655172414,False,3,0.256280805271058,2.3932945200009392,1.676826474242655,0.6896377032996122,0.39756186459001985,-0.367153944652323,0.845195533718431,1.4448419319101222,-0.36416832090150314,1.8169938459676864,1.8374441321698034
Henrikh Mkhitaryan,am ARM,MF,Inter,it Serie A,37.0,1989.0,22,13,1205,13.4,2,1,3,2,0,0,3,0,0.22,1695,am ARM,MF,it Serie A,37-055,1989.0,13.4,2,35,9,25.7,2.6119402985074625,0.6716417910447761,0.06,0.22,0,0,2127,am ARM,MF,it Serie A,37-055,1989.0,22,1205,55,46.2,13.4,13,74.0,5,9,27.0,3,2.27,35,10,25,1.87,0.78,1695,am ARM,MF,it Serie A,37-055,1989.0,13.4,3,0,0,20,13,3,36,15,24,0,0.14925373134328357,0.07462686567164178,2.6865671641791042,1.1194029850746268,1.791044776119403,1.4925373134328357,0.9701492537313433,False,4,0.1231880470802588,-0.07926962023710601,1.5198144157240567,0.6463148902177336,0.7576698652987455,0.5066213281386006,1.6928155672263865,0.4017319979529042,-0.20753619821591354,0.5196540465679146,1.2706198902602281
Luka Modrić,hr CRO,MF,Milan,it Serie A,40.0,1985.0,28,27,2362,26.2,2,3,5,2,0,0,4,0,0.19,1699,hr CRO,MF,it Serie A,40-189,1985.0,26.2,2,17,7,41.2,0.648854961832061,0.26717557251908397,0.12,0.29,0,0,2131,hr CRO,MF,it Serie A,40-189,1985.0,28,2362,84,90.5,26.2,27,87.0,22,1,4.0,1,2.11,41,20,21,0.8,0.07,1699,hr CRO,MF,it Serie A,40-189,1985.0,26.2,4,0,0,19,26,0,98,34,23,0,0.07633587786259542,0.11450381679389313,3.740458015267176,1.297709923664122,0.8778625954198473,0.7251908396946565,0.9923664122137404,False,3,-0.2958453018631221,0.2856380645817403,-0.5815439686334558,-0.3264405311081945,1.3721671375004996,0.8691599829415086,-0.18711346415168284,-0.9868654444602222,-0.17533864627890852,-0.7548000818175998,0.5125546389887973
Terem Moffi,ng NGA,FW,Nice,fr Ligue 1,26.0,1999.0,10,6,488,5.4,2,0,2,2,0,0,0,0,0.37,1701,ng NGA,FW,fr Ligue 1,26-296,1999.0,5.4,2,16,8,50.0,2.962962962962963,1.4814814814814814,0.13,0.25,0,0,2133,ng NGA,FW,fr Ligue 1,26-296,1999.0,10,488,49,20.9,5.4,6,68.0,1,4,21.0,0,0.8,6,11,-5,-0.92,-0.39,1701,ng NGA,FW,fr Ligue 1,26-296,1999.0,5.4,0,0,0,2,2,7,0,0,1,0,0.37037037037037035,0.0,0.0,0.0,0.18518518518518517,0.37037037037037035,0.37037037037037035,False,2,1.3938678783669,-0.7621682875409468,1.8955619215876016,2.5940077090363616,-0.8087999377842117,-1.7693801309275783,-1.6130987717957301,-1.6289519244036232,-1.0767477926254512,3.2857362169239064,-3.0041916878909323
Mostafa Mohamed,eg EGY,FW,Nantes,fr Ligue 1,28.0,1997.0,19,11,989,11.0,3,0,3,3,0,0,1,0,0.27,1702,eg EGY,FW,fr Ligue 1,28-109,1997.0,11.0,3,30,6,20.0,2.727272727272727,0.5454545454545454,0.1,0.5,0,0,2134,eg EGY,FW,fr Ligue 1,28-109,1997.0,19,989,52,44.0,11.0,11,75.0,2,8,21.0,4,0.53,6,20,-14,-1.27,-0.85,1702,eg EGY,FW,fr Ligue 1,28-109,1997.0,11.0,1,0,0,16,22,3,6,6,5,0,0.2727272727272727,0.0,0.5454545454545454,0.5454545454545454,0.45454545454545453,1.4545454545454546,2.0,False,0,0.8327472165055492,-0.7621682875409468,1.643270468115873,0.3428301450701335,-0.49075909897645975,-0.6603466926916948,-1.0585783256321082,0.33298157048754246,1.2849441708024907,1.9340677770991168,-0.6647029989409183
Johan Mojica,co COL,DF,Mallorca,es La Liga,33.0,1992.0,28,23,2134,23.7,0,3,3,0,0,0,5,0,0.13,1704,co COL,DF,es La Liga,33-208,1992.0,23.7,0,13,2,15.4,0.5485232067510548,0.08438818565400844,0.0,0.0,0,0,2136,co COL,DF,es La Liga,33-208,1992.0,28,2134,76,84.7,23.7,23,89.0,19,5,17.0,0,1.0,28,38,-10,-0.42,0.04,1704,co COL,DF,es La Liga,33-208,1992.0,23.7,5,0,0,22,24,2,99,16,26,0,0.0,0.12658227848101267,4.177215189873418,0.6751054852320675,1.0970464135021096,0.9282700421940928,1.0126582278481013,False,3,-0.7345208390382241,0.39616616079721373,-0.6889427509573229,-0.7660505983497122,1.6268292708067997,-0.3967367755864003,0.26411087150659485,-0.6193713973132325,-0.14593133983595732,-0.8030395956192664,1.0503435577488829
Alberto Moleiro,es ESP,MF,Villarreal,es La Liga,22.0,2003.0,27,23,1818,20.2,9,4,13,9,0,0,3,0,0.64,1706,es ESP,MF,es La Liga,22-168,2003.0,20.2,9,39,17,43.6,1.9306930693069309,0.8415841584158417,0.23,0.53,0,0,2140,es ESP,MF,es La Liga,22-168,2003.0,27,1818,67,72.1,20.2,23,75.0,5,4,23.0,1,2.04,37,19,18,0.89,0.89,1706,es ESP,MF,es La Liga,22-168,2003.0,20.2,3,0,0,27,20,3,20,8,13,0,0.44554455445544555,0.19801980198019803,0.9900990099009901,0.39603960396039606,0.6435643564356436,1.3366336633663367,0.9900990099009901,False,2,1.8258675685332868,1.0498796613444923,0.7905824510427533,1.0550322357002357,-0.23149808516287979,-0.9641413308883228,-0.6694532105643188,0.11960727704218087,-0.17862461121383516,2.4521182677083297,-0.49274139089262536
Nahuel Molina,ar ARG,DF,Atlético Madrid,es La Liga,27.0,1998.0,20,11,1013,11.3,1,1,2,1,0,0,3,0,0.18,1707,ar ARG,DF,es La Liga,27-345,1998.0,11.3,1,9,2,22.2,0.7964601769911503,0.17699115044247787,0.11,0.5,0,0,2142,ar ARG,DF,es La Liga,27-345,1998.0,20,1013,51,40.2,11.3,11,83.0,9,9,11.0,8,2.15,15,12,3,0.27,-0.87,1707,ar ARG,DF,es La Liga,27-345,1998.0,11.3,3,0,0,11,2,2,37,14,17,0,0.08849557522123894,0.08849557522123894,3.2743362831858405,1.238938053097345,1.5044247787610618,0.9734513274336283,0.17699115044247787,False,1,-0.22596778266708817,0.04764075156272287,-0.4235419446487317,-0.5433372247651748,1.1003832686281043,0.7496633718500924,1.1027632585023193,-0.5376109158674502,-1.3569968389694749,-1.3602522308852527,0.5878104779702243
Jon Moncayola,es ESP,MF,Osasuna,es La Liga,27.0,1998.0,26,25,2172,24.1,0,4,4,0,0,0,6,0,0.17,1708,es ESP,MF,es La Liga,27-308,1998.0,24.1,0,17,3,17.6,0.7053941908713692,0.12448132780082986,0.0,0.0,0,0,2143,es ESP,MF,es La Liga,27-308,1998.0,26,2172,84,86.2,24.1,25,86.0,15,1,25.0,0,1.08,24,31,-7,-0.29,-1.58,1708,es ESP,MF,es La Liga,27-308,1998.0,24.1,6,0,0,27,10,0,100,20,19,0,0.0,0.16597510373443983,4.149377593360995,0.8298755186721991,0.7883817427385892,1.120331950207469,0.41493775933609955,False,3,-0.7345208390382241,0.7566436862136535,-0.5210223087915713,-0.6696251872894948,1.6105978678072617,-0.08205401466274853,-0.3713238618831584,-0.2718143505555552,-1.0121598381371353,-0.7087683550275373,0.6754251739364384
Álvaro Morata,es ESP,FW,Como,it Serie A,33.0,1992.0,18,8,747,8.3,0,1,1,0,0,1,3,1,0.12,1712,es ESP,FW,it Serie A,33-145,1992.0,8.3,0,21,7,33.3,2.5301204819277108,0.8433734939759036,0.0,0.0,0,1,2153,es ESP,FW,it Serie A,33-145,1992.0,18,747,42,28.6,8.3,8,67.0,0,10,22.0,2,1.72,10,4,6,0.72,-0.24,1712,es ESP,FW,it Serie A,33-145,1992.0,8.3,3,1,1,14,26,6,7,1,8,0,0.0,0.12048192771084336,0.8433734939759036,0.12048192771084336,0.9638554216867469,1.686746987951807,3.1325301204819276,False,0,-0.7345208390382241,0.34034281388935034,1.4322314898245474,1.0593356503907532,-0.3170500464549567,-1.5244129056144313,-0.010083716959777639,0.7531756633094022,2.926229549548415,2.1980788904711583,1.287429210817193
Diego Moreira,be BEL,MF,Strasbourg,fr Ligue 1,21.0,2004.0,23,21,1830,20.3,3,4,7,3,0,0,4,0,0.34,1716,be BEL,MF,fr Ligue 1,21-223,2004.0,20.3,3,23,9,39.1,1.1330049261083743,0.44334975369458124,0.13,0.33,0,0,2157,be BEL,MF,fr Ligue 1,21-223,2004.0,23,1830,80,78.2,20.3,21,84.0,7,2,31.0,0,1.39,34,25,9,0.44,0.44,1716,be BEL,MF,fr Ligue 1,21-223,2004.0,20.3,4,0,0,15,25,8,81,16,22,0,0.14778325123152708,0.19704433497536944,3.9901477832512313,0.7881773399014778,1.083743842364532,0.7389162561576355,1.2315270935960592,False,3,0.11473771322687472,1.0409533167687017,-0.06329212918902263,0.09726454483311149,1.517754966794663,-0.16683591804157252,0.23672543823593414,-0.9620278009069781,0.17125781276862476,0.4329698553224402,1.0764207307154972
Alberto Moreno,es ESP,DF,Como,it Serie A,33.0,1992.0,12,9,811,9.0,1,0,1,1,0,0,1,0,0.11,1717,es ESP,DF,it Serie A,33-255,1992.0,9.0,1,7,3,42.9,0.7777777777777778,0.3333333333333333,0.14,0.33,0,0,2158,es ESP,DF,it Serie A,33-255,1992.0,12,811,68,31.1,9.0,9,83.0,4,3,23.0,17,2.17,15,6,9,1.0,0.15,1717,es ESP,DF,it Serie A,33-255,1992.0,9.0,1,0,0,11,4,2,17,4,6,0,0.1111111111111111,0.0,1.8888888888888888,0.4444444444444444,0.6666666666666666,1.2222222222222223,0.4444444444444444,False,1,-0.0960042238166868,-0.7621682875409468,-0.44354026845742617,-0.16732879928192534,0.29256370771670703,-0.8657232553279695,-0.6218934742782558,-0.08743274984627859,-0.9693981579241812,-0.2549778404315685,-0.8992094062096714
Gerard Moreno,es ESP,FW,Villarreal,es La Liga,33.0,1992.0,14,10,779,8.7,7,0,7,5,2,2,0,0,0.58,1720,es ESP,FW,es La Liga,33-344,1992.0,8.7,7,22,10,45.5,2.528735632183908,1.149425287356322,0.23,0.5,2,2,2162,es ESP,FW,es La Liga,33-344,1992.0,14,779,56,30.9,8.7,10,65.0,0,4,32.0,1,2.14,20,8,12,1.39,1.08,1720,es ESP,FW,es La Liga,33-344,1992.0,8.7,0,0,0,9,8,2,8,2,5,0,0.8045977011494253,0.0,0.9195402298850576,0.2298850574712644,0.574712643678161,1.0344827586206897,0.9195402298850576,False,2,3.8892201677384257,-0.7621682875409468,1.4307490959795894,1.79540093243708,-0.27263913672899764,-1.3019714021691597,-0.811195281761699,-0.4271678602809557,-0.2808798112194832,3.709410653325184,-1.9234709152110043
Matias Moreno,ar ARG,DF,Levante,es La Liga,22.0,2003.0,19,18,1487,16.5,0,0,0,0,0,0,5,0,0.0,1721,ar ARG,DF,es La Liga,22-174,2003.0,16.5,0,7,0,0.0,0.42424242424242425,0.0,0.0,,0,0,2163,ar ARG,DF,es La Liga,22-174,2003.0,19,1487,78,59.0,16.5,18,82.0,13,1,6.0,5,1.05,20,20,0,0.0,1.39,1721,ar ARG,DF,es La Liga,22-174,2003.0,16.5,5,0,0,13,16,2,1,25,18,0,0.0,0.0,0.06060606060606061,1.5151515151515151,1.0909090909090908,0.7878787878787878,0.9696969696969697,False,1,-0.7345208390382241,-0.7621682875409468,-0.8219774486650192,-0.9690071404065893,-0.7734620668055726,1.3112683086165429,0.251476228429449,-0.8734247400355967,-0.20819165731517503,-2.097711324396137,-0.7059547148898764
Ilaix Moriba,gn GUI,MF,Celta Vigo,es La Liga,23.0,2003.0,28,19,1820,20.2,0,1,1,0,0,0,5,0,0.05,1726,gn GUI,MF,es La Liga,23-057,2003.0,20.2,0,15,3,20.0,0.7425742574257426,0.1485148514851485,0.0,0.0,0,0,2168,gn GUI,MF,es La Liga,23-057,2003.0,28,1820,65,72.2,20.2,19,85.0,15,9,23.0,0,1.46,30,22,8,0.4,0.52,1726,gn GUI,MF,es La Liga,23-057,2003.0,20.2,5,0,0,22,44,0,1,13,30,0,0.0,0.04950495049504951,0.04950495049504951,0.6435643564356436,1.4851485148514851,1.0891089108910892,2.1782178217821784,False,4,-0.7345208390382241,-0.309156300319587,-0.4812234049307141,-0.6118237210936203,-0.779934845153145,-0.46086708086378814,1.0630800398565525,-0.32831585805304403,1.543221014687725,-0.7906184307942831,0.5687426245489433
Manu Morlanes,es ESP,MF,Mallorca,es La Liga,27.0,1999.0,22,14,1102,12.2,1,0,1,1,0,0,4,1,0.08,1727,es ESP,MF,es La Liga,27-064,1999.0,12.2,1,6,2,33.3,0.49180327868852464,0.1639344262295082,0.17,0.5,0,0,2169,es ESP,MF,es La Liga,27-064,1999.0,22,1102,50,43.7,12.2,14,69.0,1,8,17.0,2,1.05,15,22,-7,-0.57,-0.25,1727,es ESP,MF,es La Liga,27-064,1999.0,12.2,4,1,1,14,7,0,2,11,19,0,0.0819672131147541,0.0,0.1639344262295082,0.9016393442622951,1.557377049180328,1.1475409836065575,0.5737704918032788,False,1,-0.26348399174364734,-0.7621682875409468,-0.7496578376464252,-0.574739103787902,-0.7132138933337944,0.0638582027683496,1.2117738289476403,-0.2225766261617121,-0.7819762547162259,-1.5382229941659766,-0.40773041914931607
Nikola Moro,hr CRO,MF,Bologna,it Serie A,28.0,1998.0,22,15,1365,15.2,2,0,2,2,0,0,1,0,0.13,1729,hr CRO,MF,it Serie A,28-005,1998.0,15.2,2,13,1,7.7,0.8552631578947368,0.06578947368421052,0.15,2.0,0,0,2171,hr CRO,MF,it Serie A,28-005,1998.0,22,1365,62,52.3,15.2,15,78.0,8,7,28.0,7,1.68,22,14,8,0.53,0.82,1729,hr CRO,MF,it Serie A,28-005,1998.0,15.2,1,0,0,14,14,1,36,11,6,0,0.13157894736842105,0.0,2.368421052631579,0.7236842105263158,0.39473684210526316,0.9210526315789475,0.9210526315789475,False,1,0.02161725793464901,-0.7621682875409468,-0.36059708196831836,-0.8107811520267214,0.5721668623020797,-0.29796515256637296,-1.1817037536454125,-0.6324320918808546,-0.27868800833311425,-0.3931226880437349,-0.8609582119270642
Tyler Morton,eng ENG,MF,Lyon,fr Ligue 1,23.0,2002.0,23,23,2034,22.6,2,2,4,2,0,0,5,1,0.18,1731,eng ENG,MF,fr Ligue 1,23-137,2002.0,22.6,2,23,6,26.1,1.0176991150442478,0.2654867256637168,0.09,0.33,0,0,2174,eng ENG,MF,fr Ligue 1,23-137,2002.0,23,2034,88,86.9,22.6,23,88.0,20,0,,0,1.74,37,24,13,0.58,0.58,1731,eng ENG,MF,fr Ligue 1,23-137,2002.0,22.6,5,1,0,26,16,0,80,19,25,0,0.08849557522123894,0.08849557522123894,3.5398230088495573,0.8407079646017699,1.1061946902654867,1.1504424778761062,0.7079646017699115,False,3,-0.22596778266708817,0.04764075156272287,-0.18671968901945393,-0.3305022669444676,1.2551819069858599,-0.06002918261415886,0.28294403693408826,-0.21732605466661672,-0.5874994574824947,-0.4328949718645484,0.6022215597478056
Daniel Mosquera,co COL,FW,Hellas Verona,it Serie A,26.0,1999.0,20,5,586,6.5,0,2,2,0,0,0,1,0,0.31,1734,co COL,FW,it Serie A,26-148,1999.0,6.5,0,16,5,31.3,2.4615384615384617,0.7692307692307693,0.0,0.0,0,0,2178,co COL,FW,it Serie A,26-148,1999.0,20,586,29,22.5,6.5,5,64.0,0,15,18.0,5,0.5,8,12,-4,-0.61,0.5,1734,co COL,FW,it Serie A,26-148,1999.0,6.5,1,0,0,22,6,3,2,2,2,0,0.0,0.3076923076923077,0.3076923076923077,0.3076923076923077,0.3076923076923077,3.3846153846153846,0.9230769230769231,False,0,-0.7345208390382241,2.053475448419505,1.3588187854103857,0.8810198006503277,-0.6293922851234285,-1.1437715247432336,-1.3608986073386213,3.825654385568518,-0.2757543644698205,2.149889250477846,0.9590430951110885
Samir El Mourabet,ma MAR,MF,Strasbourg,fr Ligue 1,20.0,2005.0,26,21,1717,19.1,0,1,1,0,0,0,4,0,0.05,1738,ma MAR,MF,fr Ligue 1,20-162,2005.0,19.1,0,9,0,0.0,0.47120418848167533,0.0,0.0,,0,0,2183,ma MAR,MF,fr Ligue 1,20-162,2005.0,26,1717,66,73.4,19.1,21,77.0,8,5,22.0,0,1.42,28,20,8,0.42,0.27,1738,ma MAR,MF,fr Ligue 1,20-162,2005.0,19.1,4,0,0,19,18,2,17,24,32,0,0.0,0.05235602094240837,0.8900523560209423,1.256544502617801,1.6753926701570678,0.9947643979057591,0.9424083769633507,False,4,-0.7345208390382241,-0.2830666047204512,-0.7717078576366958,-0.9690071404065893,-0.2898327749827317,0.7854612974692217,1.4547275316363242,-0.4990425817961457,-0.2477388335449625,-2.020615816152538,0.409354154696194
Santiago Mouriño,uy URU,DF,Villarreal,es La Liga,24.0,2002.0,21,20,1781,19.8,1,2,3,1,0,0,9,1,0.15,1739,uy URU,DF,es La Liga,24-032,2002.0,19.8,1,12,2,16.7,0.6060606060606061,0.10101010101010101,0.08,0.5,0,0,2184,uy URU,DF,es La Liga,24-032,2002.0,21,1781,85,70.7,19.8,20,87.0,15,1,45.0,2,2.0,39,23,16,0.81,0.56,1739,uy URU,DF,es La Liga,24-032,2002.0,19.8,9,1,1,42,26,1,6,23,45,0,0.050505050505050504,0.10101010101010101,0.30303030303030304,1.1616161616161615,2.2727272727272725,2.121212121212121,1.3131313131313131,False,4,-0.4442860139375253,0.1621592015369792,-0.6273526131296857,-0.7260743097627518,-0.6321105828910162,0.5924503393895811,2.6844346859723407,1.5393878810106811,0.28952028539071356,-1.6235945756134011,1.808543777782997
Louis Mouton,fr FRA,MF,Angers,fr Ligue 1,23.0,2002.0,25,21,1646,18.3,2,1,3,2,0,0,1,1,0.16,1740,fr FRA,MF,fr Ligue 1,23-287,2002.0,18.3,2,31,8,25.8,1.6939890710382512,0.4371584699453552,0.06,0.25,0,0,2185,fr FRA,MF,fr Ligue 1,23-287,2002.0,25,1646,66,70.3,18.3,21,75.0,2,4,18.0,0,1.28,14,20,-6,-0.33,0.06,1740,fr FRA,MF,fr Ligue 1,23-287,2002.0,18.3,1,1,0,17,16,4,25,11,23,0,0.1092896174863388,0.0546448087431694,1.366120218579235,0.6010928961748634,1.256830601092896,0.9289617486338797,0.8743169398907104,False,1,-0.10647170931212183,-0.2621222688594459,0.5372058290079661,0.08237429057657658,-0.01224956736406797,-0.5472212417969597,0.5930517327671226,-0.6181196787922499,-0.34641831064140066,0.11944087665157219,-0.18273075639023229
Tarik Muharemovic,ba BIH,DF,Sassuolo,it Serie A,23.0,2003.0,25,25,2205,24.5,2,2,4,2,0,0,5,0,0.16,1742,ba BIH,DF,it Serie A,23-017,2003.0,24.5,2,16,5,31.3,0.6530612244897959,0.20408163265306123,0.13,0.4,0,0,2187,ba BIH,DF,it Serie A,23-017,2003.0,25,2205,88,84.5,24.5,25,88.0,24,0,,1,1.24,28,37,-9,-0.37,-1.48,1742,ba BIH,DF,it Serie A,23-017,2003.0,24.5,5,0,0,19,19,0,2,35,19,2,0.08163265306122448,0.08163265306122448,0.08163265306122448,1.4285714285714286,0.7755102040816326,0.7755102040816326,0.7755102040816326,False,1,-0.26540659112035997,-0.01516076575552095,-0.5770414311545655,-0.47818366624863173,-0.7612019891191059,1.1352312549283075,-0.39782194705295537,-0.8958070463532801,-0.4896110150756475,-1.1744704979097609,-0.9538433874424798
Ngal'Ayel Mukau,cd COD,MF,Lille,fr Ligue 1,21.0,2004.0,22,11,979,10.9,1,0,1,1,0,0,2,0,0.09,1745,cd COD,MF,fr Ligue 1,21-107,2004.0,10.9,1,15,3,20.0,1.3761467889908257,0.27522935779816515,0.07,0.33,0,0,2190,cd COD,MF,fr Ligue 1,21-107,2004.0,22,979,45,41.8,10.9,11,73.0,1,11,16.0,1,1.68,14,18,-4,-0.37,-1.1,1745,cd COD,MF,fr Ligue 1,21-107,2004.0,10.9,2,0,0,19,12,3,1,7,9,0,0.09174311926605504,0.0,0.09174311926605504,0.6422018348623852,0.8256880733944953,1.7431192660550459,1.1009174311926606,False,0,-0.20730528518557864,-0.7621682875409468,0.19697581872486186,-0.30707089544127036,-0.7553068303394828,-0.46363739783640046,-0.29452291730000735,0.8551874713728711,-0.018024331122099353,-0.10931157485286754,-0.5666655496949826
Marshall Munetsi,zw ZIM,MF,Paris FC,fr Ligue 1,29.0,1996.0,9,5,504,5.6,3,0,3,3,0,0,0,0,0.54,1749,zw ZIM,MF,fr Ligue 1,29-268,1996.0,5.6,3,13,5,38.5,2.3214285714285716,0.8928571428571429,0.23,0.6,0,0,2199,zw ZIM,MF,fr Ligue 1,29-268,1996.0,9,504,56,21.5,5.6,5,81.0,1,4,25.0,0,1.33,5,4,1,0.18,0.82,1749,zw ZIM,MF,fr Ligue 1,29-268,1996.0,5.6,0,0,0,6,7,0,0,2,2,0,0.5357142857142857,0.0,0.0,0.35714285714285715,0.35714285714285715,1.0714285714285714,1.25,False,2,2.3440414129227594,-0.7621682875409468,1.2088400316530752,1.1783455590344751,-0.8087999377842117,-1.043227284463607,-1.2590968798252038,-0.36031036770270314,0.19802911945213106,2.690373955098707,-1.9257349380665187
Aihen Muñoz,es ESP,DF,Real Sociedad,es La Liga,28.0,1997.0,16,7,686,7.6,0,0,0,0,0,0,1,0,0.0,1753,es ESP,DF,es La Liga,28-213,1997.0,7.6,0,5,1,20.0,0.6578947368421053,0.13157894736842105,0.0,0.0,0,0,2203,es ESP,DF,es La Liga,28-213,1997.0,16,686,43,27.2,7.6,7,80.0,3,9,14.0,10,1.63,12,14,-2,-0.26,-0.41,1753,es ESP,DF,es La Liga,28-213,1997.0,7.6,1,0,0,6,3,0,18,5,16,0,0.0,0.0,2.368421052631579,0.6578947368421053,2.1052631578947367,0.7894736842105263,0.39473684210526316,False,4,-0.7345208390382241,-0.7621682875409468,-0.5718674626481213,-0.6525551636468534,0.5721668623020797,-0.43173015059920977,2.339683487535089,-0.8705386005367374,-1.0414354127895071,-1.8013251445128704,0.5833287646324352
Iker Muñoz,es ESP,MF,Osasuna,es La Liga,23.0,2002.0,12,4,583,6.5,0,0,0,0,0,0,3,0,0.0,1755,es ESP,MF,es La Liga,23-132,2002.0,6.5,0,6,2,33.3,0.9230769230769231,0.3076923076923077,0.0,0.0,0,0,2206,es ESP,MF,es La Liga,23-132,2002.0,12,583,49,23.1,6.5,4,78.0,2,8,34.0,16,1.42,7,7,0,0.0,0.09,1755,es ESP,MF,es La Liga,23-132,2002.0,6.5,3,0,0,15,11,1,1,8,4,0,0.0,0.0,0.15384615384615385,1.2307692307692308,0.6153846153846154,2.3076923076923075,1.6923076923076923,False,4,-0.7345208390382241,-0.7621682875409468,-0.28800674604243726,-0.22899636398382248,-0.71909611145382,0.7330542938098004,-0.7274656361440222,1.8768441916465242,0.8390303035818303,-0.6088975082889566,0.07701729611413483
Vedat Muriqi,xk KVX,FW,Mallorca,es La Liga,31.0,1994.0,27,26,2228,24.8,18,1,19,13,5,6,3,1,0.57,1760,xk KVX,FW,es La Liga,31-327,1994.0,24.8,18,83,39,47.0,3.346774193548387,1.5725806451612903,0.16,0.33,5,6,2211,xk KVX,FW,es La Liga,31-327,1994.0,27,2228,83,88.4,24.8,26,85.0,16,1,17.0,0,1.0,30,39,-9,-0.36,0.56,1760,xk KVX,FW,es La Liga,31-327,1994.0,24.8,3,1,0,27,49,12,1,3,3,0,0.7258064516129032,0.04032258064516129,0.04032258064516129,0.12096774193548386,0.12096774193548386,1.0887096774193548,1.9758064516129032,False,2,3.436434470070205,-0.3931827173041941,2.3064075085487636,2.8131043882863818,-0.7852888542701978,-1.5234251345446201,-1.7453004709063116,-0.32903831472255274,1.249882394952479,5.149300280145906,-1.8916623121813403
Almoatasem Al Musrati,ly LBY,MF,Hellas Verona,it Serie A,29.0,1996.0,15,8,759,8.4,0,1,1,0,0,0,5,1,0.12,1767,ly LBY,MF,it Serie A,29-345,1996.0,8.4,0,6,1,16.7,0.7142857142857143,0.11904761904761904,0.0,0.0,0,0,2218,ly LBY,MF,it Serie A,29-345,1996.0,15,759,51,29.1,8.4,8,76.0,3,7,21.0,6,0.73,7,18,-11,-1.3,-0.43,1767,ly LBY,MF,it Serie A,29-345,1996.0,8.4,5,1,1,14,2,1,2,9,6,0,0.0,0.11904761904761904,0.23809523809523808,1.0714285714285714,0.7142857142857143,1.6666666666666665,0.23809523809523808,False,1,-0.7345208390382241,0.3272176817294659,-0.5115044967396062,-0.6826934471477808,-0.6699725875109865,0.4090784084643359,-0.5238621811171867,0.7168381238358137,-1.2684435688777191,-1.144813622788465,-0.5613214412540793
Junior Mwanga,fr FRA,MF,Nantes,fr Ligue 1,22.0,2003.0,15,15,1260,14.0,1,1,2,1,0,0,2,1,0.14,1773,fr FRA,MF,fr Ligue 1,22-310,2003.0,14.0,1,9,3,33.3,0.6428571428571429,0.21428571428571427,0.11,0.33,0,0,2224,fr FRA,MF,fr Ligue 1,22-310,2003.0,15,1260,84,56.0,14.0,15,84.0,12,0,,0,0.73,15,27,-12,-0.86,-0.13,1773,fr FRA,MF,fr Ligue 1,22-310,2003.0,14.0,2,1,0,15,14,0,5,8,14,0,0.07142857142857142,0.07142857142857142,0.35714285714285715,0.5714285714285714,1.0,1.0714285714285714,1.0,False,1,-0.32404587211009295,-0.10853670597869916,-0.5879642535570586,-0.45364249254073385,-0.6005589123743741,-0.6075355765852241,0.06432557784922671,-0.36031036770270314,-0.16427589766465547,-0.5894292831074744,-0.5019279761098031
Phillipp Mwene,at AUT,MF,Mainz 05,de Bundesliga,32.0,1994.0,21,17,1453,16.1,0,1,1,0,0,0,3,0,0.06,1774,at AUT,MF,de Bundesliga,32-047,1994.0,16.1,0,6,0,0.0,0.37267080745341613,0.0,0.0,,0,0,2225,at AUT,MF,de Bundesliga,32-047,1994.0,21,1453,69,62.1,16.1,17,81.0,9,4,19.0,0,1.0,19,25,-6,-0.37,0.03,1774,at AUT,MF,de Bundesliga,32-047,1994.0,16.1,3,0,0,16,21,3,58,7,13,0,0.0,0.06211180124223602,3.602484472049689,0.43478260869565216,0.8074534161490683,0.9937888198757763,1.3043478260869563,False,3,-0.7345208390382241,-0.1937929992259489,-0.877181594562205,-0.9690071404065893,1.2917182315671933,-0.8853679700149174,-0.33206182493248676,-0.5008079970338142,0.27679107969491046,-0.737332718313189,0.5137416331638014
Obite N'Dicka,ci CIV,DF,Roma,it Serie A,26.0,1999.0,23,23,2014,22.4,3,0,3,3,0,0,5,0,0.13,1778,ci CIV,DF,it Serie A,26-209,1999.0,22.4,3,17,4,23.5,0.7589285714285715,0.17857142857142858,0.18,0.75,0,0,2229,ci CIV,DF,it Serie A,26-209,1999.0,23,2014,88,77.2,22.4,23,88.0,21,0,,0,1.83,29,17,12,0.54,-0.07,1778,ci CIV,DF,it Serie A,26-209,1999.0,22.4,5,0,0,27,32,0,2,27,12,0,0.13392857142857142,0.0,0.08928571428571429,1.205357142857143,0.5357142857142857,1.205357142857143,1.4285714285714286,False,1,0.035119723952021766,-0.7621682875409468,-0.46371714872869824,-0.5395366005183764,-0.7567396814317523,0.6813857258883256,-0.8914795304711952,-0.11795195710653647,0.45681841739269297,-0.6488752998057857,-0.9433072691828713
Bilal Nadir,ma MAR,MF,Marseille,fr Ligue 1,22.0,2003.0,18,5,565,6.3,0,4,4,0,0,0,5,1,0.64,1781,ma MAR,MF,fr Ligue 1,22-109,2003.0,6.3,0,7,1,14.3,1.1111111111111112,0.15873015873015872,0.0,0.0,0,0,2232,ma MAR,MF,fr Ligue 1,22-109,2003.0,18,565,31,24.1,6.3,5,70.0,1,13,17.0,2,1.56,22,5,17,2.71,2.56,1781,ma MAR,MF,fr Ligue 1,22-109,2003.0,6.3,5,1,1,22,4,1,9,4,9,0,0.0,0.6349206349206349,1.4285714285714286,0.6349206349206349,1.4285714285714286,3.492063492063492,0.6349206349206349,False,3,-0.7345208390382241,5.047890215234588,-0.08672806997598115,-0.5872555493948446,0.02416416385513864,-0.47844173721385136,0.946607216298847,4.020093497887266,-0.6933562401209152,0.6000894773631231,3.672635919062105
Mahamadou Nagida,cm CMR,DF,Rennes,fr Ligue 1,20.0,2005.0,11,5,534,5.9,0,0,0,0,0,0,2,0,0.0,1782,cm CMR,DF,fr Ligue 1,20-262,2005.0,5.9,0,8,2,25.0,1.3559322033898304,0.3389830508474576,0.0,0.0,0,0,2233,cm CMR,DF,fr Ligue 1,20-262,2005.0,11,534,49,22.8,5.9,5,85.0,3,6,18.0,14,1.82,12,9,3,0.51,0.36,1782,cm CMR,DF,fr Ligue 1,20-262,2005.0,5.9,2,0,0,10,4,0,7,14,9,0,0.0,0.0,1.1864406779661016,2.3728813559322033,1.5254237288135593,1.694915254237288,0.6779661016949152,False,4,-0.7345208390382241,-0.7621682875409468,0.17533738653581446,-0.15374103078828696,-0.11701619235492078,3.0552286116805027,1.1459928973044107,0.7679570352986587,-0.6309738858150924,-2.0088135731343013,0.574571013213485
Natan,br BRA,DF,Real Betis,es La Liga,25.0,2001.0,25,25,2164,24.0,0,0,0,0,0,0,6,0,0.0,1787,br BRA,DF,es La Liga,25-039,2001.0,24.0,0,8,1,12.5,0.3333333333333333,0.041666666666666664,0.0,0.0,0,0,2242,br BRA,DF,es La Liga,25-039,2001.0,25,2164,87,85.9,24.0,25,87.0,22,0,,2,1.6,37,31,6,0.25,-0.26,1787,br BRA,DF,es La Liga,25-039,2001.0,24.0,6,0,0,18,10,0,1,28,13,0,0.0,0.0,0.041666666666666664,1.1666666666666667,0.5416666666666666,0.75,0.4166666666666667,False,1,-0.7345208390382241,-0.7621682875409468,-0.9192898664326862,-0.8687973477660063,-0.7845051514863972,0.6027191675213952,-0.8792256188260617,-0.9419705531335023,-1.0096542709371574,-1.7338588866105187,-1.662369374995624
Pau Navarro,es ESP,DF,Villarreal,es La Liga,20.0,2005.0,16,16,1346,15.0,0,0,0,0,0,0,3,0,0.0,1788,es ESP,DF,es La Liga,20-326,2005.0,15.0,0,1,1,100.0,0.06666666666666667,0.06666666666666667,0.0,0.0,0,0,2246,es ESP,DF,es La Liga,20-326,2005.0,16,1346,84,53.4,15.0,16,84.0,13,0,,9,1.81,23,18,5,0.33,-0.66,1788,es ESP,DF,es La Liga,20-326,2005.0,15.0,3,0,0,27,10,1,2,12,30,0,0.0,0.0,0.13333333333333333,0.8,2.0,1.8,0.6666666666666666,False,4,-0.7345208390382241,-0.7621682875409468,-1.2047396252178422,-0.8086714721816565,-0.7310566216312057,-0.1427977548482822,2.1229827342316736,0.9581193859404418,-0.6473492538203709,-2.1477680802607955,0.5396634988049678
Roberto Navarro,es ESP,MF,Athletic Club,es La Liga,23.0,2002.0,23,7,891,9.9,5,1,6,5,0,0,1,0,0.61,1789,es ESP,MF,es La Liga,23-339,2002.0,9.9,5,14,7,50.0,1.4141414141414141,0.7070707070707071,0.36,0.71,0,0,2247,es ESP,MF,es La Liga,23-339,2002.0,23,891,39,35.4,9.9,7,64.0,1,16,28.0,2,1.22,15,15,0,0.0,0.55,1789,es ESP,MF,es La Liga,23-339,2002.0,9.9,1,0,0,12,14,4,45,6,7,0,0.5050505050505051,0.10101010101010101,4.545454545454545,0.6060606060606061,0.7070707070707071,1.2121212121212122,1.4141414141414141,False,3,2.167827411968764,0.1621592015369792,0.23764665591624148,0.7315226741002737,1.8415403856137207,-0.5371207551099297,-0.5387154073537124,-0.10571163333905355,0.4359061508924455,2.0697138137759667,0.5175294771304718
Michel Ndary Adopo,fr FRA,MF,Cagliari,it Serie A,25.0,2000.0,29,25,2313,25.7,1,1,2,1,0,0,2,0,0.08,1791,fr FRA,MF,it Serie A,25-241,2000.0,25.7,1,23,10,43.5,0.8949416342412452,0.38910505836575876,0.04,0.1,0,0,2249,fr FRA,MF,it Serie A,25-241,2000.0,29,2313,80,88.6,25.7,25,85.0,19,4,46.0,0,1.03,26,35,-9,-0.35,-0.05,1791,fr FRA,MF,it Serie A,25-241,2000.0,25.7,2,0,0,28,22,4,14,24,24,0,0.038910505836575876,0.038910505836575876,0.5447470817120623,0.933852140077821,0.933852140077821,1.0894941634241246,0.8560311284046693,False,1,-0.5109157986882693,-0.40610439097007256,-0.3181237888355434,-0.033195847264958146,-0.49117160330694964,0.12935416021556884,-0.0718501873589507,-0.3276187014225455,-0.3729184756151784,-0.6743214022108738,-0.6328816046286746
Rassoul Ndiaye,sn SEN,MF,Le Havre,fr Ligue 1,24.0,2001.0,26,23,1982,22.0,3,3,6,3,0,0,1,0,0.27,1794,sn SEN,MF,fr Ligue 1,24-096,2001.0,22.0,3,25,6,24.0,1.1363636363636365,0.2727272727272727,0.12,0.5,0,0,2252,sn SEN,MF,fr Ligue 1,24-096,2001.0,26,1982,76,84.7,22.0,23,83.0,10,3,26.0,0,1.04,16,23,-7,-0.32,0.94,1794,sn SEN,MF,fr Ligue 1,24-096,2001.0,22.0,1,0,0,14,29,3,81,13,24,0,0.13636363636363635,0.13636363636363635,3.6818181818181817,0.5909090909090909,1.0909090909090908,0.6363636363636364,1.3181818181818181,False,3,0.04911318873366256,0.48567382271425324,-0.05969684281829587,-0.3130884976682279,1.3379757241681136,-0.5679272395053709,0.251476228429449,-1.1476079924272191,0.2968395786658,0.20919800332435706,0.7572721684004328
Cher Ndour,it ITA,MF,Fiorentina,it Serie A,21.0,2004.0,24,12,1161,12.9,1,0,1,1,0,0,1,0,0.08,1797,it ITA,MF,it Serie A,21-233,2004.0,12.9,1,14,4,28.6,1.0852713178294573,0.31007751937984496,0.07,0.25,0,0,2255,it ITA,MF,it Serie A,21-233,2004.0,24,1161,48,44.5,12.9,12,73.0,3,12,23.0,5,1.13,12,15,-3,-0.23,0.14,1797,it ITA,MF,it Serie A,21-233,2004.0,12.9,1,0,0,15,14,1,15,9,9,0,0.07751937984496124,0.0,1.1627906976744187,0.6976744186046512,0.6976744186046512,1.1627906976744187,1.0852713178294573,False,1,-0.28904413074412827,-0.7621682875409468,-0.11438793032338011,-0.22325984633713442,-0.1308059015661358,-0.35084898899795963,-0.5580591438477922,-0.19498059923400035,-0.0406989926015656,-0.24524597978359974,-0.6974485142565965
Paul Nebel,de GER,MF,Mainz 05,de Bundesliga,23.0,2002.0,22,16,1416,15.7,2,1,3,2,0,0,2,2,0.19,1800,de GER,MF,de Bundesliga,23-158,2002.0,15.7,2,19,3,15.8,1.2101910828025477,0.1910828025477707,0.11,0.67,0,0,2259,de GER,MF,de Bundesliga,23-158,2002.0,22,1416,64,60.5,15.7,16,82.0,10,6,17.0,0,1.14,15,27,-12,-0.76,-0.96,1800,de GER,MF,de Bundesliga,23-158,2002.0,15.7,2,2,0,20,14,2,99,9,23,0,0.12738853503184713,0.06369426751592357,6.305732484076433,0.5732484076433121,1.4649681528662422,1.2738853503184715,0.89171974522293,False,3,-0.0024635731791367186,-0.17931210016059856,0.019330757598121286,-0.5094463079147437,2.8679142178595445,-0.603835434692414,1.0215355932372439,0.006057335788741846,-0.32119781590632096,-0.16023991347598446,1.878908264640006
Victor Nelsson,dk DEN,DF,Hellas Verona,it Serie A,27.0,1998.0,29,28,2506,27.8,0,0,0,0,0,0,3,0,0.0,1805,dk DEN,DF,it Serie A,27-154,1998.0,27.8,0,6,0,0.0,0.2158273381294964,0.0,0.0,,0,0,2266,dk DEN,DF,it Serie A,27-154,1998.0,29,2506,86,96.0,27.8,28,89.0,27,1,13.0,0,0.62,19,49,-30,-1.08,-1.94,1805,dk DEN,DF,it Serie A,27-154,1998.0,27.8,3,0,0,34,15,0,1,54,24,1,0.0,0.0,0.03597122302158273,1.9424460431654675,0.8633093525179856,1.223021582733813,0.539568345323741,False,1,-0.7345208390382241,-0.7621682875409468,-1.0450725838829797,-0.9690071404065893,-0.7878260215558827,2.1800554944448125,-0.21707360180017263,-0.08598621949792978,-0.831542691779025,-2.492410659791699,-0.8582719374590994
Martim Neto,pt POR,MF,Elche,es La Liga,23.0,2003.0,22,13,1177,13.1,2,5,7,2,0,0,2,0,0.54,1807,pt POR,MF,es La Liga,23-062,2003.0,13.1,2,12,4,33.3,0.916030534351145,0.3053435114503817,0.17,0.5,0,0,2269,pt POR,MF,es La Liga,23-062,2003.0,22,1177,54,46.7,13.1,13,68.0,1,9,32.0,4,0.77,16,20,-4,-0.31,0.03,1807,pt POR,MF,es La Liga,23-062,2003.0,13.1,2,0,0,16,9,0,25,2,9,0,0.15267175572519084,0.3816793893129771,1.9083969465648856,0.15267175572519084,0.6870229007633588,1.2213740458015268,0.6870229007633588,False,3,0.1428302353119799,2.73051955286801,-0.29554945840023655,-0.23464530120842378,0.3039383659324777,-1.4589636469429796,-0.5799869672781041,-0.0889676179258247,-0.6178485908490294,1.0346570551337813,0.5765101294410495
João Neves,pt POR,MF,Paris Saint-Germain,fr Ligue 1,21.0,2004.0,14,11,1002,11.1,5,1,6,5,0,0,0,0,0.54,1814,pt POR,MF,fr Ligue 1,21-171,2004.0,11.1,5,21,6,28.6,1.8918918918918919,0.5405405405405406,0.24,0.83,0,0,2276,pt POR,MF,fr Ligue 1,21-171,2004.0,14,1002,72,44.5,11.1,11,83.0,7,3,31.0,1,2.43,28,11,17,1.53,0.45,1814,pt POR,MF,fr Ligue 1,21-171,2004.0,11.1,0,0,0,12,8,0,2,4,12,0,0.45045045045045046,0.0900900900900901,0.1801801801801802,0.3603603603603604,1.0810810810810811,1.0810810810810811,0.7207207207207208,False,0,1.8540600334815216,0.06223190542044675,0.7490482507913674,0.33101179114692,-0.7037414024423116,-1.0366853669278955,0.23124372566401985,-0.34284309486694325,-0.5690130339032278,1.484774551958019,-0.9722522547336622
Cyril Ngonge,be BEL,FW,Torino,it Serie A,25.0,2000.0,20,11,994,11.0,1,1,2,1,0,0,2,0,0.18,1818,be BEL,FW,it Serie A,25-295,2000.0,11.0,1,24,12,50.0,2.1818181818181817,1.0909090909090908,0.04,0.08,0,0,2280,be BEL,FW,it Serie A,25-295,2000.0,20,994,50,38.1,11.0,11,72.0,2,9,22.0,1,1.0,9,20,-11,-1.0,-0.61,1818,be BEL,FW,it Serie A,25-295,2000.0,11.0,2,0,0,20,18,6,19,2,4,0,0.09090909090909091,0.09090909090909091,1.7272727272727273,0.18181818181818182,0.36363636363636365,1.8181818181818181,1.6363636363636365,False,0,-0.21209815385696626,0.06972645262918663,1.059395961509872,1.6546674305468565,0.19832938510700276,-1.3997023181822839,-1.2457289762123305,0.9910213762274364,0.7579550549962559,2.3231855729124433,-0.020972957284821098
Nathan Ngoy,be BEL,DF,Lille,fr Ligue 1,22.0,2003.0,22,20,1775,19.7,1,2,3,1,0,0,6,1,0.15,1822,be BEL,DF,fr Ligue 1,22-280,2003.0,19.7,1,18,5,27.8,0.9137055837563453,0.25380710659898476,0.06,0.2,0,0,2284,be BEL,DF,fr Ligue 1,22-280,2003.0,22,1775,81,75.9,19.7,20,87.0,19,2,14.0,2,1.64,26,27,-1,-0.05,-1.33,1822,be BEL,DF,fr Ligue 1,22-280,2003.0,19.7,6,1,0,15,6,0,5,33,18,0,0.050761421319796954,0.10152284263959391,0.25380710659898476,1.6751269035532996,0.9137055837563453,0.7614213197969544,0.30456852791878175,False,1,-0.4428127407136639,0.16685121924803464,-0.29803817059951027,-0.3585921598548147,-0.6608113918076775,1.6365347428425214,-0.11332503970661882,-0.9213024247171794,-1.1721091432484068,-1.4137991614535241,-0.8948428161342067
Moussa Niakhate,sn SEN,DF,Lyon,fr Ligue 1,30.0,1996.0,24,22,2039,22.7,0,2,2,0,0,0,3,0,0.09,1825,sn SEN,DF,fr Ligue 1,30-009,1996.0,22.7,0,3,0,0.0,0.13215859030837004,0.0,0.0,,0,0,2287,sn SEN,DF,fr Ligue 1,30-009,1996.0,24,2039,85,87.1,22.7,22,90.0,22,2,30.0,0,1.71,30,21,9,0.4,-0.8,1825,sn SEN,DF,fr Ligue 1,30-009,1996.0,22.7,3,0,0,30,20,0,3,20,17,0,0.0,0.0881057268722467,0.13215859030837004,0.881057268722467,0.748898678414097,1.3215859030837005,0.881057268722467,False,1,-0.7345208390382241,0.044073310861825706,-1.134634673445717,-0.9690071404065893,-0.7317415847691177,0.02201015109807826,-0.45260595481068283,0.0923767075958632,-0.3366500908303512,-1.3730683013477651,-0.5419111003300872
Abdoulaye Niakhate Ndiaye,sn SEN,DF,Parma,it Serie A,23.0,2002.0,7,6,496,5.5,0,0,0,0,0,0,4,1,0.0,1826,sn SEN,DF,it Serie A,23-341,2002.0,5.5,0,4,0,0.0,0.7272727272727273,0.0,0.0,,0,0,2288,sn SEN,DF,it Serie A,23-341,2002.0,7,496,71,19.0,5.5,6,74.0,4,1,50.0,4,0.86,3,8,-5,-0.91,-0.48,1826,sn SEN,DF,it Serie A,23-341,2002.0,5.5,4,1,1,10,7,0,0,9,8,0,0.0,0.0,0.0,1.6363636363636365,1.4545454545454546,1.8181818181818181,1.2727272727272727,False,4,-0.7345208390382241,-0.7621682875409468,-0.4976027227727966,-0.9690071404065893,-0.8087999377842117,1.5577201837800727,1.0000788307503392,0.9910213762274364,0.23096593919002073,-2.0134084503423386,0.45508449093997283
Tanguy Nianzou,fr FRA,DF,Sevilla,es La Liga,23.0,2002.0,11,7,618,6.9,0,0,0,0,0,0,5,0,0.0,1828,fr FRA,DF,es La Liga,23-283,2002.0,6.9,0,6,0,0.0,0.8695652173913043,0.0,0.0,,0,0,2290,fr FRA,DF,es La Liga,23-283,2002.0,11,618,56,24.5,6.9,7,72.0,2,4,28.0,1,1.18,7,15,-8,-1.17,-1.07,1828,fr FRA,DF,es La Liga,23-283,2002.0,6.9,5,0,0,14,6,0,0,4,10,0,0.0,0.0,0.0,0.5797101449275363,1.4492753623188406,2.0289855072463765,0.8695652173913043,False,4,-0.7345208390382241,-0.7621682875409468,-0.3452876340929703,-0.9690071404065893,-0.8087999377842117,-0.590697249710697,0.9892295176732248,1.3724937273809976,-0.35330460224732674,-1.2695128968701082,0.1841960102241655
Cheikh Niasse,sn SEN,MF,Hellas Verona,it Serie A,26.0,2000.0,19,11,970,10.8,0,1,1,0,0,0,1,0,0.09,1829,sn SEN,MF,it Serie A,26-057,2000.0,10.8,0,6,1,16.7,0.5555555555555555,0.09259259259259259,0.0,0.0,0,0,2291,sn SEN,MF,it Serie A,26-057,2000.0,19,970,51,37.2,10.8,11,77.0,2,8,15.0,10,0.63,10,20,-10,-0.93,0.11,1829,sn SEN,MF,it Serie A,26-057,2000.0,10.8,1,0,0,20,15,2,14,15,14,0,0.0,0.09259259259259259,1.2962962962962963,1.3888888888888888,1.2962962962962963,1.8518518518518516,1.3888888888888888,False,4,-0.7345208390382241,0.08513191078048532,-0.6814150674450562,-0.7463187123164048,-0.052962141852208634,1.0545476053211993,0.674298068629211,1.0519509878700188,0.39930968451701243,-1.414621704784367,1.0780964743646737
Rasmus Nicolaisen,dk DEN,DF,Toulouse,fr Ligue 1,29.0,1997.0,25,23,1934,21.5,0,0,0,0,0,0,3,0,0.0,1831,dk DEN,DF,fr Ligue 1,29-001,1997.0,21.5,0,13,4,30.8,0.6046511627906976,0.18604651162790697,0.0,0.0,0,0,2293,dk DEN,DF,fr Ligue 1,29-001,1997.0,25,1934,77,82.6,21.5,23,83.0,17,2,15.0,0,1.36,33,27,6,0.28,0.5,1831,dk DEN,DF,fr Ligue 1,29-001,1997.0,21.5,3,0,0,25,13,1,2,33,9,0,0.0,0.0,0.09302325581395349,1.5348837209302326,0.4186046511627907,1.1627906976744187,0.6046511627906976,False,1,-0.7345208390382241,-0.7621682875409468,-0.6288613327849983,-0.5215587639649164,-0.7545604148867656,1.3513883813175827,-1.1325681177219635,-0.19498059923400035,-0.7372233665935273,-1.517647759560124,-1.376134570866567
Hans Nicolussi Caviglia,it ITA,MF,Fiorentina,it Serie A,25.0,2000.0,11,7,585,6.5,0,1,1,0,0,0,4,0,0.15,1833,it ITA,MF,it Serie A,25-272,2000.0,6.5,0,4,1,25.0,0.6153846153846154,0.15384615384615385,0.0,0.0,0,0,2295,it ITA,MF,it Serie A,25-272,2000.0,11,585,53,22.4,6.5,7,78.0,3,4,11.0,10,0.91,7,12,-5,-0.77,-0.59,1833,it ITA,MF,it Serie A,25-272,2000.0,6.5,4,0,0,15,15,0,30,3,7,0,0.0,0.15384615384615385,4.615384615384615,0.46153846153846156,1.0769230769230769,2.3076923076923075,2.3076923076923075,False,3,-0.7345208390382241,0.645653580439279,-0.6173718523330018,-0.5990017521952059,1.882314852127535,-0.8309672216510613,0.2226838206478764,1.8768441916465242,1.7308580380231509,0.1337855337580126,2.7816391069140973
Julian Niehues,de GER,MF,Heidenheim,de Bundesliga,24.0,2001.0,19,14,1107,12.3,3,0,3,3,0,0,1,0,0.24,1835,de GER,MF,de Bundesliga,24-334,2001.0,12.3,3,16,5,31.3,1.3008130081300813,0.4065040650406504,0.19,0.6,0,0,2298,de GER,MF,de Bundesliga,24-334,2001.0,19,1107,58,47.3,12.3,14,70.0,2,5,24.0,7,0.68,16,25,-9,-0.73,1.09,1835,de GER,MF,de Bundesliga,24-334,2001.0,12.3,1,0,0,8,6,1,3,16,7,0,0.24390243902439024,0.0,0.24390243902439024,1.3008130081300813,0.5691056910569106,0.6504065040650406,0.4878048780487805,False,1,0.6671009992529553,-0.7621682875409468,0.11633578281833704,0.008649373160074102,-0.6665865545774933,0.875469261071277,-0.8227380749009335,-1.1221958861079957,-0.9065593473673401,-0.256915294249124,-1.8341919079756457
Oliver Nielsen,dk DEN,DF,Lazio,it Serie A,22.0,2003.0,17,8,911,10.1,0,0,0,0,0,0,2,0,0.0,1836,dk DEN,DF,it Serie A,22-286,2003.0,10.1,0,3,1,33.3,0.297029702970297,0.09900990099009901,0.0,0.0,0,0,2299,dk DEN,DF,it Serie A,22-286,2003.0,17,911,54,34.9,10.1,8,89.0,7,9,22.0,12,1.59,14,10,4,0.4,0.55,1836,dk DEN,DF,it Serie A,22-286,2003.0,10.1,2,0,0,8,5,0,1,10,5,0,0.0,0.0,0.09900990099009901,0.9900990099009901,0.49504950495049505,0.7920792079207921,0.49504950495049505,False,1,-0.7345208390382241,-0.7621682875409468,-0.9581506009207642,-0.7308848608646098,-0.7510697525220784,0.24371686917056032,-0.9751943724032961,-0.865823620167314,-0.8960602886728184,-1.498195343653731,-1.6599687310474758
Christopher Nkunku,fr FRA,FW,Milan,it Serie A,28.0,1997.0,23,11,996,11.1,5,3,8,2,3,3,0,0,0.45,1842,fr FRA,FW,it Serie A,28-123,1997.0,11.1,5,20,11,55.0,1.8018018018018018,0.990990990990991,0.1,0.18,3,3,2306,fr FRA,FW,it Serie A,28-123,1997.0,23,996,43,38.2,11.1,11,73.0,3,12,16.0,1,2.04,23,8,15,1.36,0.91,1842,fr FRA,FW,it Serie A,28-123,1997.0,11.1,0,0,0,7,18,7,8,1,2,0,0.45045045045045046,0.2702702702702703,0.7207207207207208,0.0900900900900901,0.1801801801801802,0.6306306306306306,1.6216216216216217,False,2,1.8540600334815216,1.7110322913432336,0.652612521472058,1.414360900774844,-0.3885657964166115,-1.5862064399276576,-1.6234023611670136,-1.1579824938690644,0.7365906313824896,3.320922068825178,-0.9337328448072906
Felix Nmecha,de GER,MF,Dortmund,de Bundesliga,25.0,2000.0,26,23,1980,22.0,2,3,5,2,0,0,0,0,0.23,1843,de GER,MF,de Bundesliga,25-158,2000.0,22.0,2,27,6,22.2,1.2272727272727273,0.2727272727272727,0.07,0.33,0,0,2307,de GER,MF,de Bundesliga,25-158,2000.0,26,1980,76,84.6,22.0,23,83.0,7,3,25.0,0,2.23,46,25,21,0.95,-1.05,1843,de GER,MF,de Bundesliga,25-158,2000.0,22.0,0,0,0,26,19,1,6,23,20,0,0.09090909090909091,0.13636363636363635,0.2727272727272727,1.0454545454545454,0.9090909090909091,1.1818181818181819,0.8636363636363636,False,1,-0.21209815385696626,0.48567382271425324,0.03761557494937085,-0.3130884976682279,-0.6497795183803357,0.35626729235786525,-0.12282507273099581,-0.160548283817378,-0.3618968160919936,-0.35352138652103343,-0.33500371496888964
Tijjani Noslin,nl NED,FW,Lazio,it Serie A,26.0,1999.0,20,4,557,6.2,2,0,2,2,0,0,2,1,0.32,1850,nl NED,FW,it Serie A,26-253,1999.0,6.2,2,19,8,42.1,3.064516129032258,1.2903225806451613,0.11,0.25,0,0,2314,nl NED,FW,it Serie A,26-253,1999.0,20,557,28,21.3,6.2,4,68.0,0,16,18.0,8,1.25,5,7,-2,-0.32,-0.45,1850,nl NED,FW,it Serie A,26-253,1999.0,6.2,2,1,1,6,12,2,3,0,3,0,0.3225806451612903,0.0,0.48387096774193544,0.0,0.48387096774193544,0.9677419354838709,1.9354838709677418,False,2,1.1192370761210777,-0.7621682875409468,2.004268146931411,2.134263857495336,-0.5266669356160446,-1.7693801309275783,-0.9982071480255849,-0.5479426855836061,1.1914461018691263,3.4269035511805503,-1.2334870597555356
Unai Núñez,es ESP,DF,Hellas Verona,it Serie A,29.0,1997.0,17,15,1265,14.1,0,0,0,0,0,0,6,0,0.0,1857,es ESP,DF,it Serie A,29-046,1997.0,14.1,0,7,1,14.3,0.49645390070921985,0.07092198581560284,0.0,0.0,0,0,2324,es ESP,DF,it Serie A,29-046,1997.0,17,1265,74,48.5,14.1,15,82.0,12,2,21.0,1,0.71,12,26,-14,-1.0,0.01,1857,es ESP,DF,it Serie A,29-046,1997.0,14.1,6,0,0,27,10,0,11,23,18,1,0.0,0.0,0.7801418439716312,1.6312056737588654,1.2765957446808511,1.9148936170212767,0.7092198581560284,False,4,-0.7345208390382241,-0.7621682875409468,-0.7446796416438939,-0.798437280592831,-0.3539188326336445,1.5472328699433269,0.6337413870613932,1.1660319628603872,-0.5856803147366625,-2.085736941039593,0.25254277991297724
Unai Núñez,es ESP,DF,Valencia,es La Liga,29.0,1997.0,6,6,500,5.6,0,0,0,0,0,0,2,0,0.0,1858,es ESP,DF,es La Liga,29-046,1997.0,5.6,0,4,0,0.0,0.7142857142857143,0.0,0.0,,0,0,2325,es ESP,DF,es La Liga,29-046,1997.0,6,500,83,19.8,5.6,6,83.0,4,0,,1,1.5,7,6,1,0.18,0.76,1858,es ESP,DF,es La Liga,29-046,1997.0,5.6,2,0,0,5,3,0,2,5,6,0,0.0,0.0,0.35714285714285715,0.8928571428571429,1.0714285714285714,0.8928571428571429,0.5357142857142857,False,1,-0.7345208390382241,-0.7621682875409468,-0.5115044967396062,-0.9690071404065893,-0.6005589123743741,0.046001985232350384,0.21137251759083003,-0.683454915164258,-0.8371280723101162,-1.5942006818990797,-0.904342098716453
M'Bala Nzola,ao ANG,FW,Pisa,it Serie A,29.0,1996.0,16,11,1052,11.7,3,0,3,1,2,3,1,1,0.09,1867,ao ANG,FW,it Serie A,29-211,1996.0,11.7,3,28,7,25.0,2.393162393162393,0.5982905982905983,0.04,0.14,2,3,2337,ao ANG,FW,it Serie A,29-211,1996.0,16,1052,66,40.3,11.7,11,82.0,4,5,30.0,0,0.69,5,15,-10,-0.86,0.07,1867,ao ANG,FW,it Serie A,29-211,1996.0,11.7,1,1,0,18,17,11,7,1,2,0,0.25641025641025644,0.0,0.5982905982905983,0.08547008547008547,0.17094017094017094,1.5384615384615385,1.4529914529914532,False,0,0.7389790422422468,-0.7621682875409468,1.2856265395680377,0.46990270263767936,-0.4599517242771333,-1.595599962543038,-1.6424243723139988,0.48483691027367193,0.4922084068546503,2.1015138214397484,-1.2630743139169938
Matt O'Riley,dk DEN,MF,Marseille,fr Ligue 1,25.0,2000.0,15,6,741,8.2,1,2,3,1,0,0,2,0,0.36,1872,dk DEN,MF,fr Ligue 1,25-116,2000.0,8.2,1,7,3,42.9,0.853658536585366,0.3658536585365854,0.14,0.33,0,0,2342,dk DEN,MF,fr Ligue 1,25-116,2000.0,15,741,49,31.7,8.2,6,81.0,2,9,28.0,2,2.33,16,9,7,0.85,0.12,1872,dk DEN,MF,fr Ligue 1,25-116,2000.0,8.2,2,0,0,15,1,1,7,6,8,0,0.12195121951219513,0.24390243902439027,0.853658536585366,0.7317073170731708,0.9756097560975611,1.829268292682927,0.12195121951219513,False,1,-0.033709919892634284,1.4697444299886797,-0.36231472733969877,-0.0891162781965921,-0.3110530965606974,-0.28165234792822197,0.014114427693557457,1.0110835654268235,-1.4367618114406864,-0.06252115622112156,0.18346823843513924
Jens Odgaard,dk DEN,MF,Bologna,it Serie A,26.0,1999.0,22,15,1240,13.8,5,1,6,5,0,0,1,0,0.44,1880,dk DEN,MF,it Serie A,26-351,1999.0,13.8,5,32,12,37.5,2.318840579710145,0.8695652173913043,0.16,0.42,0,0,2352,dk DEN,MF,it Serie A,26-351,1999.0,22,1240,56,47.5,13.8,15,75.0,4,7,16.0,6,1.55,21,20,1,0.07,-0.12,1880,dk DEN,MF,it Serie A,26-351,1999.0,13.8,1,0,0,26,27,3,13,4,10,0,0.36231884057971014,0.07246376811594203,0.9420289855072463,0.2898550724637681,0.7246376811594203,1.8840579710144927,1.9565217391304346,False,0,1.3475985584233106,-0.09906378450678248,1.2060697506089644,1.1223276625273166,-0.2595265084423213,-1.1800386903191376,-0.5025510304299979,1.1102314859629243,1.2219346026082667,2.594991969105965,0.04882207510095963
Ifechukwu Ogbus,ch SUI,DF,Freiburg,de Bundesliga,20.0,2005.0,10,8,762,8.5,0,0,0,0,0,0,0,0,0.0,1885,ch SUI,DF,de Bundesliga,20-090,2005.0,8.5,0,5,2,40.0,0.5882352941176471,0.23529411764705882,0.0,0.0,0,0,2360,ch SUI,DF,de Bundesliga,20-090,2005.0,10,762,76,32.6,8.5,8,90.0,8,2,21.0,4,1.1,8,15,-7,-0.83,-0.88,1885,ch SUI,DF,de Bundesliga,20-090,2005.0,8.5,0,0,0,4,6,0,2,5,7,0,0.0,0.0,0.23529411764705882,0.5882352941176471,0.8235294117647058,0.47058823529411764,0.7058823529411765,False,1,-0.7345208390382241,-0.7621682875409468,-0.6464334793586399,-0.40311654667153235,-0.6716058504553775,-0.5733636779280958,-0.2989668615123817,-1.4475967273968766,-0.5905170942726395,-1.0243451732889919,-1.441608410666609
Bryan Okoh,ch SUI,DF,Auxerre,fr Ligue 1,22.0,2003.0,6,5,453,5.0,0,0,0,0,0,0,1,0,0.0,1889,ch SUI,DF,fr Ligue 1,22-305,2003.0,5.0,0,2,0,0.0,0.4,0.0,0.0,,0,0,2366,ch SUI,DF,fr Ligue 1,22-305,2003.0,6,453,76,19.4,5.0,5,89.0,4,1,6.0,1,1.0,5,7,-2,-0.4,0.32,1889,ch SUI,DF,fr Ligue 1,22-305,2003.0,5.0,1,0,0,7,3,0,0,13,4,0,0.0,0.0,0.0,2.6,0.8,1.4,0.6,False,1,-0.7345208390382241,-0.7621682875409468,-0.8479274267363971,-0.9690071404065893,-0.8087999377842117,3.5170125913301336,-0.34740585342726266,0.23427559962655814,-0.743963925051514,-2.807367177276623,-0.684806329444401
Olasagasti,es ESP,MF,Levante,es La Liga,25.0,2000.0,23,8,890,9.9,1,2,3,1,0,0,2,1,0.3,1891,es ESP,MF,es La Liga,25-213,2000.0,9.9,1,13,5,38.5,1.3131313131313131,0.5050505050505051,0.08,0.2,0,0,2371,es ESP,MF,es La Liga,25-213,2000.0,23,890,39,35.3,9.9,8,77.0,4,15,18.0,2,0.78,14,17,-3,-0.3,0.41,1891,es ESP,MF,es La Liga,25-213,2000.0,9.9,2,1,0,14,14,0,49,9,9,0,0.10101010101010101,0.20202020202020202,4.949494949494949,0.9090909090909091,0.9090909090909091,1.4141414141414141,1.4141414141414141,False,3,-0.15405118883682653,1.086486690614905,0.12952174728550062,0.24565701281259866,2.0771261921379813,0.07900893279889439,-0.12282507273099581,0.2598660365164431,0.4359061508924455,0.6742423498672999,1.7914530872444459
Michael Olise,fr FRA,MF,Bayern Munich,de Bundesliga,24.0,2001.0,24,20,1878,20.9,10,17,27,10,0,0,5,0,1.29,1892,fr FRA,MF,de Bundesliga,24-095,2001.0,20.9,10,78,39,50.0,3.732057416267943,1.8660287081339715,0.13,0.26,0,0,2372,fr FRA,MF,de Bundesliga,24-095,2001.0,24,1878,78,80.3,20.9,20,87.0,12,4,35.0,1,2.54,74,22,52,2.49,-0.62,1892,fr FRA,MF,de Bundesliga,24-095,2001.0,20.9,5,0,0,26,45,4,110,13,10,0,0.47846889952153115,0.8133971291866029,5.2631578947368425,0.6220095693779905,0.47846889952153115,1.244019138755981,2.1531100478468903,False,2,2.015072240863133,6.681100440297089,2.7188287697585065,3.5188572572769368,2.2600151735186578,-0.504692876798939,-1.0093281544267863,-0.04798884336186983,1.506834324826169,6.576548723736555,3.427012676196962
Dani Olmo,es ESP,MF,Barcelona,es La Liga,27.0,1998.0,23,17,1477,16.4,7,6,13,7,0,0,0,0,0.79,1895,es ESP,MF,es La Liga,27-314,1998.0,16.4,7,58,20,34.5,3.536585365853659,1.2195121951219514,0.12,0.35,0,0,2375,es ESP,MF,es La Liga,27-314,1998.0,23,1477,64,58.6,16.4,17,75.0,5,6,35.0,0,2.52,46,15,31,1.89,0.34,1895,es ESP,MF,es La Liga,27-314,1998.0,16.4,0,0,0,17,35,3,24,12,19,0,0.426829268292683,0.3658536585365854,1.4634146341463417,0.7317073170731708,1.1585365853658538,1.0365853658536586,2.1341463414634148,False,2,1.7183173779713403,2.585700788753493,2.509588333608517,1.9639624002934015,0.044480361456098495,-0.28165234792822197,0.3906980538610784,-0.4233629623293479,1.479351740962718,3.910978398721276,1.2894723192536286
Tani Oluwaseyi,ca CAN,FW,Villarreal,es La Liga,25.0,2000.0,22,5,645,7.2,2,1,3,2,0,0,1,0,0.42,1897,ca CAN,FW,es La Liga,25-306,2000.0,7.2,2,15,7,46.7,2.0833333333333335,0.9722222222222222,0.13,0.29,0,0,2378,ca CAN,FW,es La Liga,25-306,2000.0,22,645,29,25.6,7.2,5,75.0,1,17,16.0,4,1.82,16,12,4,0.56,-0.11,1897,ca CAN,FW,es La Liga,25-306,2000.0,7.2,1,0,0,11,8,9,1,0,3,0,0.2777777777777778,0.1388888888888889,0.1388888888888889,0.0,0.41666666666666663,1.5277777777777777,1.1111111111111112,False,0,0.8617706990156192,0.5087820099412015,0.9539741755949,1.369221354540347,-0.7278173167914971,-1.7693801309275783,-1.1365577633738675,0.4655034758101598,-0.003251445612750275,2.5477513649865076,-0.9563021887206183
Warmed Omari,km COM,DF,Hamburger SV,de Bundesliga,25.0,2000.0,12,9,903,10.0,0,0,0,0,0,0,0,0,0.0,1898,km COM,DF,de Bundesliga,25-328,2000.0,10.0,0,2,1,50.0,0.2,0.1,0.0,0.0,0,0,2379,km COM,DF,de Bundesliga,25-328,2000.0,12,903,75,38.6,10.0,9,85.0,7,3,45.0,0,1.17,8,12,-4,-0.4,-0.15,1898,km COM,DF,de Bundesliga,25-328,2000.0,10.0,0,0,0,7,5,0,3,13,4,0,0.0,0.0,0.3,1.3,0.4,0.7,0.5,False,1,-0.7345208390382241,-0.7621682875409468,-1.0620147458252642,-0.7285036380691899,-0.6338774764399481,0.8738162302012777,-1.1708687159802416,-1.0324510264227378,-0.8888859318982286,-1.72301828325474,-1.6959604440502456
Andrew Omobamidele,ie IRL,DF,Strasbourg,fr Ligue 1,23.0,2002.0,18,9,946,10.5,0,0,0,0,0,0,4,0,0.0,1899,ie IRL,DF,fr Ligue 1,23-267,2002.0,10.5,0,2,1,50.0,0.19047619047619047,0.09523809523809523,0.0,0.0,0,0,2382,ie IRL,DF,fr Ligue 1,23-267,2002.0,18,946,53,40.4,10.5,9,81.0,6,9,24.0,2,1.33,12,13,-1,-0.1,-0.74,1899,ie IRL,DF,fr Ligue 1,23-267,2002.0,10.5,4,0,0,9,7,0,0,9,3,0,0.0,0.0,0.0,0.8571428571428571,0.2857142857142857,0.8571428571428571,0.6666666666666666,False,1,-0.7345208390382241,-0.7621682875409468,-1.0722093800675911,-0.7399561857995425,-0.8087999377842117,-0.02661329941404695,-1.406143819566807,-0.7480838246565693,-0.6473492538203709,-1.2922811530231928,-1.7899750679198674
Louis Oppie,de GER,MF,St Pauli,de Bundesliga,23.0,2002.0,19,15,1430,15.9,1,0,1,1,0,0,0,0,0.06,1907,de GER,MF,de Bundesliga,23-304,2002.0,15.9,1,14,3,21.4,0.8805031446540881,0.18867924528301885,0.07,0.33,0,0,2395,de GER,MF,de Bundesliga,23-304,2002.0,19,1430,75,61.1,15.9,15,89.0,14,4,24.0,7,0.68,13,27,-14,-0.88,-0.39,1907,de GER,MF,de Bundesliga,23-304,2002.0,15.9,0,0,0,13,13,3,50,9,16,0,0.06289308176100629,0.0,3.144654088050314,0.5660377358490566,1.0062893081761006,0.8176100628930817,0.8176100628930817,False,1,-0.3730963398562218,-0.7621682875409468,-0.3335792764725783,-0.5152269473171569,1.0247688394093266,-0.6184963742676991,0.07727310713465091,-0.8196227433398822,-0.4285990548064621,-0.6271264542168876,-0.09712233244129767
Gift Orban,ng NGA,FW,Hellas Verona,it Serie A,23.0,2002.0,24,20,1750,19.4,7,2,9,5,2,2,4,1,0.36,1908,ng NGA,FW,it Serie A,23-243,2002.0,19.4,7,71,25,35.2,3.65979381443299,1.288659793814433,0.07,0.2,2,2,2396,ng NGA,FW,it Serie A,23-243,2002.0,24,1750,73,67.0,19.4,20,79.0,7,4,43.0,1,0.58,14,31,-17,-0.87,0.38,1908,ng NGA,FW,it Serie A,23-243,2002.0,19.4,4,1,0,19,19,19,12,3,3,0,0.3608247422680413,0.10309278350515465,0.6185567010309279,0.15463917525773196,0.15463917525773196,0.9793814432989691,0.9793814432989691,False,2,1.3390124990523355,0.18121750028085404,2.6414751658357547,2.1302647969310295,-0.44813506903315276,-1.4549634345204978,-1.675982533731811,-0.5268797220643293,-0.19415672381861715,3.8268604157576265,-1.6740854737012292
Willi Orban,hu HUN,DF,RB Leipzig,de Bundesliga,33.0,1992.0,26,26,2319,25.8,1,0,1,1,0,0,3,0,0.04,1909,hu HUN,DF,de Bundesliga,33-134,1992.0,25.8,1,19,8,42.1,0.7364341085271318,0.31007751937984496,0.05,0.13,0,0,2397,hu HUN,DF,de Bundesliga,33-134,1992.0,26,2319,89,99.1,25.8,26,89.0,25,0,,0,1.81,48,35,13,0.5,0.5,1909,hu HUN,DF,de Bundesliga,33-134,1992.0,25.8,3,0,0,15,20,2,5,34,21,0,0.03875968992248062,0.0,0.19379844961240308,1.317829457364341,0.813953488372093,0.5813953488372093,0.7751937984496123,False,1,-0.5117824848911762,-0.7621682875409468,-0.4877960450132643,-0.22325984633713442,-0.6958009317478657,0.9100675816061455,-0.31868040473355413,-1.247079125853017,-0.49006955646734734,-1.2553837252933426,-1.2876773208422938
Christian Ordoñez,ar ARG,MF,Parma,it Serie A,21.0,2004.0,20,9,733,8.1,1,0,1,1,0,0,5,1,0.12,1910,ar ARG,MF,it Serie A,21-236,2004.0,8.1,1,6,2,33.3,0.7407407407407408,0.2469135802469136,0.17,0.5,0,0,2398,ar ARG,MF,it Serie A,21-236,2004.0,20,733,37,28.1,8.1,9,61.0,1,11,17.0,8,1.25,5,9,-4,-0.49,0.04,1910,ar ARG,MF,it Serie A,21-236,2004.0,8.1,5,1,1,15,5,0,8,6,5,0,0.1234567901234568,0.0,0.9876543209876544,0.7407407407407408,0.617283950617284,1.8518518518518519,0.617283950617284,False,1,-0.025057933236515915,-0.7621682875409468,-0.48318606828869776,-0.3751713321660974,-0.23292352183601883,-0.2632853382615633,-0.7235555560749196,1.0519509878700193,-0.7189156769545508,-0.45548391430759616,-0.7142444765596278
Riccardo Orsolini,it ITA,MF,Bologna,it Serie A,29.0,1997.0,27,21,1624,18.0,7,1,8,4,3,4,2,0,0.28,1914,it ITA,MF,it Serie A,29-052,1997.0,18.0,7,62,23,37.1,3.4444444444444446,1.2777777777777777,0.06,0.17,3,4,2402,it ITA,MF,it Serie A,29-052,1997.0,27,1624,60,62.2,18.0,21,72.0,5,6,20.0,2,1.52,26,24,2,0.11,-0.07,1914,it ITA,MF,it Serie A,29-052,1997.0,18.0,2,0,0,14,32,16,38,5,11,0,0.3888888888888889,0.05555555555555555,2.111111111111111,0.2777777777777778,0.6111111111111112,0.7777777777777778,1.7777777777777777,False,2,1.5002873142371562,-0.25378816854808756,2.4109573193941336,2.1040931672379557,0.42213590130505046,-1.2045945836778227,-0.7362633162995027,-0.8917036235283714,0.9628952666986803,3.6449634965801376,-0.588568817555446
Ángel Ortíz,es ESP,DF,Real Betis,es La Liga,21.0,2004.0,12,6,539,6.0,0,0,0,0,0,0,1,0,0.0,1916,es ESP,DF,es La Liga,21-235,2004.0,6.0,0,1,0,0.0,0.16666666666666666,0.0,0.0,,0,0,2406,es ESP,DF,es La Liga,21-235,2004.0,12,539,45,21.4,6.0,6,76.0,2,6,14.0,13,1.67,5,7,-2,-0.33,-0.79,1916,es ESP,DF,es La Liga,21-235,2004.0,6.0,1,0,0,9,9,0,17,1,17,0,0.0,0.0,2.8333333333333335,0.16666666666666666,2.8333333333333335,1.5,1.5,False,4,-0.7345208390382241,-0.7621682875409468,-1.0976959656734084,-0.9690071404065893,0.8432455304671664,-1.430508802577725,3.83853036455038,0.41523654620502914,0.5603341365689176,-1.7811879541566404,2.447328932511166
Patrick Osterhage,de GER,MF,Freiburg,de Bundesliga,26.0,2000.0,19,13,1187,13.2,1,0,1,1,0,0,4,0,0.08,1920,de GER,MF,de Bundesliga,26-044,2000.0,13.2,1,7,2,28.6,0.5303030303030303,0.15151515151515152,0.14,0.5,0,0,2410,de GER,MF,de Bundesliga,26-044,2000.0,19,1187,62,50.7,13.2,13,82.0,6,6,21.0,2,1.63,15,17,-2,-0.15,0.16,1920,de GER,MF,de Bundesliga,26-044,2000.0,13.2,4,0,0,13,13,2,9,15,7,0,0.07575757575757576,0.0,0.6818181818181819,1.1363636363636365,0.5303030303030303,0.9848484848484849,0.9848484848484849,False,1,-0.2991686013871759,-0.7621682875409468,-0.7084462946027413,-0.6046078944408328,-0.4112488892745217,0.5411061987305128,-0.9026194501485895,-0.5169865119264874,-0.18623377748991526,-1.0358313076737613,-1.0966583380707342
Sebastian Otoa,dk DEN,DF,Genoa,it Serie A,21.0,2004.0,8,6,584,6.5,0,0,0,0,0,0,1,0,0.0,1923,dk DEN,DF,it Serie A,21-308,2004.0,6.5,0,2,1,50.0,0.3076923076923077,0.15384615384615385,0.0,0.0,0,0,2413,dk DEN,DF,it Serie A,21-308,2004.0,8,584,73,22.4,6.5,6,89.0,4,2,27.0,14,1.0,8,13,-5,-0.77,-0.81,1923,dk DEN,DF,it Serie A,21-308,2004.0,6.5,1,0,0,4,11,1,1,8,8,1,0.0,0.0,0.15384615384615385,1.2307692307692308,1.2307692307692308,0.6153846153846154,1.6923076923076923,False,1,-0.7345208390382241,-0.7621682875409468,-0.9467369586235664,-0.5990017521952059,-0.71909611145382,0.7330542938098004,0.5394003062451762,-1.1855718273737514,0.8390303035818303,-1.6226739003728206,-0.306615238026378
Azzedine Ounahi,ma MAR,MF,Girona,es La Liga,25.0,2000.0,14,10,940,10.4,4,2,6,4,0,0,5,0,0.57,1928,ma MAR,MF,es La Liga,25-332,2000.0,10.4,4,31,12,38.7,2.980769230769231,1.1538461538461537,0.13,0.33,0,0,2420,ma MAR,MF,es La Liga,25-332,2000.0,14,940,67,37.3,10.4,10,83.0,4,4,28.0,0,1.21,15,12,3,0.29,1.14,1928,ma MAR,MF,es La Liga,25-332,2000.0,10.4,5,0,0,11,40,0,16,13,8,0,0.3846153846153846,0.1923076923076923,1.5384615384615383,1.25,0.7692307692307692,1.0576923076923077,3.846153846153846,False,2,1.475728982882482,0.9976090474343352,1.9146224022757135,1.8060332711787859,0.08823832551970394,0.7721548316963217,-0.4107491505467228,-0.38516764058436115,3.9604273741264526,3.429163841218165,1.383767800483513
Elisha Owusu,gh GHA,MF,Auxerre,fr Ligue 1,28.0,1997.0,21,19,1624,18.0,0,0,0,0,0,0,6,0,0.0,1929,gh GHA,MF,fr Ligue 1,28-130,1997.0,18.0,0,4,0,0.0,0.2222222222222222,0.0,0.0,,0,0,2422,gh GHA,MF,fr Ligue 1,28-130,1997.0,21,1624,77,69.4,18.0,19,84.0,11,2,15.0,0,0.67,11,23,-12,-0.67,-0.04,1929,gh GHA,MF,fr Ligue 1,28-130,1997.0,18.0,6,0,0,29,17,0,1,15,35,0,0.0,0.0,0.05555555555555555,0.8333333333333334,1.9444444444444444,1.6111111111111112,0.9444444444444444,False,4,-0.7345208390382241,-0.7621682875409468,-1.038227265926501,-0.9690071404065893,-0.7764068893871258,-0.07502348917831153,2.0086128922104267,0.6163042646255524,-0.2447881236906081,-2.0746533682488897,0.520076549662004
Mikel Oyarzabal,es ESP,FW,Real Sociedad,es La Liga,28.0,1997.0,25,24,2096,23.3,12,3,15,7,5,5,2,0,0.43,1930,es ESP,FW,es La Liga,28-330,1997.0,23.3,12,67,29,43.3,2.875536480686695,1.2446351931330473,0.1,0.24,5,5,2423,es ESP,FW,es La Liga,28-330,1997.0,25,2096,84,83.2,23.3,24,86.0,16,1,35.0,0,1.52,37,33,4,0.17,0.81,1930,es ESP,FW,es La Liga,28-330,1997.0,23.3,2,0,0,17,35,12,13,3,13,0,0.5150214592274678,0.12875536480686695,0.5579399141630901,0.12875536480686695,0.5579399141630901,0.7296137339055794,1.502145922746781,False,2,2.2251269911731932,0.4160517307257657,1.8019774155481194,2.024384090402242,-0.48347919422549546,-1.5075911219019404,-0.8457245814099668,-0.9788617332299717,0.5634440508789329,3.7656583179107663,-1.2039091684422905
Cenk Özkacar,tr TUR,DF,Köln,de Bundesliga,25.0,2000.0,17,12,1073,11.9,0,0,0,0,0,0,1,0,0.0,1935,tr TUR,DF,de Bundesliga,25-162,2000.0,11.9,0,7,4,57.1,0.5882352941176471,0.3361344537815126,0.0,0.0,0,0,2428,tr TUR,DF,de Bundesliga,25-162,2000.0,17,1073,63,45.9,11.9,12,78.0,7,5,28.0,9,1.06,12,21,-9,-0.75,-0.75,1935,tr TUR,DF,de Bundesliga,25-162,2000.0,11.9,1,0,0,9,4,1,3,15,16,0,0.0,0.0,0.25210084033613445,1.2605042016806722,1.3445378151260503,0.7563025210084033,0.3361344537815126,False,1,-0.7345208390382241,-0.7621682875409468,-0.6464334793586399,-0.16059200649936514,-0.6618062727890321,0.7935122683570267,0.7736108166028427,-0.9305654514583885,-1.1263631700083914,-1.761595124441065,-0.8561877816752971
Jon Pacheco,es ESP,DF,Alavés,es La Liga,25.0,2001.0,20,19,1680,18.7,0,0,0,0,0,0,4,1,0.0,1938,es ESP,DF,es La Liga,25-068,2001.0,18.7,0,4,1,25.0,0.21390374331550802,0.053475935828877004,0.0,0.0,0,0,2431,es ESP,DF,es La Liga,25-068,2001.0,20,1680,84,66.7,18.7,19,88.0,17,1,16.0,4,0.95,16,26,-10,-0.54,-0.32,1938,es ESP,DF,es La Liga,25-068,2001.0,18.7,4,1,1,12,6,1,4,11,16,0,0.0,0.0,0.21390374331550802,0.5882352941176471,0.8556149732620321,0.6417112299465241,0.32085561497326204,False,1,-0.7345208390382241,-0.7621682875409468,-1.0471316701666797,-0.84039564183044,-0.6840780402125443,-0.5733636779280958,-0.23291369071936197,-1.137930936460456,-1.1485055698321827,-1.5590940281048453,-1.5061388336112584
Willian Pacho,ec ECU,DF,Paris Saint-Germain,fr Ligue 1,24.0,2001.0,18,16,1464,16.3,0,0,0,0,0,0,0,0,0.0,1939,ec ECU,DF,fr Ligue 1,24-152,2001.0,16.3,0,7,0,0.0,0.42944785276073616,0.0,0.0,,0,0,2433,ec ECU,DF,fr Ligue 1,24-152,2001.0,18,1464,81,65.1,16.3,16,87.0,14,2,38.0,7,2.11,34,17,17,1.05,-0.67,1939,ec ECU,DF,fr Ligue 1,24-152,2001.0,16.3,0,0,0,6,5,0,0,21,25,0,0.0,0.0,0.0,1.2883435582822085,1.5337423312883436,0.36809815950920244,0.3067484662576687,False,1,-0.7345208390382241,-0.7621682875409468,-0.8164053674840487,-0.9690071404065893,-0.8087999377842117,0.8501160268688338,1.1631180478202263,-1.6330637386862514,-1.1689499328596709,-2.426723026756421,-0.9397066598858206
Igor Paixão,br BRA,MF,Marseille,fr Ligue 1,25.0,2000.0,23,16,1455,16.2,5,4,9,5,0,0,3,0,0.56,1943,br BRA,MF,fr Ligue 1,25-262,2000.0,16.2,5,40,15,37.5,2.469135802469136,0.9259259259259259,0.13,0.33,0,0,2438,br BRA,MF,fr Ligue 1,25-262,2000.0,23,1455,63,62.2,16.2,16,77.0,4,7,33.0,0,2.0,32,19,13,0.8,0.09,1943,br BRA,MF,fr Ligue 1,25-262,2000.0,16.2,3,0,0,15,23,4,29,14,6,0,0.308641975308642,0.2469135802469136,1.7901234567901236,0.8641975308641976,0.3703703703703704,0.9259259259259259,1.4197530864197532,False,2,1.0391364254660465,1.4972989079828725,1.3669512571706468,1.257877140495255,0.23497606612188787,-0.012269539483894202,-1.2318659650582402,-0.6236133323010072,0.44403869897587517,2.5252363051269198,-0.14140114416806232
Joaquín Panichelli,ar ARG,FW,Strasbourg,fr Ligue 1,23.0,2002.0,26,24,2148,23.9,14,1,15,9,5,6,3,0,0.42,1954,ar ARG,FW,fr Ligue 1,23-161,2002.0,23.9,14,56,29,51.8,2.3430962343096238,1.2133891213389123,0.16,0.31,5,6,2452,ar ARG,FW,fr Ligue 1,23-161,2002.0,26,2148,83,91.8,23.9,24,87.0,19,2,28.0,0,1.42,37,28,9,0.38,0.38,1954,ar ARG,FW,fr Ligue 1,23-161,2002.0,23.9,3,0,0,43,40,14,0,13,10,0,0.5857740585774059,0.041841004184100423,0.0,0.5439330543933055,0.4184100418410042,1.7991631799163181,1.6736401673640169,False,2,2.631717383468626,-0.37928786319486024,1.232033890938704,1.9492361933944893,-0.8087999377842117,-0.6634402308736634,-1.1329687515949578,0.9566050683958522,0.8119769518048449,3.3513461496830854,-1.1051087096767362
Victor Parada,es ESP,DF,Alavés,es La Liga,23.0,2002.0,20,15,1325,14.7,0,2,2,0,0,0,8,1,0.14,1957,es ESP,DF,es La Liga,23-347,2002.0,14.7,0,6,2,33.3,0.40816326530612246,0.1360544217687075,0.0,0.0,0,0,2455,es ESP,DF,es La Liga,23-347,2002.0,20,1325,66,52.6,14.7,15,82.0,8,5,18.0,6,1.1,12,22,-10,-0.68,-0.53,1957,es ESP,DF,es La Liga,23-347,2002.0,14.7,8,1,1,25,10,2,29,4,5,0,0.0,0.1360544217687075,1.9727891156462587,0.272108843537415,0.3401360544217687,1.7006802721088436,0.6802721088435374,False,1,-0.7345208390382241,0.4828442487680965,-0.8391891688144025,-0.641791490967951,0.3414838216225103,-1.2161208193359812,-1.2941080559541567,0.7783894662094437,-0.6276319739772804,-0.23006485334778076,-0.1852251515126326
Aitor Paredes,es ESP,DF,Athletic Club,es La Liga,25.0,2000.0,17,16,1450,16.1,1,0,1,1,0,0,4,0,0.06,1958,es ESP,DF,es La Liga,25-322,2000.0,16.1,1,12,3,25.0,0.7453416149068323,0.18633540372670807,0.08,0.33,0,0,2456,es ESP,DF,es La Liga,25-322,2000.0,17,1450,85,57.5,16.1,16,90.0,16,1,10.0,9,1.47,22,21,1,0.06,0.99,1958,es ESP,DF,es La Liga,25-322,2000.0,16.1,4,0,0,18,7,0,1,24,12,0,0.06211180124223602,0.0,0.06211180124223602,1.4906832298136645,0.7453416149068323,1.1180124223602483,0.43478260869565216,False,1,-0.3775860851876753,-0.7621682875409468,-0.478261124210279,-0.5208639683493237,-0.772584107278153,1.2615187064872588,-0.45992872905562016,-0.27601179010403676,-0.9834002841895643,-1.4852649342331976,-1.2406740680278268
Daniel Parejo,es ESP,MF,Villarreal,es La Liga,36.0,1989.0,23,12,1049,11.7,0,0,0,0,0,0,2,0,0.0,1960,es ESP,MF,es La Liga,36-335,1989.0,11.7,0,2,0,0.0,0.17094017094017094,0.0,0.0,,0,0,2458,es ESP,MF,es La Liga,36-335,1989.0,23,1049,46,41.6,11.7,12,73.0,2,11,16.0,4,1.83,16,18,-2,-0.17,-1.4,1960,es ESP,MF,es La Liga,36-335,1989.0,11.7,2,0,0,11,18,0,29,14,20,0,0.0,0.0,2.4786324786324787,1.1965811965811965,1.7094017094017095,0.9401709401709403,1.5384615384615385,False,4,-0.7345208390382241,-0.7621682875409468,-1.0931214503082618,-0.9690071404065893,0.6364283753165414,0.663542226455984,1.5247404836589973,-0.5978354196829913,0.6160733699715003,-2.004305635847468,1.0507871375186624
Thomas Partey,gh GHA,MF,Villarreal,es La Liga,32.0,1993.0,18,7,753,8.4,0,0,0,0,0,0,0,0,0.0,1962,gh GHA,MF,es La Liga,32-277,1993.0,8.4,0,8,1,12.5,0.9523809523809523,0.11904761904761904,0.0,0.0,0,0,2460,gh GHA,MF,es La Liga,32-277,1993.0,18,753,42,29.9,8.4,7,75.0,3,11,21.0,4,2.28,12,11,1,0.12,-0.75,1962,gh GHA,MF,es La Liga,32-277,1993.0,8.4,0,0,0,8,4,0,2,11,4,0,0.0,0.0,0.23809523809523808,1.3095238095238095,0.47619047619047616,0.9523809523809523,0.47619047619047616,False,1,-0.7345208390382241,-0.7621682875409468,-0.2566386406814312,-0.6826934471477808,-0.6699725875109865,0.8931803061069836,-1.0140186469225314,-0.5757400660104066,-0.9233911716236368,-1.3377059975311176,-1.488411942349496
Mario Pašalić,hr CRO,MF,Atalanta,it Serie A,31.0,1995.0,24,19,1599,17.8,3,3,6,3,0,0,2,0,0.34,1963,hr CRO,MF,it Serie A,31-036,1995.0,17.8,3,16,6,37.5,0.898876404494382,0.33707865168539325,0.19,0.5,0,0,2461,hr CRO,MF,it Serie A,31-036,1995.0,24,1599,67,61.3,17.8,19,79.0,11,5,19.0,4,1.42,22,21,1,0.06,-1.01,1963,hr CRO,MF,it Serie A,31-036,1995.0,17.8,2,0,0,20,4,1,9,10,17,0,0.16853932584269662,0.16853932584269662,0.5056179775280899,0.5617977528089887,0.9550561797752809,1.1235955056179774,0.2247191011235955,False,1,0.2340155997809617,0.7801084779430083,-0.31391186676191996,-0.15832117747153582,-0.5139868006871382,-0.627117226377511,-0.028198339291557423,-0.26590858979258614,-1.2878285350155891,-0.04765504570500799,-0.6549517995023911
Benjamin Pavard,fr FRA,DF,Marseille,fr Ligue 1,29.0,1996.0,21,17,1475,16.4,1,2,3,1,0,0,4,0,0.18,1966,fr FRA,DF,fr Ligue 1,29-354,1996.0,16.4,1,8,3,37.5,0.48780487804878053,0.1829268292682927,0.13,0.33,0,0,2466,fr FRA,DF,fr Ligue 1,29-354,1996.0,21,1475,70,63.0,16.4,17,82.0,12,4,19.0,1,2.0,34,18,16,0.98,0.56,1966,fr FRA,DF,fr Ligue 1,29-354,1996.0,16.4,4,0,0,14,10,4,11,15,9,1,0.06097560975609757,0.12195121951219513,0.6707317073170732,0.9146341463414634,0.5487804878048781,0.853658536585366,0.6097560975609757,False,1,-0.38411537946542923,0.3537880712238664,-0.7539378720144555,-0.5290617093015907,-0.41771313396573617,0.09027959782161692,-0.8645807000306579,-0.7543890841192336,-0.7298251926762246,-0.7677951233840314,-0.9542107738528596
Aleksandar Pavlovic,de GER,MF,Bayern Munich,de Bundesliga,21.0,2004.0,21,14,1337,14.9,3,1,4,3,0,0,2,0,0.27,1968,de GER,MF,de Bundesliga,21-318,2004.0,14.9,3,9,5,55.6,0.6040268456375839,0.33557046979865773,0.33,0.6,0,0,2469,de GER,MF,de Bundesliga,21-318,2004.0,21,1337,64,57.1,14.9,14,83.0,8,7,24.0,4,2.48,52,20,32,2.15,-1.08,1968,de GER,MF,de Bundesliga,21-318,2004.0,14.9,2,0,0,17,9,0,9,12,15,0,0.20134228187919462,0.06711409395973154,0.6040268456375839,0.8053691275167785,1.006711409395973,1.1409395973154361,0.6040268456375839,False,1,0.42252269190013203,-0.1480178082207141,-0.6295296247128549,-0.161948407730753,-0.45660706259441924,-0.13188109460613945,0.078142068831659,-0.23452255728142676,-0.738128139540908,-0.42376401172878825,-0.7141658324825547
Strahinja Pavlović,rs SRB,DF,Milan,it Serie A,24.0,2001.0,25,24,2059,22.9,3,1,4,3,0,0,2,0,0.17,1969,rs SRB,DF,it Serie A,24-297,2001.0,22.9,3,17,4,23.5,0.7423580786026202,0.17467248908296945,0.18,0.75,0,0,2470,rs SRB,DF,it Serie A,24-297,2001.0,25,2059,82,78.9,22.9,24,85.0,20,1,29.0,3,2.0,35,19,16,0.7,-0.44,1969,rs SRB,DF,it Serie A,24-297,2001.0,22.9,2,0,0,18,20,3,14,14,18,0,0.13100436681222707,0.04366812227074236,0.6113537117903931,0.6113537117903931,0.7860262008733625,0.7860262008733625,0.8733624454148472,False,1,0.018315344847431265,-0.3625681940094416,-0.4814548106541444,-0.5489136865421365,-0.4523349510564547,-0.5263586644914349,-0.3761731150011658,-0.8767771990168042,-0.3478015831910626,-0.46825199571076837,-1.0191947499001601
Martín Payero,ar ARG,MF,Cremonese,it Serie A,27.0,1998.0,19,15,1234,13.7,1,0,1,1,0,0,6,0,0.07,1971,ar ARG,MF,it Serie A,27-187,1998.0,13.7,1,20,6,30.0,1.4598540145985401,0.43795620437956206,0.05,0.17,0,0,2472,ar ARG,MF,it Serie A,27-187,1998.0,19,1234,65,47.3,13.7,15,74.0,4,4,31.0,3,1.05,15,12,3,0.22,1.79,1971,ar ARG,MF,it Serie A,27-187,1998.0,13.7,6,0,0,33,26,1,26,9,9,0,0.07299270072992702,0.0,1.8978102189781023,0.6569343065693432,0.6569343065693432,2.408759124087591,1.8978102189781023,False,0,-0.3150573691846594,-0.7621682875409468,0.2865790963184746,0.08429286983019557,0.2977655111089399,-0.4336829242931197,-0.6419290670411018,2.0597356592721545,1.1368486893532934,0.5765000076056689,0.6864510435763149
Nicolás Paz,ar ARG,MF,Como,it Serie A,21.0,2004.0,28,26,2293,25.5,9,6,15,9,0,2,5,0,0.59,1972,ar ARG,MF,it Serie A,21-190,2004.0,25.5,9,100,39,39.0,3.9215686274509802,1.5294117647058822,0.09,0.23,0,2,2473,ar ARG,MF,it Serie A,21-190,2004.0,28,2293,82,87.9,25.5,26,86.0,16,2,25.0,0,1.82,38,21,17,0.67,-1.89,1972,ar ARG,MF,it Serie A,21-190,2004.0,25.5,5,0,0,45,36,0,48,20,39,0,0.35294117647058826,0.23529411764705882,1.8823529411764706,0.7843137254901961,1.5294117647058822,1.7647058823529411,1.411764705882353,False,2,1.2937084093125415,1.390971039958222,2.9216885054558093,2.7092817188712806,0.2887527608464616,-0.1746915269282685,1.1542028959340516,0.8942508165598049,0.4324617775865225,3.6241622556831823,1.3870606234915093
Alfonso Pedraza,es ESP,DF,Villarreal,es La Liga,29.0,1996.0,21,13,1215,13.5,1,2,3,1,0,0,6,0,0.22,1976,es ESP,DF,es La Liga,29-342,1996.0,13.5,1,10,3,30.0,0.7407407407407407,0.2222222222222222,0.1,0.33,0,0,2480,es ESP,DF,es La Liga,29-342,1996.0,21,1215,58,48.2,13.5,13,81.0,8,8,21.0,5,1.86,24,16,8,0.59,-0.1,1976,es ESP,DF,es La Liga,29-342,1996.0,13.5,6,0,0,22,20,3,56,16,25,0,0.07407407407407407,0.14814814814814814,4.148148148148148,1.1851851851851851,1.8518518518518519,1.6296296296296295,1.4814814814814814,False,4,-0.30884309555719924,0.5935120297733446,-0.48318606828869787,-0.43455491299014665,1.6098810091981977,0.6403715373380453,1.8179964888416817,0.6498155510289727,0.5334967278936,-0.8463875082148066,2.5586815578362114
Pedri,es ESP,MF,Barcelona,es La Liga,23.0,2002.0,20,15,1361,15.1,2,7,9,2,0,0,2,1,0.6,1977,es ESP,MF,es La Liga,23-112,2002.0,15.1,2,17,9,52.9,1.1258278145695364,0.5960264900662252,0.12,0.22,0,0,2481,es ESP,MF,es La Liga,23-112,2002.0,20,1361,68,54.0,15.1,15,80.0,5,5,32.0,0,2.45,43,17,26,1.72,-0.07,1977,es ESP,MF,es La Liga,23-112,2002.0,15.1,2,1,1,8,29,0,6,15,20,0,0.13245033112582782,0.4635761589403974,0.3973509933774835,0.9933774834437087,1.3245033112582782,0.5298013245033113,1.9205298013245033,False,3,0.026624795000694628,3.4799439636577474,-0.07097477202978056,0.46445744306135306,-0.5771145585202864,0.2503827532768457,0.732366641840882,-1.3404441606655655,1.1697743640368898,0.9162251619532985,1.414955400378604
Zé Pedro Figueiredo,pt POR,DF,Cagliari,it Serie A,28.0,1997.0,15,13,1126,12.5,0,0,0,0,0,0,3,0,0.0,1979,pt POR,DF,it Serie A,28-284,1997.0,12.5,0,3,0,0.0,0.24,0.0,0.0,,0,0,2483,pt POR,DF,it Serie A,28-284,1997.0,15,1126,75,43.1,12.5,13,85.0,9,2,13.0,4,1.07,14,17,-3,-0.24,0.18,1979,pt POR,DF,it Serie A,28-284,1997.0,12.5,3,0,0,22,11,0,3,14,13,0,0.0,0.0,0.24,1.12,1.04,1.76,0.88,False,1,-0.7345208390382241,-0.7621682875409468,-1.0191972820074906,-0.9690071404065893,-0.6688619687088008,0.5078351955834364,0.14667186410452468,0.8857350073090534,-0.338182305880713,-1.7919173634041279,-0.23190359288365403
Dženan Pejčinović,de GER,FW,Wolfsburg,de Bundesliga,21.0,2005.0,23,11,984,10.9,5,0,5,5,0,0,1,0,0.46,1982,de GER,FW,de Bundesliga,21-030,2005.0,10.9,5,31,13,41.9,2.8440366972477062,1.1926605504587156,0.16,0.38,0,0,2486,de GER,FW,de Bundesliga,21-030,2005.0,23,984,43,42.1,10.9,11,74.0,4,12,14.0,2,0.74,12,32,-20,-1.83,-1.76,1982,de GER,FW,de Bundesliga,21-030,2005.0,10.9,1,0,0,13,7,4,3,1,7,0,0.4587155963302752,0.0,0.27522935779816515,0.09174311926605504,0.6422018348623852,1.1926605504587156,0.6422018348623852,False,2,1.901556930225003,-0.7621682875409468,1.7682588946064541,1.899383254443126,-0.648320615450025,-1.5828454547716957,-0.6722581753518325,-0.14092783089394098,-0.6828041790428088,2.992366602792865,-1.8294086961690246
Lorenzo Pellegrini,it ITA,MF,Roma,it Serie A,29.0,1996.0,21,17,1249,13.9,3,2,5,1,2,2,2,0,0.22,1983,it ITA,MF,it Serie A,29-271,1996.0,13.9,3,28,10,35.7,2.014388489208633,0.7194244604316546,0.04,0.1,2,2,2488,it ITA,MF,it Serie A,29-271,1996.0,21,1249,59,47.9,13.9,17,66.0,1,4,30.0,3,1.57,17,9,8,0.58,0.05,1983,it ITA,MF,it Serie A,29-271,1996.0,13.9,2,0,0,17,31,4,75,13,4,0,0.2158273381294964,0.14388489208633093,5.39568345323741,0.935251798561151,0.28776978417266186,1.223021582733813,2.2302158273381294,False,3,0.5057632336942584,0.5544996465412787,0.8801730913766154,0.7612338836034768,2.337287496465133,0.1321999849924619,-1.401912252955538,-0.08598621949792978,1.6185775678596752,2.0354735810617917,1.3166898040539015
Luca Pellegrini,it ITA,DF,Lazio,it Serie A,27.0,1999.0,21,14,1215,13.5,0,0,0,0,0,0,6,0,0.0,1984,it ITA,DF,it Serie A,27-010,1999.0,13.5,0,5,3,60.0,0.37037037037037035,0.2222222222222222,0.0,0.0,0,0,2489,it ITA,DF,it Serie A,27-010,1999.0,21,1215,58,46.6,13.5,14,73.0,2,7,27.0,4,1.43,12,13,-1,-0.07,-0.2,1984,it ITA,DF,it Serie A,27-010,1999.0,13.5,6,0,0,21,11,0,48,14,13,0,0.0,0.0,3.5555555555555554,1.037037037037037,0.9629629629629629,1.5555555555555556,0.8148148148148148,False,4,-0.7345208390382241,-0.7621682875409468,-0.8796440666014145,-0.43455491299014665,1.2643551596292821,0.33915257880484234,-0.011920983498271438,0.5157704054152907,-0.43264998441783076,-1.2393435739124465,0.5516629688212067
Mateo Pellegrino,ar ARG,FW,Parma,it Serie A,25.0,2001.0,29,27,2385,26.5,8,1,9,7,1,1,4,0,0.3,1985,ar ARG,FW,it Serie A,25-016,2001.0,26.5,8,62,20,32.3,2.339622641509434,0.7547169811320755,0.11,0.35,1,1,2490,ar ARG,FW,it Serie A,25-016,2001.0,29,2385,82,91.4,26.5,27,85.0,16,2,39.0,0,1.17,20,31,-11,-0.42,1.18,1985,ar ARG,FW,it Serie A,25-016,2001.0,26.5,4,0,0,68,56,9,8,3,9,0,0.3018867924528302,0.03773584905660377,0.3018867924528302,0.11320754716981132,0.33962264150943394,2.5660377358490565,2.1132075471698113,False,0,1.0003167570353866,-0.41685348973447633,1.228315630087709,0.8461136319511406,-0.632777335173632,-1.5392033795956024,-1.2951649971203139,2.3443485238811803,1.4490068200629223,2.6623893170917605,-0.12732994923664287
Kojo Peprah Oppong,gh GHA,DF,Nice,fr Ligue 1,21.0,2004.0,23,22,1885,20.9,1,0,1,1,0,0,3,0,0.05,1991,gh GHA,DF,fr Ligue 1,21-286,2004.0,20.9,1,10,3,30.0,0.47846889952153115,0.14354066985645933,0.1,0.33,0,0,2499,gh GHA,DF,fr Ligue 1,21-286,2004.0,23,1885,82,80.6,20.9,22,83.0,17,1,53.0,2,1.04,28,38,-10,-0.48,0.71,1991,gh GHA,DF,fr Ligue 1,21-286,2004.0,20.9,3,0,0,24,24,1,5,26,23,0,0.04784688995215311,0.0,0.23923444976076558,1.244019138755981,1.1004784688995215,1.1483253588516746,1.1483253588516746,False,1,-0.4595615310480884,-0.7621682875409468,-0.7639314450843057,-0.6237868021232411,-0.6693083418158995,0.7599943773297003,0.2711762969115778,-0.22115721329342097,0.05068018904578247,-1.4765134411445424,-0.431861629279531
Ayoze Pérez,es ESP,FW,Villarreal,es La Liga,32.0,1993.0,18,9,819,9.1,2,3,5,2,0,0,3,0,0.55,1996,es ESP,FW,es La Liga,32-231,1993.0,9.1,2,13,5,38.5,1.4285714285714286,0.5494505494505495,0.15,0.4,0,0,2507,es ESP,FW,es La Liga,32-231,1993.0,18,819,46,32.5,9.1,9,66.0,0,9,25.0,0,1.89,14,14,0,0.0,-0.95,1996,es ESP,FW,es La Liga,32-231,1993.0,9.1,3,0,0,14,18,5,7,3,10,0,0.21978021978021978,0.32967032967032966,0.7692307692307693,0.32967032967032966,1.098901098901099,1.5384615384615385,1.978021978021978,False,0,0.5284790592021793,2.2545928581309655,0.25309307143491877,0.35244067463406575,-0.3602808061322538,-1.099085195730066,0.26792903287606235,0.48483691027367193,1.2530931802867293,1.6959445203465515,1.285231486372796
Romain Perraud,fr FRA,DF,Lille,fr Ligue 1,28.0,1997.0,22,20,1670,18.6,2,3,5,2,0,0,4,1,0.27,2003,fr FRA,DF,fr Ligue 1,28-176,1997.0,18.6,2,23,10,43.5,1.2365591397849462,0.5376344086021505,0.09,0.2,0,0,2514,fr FRA,DF,fr Ligue 1,28-176,1997.0,22,1670,76,71.4,18.6,20,82.0,12,2,12.0,2,1.73,33,24,9,0.49,0.75,2003,fr FRA,DF,fr Ligue 1,28-176,1997.0,18.6,4,1,0,18,39,1,99,16,26,0,0.1075268817204301,0.16129032258064516,5.32258064516129,0.8602150537634408,1.3978494623655913,0.9677419354838709,2.096774193548387,False,3,-0.11660153398512352,0.7137739934060641,0.047556090742842186,0.3240224420525461,2.294663086065625,-0.020366823315432242,0.8833612207110603,-0.5479426855836061,1.425191274202537,0.5655387954519318,2.3492584327574444
Máximo Perrone,ar ARG,MF,Como,it Serie A,23.0,2003.0,27,25,2053,22.8,2,4,6,2,0,0,7,0,0.26,2006,ar ARG,MF,it Serie A,23-069,2003.0,22.8,2,12,5,41.7,0.5263157894736842,0.21929824561403508,0.17,0.4,0,0,2517,ar ARG,MF,it Serie A,23-069,2003.0,27,2053,76,78.7,22.8,25,80.0,15,2,25.0,1,1.89,38,16,22,0.96,0.32,2006,ar ARG,MF,it Serie A,23-069,2003.0,22.8,7,0,0,33,18,0,8,18,29,0,0.08771929824561403,0.17543859649122806,0.3508771929824561,0.7894736842105263,1.2719298245614035,1.4473684210526316,0.7894736842105263,False,1,-0.23042877438964202,0.8432426145417667,-0.7127143831013233,-0.441587179140363,-0.6042122636973537,-0.16420015453353615,0.6241358572163833,0.3199939427426762,-0.4693748594472126,-0.6992294899941098,0.27386724307286076
Prosper Peter,ng NGA,FW,Angers,fr Ligue 1,18.0,2007.0,23,10,970,10.8,3,0,3,3,0,0,0,0,0.28,2008,ng NGA,FW,fr Ligue 1,18-220,2007.0,10.8,3,17,10,58.8,1.574074074074074,0.9259259259259258,0.18,0.3,0,0,2520,ng NGA,FW,fr Ligue 1,18-220,2007.0,23,970,42,41.5,10.8,10,74.0,5,13,18.0,1,1.22,10,21,-11,-1.02,-1.15,2008,ng NGA,FW,fr Ligue 1,18-220,2007.0,10.8,0,0,0,25,20,11,0,3,2,0,0.27777777777777773,0.0,0.0,0.27777777777777773,0.18518518518518517,2.314814814814815,1.8518518518518516,False,0,0.8617706990156189,-0.7621682875409468,0.40884442791491443,1.257877140495255,-0.8087999377842117,-1.2045945836778227,-1.6130987717957301,1.8897331479555326,1.0702449013999502,2.151355522550965,-0.8093113774289992
Léo Pétrot,fr FRA,DF,Elche,es La Liga,28.0,1997.0,25,14,1252,13.9,0,0,0,0,0,0,1,0,0.0,2009,fr FRA,DF,es La Liga,28-336,1997.0,13.9,0,6,0,0.0,0.4316546762589928,0.0,0.0,,0,0,2522,fr FRA,DF,es La Liga,28-336,1997.0,25,1252,50,49.7,13.9,14,80.0,8,11,12.0,3,1.04,14,22,-8,-0.58,-0.5,2009,fr FRA,DF,es La Liga,28-336,1997.0,13.9,1,0,0,13,5,2,15,10,19,0,0.0,0.0,1.079136690647482,0.7194244604316546,1.3669064748201438,0.935251798561151,0.3597122302158273,False,1,-0.7345208390382241,-0.7621682875409468,-0.8140431028518282,-0.9690071404065893,-0.17958245093434277,-0.3066261956044704,0.8196602179607719,-0.6067371449036013,-1.0921937832299506,-1.7881899585428682,-0.4803280445413759
Giuseppe Pezzella,it ITA,MF,Cremonese,it Serie A,28.0,1997.0,22,21,1807,20.1,0,1,1,0,0,0,7,1,0.05,2011,it ITA,MF,it Serie A,28-108,1997.0,20.1,0,3,0,0.0,0.14925373134328357,0.0,0.0,,0,0,2524,it ITA,MF,it Serie A,28-108,1997.0,22,1807,82,69.2,20.1,21,84.0,15,1,34.0,0,0.73,17,34,-17,-0.85,-0.4,2011,it ITA,MF,it Serie A,28-108,1997.0,20.1,7,1,0,32,21,6,90,8,23,0,0.0,0.04975124378109452,4.477611940298507,0.3980099502487562,1.144278606965174,1.5920398009950247,1.044776119402985,False,3,-0.7345208390382241,-0.30690250933838625,-1.1163354088776631,-0.9690071404065893,1.80198306735405,-0.9601351677040479,0.3613457645909726,0.5817926413145668,-0.09938544683776847,-1.0092851251668475,1.2939441945432084
Gabriele Piccinini,it ITA,MF,Pisa,it Serie A,24.0,2001.0,17,5,657,7.3,0,0,0,0,0,0,2,0,0.0,2014,it ITA,MF,it Serie A,24-345,2001.0,7.3,0,13,6,46.2,1.7808219178082192,0.8219178082191781,0.0,0.0,0,0,2529,it ITA,MF,it Serie A,24-345,2001.0,17,657,39,25.2,7.3,5,77.0,1,12,23.0,12,0.59,6,16,-10,-1.37,-0.63,2014,it ITA,MF,it Serie A,24-345,2001.0,7.3,2,0,0,5,10,0,17,1,9,0,0.0,0.0,2.328767123287671,0.136986301369863,1.2328767123287672,0.684931506849315,1.36986301369863,False,0,-0.7345208390382241,-0.7621682875409468,0.6301548858771502,1.007733974695322,0.5490456525593868,-1.4908557514619454,0.5437388882396598,-1.0597191142633293,0.3717370043711382,0.7480538970929838,-0.0005360896684250831
Roberto Piccoli,it ITA,FW,Fiorentina,it Serie A,25.0,2001.0,25,12,1245,13.8,3,1,4,3,0,0,0,0,0.29,2015,it ITA,FW,it Serie A,25-049,2001.0,13.8,3,40,14,35.0,2.898550724637681,1.0144927536231882,0.08,0.21,0,0,2530,it ITA,FW,it Serie A,25-049,2001.0,25,1245,50,47.7,13.8,12,81.0,6,13,21.0,3,1.04,16,18,-2,-0.14,0.32,2015,it ITA,FW,it Serie A,25-049,2001.0,13.8,0,0,0,25,33,8,4,3,0,0,0.21739130434782608,0.07246376811594203,0.2898550724637681,0.21739130434782608,0.0,1.8115942028985506,2.391304347826087,False,0,0.5147507994386967,-0.09906378450678248,1.8266127044897382,1.4708834630163008,-0.6397927287559377,-1.327374050471248,-1.9943315785332205,0.9791003652538873,1.8520302845505043,3.2324641431585066,-0.5826190602616289
Charles Pickel,cd COD,MF,Espanyol,es La Liga,28.0,1997.0,17,4,553,6.1,1,0,1,1,0,0,3,2,0.16,2016,cd COD,MF,es La Liga,28-306,1997.0,6.1,1,8,3,37.5,1.3114754098360657,0.49180327868852464,0.13,0.33,0,0,2531,cd COD,MF,es La Liga,28-306,1997.0,17,553,33,21.9,6.1,4,64.0,1,13,23.0,6,1.35,6,6,0,0.0,0.32,2016,cd COD,MF,es La Liga,28-306,1997.0,6.1,3,2,1,11,1,0,2,4,4,0,0.1639344262295082,0.0,0.3278688524590164,0.6557377049180328,0.6557377049180328,1.8032786885245902,0.1639344262295082,False,1,0.20755285555092942,-0.7621682875409468,0.12774920779975088,0.21379696944947246,-0.6176278488833771,-0.4361158882396306,-0.6443924595939107,0.9640525317298998,-1.3759189057273515,0.09430890612703435,-1.2520120057044364
Amos Pieper,de GER,DF,Werder Bremen,de Bundesliga,28.0,1998.0,12,12,959,10.7,0,0,0,0,0,0,3,0,0.0,2018,de GER,DF,de Bundesliga,28-059,1998.0,10.7,0,8,2,25.0,0.7476635514018692,0.1869158878504673,0.0,0.0,0,0,2533,de GER,DF,de Bundesliga,28-059,1998.0,12,959,80,41.0,10.7,12,80.0,10,0,,3,0.92,12,19,-7,-0.66,0.06,2018,de GER,DF,de Bundesliga,28-059,1998.0,10.7,3,0,0,7,9,0,4,20,17,0,0.0,0.0,0.3738317757009346,1.869158878504673,1.5887850467289721,0.6542056074766356,0.8411214953271029,False,1,-0.7345208390382241,-0.7621682875409468,-0.4757756384136937,-0.5194678837011701,-0.5908280233365312,2.031045981407226,1.276432127868799,-1.1153209926128784,-0.3945258150846692,-2.2715547878620286,-0.22430734317342457
Marvin Pieringer,de GER,FW,Heidenheim,de Bundesliga,26.0,1999.0,19,13,1068,11.9,2,0,2,2,0,0,2,0,0.17,2019,de GER,FW,de Bundesliga,26-164,1999.0,11.9,2,19,4,21.1,1.5966386554621848,0.3361344537815126,0.11,0.5,0,0,2535,de GER,FW,de Bundesliga,26-164,1999.0,19,1068,56,45.6,11.9,13,73.0,3,6,21.0,0,0.58,13,27,-14,-1.18,0.24,2019,de GER,FW,de Bundesliga,26-164,1999.0,11.9,2,0,0,26,19,8,14,8,12,0,0.1680672268907563,0.0,1.1764705882352942,0.6722689075630252,1.0084033613445378,2.1848739495798317,1.5966386554621848,False,0,0.2313026125573785,-0.7621682875409468,0.43299838159363035,-0.16059200649936514,-0.12282950114004082,-0.4025041846424557,0.08162521781882705,1.6545909282340518,0.700384815454398,0.4185724692666604,0.43914873120303966
Andrea Pinamonti,it ITA,FW,Sassuolo,it Serie A,26.0,1999.0,27,26,2024,22.5,6,3,9,6,0,1,1,1,0.4,2023,it ITA,FW,it Serie A,26-302,1999.0,22.5,6,56,24,42.9,2.488888888888889,1.0666666666666667,0.11,0.25,0,1,2540,it ITA,FW,it Serie A,26-302,1999.0,27,2024,75,77.5,22.5,26,77.0,5,1,20.0,0,1.41,29,32,-3,-0.13,0.02,2023,it ITA,FW,it Serie A,26-302,1999.0,22.5,1,1,0,10,25,10,8,0,4,0,0.26666666666666666,0.13333333333333333,0.35555555555555557,0.0,0.17777777777777778,0.4444444444444444,1.1111111111111112,False,2,0.7979190374934654,0.4579439980419155,1.3880956837473246,1.5963635511923355,-0.6014844280428622,-1.7693801309275783,-1.6283480840652298,-1.494906778789941,-0.003251445612750275,2.849512485098086,-1.7964763459332895
Jakub Piotrowski,pl POL,MF,Udinese,it Serie A,28.0,1997.0,25,15,1314,14.6,1,1,2,1,0,0,2,0,0.14,2029,pl POL,MF,it Serie A,28-164,1997.0,14.6,1,25,6,24.0,1.7123287671232876,0.4109589041095891,0.04,0.17,0,0,2549,pl POL,MF,it Serie A,28-164,1997.0,25,1314,53,50.3,14.6,15,73.0,4,10,21.0,1,1.2,17,20,-3,-0.21,0.21,2029,pl POL,MF,it Serie A,28-164,1997.0,14.6,2,0,0,21,25,2,23,12,19,0,0.0684931506849315,0.0684931506849315,1.5753424657534247,0.8219178082191781,1.3013698630136987,1.4383561643835616,1.7123287671232876,False,4,-0.3409147063674134,-0.13539827782372305,0.5568373108467163,0.019363417144366405,0.1097426674482226,-0.09823385413378088,0.6847428030603754,0.3036852777662457,0.8680452469968732,0.17556442386994778,0.8335156067866386
Niccolò Pisilli,it ITA,MF,Roma,it Serie A,21.0,2004.0,16,6,692,7.7,1,2,3,1,0,0,0,0,0.39,2031,it ITA,MF,it Serie A,21-175,2004.0,7.7,1,12,4,33.3,1.5584415584415585,0.5194805194805194,0.08,0.25,0,0,2551,it ITA,MF,it Serie A,21-175,2004.0,16,692,43,26.5,7.7,6,86.0,5,10,18.0,13,1.69,14,10,4,0.52,-0.04,2031,it ITA,MF,it Serie A,21-175,2004.0,7.7,0,0,0,10,1,1,5,15,9,0,0.12987012987012986,0.2597402597402597,0.6493506493506493,1.948051948051948,1.1688311688311688,1.2987012987012987,0.12987012987012986,False,1,0.011797282649286993,1.6146738272308627,0.39211081110301427,0.28036170290457524,-0.430179891584507,2.19145357705772,0.4118910717839255,0.05096451088473066,-1.4252855676295748,-0.5151763404538453,0.2303672493670525
Tommaso Pobega,it ITA,MF,Bologna,it Serie A,26.0,1999.0,20,13,1137,12.6,2,1,3,2,0,0,1,1,0.24,2033,it ITA,MF,it Serie A,26-245,1999.0,12.6,2,22,9,40.9,1.746031746031746,0.7142857142857143,0.09,0.22,0,0,2555,it ITA,MF,it Serie A,26-245,1999.0,20,1137,57,43.6,12.6,13,77.0,7,7,19.0,6,1.55,17,14,3,0.24,0.18,2033,it ITA,MF,it Serie A,26-245,1999.0,12.6,1,1,0,27,12,0,2,18,15,0,0.15873015873015872,0.07936507936507936,0.15873015873015872,1.4285714285714286,1.1904761904761905,2.142857142857143,0.9523809523809524,False,4,0.1776457541354006,-0.035910974694004984,0.5929142128458187,0.7488750191462622,-0.7162483709353948,1.1352312549283075,0.45645075049350237,1.5785569170666274,-0.23328637711547187,0.18435017653253036,0.2672101675638022
Ernest Poku,nl NED,MF,Leverkusen,de Bundesliga,22.0,2004.0,24,15,1383,15.4,5,4,9,5,0,0,0,0,0.59,2035,nl NED,MF,de Bundesliga,22-048,2004.0,15.4,5,26,9,34.6,1.6883116883116882,0.5844155844155844,0.19,0.56,0,0,2557,nl NED,MF,de Bundesliga,22-048,2004.0,24,1383,58,59.1,15.4,15,74.0,2,9,30.0,1,1.63,29,18,11,0.72,0.25,2035,nl NED,MF,de Bundesliga,22-048,2004.0,15.4,0,0,0,4,17,3,12,8,9,0,0.3246753246753247,0.2597402597402597,0.7792207792207793,0.5194805194805194,0.5844155844155844,0.2597402597402597,1.103896103896104,False,0,1.1312744651805537,1.6146738272308627,0.5311285507711095,0.4365328083184709,-0.35445588234456604,-0.7131578087981654,-0.7912202533746475,-1.8291492198006807,-0.013707578862874006,1.6982477981342259,-0.8103063164045369
Marin Pongračić,hr CRO,DF,Fiorentina,it Serie A,28.0,1997.0,27,27,2379,26.4,0,0,0,0,0,0,9,0,0.0,2038,hr CRO,DF,it Serie A,28-187,1997.0,26.4,0,8,1,12.5,0.30303030303030304,0.03787878787878788,0.0,0.0,0,0,2561,hr CRO,DF,it Serie A,28-187,1997.0,27,2379,88,91.1,26.4,27,88.0,24,0,,1,1.04,33,35,-2,-0.08,2.65,2038,hr CRO,DF,it Serie A,28-187,1997.0,26.4,9,0,0,56,19,0,4,33,12,0,0.0,0.0,0.15151515151515152,1.25,0.4545454545454546,2.121212121212121,0.7196969696969697,False,1,-0.7345208390382241,-0.7621682875409468,-0.9517273390219084,-0.8779073289151501,-0.7204552603376139,0.7721548316963217,-1.058578325632108,1.5393878810106811,-0.5704966744319616,-1.5163064320250617,-0.7070919496511285
Stefan Posch,at AUT,DF,Mainz 05,de Bundesliga,28.0,1997.0,8,8,720,8.0,0,0,0,0,0,0,4,0,0.0,2043,at AUT,DF,de Bundesliga,28-307,1997.0,8.0,0,5,1,20.0,0.625,0.125,0.0,0.0,0,0,2569,at AUT,DF,de Bundesliga,28-307,1997.0,8,720,90,30.8,8.0,8,90.0,8,0,,0,1.88,13,10,3,0.37,1.1,2043,at AUT,DF,de Bundesliga,28-307,1997.0,8.0,4,0,0,6,7,1,8,9,11,0,0.0,0.0,1.0,1.125,1.375,0.75,0.875,False,1,-0.7345208390382241,-0.7621682875409468,-0.6070791927614217,-0.6683777624848403,-0.22572506663666644,0.5180013354339317,0.8363220114926444,-0.9419705531335023,-0.34542840622304877,-1.6980339714199635,-0.2723283245627456
Kacper Potulski,pl POL,DF,Mainz 05,de Bundesliga,18.0,2007.0,11,7,771,8.6,1,0,1,1,0,0,3,0,0.12,2045,pl POL,DF,de Bundesliga,18-149,2007.0,8.6,1,9,2,22.2,1.0465116279069768,0.23255813953488372,0.11,0.5,0,0,2571,pl POL,DF,de Bundesliga,18-149,2007.0,11,771,70,32.9,8.6,7,90.0,7,4,35.0,5,1.45,8,14,-6,-0.7,-0.47,2045,pl POL,DF,de Bundesliga,18-149,2007.0,8.6,3,0,0,11,1,0,2,16,9,0,0.11627906976744186,0.0,0.23255813953488372,1.8604651162790697,1.0465116279069768,1.2790697674418605,0.11627906976744186,False,1,-0.06630577659708038,-0.7621682875409468,-0.1558777208444782,-0.40969666985449815,-0.6732011305405965,2.013369580884738,0.16007707349492212,0.015439106089802942,-1.4449820046821336,-1.6408394291306168,-0.9568211882506583
Alexander Prass,at AUT,MF,Hoffenheim,de Bundesliga,24.0,2001.0,24,10,999,11.1,3,2,5,3,0,0,2,0,0.45,2048,at AUT,MF,de Bundesliga,24-295,2001.0,11.1,3,16,9,56.3,1.4414414414414416,0.8108108108108109,0.19,0.33,0,0,2574,at AUT,MF,de Bundesliga,24-295,2001.0,24,999,42,42.7,11.1,10,79.0,3,14,15.0,2,2.04,23,14,9,0.81,0.07,2048,at AUT,MF,de Bundesliga,24-295,2001.0,11.1,2,0,0,22,17,2,36,6,20,0,0.2702702702702703,0.1801801801801802,3.2432432432432434,0.5405405405405406,1.8018018018018018,1.981981981981982,1.5315315315315317,False,3,0.8186276844736234,0.8866320983818403,0.26686960419482025,0.9810212569236746,1.082253698369989,-0.6703379849280539,1.7149605951288467,1.2874357031372985,0.6060302648539179,1.3038985868089605,2.2061367645374634
Matteo Prati,it ITA,MF,Cagliari,it Serie A,22.0,2003.0,20,15,1268,14.1,1,0,1,1,0,0,4,0,0.07,2050,it ITA,MF,it Serie A,22-079,2003.0,14.1,1,19,1,5.3,1.3475177304964538,0.07092198581560284,0.05,1.0,0,0,2576,it ITA,MF,it Serie A,22-079,2003.0,20,1268,63,48.6,14.1,15,74.0,5,5,30.0,2,1.05,13,20,-7,-0.5,-0.3,2050,it ITA,MF,it Serie A,22-079,2003.0,14.1,4,0,0,17,3,0,13,15,12,0,0.07092198581560284,0.0,0.9219858156028369,1.0638297872340425,0.851063829787234,1.2056737588652482,0.2127659574468085,False,1,-0.3269570420883066,-0.7621682875409468,0.16633022681936976,-0.798437280592831,-0.27121317715172316,0.3936283479012727,-0.24228293480347818,-0.11737900578125038,-1.30515127071326,-1.0471607515624135,-0.9750175248084515
Grischa Prömel,de GER,MF,Hoffenheim,de Bundesliga,31.0,1995.0,26,13,1402,15.6,7,2,9,7,0,0,3,0,0.58,2052,de GER,MF,de Bundesliga,31-067,1995.0,15.6,7,36,12,33.3,2.307692307692308,0.7692307692307693,0.19,0.58,0,0,2583,de GER,MF,de Bundesliga,31-067,1995.0,26,1402,54,59.9,15.6,13,85.0,8,13,22.0,0,1.92,32,21,11,0.71,-0.16,2052,de GER,MF,de Bundesliga,31-067,1995.0,15.6,3,0,0,18,24,1,10,14,15,0,0.44871794871794873,0.12820512820512822,0.6410256410256411,0.8974358974358975,0.9615384615384616,1.153846153846154,1.5384615384615385,False,0,1.8441039532025996,0.4110166024425748,1.1941362322651035,0.8810198006503277,-0.4350339947409134,0.05531163711009358,-0.014853543550098122,-0.21116673041275436,0.6160733699715003,2.019168203632305,-0.24560527402892013
Marc Pubill,es ESP,DF,Atlético Madrid,es La Liga,22.0,2003.0,12,9,841,9.3,0,1,1,0,0,0,1,0,0.11,2055,es ESP,DF,es La Liga,22-270,2003.0,9.3,0,6,2,33.3,0.6451612903225806,0.2150537634408602,0.0,0.0,0,0,2588,es ESP,DF,es La Liga,22-270,2003.0,12,841,70,33.4,9.3,9,87.0,8,3,19.0,15,2.42,18,5,13,1.39,0.91,2055,es ESP,DF,es La Liga,22-270,2003.0,9.3,1,0,0,9,8,1,4,15,7,0,0.0,0.1075268817204301,0.4301075268817204,1.6129032258064515,0.7526881720430108,0.9677419354838709,0.8602150537634408,False,1,-0.7345208390382241,0.22179323309039367,-0.5854978097887538,-0.45179530742293517,-0.5580150469680633,1.5100198208451956,-0.44480468663245376,-0.5479426855836061,-0.3668550470202782,-1.3757276514600967,-0.5047113946003127
Cameron Puertas,ch SUI,MF,Werder Bremen,de Bundesliga,27.0,1998.0,21,15,1282,14.2,0,1,1,0,0,0,4,0,0.07,2056,ch SUI,MF,de Bundesliga,27-211,1998.0,14.2,0,26,4,15.4,1.8309859154929577,0.28169014084507044,0.0,0.0,0,0,2589,ch SUI,MF,de Bundesliga,27-211,1998.0,21,1282,61,54.8,14.2,15,80.0,5,6,15.0,3,1.05,18,22,-4,-0.28,0.91,2056,ch SUI,MF,de Bundesliga,27-211,1998.0,14.2,4,0,0,26,17,2,52,13,30,0,0.0,0.07042253521126761,3.6619718309859155,0.9154929577464789,2.1126760563380285,1.8309859154929577,1.1971830985915493,False,4,-0.7345208390382241,-0.11774278459225189,0.6838522647726792,-0.2915324859350422,1.3264038157138414,0.09202575719133439,2.354944103964908,1.0141917919225032,0.12148580597675357,-0.6073793525012586,2.378465983964524
Christian Pulisic,us USA,FW,Milan,it Serie A,27.0,1998.0,22,14,1213,13.5,8,2,10,8,0,1,0,0,0.74,2057,us USA,FW,it Serie A,27-180,1998.0,13.5,8,44,23,52.3,3.259259259259259,1.7037037037037037,0.18,0.35,0,1,2590,us USA,FW,it Serie A,27-180,1998.0,22,1213,55,46.5,13.5,14,76.0,4,8,18.0,1,1.95,19,7,12,0.89,0.18,2057,us USA,FW,it Serie A,27-180,1998.0,13.5,0,0,0,10,18,3,29,3,6,0,0.5925925925925926,0.14814814814814814,2.1481481481481484,0.2222222222222222,0.4444444444444444,0.7407407407407407,1.3333333333333333,False,2,2.670901108809975,0.5935120297733446,2.212728320237775,3.1284599364528045,0.44373126690310777,-1.3175516931277738,-1.079372842363244,-0.9587261963352126,0.31879745849105984,4.769721817345505,-0.9481072307828081
Arkadiusz Pyrka,pl POL,MF,St Pauli,de Bundesliga,23.0,2002.0,23,22,1856,20.6,0,1,1,0,0,0,3,0,0.05,2058,pl POL,MF,de Bundesliga,23-178,2002.0,20.6,0,14,3,21.4,0.6796116504854368,0.14563106796116504,0.0,0.0,0,0,2592,pl POL,MF,de Bundesliga,23-178,2002.0,23,1856,81,79.3,20.6,22,84.0,15,1,9.0,2,1.04,18,32,-14,-0.68,0.25,2058,pl POL,MF,de Bundesliga,23-178,2002.0,20.6,3,0,0,13,22,0,33,18,15,0,0.0,0.04854368932038835,1.6019417475728155,0.8737864077669902,0.7281553398058251,0.6310679611650485,1.0679611650485437,False,1,-0.7345208390382241,-0.3179526495860212,-0.5486208835441948,-0.6187593214686293,0.1252520402676811,0.007226833236701219,-0.4953093772838659,-1.157191096394305,-0.06578521339989801,-0.9296950378881386,-0.5588276249393073
Jarell Quansah,eng ENG,DF,Leverkusen,de Bundesliga,23.0,2003.0,22,19,1789,19.9,3,0,3,3,0,0,7,0,0.15,2059,eng ENG,DF,de Bundesliga,23-047,2003.0,19.9,3,11,6,54.5,0.5527638190954774,0.30150753768844224,0.27,0.5,0,0,2593,eng ENG,DF,de Bundesliga,23-047,2003.0,22,1789,81,76.5,19.9,19,89.0,18,3,31.0,2,1.64,32,24,8,0.4,-0.9,2059,eng ENG,DF,de Bundesliga,23-047,2003.0,19.9,7,0,0,14,18,1,20,19,18,0,0.15075376884422112,0.0,1.0050251256281408,0.9547738693467337,0.9045226130653267,0.7035175879396985,0.9045226130653267,False,1,0.13180823689049495,-0.7621682875409468,-0.6844034443167599,-0.24387095245463183,-0.22279504215853801,0.17189280534796347,-0.1322296280365345,-1.0260855659903292,-0.30264364289518697,-0.7587882764774464,-0.9519992924927612
Leopold Querfeld,at AUT,DF,Union Berlin,de Bundesliga,22.0,2003.0,25,25,2250,25.0,2,0,2,0,2,3,6,0,0.0,2060,at AUT,DF,de Bundesliga,22-087,2003.0,25.0,2,26,9,34.6,1.04,0.36,0.0,0.0,2,3,2594,at AUT,DF,de Bundesliga,22-087,2003.0,25,2250,90,96.2,25.0,25,90.0,25,0,,0,1.12,30,42,-12,-0.48,-1.48,2060,at AUT,DF,de Bundesliga,22-087,2003.0,25.0,6,0,0,40,26,0,2,28,21,0,0.08,0.0,0.08,1.12,0.84,1.6,1.04,False,1,-0.2747888760787172,-0.7621682875409468,-0.16284800565202276,-0.10319453199195221,-0.762153948092408,0.5078351955834364,-0.2650595671719649,0.5961974927835002,-0.10630709492596958,-0.6088517340396381,-0.6093291097400622
Adrien Rabiot,fr FRA,MF,Milan,it Serie A,30.0,1995.0,20,19,1740,19.3,4,4,8,4,0,0,6,1,0.41,2065,fr FRA,MF,it Serie A,30-348,1995.0,19.3,4,29,6,20.7,1.5025906735751295,0.31088082901554404,0.14,0.67,0,0,2599,fr FRA,MF,it Serie A,30-348,1995.0,20,1740,87,66.7,19.3,19,90.0,18,1,31.0,0,2.35,32,11,21,1.09,0.88,2065,fr FRA,MF,it Serie A,30-348,1995.0,19.3,6,1,1,23,34,5,37,10,21,0,0.20725388601036268,0.20725388601036268,1.9170984455958548,0.5181347150259067,1.088082901554404,1.1917098445595855,1.761658031088083,False,3,0.45649460904339983,1.1343793066293053,0.3323259800540405,-0.22132785852866432,0.30901199135875057,-0.715894136057568,0.24565807348913113,-0.14264823728818407,0.9395342062973678,0.9607347263791431,0.9506047159444725
Antonio Raillo,es ESP,DF,Mallorca,es La Liga,34.0,1991.0,22,22,1942,21.6,0,1,1,0,0,0,3,0,0.05,2070,es ESP,DF,es La Liga,34-160,1991.0,21.6,0,12,1,8.3,0.5555555555555555,0.046296296296296294,0.0,0.0,0,0,2607,es ESP,DF,es La Liga,34-160,1991.0,22,1942,88,77.1,21.6,22,88.0,21,0,,5,1.0,23,30,-7,-0.32,0.45,2070,es ESP,DF,es La Liga,34-160,1991.0,21.6,3,0,0,23,14,0,4,11,12,0,0.0,0.046296296296296294,0.18518518518518517,0.5092592592592592,0.5555555555555555,1.0648148148148147,0.6481481481481481,False,1,-0.7345208390382241,-0.33851818838023073,-0.6814150674450562,-0.8576629263614971,-0.7008231097939255,-0.7339399609696933,-0.85063315832075,-0.37227868427535354,-0.6741866624956884,-0.9171052073998021,-1.2160846414899722
Ylber Ramadani,al ALB,MF,Lecce,it Serie A,29.0,1996.0,28,28,2429,27.0,1,0,1,1,0,0,7,0,0.04,2071,al ALB,MF,it Serie A,29-339,1996.0,27.0,1,25,5,20.0,0.9259259259259259,0.18518518518518517,0.04,0.2,0,0,2609,al ALB,MF,it Serie A,29-339,1996.0,28,2429,87,93.1,27.0,28,87.0,20,0,,0,0.96,21,35,-14,-0.52,1.47,2071,al ALB,MF,it Serie A,29-339,1996.0,27.0,7,0,0,36,44,0,14,34,38,0,0.037037037037037035,0.0,0.5185185185185185,1.2592592592592593,1.4074074074074074,1.3333333333333333,1.6296296296296295,False,4,-0.5216819672977117,-0.7621682875409468,-0.2849570691323395,-0.5236302842262204,-0.5064648194114104,0.7909810166046469,0.9030377526717053,0.11363496857424427,0.7481959972961402,-1.2052220742379147,0.3621395649681101
Largie Ramazani,be BEL,MF,Valencia,es La Liga,25.0,2001.0,17,5,638,7.1,4,1,5,1,3,3,4,0,0.28,2073,be BEL,MF,es La Liga,25-018,2001.0,7.1,4,26,9,34.6,3.6619718309859155,1.267605633802817,0.04,0.11,3,3,2612,be BEL,MF,es La Liga,25-018,2001.0,17,638,38,25.3,7.1,5,87.0,2,12,17.0,3,1.24,12,13,-1,-0.14,0.38,2073,be BEL,MF,es La Liga,25-018,2001.0,7.1,4,0,0,13,10,2,21,8,6,0,0.5633802816901409,0.14084507042253522,2.9577464788732395,1.1267605633802817,0.8450704225352114,1.8309859154929577,1.4084507042253522,False,2,2.5030281958878806,0.5266827183564431,2.6438065944594897,2.0796288047153726,0.9157877092719079,0.5215809621418528,-0.2546213055339691,1.0141917919225032,0.4276590598782636,3.680767067355838,0.638043561590051
Jacobo Ramón,es ESP,DF,Como,it Serie A,21.0,2005.0,26,25,2247,25.0,2,0,2,2,0,0,7,1,0.08,2074,es ESP,DF,it Serie A,21-070,2005.0,25.0,2,29,6,20.7,1.16,0.24,0.07,0.33,0,0,2613,es ESP,DF,it Serie A,21-070,2005.0,26,2247,86,86.1,25.0,25,88.0,23,1,45.0,1,1.88,44,18,26,1.04,1.04,2074,es ESP,DF,it Serie A,21-070,2005.0,25.0,7,1,0,26,7,0,9,32,29,0,0.08,0.0,0.36,1.28,1.16,1.04,0.28,False,1,-0.2747888760787172,-0.7621682875409468,-0.03439561419870269,-0.39179873479683125,-0.5988929841710953,0.8331516707992953,0.3937107228704181,-0.4171838080559367,-1.2077143469610008,-1.2679444665219113,-0.9119984046868016
Gonçalo Ramos,pt POR,FW,Paris Saint-Germain,fr Ligue 1,24.0,2001.0,23,10,1025,11.4,5,1,6,4,1,1,2,0,0.44,2075,pt POR,FW,fr Ligue 1,24-270,2001.0,11.4,5,47,21,44.7,4.12280701754386,1.8421052631578947,0.09,0.19,1,1,2615,pt POR,FW,fr Ligue 1,24-270,2001.0,23,1025,45,45.6,11.4,10,80.0,5,13,17.0,2,2.22,23,9,14,1.23,-0.09,2075,pt POR,FW,fr Ligue 1,24-270,2001.0,11.4,2,0,0,18,15,4,1,3,10,0,0.43859649122807015,0.08771929824561403,0.08771929824561403,0.2631578947368421,0.8771929824561403,1.5789473684210527,1.3157894736842104,False,2,1.785939484204686,0.040537163500409944,3.1371014426195303,3.4613205342297118,-0.7576530192624972,-1.2343201387962308,-0.1884919676714248,0.5581004513985588,0.29337254500918,4.575236812453959,-0.7611103913595748
Luca Ranieri,it ITA,DF,Fiorentina,it Serie A,26.0,1999.0,26,21,1765,19.6,1,0,1,1,0,0,7,0,0.05,2079,it ITA,DF,it Serie A,26-328,1999.0,19.6,1,15,3,20.0,0.7653061224489796,0.1530612244897959,0.07,0.33,0,0,2621,it ITA,DF,it Serie A,26-328,1999.0,26,1765,68,67.6,19.6,21,81.0,12,5,12.0,2,1.08,22,28,-6,-0.31,0.01,2079,it ITA,DF,it Serie A,26-328,1999.0,19.6,7,0,0,20,23,3,26,14,18,0,0.0510204081632653,0.0,1.3265306122448979,0.7142857142857142,0.9183673469387754,1.0204081632653061,1.173469387755102,False,1,-0.44132443408955896,-0.7621682875409468,-0.4568903847271401,-0.6008895347881211,-0.035333271976243585,-0.31707443799963564,-0.10372806756974876,-0.45263738126314734,0.08711942033474723,-0.7745682433941294,-0.41162315400218746
Andrei Ratiu,ro ROU,DF,Rayo Vallecano,es La Liga,27.0,1998.0,25,24,2133,23.7,0,3,3,0,0,0,6,0,0.13,2087,ro ROU,DF,es La Liga,27-270,1998.0,23.7,0,25,8,32.0,1.0548523206751055,0.33755274261603374,0.0,0.0,0,0,2630,ro ROU,DF,es La Liga,27-270,1998.0,25,2133,85,84.6,23.7,24,88.0,23,1,26.0,0,1.28,26,23,3,0.13,2.22,2087,ro ROU,DF,es La Liga,27-270,1998.0,23.7,6,0,0,16,17,4,77,34,27,0,0.0,0.12658227848101267,3.248945147679325,1.4345991561181435,1.139240506329114,0.6751054852320675,0.7172995780590717,False,3,-0.7345208390382241,0.39616616079721373,-0.14694953807411537,-0.15718097217908147,1.0855783355643531,1.147486999172425,0.3509740426619727,-1.0775003759929056,-0.5739710225055786,-0.9869557343715782,0.5650133396223879
Raúl,es ESP,FW,Osasuna,es La Liga,25.0,2000.0,26,5,778,8.6,5,0,5,5,0,0,1,1,0.58,2089,es ESP,FW,es La Liga,25-134,2000.0,8.6,5,26,15,57.7,3.0232558139534884,1.744186046511628,0.19,0.33,0,0,2632,es ESP,FW,es La Liga,25-134,2000.0,26,778,30,30.9,8.6,5,84.0,4,21,17.0,1,1.19,12,14,-2,-0.23,-0.23,2089,es ESP,FW,es La Liga,25-134,2000.0,8.6,1,1,0,7,11,5,6,7,12,0,0.5813953488372093,0.0,0.6976744186046512,0.813953488372093,1.3953488372093024,0.813953488372093,1.2790697674418605,False,2,2.6065544731674946,-0.7621682875409468,1.9601015957315326,3.2258213887340945,-0.40200351605336615,-0.1144271320096899,0.8782132908376361,-0.8262397152054104,0.24015760981454817,3.312749645393148,-0.8902112135692929
David Raum,de GER,DF,RB Leipzig,de Bundesliga,27.0,1998.0,25,25,2212,24.6,3,5,8,2,1,1,6,0,0.28,2090,de GER,DF,de Bundesliga,27-329,1998.0,24.6,3,21,6,28.6,0.8536585365853658,0.24390243902439024,0.1,0.33,1,1,2633,de GER,DF,de Bundesliga,27-329,1998.0,25,2212,88,94.5,24.6,25,88.0,23,0,,0,1.84,46,33,13,0.53,0.53,2090,de GER,DF,de Bundesliga,27-329,1998.0,24.6,6,0,0,25,12,6,217,29,31,0,0.12195121951219512,0.2032520325203252,8.821138211382113,1.178861788617886,1.2601626016260161,1.0162601626016259,0.4878048780487805,False,3,-0.03370991989263436,1.097758977067075,-0.3623147273396989,-0.38241323226659124,4.334584088192101,0.627514630571384,0.5999111795097005,-0.46014364252822443,-0.9065593473673401,-0.3537614783166238,2.6966986298978752
Abde Rebbach,dz ALG,MF,Alavés,es La Liga,27.0,1998.0,21,8,822,9.1,0,0,0,0,0,0,4,0,0.0,2093,dz ALG,MF,es La Liga,27-218,1998.0,9.1,0,26,8,30.8,2.857142857142857,0.8791208791208791,0.0,0.0,0,0,2637,dz ALG,MF,es La Liga,27-218,1998.0,21,822,39,32.6,9.1,8,69.0,2,13,21.0,7,0.9,6,9,-3,-0.33,0.15,2093,dz ALG,MF,es La Liga,27-218,1998.0,9.1,4,0,0,26,18,3,63,9,8,0,0.0,0.0,6.923076923076923,0.989010989010989,0.8791208791208791,2.857142857142857,1.978021978021978,False,3,-0.7345208390382241,-0.7621682875409468,1.7822882077839686,1.1453093636584586,3.227872247083409,0.24150467466495806,-0.1845230894057944,2.871135106912848,1.2530931802867293,1.6014626480525298,2.9169365003767735
Alejandro Rego,es ESP,MF,Athletic Club,es La Liga,22.0,2003.0,19,5,707,7.9,1,0,1,1,0,0,5,0,0.13,2097,es ESP,MF,es La Liga,22-279,2003.0,7.9,1,10,3,30.0,1.2658227848101264,0.37974683544303794,0.1,0.33,0,0,2642,es ESP,MF,es La Liga,22-279,2003.0,19,707,37,28.1,7.9,5,72.0,2,14,25.0,7,1.47,10,13,-3,-0.38,-0.03,2097,es ESP,MF,es La Liga,22-279,2003.0,7.9,5,0,0,23,3,0,0,13,13,0,0.12658227848101264,0.0,0.0,1.6455696202531644,1.6455696202531644,2.911392405063291,0.37974683544303794,False,4,-0.007096847013688012,-0.7621682875409468,0.07888096729388762,-0.05570270115064303,-0.8087999377842117,1.576438047716543,1.3933320965265026,2.9693056023442064,-1.06315923127086,-1.2338909939904537,0.6366281672712704
Alberto Reina,es ESP,MF,Oviedo,es La Liga,28.0,1997.0,27,21,1628,18.1,3,0,3,3,0,0,5,1,0.17,2099,es ESP,MF,es La Liga,28-189,1997.0,18.1,3,16,7,43.8,0.8839779005524862,0.38674033149171266,0.19,0.43,0,0,2644,es ESP,MF,es La Liga,28-189,1997.0,27,1628,60,64.6,18.1,21,71.0,3,6,22.0,0,0.78,13,28,-15,-0.83,0.28,2099,es ESP,MF,es La Liga,28-189,1997.0,18.1,5,1,1,27,30,2,29,10,12,0,0.16574585635359115,0.0,1.6022099447513811,0.5524861878453038,0.6629834254143646,1.4917127071823204,1.6574585635359114,False,0,0.21796250963478733,-0.7621682875409468,-0.329859770598697,-0.03888309821775271,0.12540841930301538,-0.6460497607070701,-0.6294760052409903,0.4002397826764265,0.7885262467971695,0.33571510501329316,-0.1928388323470043
Vitor Reis,br BRA,DF,Girona,es La Liga,20.0,2006.0,26,25,2238,24.9,1,1,2,1,0,0,6,1,0.08,2100,br BRA,DF,es La Liga,20-064,2006.0,24.9,1,12,2,16.7,0.48192771084337355,0.08032128514056225,0.08,0.5,0,0,2645,br BRA,DF,es La Liga,20-064,2006.0,26,2238,86,88.8,24.9,25,88.0,24,1,33.0,0,1.15,26,36,-10,-0.4,0.24,2100,br BRA,DF,es La Liga,20-064,2006.0,24.9,6,1,0,22,14,1,0,22,21,1,0.040160642570281124,0.040160642570281124,0.0,0.8835341365461847,0.8433734939759037,0.8835341365461847,0.5622489959839357,False,1,-0.5037317010063431,-0.39466458706418106,-0.7602290068686685,-0.7758316365211281,-0.8087999377842117,0.02704618803549962,-0.25811469965645767,-0.7003259156341386,-0.7986734376763781,-1.3088149907432802,-1.1493847855180568
Rocco Reitz,de GER,MF,Gladbach,de Bundesliga,23.0,2002.0,24,24,2019,22.4,0,2,2,0,0,0,6,1,0.09,2101,de GER,MF,de Bundesliga,23-292,2002.0,22.4,0,34,11,32.4,1.517857142857143,0.4910714285714286,0.0,0.0,0,0,2646,de GER,MF,de Bundesliga,23-292,2002.0,24,2019,84,86.3,22.4,24,84.0,14,0,,0,1.04,20,36,-16,-0.71,-1.55,2101,de GER,MF,de Bundesliga,23-292,2002.0,22.4,6,1,0,29,46,4,70,38,31,0,0.0,0.08928571428571429,3.125,1.6964285714285716,1.3839285714285716,1.2946428571428572,2.053571428571429,False,4,-0.7345208390382241,0.05487118941186281,0.34866776745673456,0.21203684428599615,1.0133090345518672,1.6798458897762865,0.8547028789603452,0.04362031662424091,1.3625809601846597,-0.4749003938687888,1.7824211555825589
Nicolai Remberg,de GER,MF,Hamburger SV,de Bundesliga,25.0,2000.0,25,25,2250,25.0,0,1,1,0,0,0,9,0,0.04,2102,de GER,MF,de Bundesliga,25-271,2000.0,25.0,0,15,7,46.7,0.6,0.28,0.0,0.0,0,0,2647,de GER,MF,de Bundesliga,25-271,2000.0,25,2250,90,96.2,25.0,25,90.0,25,0,,0,1.2,28,33,-5,-0.2,2.8,2102,de GER,MF,de Bundesliga,25-271,2000.0,25.0,9,0,0,35,42,0,4,37,21,0,0.0,0.04,0.16,1.48,0.84,1.4,1.68,False,1,-0.7345208390382241,-0.3961346018660881,-0.6338401076475302,-0.2955973338618715,-0.7155079584006044,1.2397972648191193,-0.2650595671719649,0.23427559962655814,0.8211937488930039,-1.1244736730424503,-0.06318207445234413
Elvis Rexhbeçaj,xk KVX,MF,Augsburg,de Bundesliga,28.0,1997.0,23,9,1030,11.4,2,0,2,2,0,0,4,0,0.17,2106,xk KVX,MF,de Bundesliga,28-136,1997.0,11.4,2,10,4,40.0,0.8771929824561403,0.3508771929824561,0.2,0.5,0,0,2651,xk KVX,MF,de Bundesliga,28-136,1997.0,23,1030,45,44.0,11.4,9,74.0,3,14,26.0,1,1.3,19,18,1,0.09,1.12,2106,xk KVX,MF,de Bundesliga,28-136,1997.0,11.4,4,0,0,13,14,1,15,4,7,0,0.17543859649122806,0.0,1.3157894736842104,0.3508771929824561,0.6140350877192983,1.1403508771929824,1.2280701754385965,False,0,0.27366329025894004,-0.7621682875409468,-0.33712259522611804,-0.12513520238062723,-0.04159615995849437,-1.0559668080857818,-0.7302438509299634,-0.2355879107877169,0.16624797759978144,0.2970793230450708,-0.8217276613634412
Oriol Rey,es ESP,MF,Levante,es La Liga,28.0,1998.0,16,11,1038,11.5,0,0,0,0,0,0,2,0,0.0,2107,es ESP,MF,es La Liga,28-020,1998.0,11.5,0,6,1,16.7,0.5217391304347826,0.08695652173913043,0.0,0.0,0,0,2652,es ESP,MF,es La Liga,28-020,1998.0,16,1038,65,41.2,11.5,11,85.0,8,5,20.0,7,0.88,15,19,-4,-0.35,0.38,2107,es ESP,MF,es La Liga,28-020,1998.0,11.5,2,0,0,15,7,0,6,10,10,0,0.0,0.0,0.5217391304347826,0.8695652173913043,0.8695652173913043,1.3043478260869565,0.6086956521739131,False,1,-0.7345208390382241,-0.7621682875409468,-0.7176134064214346,-0.7598736601131987,-0.5045869615333185,-0.0013558091022565907,-0.2041949208093534,0.06118252029062969,-0.7313620114126692,-1.3915807944075758,-0.787990281660943
Alexsandro Ribeiro,br BRA,DF,Lille,fr Ligue 1,26.0,1999.0,8,7,508,5.6,0,0,0,0,0,0,0,1,0.0,2110,br BRA,DF,fr Ligue 1,26-220,1999.0,5.6,0,7,2,28.6,1.25,0.35714285714285715,0.0,0.0,0,0,2655,br BRA,DF,fr Ligue 1,26-220,1999.0,8,508,64,21.7,5.6,7,72.0,5,1,2.0,4,1.88,12,5,7,1.24,1.24,2110,br BRA,DF,fr Ligue 1,26-220,1999.0,5.6,0,1,0,10,8,0,1,11,9,0,0.0,0.0,0.17857142857142858,1.9642857142857144,1.6071428571428572,1.7857142857142858,1.4285714285714286,False,4,-0.7345208390382241,-0.7621682875409468,0.06194367939128753,-0.11006606063016355,-0.7046794250792928,2.2244605246242646,1.3142245656528555,0.9322678221435174,0.45681841739269297,-1.5833521817817167,0.737346868045173
Samuele Ricci,it ITA,MF,Milan,it Serie A,24.0,2001.0,24,9,1043,11.6,1,3,4,1,0,0,1,0,0.35,2112,it ITA,MF,it Serie A,24-208,2001.0,11.6,1,15,6,40.0,1.293103448275862,0.5172413793103449,0.07,0.17,0,0,2657,it ITA,MF,it Serie A,24-208,2001.0,24,1043,43,40.0,11.6,9,80.0,5,15,21.0,5,2.29,17,10,7,0.6,-0.31,2112,it ITA,MF,it Serie A,24-208,2001.0,11.6,1,0,0,10,23,1,23,7,8,0,0.08620689655172414,0.25862068965517243,1.9827586206896552,0.603448275862069,0.6896551724137931,0.8620689655172414,1.9827586206896552,False,3,-0.23912001688358303,1.6044288181154673,0.10808318781561234,0.2749764923730618,0.3472967894910935,-0.54243221793673,-0.5745680224073947,-0.739169492312802,1.2599576178978849,1.085473510681531,0.7702296893944802
Diego Rico,es ESP,DF,Getafe,es La Liga,33.0,1993.0,24,17,1660,18.4,0,0,0,0,0,0,4,0,0.0,2117,es ESP,DF,es La Liga,33-022,1993.0,18.4,0,11,1,9.1,0.5978260869565218,0.05434782608695653,0.0,0.0,0,0,2662,es ESP,DF,es La Liga,33-022,1993.0,24,1660,69,65.9,18.4,17,89.0,15,7,20.0,3,1.28,16,22,-6,-0.33,-0.22,2117,es ESP,DF,es La Liga,33-022,1993.0,18.4,4,0,0,22,33,1,60,30,28,0,0.0,0.0,3.2608695652173916,1.6304347826086958,1.5217391304347827,1.1956521739130437,1.7934782608695654,False,4,-0.7345208390382241,-0.7621682875409468,-0.6361671437245829,-0.8382987152232201,1.0925311637838706,1.5456654724949002,1.1384075724835472,-0.13551416077292525,0.9856487218799282,-1.7863998334228415,1.4786842656567252
Clemens Riedel,de GER,DF,Espanyol,es La Liga,22.0,2003.0,15,12,1036,11.5,0,1,1,0,0,0,4,0,0.09,2118,de GER,DF,es La Liga,22-241,2003.0,11.5,0,3,1,33.3,0.2608695652173913,0.08695652173913043,0.0,0.0,0,0,2664,de GER,DF,es La Liga,22-241,2003.0,15,1036,69,41.1,11.5,12,81.0,8,3,23.0,10,1.13,16,18,-2,-0.17,0.13,2118,de GER,DF,es La Liga,22-241,2003.0,11.5,4,0,0,18,5,1,3,10,11,0,0.0,0.08695652173913043,0.2608695652173913,0.8695652173913043,0.9565217391304348,1.565217391304348,0.43478260869565216,False,1,-0.7345208390382241,0.03355711610005034,-0.9968577356677828,-0.7598736601131987,-0.6566934496587651,-0.0013558091022565907,-0.02518125503696658,0.5332545548431624,-0.9834002841895643,-1.4187983454362658,-0.4130802543534292
Fabian Rieder,ch SUI,MF,Augsburg,de Bundesliga,24.0,2002.0,24,20,1623,18.0,3,3,6,2,1,1,2,0,0.28,2119,ch SUI,MF,de Bundesliga,24-029,2002.0,18.0,3,27,8,29.6,1.5,0.4444444444444444,0.07,0.25,1,1,2665,ch SUI,MF,de Bundesliga,24-029,2002.0,24,1623,68,69.4,18.0,20,79.0,8,4,13.0,0,1.17,22,37,-15,-0.83,-0.96,2119,ch SUI,MF,de Bundesliga,24-029,2002.0,18.0,2,0,0,32,22,2,80,8,14,0,0.16666666666666666,0.16666666666666666,4.444444444444445,0.4444444444444444,0.7777777777777778,1.7777777777777777,1.2222222222222223,False,3,0.22325408379408182,0.7629720694376311,0.32955282825237125,0.09989731442629599,1.7826439339826559,-0.8657232553279695,-0.3931537902357615,0.9179058422563369,0.15777300643915493,1.1529133662432485,1.357603764113903
Hugo Rincón,es ESP,DF,Girona,es La Liga,23.0,2003.0,25,15,1534,17.0,1,1,2,1,0,0,3,0,0.12,2124,es ESP,DF,es La Liga,23-049,2003.0,17.0,1,7,2,28.6,0.4117647058823529,0.11764705882352941,0.14,0.5,0,0,2670,es ESP,DF,es La Liga,23-049,2003.0,25,1534,61,60.9,17.0,15,82.0,8,10,30.0,3,1.08,21,26,-5,-0.29,0.35,2124,es ESP,DF,es La Liga,23-049,2003.0,17.0,3,0,0,24,44,1,23,5,24,0,0.058823529411764705,0.058823529411764705,1.3529411764705883,0.29411764705882354,1.411764705882353,1.411764705882353,2.588235294117647,False,4,-0.39648263097976316,-0.2238834556661546,-0.8353340550252873,-0.6860618435390609,-0.01993393564341517,-1.1713719044278372,0.9120079363596464,0.2555651227534374,2.137426564018459,-0.29988300931723855,1.2616760846710027
Luis Rioja,es ESP,MF,Valencia,es La Liga,32.0,1993.0,27,22,1863,20.7,2,4,6,2,0,0,1,0,0.29,2125,es ESP,MF,es La Liga,32-152,1993.0,20.7,2,33,4,12.1,1.5942028985507246,0.1932367149758454,0.06,0.5,0,0,2671,es ESP,MF,es La Liga,32-152,1993.0,27,1863,69,73.9,20.7,22,78.0,7,5,29.0,0,1.19,21,29,-8,-0.39,0.16,2125,es ESP,MF,es La Liga,32-152,1993.0,20.7,1,0,0,7,24,4,119,13,16,0,0.0966183574879227,0.1932367149758454,5.748792270531401,0.6280193236714976,0.7729468599033816,0.33816425120772947,1.1594202898550725,False,3,-0.17928899971514817,1.0061103872168247,0.43039105825799695,-0.5042660730879435,2.5431763746098883,-0.492473676275957,-0.40309899388978304,-1.6872324224965285,0.06675918571416499,0.5394405018025892,1.1059609518043794
Rodrigo Riquelme,es ESP,MF,Real Betis,es La Liga,25.0,2000.0,19,7,651,7.2,0,1,1,0,0,0,1,0,0.14,2126,es ESP,MF,es La Liga,25-349,2000.0,7.2,0,19,5,26.3,2.638888888888889,0.6944444444444444,0.0,0.0,0,0,2674,es ESP,MF,es La Liga,25-349,2000.0,19,651,34,25.8,7.2,7,65.0,0,12,16.0,7,1.68,6,8,-2,-0.28,-0.76,2126,es ESP,MF,es La Liga,25-349,2000.0,7.2,1,0,0,6,8,0,20,3,7,0,0.0,0.1388888888888889,2.7777777777777777,0.41666666666666663,0.9722222222222222,0.8333333333333333,1.1111111111111112,False,3,-0.7345208390382241,0.5087820099412015,1.5486611730639748,0.701156070269794,0.8108524820700804,-0.922201810052945,0.007140656838603159,-0.79116976431811,-0.003251445612750275,1.2468443768843196,0.41362493556529256
Marc Roca,es ESP,MF,Real Betis,es La Liga,29.0,1996.0,22,19,1626,18.1,0,1,1,0,0,0,1,0,0.06,2135,es ESP,MF,es La Liga,29-111,1996.0,18.1,0,12,4,33.3,0.6629834254143646,0.22099447513812154,0.0,0.0,0,0,2686,es ESP,MF,es La Liga,29-111,1996.0,22,1626,74,64.5,18.1,19,83.0,14,3,19.0,3,1.73,28,23,5,0.28,-0.03,2135,es ESP,MF,es La Liga,29-111,1996.0,18.1,1,0,0,33,21,0,9,18,25,0,0.0,0.055248618784530384,0.49723756906077343,0.9944751381215469,1.3812154696132595,1.8232044198895025,1.160220994475138,False,4,-0.7345208390382241,-0.25659689848727457,-0.5664203441775555,-0.43750768772725407,-0.5188732062743826,0.25261453546933643,0.8491175324922586,1.0001103238205284,0.06791958291847833,-1.1634193716983126,0.5424169847231863
Álvaro Rodríguez,uy URU,FW,Elche,es La Liga,21.0,2004.0,24,17,1529,17.0,5,4,9,5,0,0,0,0,0.53,2140,uy URU,FW,es La Liga,21-246,2004.0,17.0,5,54,18,33.3,3.176470588235294,1.0588235294117647,0.09,0.28,0,0,2692,uy URU,FW,es La Liga,21-246,2004.0,24,1529,64,60.7,17.0,17,82.0,9,7,19.0,3,0.79,20,27,-7,-0.41,-0.23,2140,uy URU,FW,es La Liga,21-246,2004.0,17.0,0,0,0,26,34,13,8,3,7,0,0.29411764705882354,0.23529411764705882,0.47058823529411764,0.17647058823529413,0.4117647058823529,1.5294117647058822,2.0,False,2,0.9556702012540806,1.390971039958222,2.1241082970855207,1.577500531401167,-0.5344117631265434,-1.4105751950277334,-1.1466492200228011,0.4684603540222263,1.2849441708024907,3.6589977909729106,0.015604692241120165
Javi Rodríguez,es ESP,DF,Celta Vigo,es La Liga,22.0,2003.0,24,19,1793,19.9,0,0,0,0,0,0,3,0,0.0,2145,es ESP,DF,es La Liga,22-264,2003.0,19.9,0,9,1,11.1,0.45226130653266333,0.05025125628140704,0.0,0.0,0,0,2697,es ESP,DF,es La Liga,22-264,2003.0,24,1793,75,71.2,19.9,19,86.0,13,5,33.0,3,1.42,19,20,-1,-0.05,-1.04,2145,es ESP,DF,es La Liga,22-264,2003.0,19.9,3,0,0,22,24,1,1,20,18,0,0.0,0.0,0.05025125628140704,1.0050251256281408,0.9045226130653267,1.105527638190955,1.206030150753769,False,1,-0.7345208390382241,-0.7621682875409468,-0.7919850116981002,-0.848151109081263,-0.779499693002928,0.27406506515193957,-0.1322296280365345,-0.2986043737150692,0.13430713151701804,-1.4405211796242205,-0.6628578526949465
Jesus Rodríguez,es ESP,MF,Como,it Serie A,20.0,2005.0,25,15,1507,16.7,1,7,8,1,0,0,2,1,0.48,2146,es ESP,MF,it Serie A,20-116,2005.0,16.7,1,41,10,24.4,2.4550898203592815,0.5988023952095809,0.02,0.1,0,0,2698,es ESP,MF,it Serie A,20-116,2005.0,25,1507,60,57.7,16.7,15,81.0,3,10,30.0,1,1.84,34,11,23,1.37,1.13,2146,es ESP,MF,it Serie A,20-116,2005.0,16.7,2,1,0,20,26,3,49,4,16,0,0.059880239520958084,0.4191616766467066,2.9341317365269464,0.23952095808383234,0.9580838323353293,1.1976047904191618,1.5568862275449102,False,3,-0.3904100883200303,3.0735140473752374,1.3519159239013019,0.47113359215268746,0.9020185464211606,-1.2823794195265914,-0.021965440681774057,-0.13198068746040645,0.6427747991463901,2.153409953182561,1.8692380689938295
Juan Rodríguez,uy URU,DF,Cagliari,it Serie A,20.0,2005.0,9,9,727,8.1,0,0,0,0,0,0,3,0,0.0,2147,uy URU,DF,it Serie A,20-291,2005.0,8.1,0,1,1,100.0,0.1234567901234568,0.1234567901234568,0.0,0.0,0,0,2699,uy URU,DF,it Serie A,20-291,2005.0,9,727,81,27.9,8.1,9,81.0,6,0,,15,0.67,7,12,-5,-0.62,-0.38,2147,uy URU,DF,it Serie A,20-291,2005.0,8.1,3,0,0,11,4,0,2,12,15,0,0.0,0.0,0.2469135802469136,1.4814814814814816,1.8518518518518519,1.3580246913580247,0.4938271604938272,False,4,-0.7345208390382241,-0.7621682875409468,-1.143949398809892,-0.6720892362863433,-0.6648308337971635,1.2428094544044517,1.8179964888416817,0.15831668377880517,-0.8978317347900011,-2.5703460688647537,0.16504264878413052
Ricardo Rodríguez,ch SUI,DF,Real Betis,es La Liga,33.0,1992.0,18,14,1206,13.4,0,1,1,0,0,0,0,0,0.07,2148,ch SUI,DF,es La Liga,33-204,1992.0,13.4,0,2,0,0.0,0.14925373134328357,0.0,0.0,,0,0,2700,ch SUI,DF,es La Liga,33-204,1992.0,18,1206,67,47.9,13.4,14,84.0,11,4,9.0,7,1.83,24,15,9,0.67,0.74,2148,ch SUI,DF,es La Liga,33-204,1992.0,13.4,0,0,0,7,5,0,14,6,6,0,0.0,0.07462686567164178,1.044776119402985,0.44776119402985076,0.44776119402985076,0.5223880597014925,0.3731343283582089,False,1,-0.7345208390382241,-0.07926962023710601,-1.1163354088776631,-0.9690071404065893,-0.19961723658528388,-0.8589795473011066,-1.0725447920933187,-1.3538592748233054,-1.0727422092410754,-1.1239522885330246,-1.434519532074163
Alessio Romagnoli,it ITA,DF,Lazio,it Serie A,31.0,1995.0,24,23,1978,22.0,0,0,0,0,0,0,6,0,0.0,2155,it ITA,DF,it Serie A,31-064,1995.0,22.0,0,6,3,50.0,0.2727272727272727,0.13636363636363635,0.0,0.0,0,0,2709,it ITA,DF,it Serie A,31-064,1995.0,24,1978,82,75.8,22.0,23,85.0,20,1,14.0,0,1.29,16,21,-5,-0.23,-1.08,2155,it ITA,DF,it Serie A,31-064,1995.0,22.0,6,0,0,14,11,0,2,25,12,0,0.0,0.0,0.09090909090909091,1.1363636363636365,0.5454545454545454,0.6363636363636364,0.5,False,1,-0.7345208390382241,-0.7621682875409468,-0.9841648116111307,-0.6410478190374086,-0.755793131316253,0.5411061987305128,-0.8714276750518858,-1.1476079924272191,-0.8888859318982286,-1.616381928438172,-1.6858882478689359
Miguel Román,es ESP,MF,Celta Vigo,es La Liga,23.0,2002.0,19,14,1311,14.6,1,0,1,1,0,0,3,0,0.07,2157,es ESP,MF,es La Liga,23-081,2002.0,14.6,1,9,2,22.2,0.6164383561643836,0.136986301369863,0.11,0.5,0,0,2711,es ESP,MF,es La Liga,23-081,2002.0,19,1311,69,52.0,14.6,14,88.0,10,5,17.0,7,1.63,18,13,5,0.34,0.19,2157,es ESP,MF,es La Liga,23-081,2002.0,14.6,3,0,0,20,11,0,21,12,17,0,0.0684931506849315,0.0,1.4383561643835616,0.8219178082191781,1.1643835616438356,1.36986301369863,0.7534246575342466,False,1,-0.3409147063674134,-0.7621682875409468,-0.616243889640226,-0.6395502878896041,0.02986939742801087,-0.09823385413378088,0.40273497341894404,0.17973942394537518,-0.5216178323551847,-1.1279126270365671,-0.1521968830234202
Carlos Romero,es ESP,DF,Espanyol,es La Liga,24.0,2001.0,26,26,2307,25.6,5,2,7,5,0,0,3,0,0.27,2159,es ESP,DF,es La Liga,24-139,2001.0,25.6,5,29,8,27.6,1.1328125,0.3125,0.17,0.63,0,0,2713,es ESP,DF,es La Liga,24-139,2001.0,26,2307,89,91.5,25.6,26,89.0,23,0,,0,1.42,33,36,-3,-0.12,1.57,2159,es ESP,DF,es La Liga,24-139,2001.0,25.6,3,0,0,35,12,0,72,29,45,0,0.1953125,0.078125,2.8125,1.1328125,1.7578125,1.3671875,0.46875,False,4,0.38787164865588447,-0.04725874520723841,-0.06349810913734547,-0.2174336956022168,0.8310981373182592,0.533885928950331,1.6244017041703,0.17489778903049755,-0.9341740590378269,-0.7133523894868703,0.9256229637731095
Isaac Romero,es ESP,FW,Sevilla,es La Liga,25.0,2000.0,20,12,1028,11.4,4,0,4,4,0,1,5,1,0.35,2161,es ESP,FW,es La Liga,25-303,2000.0,11.4,4,27,12,44.4,2.3684210526315788,1.0526315789473684,0.15,0.33,0,1,2716,es ESP,FW,es La Liga,25-303,2000.0,20,1028,51,40.8,11.4,12,72.0,1,8,20.0,4,1.0,13,17,-4,-0.35,0.01,2161,es ESP,FW,es La Liga,25-303,2000.0,11.4,5,1,0,19,18,4,4,0,5,0,0.3508771929824561,0.0,0.3508771929824561,0.0,0.43859649122807015,1.6666666666666665,1.5789473684210527,False,0,1.281847419556104,-0.7621682875409468,1.259142503243504,1.562608673671297,-0.6042122636973537,-1.7693801309275783,-1.0914117731023227,0.7168381238358137,0.6747462472373765,2.8331568915675875,-1.1013399262682024
Zaid Romero,ar ARG,DF,Getafe,es La Liga,26.0,1999.0,8,8,720,8.0,0,0,0,0,0,0,2,0,0.0,2163,ar ARG,DF,es La Liga,26-092,1999.0,8.0,0,5,0,0.0,0.625,0.0,0.0,,0,0,2718,ar ARG,DF,es La Liga,26-092,1999.0,8,720,90,28.6,8.0,8,90.0,8,0,,0,1.75,8,4,4,0.5,1.05,2163,ar ARG,DF,es La Liga,26-092,1999.0,8.0,2,0,0,5,5,0,2,19,12,0,0.0,0.0,0.25,2.375,1.5,0.625,0.625,False,1,-0.7345208390382241,-0.7621682875409468,-0.6070791927614217,-0.9690071404065893,-0.6630312199973254,3.0595362980578313,1.0936541560404502,-1.1681717363565909,-0.7077334233398354,-2.9595400422835136,-0.3829219178861261
Rômulo,br BRA,FW,RB Leipzig,de Bundesliga,24.0,2002.0,22,20,1654,18.4,7,4,11,7,0,1,3,0,0.6,2164,br BRA,FW,de Bundesliga,24-037,2002.0,18.4,7,44,21,47.7,2.3913043478260874,1.1413043478260871,0.16,0.33,0,1,2719,br BRA,FW,de Bundesliga,24-037,2002.0,22,1654,75,70.7,18.4,20,79.0,3,2,37.0,0,1.82,34,22,12,0.65,0.52,2164,br BRA,FW,de Bundesliga,24-037,2002.0,18.4,3,0,0,15,19,5,0,9,12,1,0.3804347826086957,0.2173913043478261,0.0,0.48913043478260876,0.6521739130434783,0.8152173913043479,1.032608695652174,False,2,1.4517045282963876,1.2271452215615464,1.2836376198440616,1.775869788444163,-0.8087999377842117,-0.7748664499008346,-0.6517290852403201,-0.8239525444953689,-0.11701872151898746,2.7579850671442756,-0.9883519154074893
Salomón Rondón,ve VEN,FW,Oviedo,es La Liga,36.0,1989.0,16,13,1032,11.5,2,0,2,2,0,1,2,0,0.17,2165,ve VEN,FW,es La Liga,36-182,1989.0,11.5,2,24,5,20.8,2.0869565217391304,0.43478260869565216,0.08,0.4,0,1,2720,ve VEN,FW,es La Liga,36-182,1989.0,16,1032,65,41.0,11.5,13,75.0,4,3,18.0,1,0.69,6,17,-11,-0.96,-0.05,2165,ve VEN,FW,es La Liga,36-182,1989.0,11.5,2,0,0,11,21,12,2,1,0,0,0.17391304347826086,0.0,0.17391304347826086,0.08695652173913043,0.0,0.9565217391304348,1.826086956521739,False,0,0.26489647174331254,-0.7621682875409468,0.9578525690566547,0.07666026106036372,-0.7073956123672472,-1.592577698745046,-1.9943315785332205,-0.5682468591127472,1.0329058980255956,1.6609025014052585,-1.6153684042466816
Valentin Rongier,fr FRA,MF,Rennes,fr Ligue 1,31.0,1994.0,24,24,2115,23.5,1,4,5,1,0,0,4,0,0.21,2166,fr FRA,MF,fr Ligue 1,31-100,1994.0,23.5,1,18,7,38.9,0.7659574468085106,0.2978723404255319,0.06,0.14,0,0,2721,fr FRA,MF,fr Ligue 1,31-100,1994.0,24,2115,88,90.4,23.5,24,88.0,23,0,,1,1.75,43,31,12,0.51,2.91,2166,fr FRA,MF,fr Ligue 1,31-100,1994.0,23.5,4,0,0,38,19,0,14,28,36,0,0.0425531914893617,0.1702127659574468,0.5957446808510638,1.1914893617021276,1.5319148936170213,1.6170212765957446,0.8085106382978723,False,4,-0.4899825608682736,0.7954218642669625,-0.4561931832971937,-0.2526137291888045,-0.4614361847601422,0.6531893653607348,1.1593559801803157,0.6269993560308991,-0.4417861235413431,-1.0051940511955901,0.8054223695435127
Marten de Roon,nl NED,MF,Atalanta,it Serie A,34.0,1991.0,25,23,2002,22.2,1,1,2,1,0,0,8,1,0.09,2167,nl NED,MF,it Serie A,34-353,1991.0,22.2,1,14,4,28.6,0.6306306306306306,0.1801801801801802,0.07,0.25,0,0,2722,nl NED,MF,it Serie A,34-353,1991.0,25,2002,80,76.7,22.2,23,84.0,16,2,35.0,1,1.72,33,19,14,0.63,0.78,2167,nl NED,MF,it Serie A,34-353,1991.0,22.2,8,1,1,27,10,0,10,15,35,0,0.04504504504504505,0.04504504504504505,0.45045045045045046,0.6756756756756757,1.5765765765765767,1.2162162162162162,0.45045045045045046,False,1,-0.4756627517862494,-0.34996819106025,-0.601051959678965,-0.5356674965554195,-0.5461535994294615,-0.3955774484281729,1.2512990734210885,-0.09830127516630703,-0.960694133488943,-1.3032308048670767,-0.16211856384598886
Max Rosenfelder,de GER,DF,Freiburg,de Bundesliga,23.0,2003.0,12,5,492,5.5,0,0,0,0,0,0,0,0,0.0,2169,de GER,DF,de Bundesliga,23-035,2003.0,5.5,0,1,0,0.0,0.18181818181818182,0.0,0.0,,0,0,2724,de GER,DF,de Bundesliga,23-035,2003.0,12,492,41,21.0,5.5,5,81.0,3,7,12.0,2,1.25,6,8,-2,-0.37,-0.17,2169,de GER,DF,de Bundesliga,23-035,2003.0,5.5,0,0,0,2,5,1,0,5,5,1,0.0,0.0,0.0,0.9090909090909091,0.9090909090909091,0.36363636363636365,0.9090909090909091,False,1,-0.7345208390382241,-0.7621682875409468,-1.0814772293787973,-0.9690071404065893,-0.8087999377842117,0.07900893279889439,-0.12282507273099581,-1.6411378467321396,-0.29602317661621425,-1.7528388124760306,-1.2990194724385806
Anthony Rouault,fr FRA,DF,Rennes,fr Ligue 1,24.0,2001.0,18,16,1454,16.2,1,0,1,1,0,0,3,0,0.06,2173,fr FRA,DF,fr Ligue 1,24-292,2001.0,16.2,1,7,2,28.6,0.4320987654320988,0.1234567901234568,0.14,0.5,0,0,2730,fr FRA,DF,fr Ligue 1,24-292,2001.0,18,1454,81,62.1,16.2,16,88.0,14,2,23.0,7,1.78,27,19,8,0.5,0.7,2173,fr FRA,DF,fr Ligue 1,24-292,2001.0,16.2,3,0,0,22,8,0,0,15,13,0,0.0617283950617284,0.0,0.0,0.9259259259259259,0.8024691358024691,1.3580246913580247,0.4938271604938272,False,1,-0.37978938613737,-0.7621682875409468,-0.813567733549295,-0.6720892362863433,-0.8087999377842117,0.11323835990494024,-0.3423227493374295,0.15831668377880517,-0.8978317347900011,-1.2985952250876216,-1.1111228953982226
Amir Rrahmani,xk KVX,DF,Napoli,it Serie A,32.0,1994.0,16,16,1356,15.1,1,1,2,1,0,0,2,0,0.13,2178,xk KVX,DF,it Serie A,32-021,1994.0,15.1,1,8,1,12.5,0.5298013245033113,0.06622516556291391,0.13,1.0,0,0,2739,xk KVX,DF,it Serie A,32-021,1994.0,16,1356,85,52.0,15.1,16,85.0,12,0,,2,2.0,22,12,10,0.66,0.3,2178,xk KVX,DF,it Serie A,32-021,1994.0,15.1,2,0,0,17,14,2,1,17,12,0,0.06622516556291391,0.06622516556291391,0.06622516556291391,1.1258278145695364,0.794701986754967,1.1258278145695364,0.9271523178807948,False,1,-0.3539480220187647,-0.1561522516554191,-0.7089833388509073,-0.8097332977990401,-0.7701857079068907,0.5196844711707687,-0.35831264630875903,-0.261868982383289,-0.26984822053312296,-1.1782596871659303,-0.7137873577845971
Rubén,es ESP,DF,Espanyol,es La Liga,25.0,2001.0,13,4,466,5.2,0,0,0,0,0,0,2,0,0.0,2179,es ESP,DF,es La Liga,25-041,2001.0,5.2,0,3,0,0.0,0.5769230769230769,0.0,0.0,,0,0,2740,es ESP,DF,es La Liga,25-041,2001.0,13,466,36,18.5,5.2,4,82.0,2,9,15.0,15,1.46,7,6,1,0.19,0.54,2179,es ESP,DF,es La Liga,25-041,2001.0,5.2,2,0,0,5,9,0,21,9,5,0,0.0,0.0,4.038461538461538,1.7307692307692306,0.9615384615384615,0.9615384615384615,1.7307692307692306,False,4,-0.7345208390382241,-0.7621682875409468,-0.6585424906193226,-0.9690071404065893,1.5459255033885668,1.7496682788593598,-0.01485354355009835,-0.5591685507559679,0.8947695369844126,-1.6457926881160527,1.0136929504617649
Antonio Rüdiger,de GER,DF,Real Madrid,es La Liga,33.0,1993.0,11,10,904,10.0,1,0,1,1,0,0,0,0,0.1,2180,de GER,DF,es La Liga,33-014,1993.0,10.0,1,9,1,11.1,0.9,0.1,0.11,1.0,0,0,2742,de GER,DF,es La Liga,33-014,1993.0,11,904,82,35.9,10.0,10,84.0,7,1,67.0,3,2.27,23,8,15,1.49,0.32,2180,de GER,DF,es La Liga,33-014,1993.0,10.0,0,0,0,9,1,1,2,3,3,0,0.1,0.0,0.2,0.3,0.3,0.9,0.1,False,1,-0.15985588533884046,-0.7621682875409468,-0.31270912901422965,-0.7285036380691899,-0.6921849635547026,-1.1594117398978423,-1.3767344316184864,-0.6705291332657959,-1.4685739592850868,-0.42540484580107385,-2.1715335881555147
Javier Rueda Garcia,es ESP,MF,Celta Vigo,es La Liga,23.0,2002.0,19,10,958,10.6,2,4,6,2,0,0,4,0,0.56,2181,es ESP,MF,es La Liga,23-313,2002.0,10.6,2,10,3,30.0,0.9433962264150944,0.2830188679245283,0.2,0.67,0,0,2743,es ESP,MF,es La Liga,23-313,2002.0,19,958,50,38.0,10.6,10,74.0,3,9,25.0,6,1.58,13,6,7,0.66,0.66,2181,es ESP,MF,es La Liga,23-313,2002.0,10.6,4,0,0,20,13,3,16,14,8,0,0.18867924528301888,0.37735849056603776,1.509433962264151,1.3207547169811322,0.7547169811320755,1.8867924528301887,1.2264150943396226,False,3,0.34975265850778275,2.6909796905237586,-0.2662562201553246,-0.28833685077244064,0.07131307526868681,0.9160153012788069,-0.4406280642823168,1.115179830140624,0.16384940085620775,0.44151977839215223,1.36075361324851
Matteo Ruggeri,it ITA,DF,Atlético Madrid,es La Liga,23.0,2002.0,19,15,1234,13.7,0,3,3,0,0,0,3,0,0.22,2184,it ITA,DF,es La Liga,23-249,2002.0,13.7,0,4,2,50.0,0.29197080291970806,0.14598540145985403,0.0,0.0,0,0,2746,it ITA,DF,es La Liga,23-249,2002.0,19,1234,65,49.0,13.7,15,77.0,8,4,19.0,9,1.84,25,14,11,0.8,0.03,2184,it ITA,DF,es La Liga,23-249,2002.0,13.7,3,0,0,23,1,1,63,11,20,0,0.0,0.21897810218978103,4.598540145985401,0.8029197080291971,1.4598540145985401,1.6788321167883213,0.07299270072992702,False,3,-0.7345208390382241,1.2416657581243382,-0.9635658326676099,-0.6179071369943276,1.8724932653030397,-0.13686132281879576,1.0110073358937097,0.7388528375314919,-1.507713479382375,-1.143760677576188,1.8180597587081888
Fabián Ruiz Peña,es ESP,MF,Paris Saint-Germain,fr Ligue 1,29.0,1996.0,13,9,796,8.8,1,2,3,1,0,0,1,0,0.34,2187,es ESP,MF,fr Ligue 1,29-348,1996.0,8.8,1,13,4,30.8,1.477272727272727,0.45454545454545453,0.08,0.25,0,0,2749,es ESP,MF,fr Ligue 1,29-348,1996.0,13,796,61,35.4,8.8,9,79.0,5,4,22.0,0,2.54,20,9,11,1.24,-0.06,2187,es ESP,MF,fr Ligue 1,29-348,1996.0,8.8,1,0,0,1,1,1,9,10,6,0,0.11363636363636363,0.22727272727272727,1.0227272727272727,1.1363636363636362,0.6818181818181818,0.11363636363636363,0.11363636363636363,False,1,-0.08149248256165184,1.3175685628843867,0.30522472381045435,0.12419059749067976,-0.2124733650196768,0.5411061987305124,-0.590701699181552,-2.093540213178317,-1.4488118674423531,-0.012581668311686774,-1.08535625025846
Julian Ryerson,no NOR,MF,Dortmund,de Bundesliga,28.0,1997.0,23,18,1572,17.5,0,12,12,0,0,0,5,0,0.69,2192,no NOR,MF,de Bundesliga,28-120,1997.0,17.5,0,8,0,0.0,0.45714285714285713,0.0,0.0,,0,0,2754,no NOR,MF,de Bundesliga,28-120,1997.0,23,1572,68,67.2,17.5,18,83.0,10,5,17.0,2,2.35,34,14,20,1.15,0.09,2192,no NOR,MF,de Bundesliga,28-120,1997.0,17.5,5,0,0,19,16,4,165,10,16,0,0.0,0.6857142857142857,9.428571428571429,0.5714285714285714,0.9142857142857143,1.0857142857142856,0.9142857142857143,False,3,-0.7345208390382241,5.512694895456631,-0.7867596212824352,-0.9690071404065893,4.688763133035501,-0.6075355765852241,-0.11213074984069739,-0.3344588039057788,-0.2884947606761252,0.7270983839067808,4.630938782125772
Marcel Sabitzer,at AUT,MF,Dortmund,de Bundesliga,32.0,1994.0,19,14,1280,14.2,1,2,3,1,0,0,2,0,0.21,2199,at AUT,MF,de Bundesliga,32-000,1994.0,14.2,1,17,4,23.5,1.1971830985915493,0.28169014084507044,0.06,0.25,0,0,2761,at AUT,MF,de Bundesliga,32-000,1994.0,19,1280,67,54.7,14.2,14,86.0,8,5,16.0,2,2.16,30,16,14,0.98,-0.29,2199,at AUT,MF,de Bundesliga,32-000,1994.0,14.2,2,0,0,11,10,3,28,17,14,0,0.07042253521126761,0.14084507042253522,1.971830985915493,1.1971830985915493,0.9859154929577465,0.7746478873239437,0.7042253521126761,False,1,-0.329827209672461,0.5266827183564431,0.005406535265706423,-0.2915324859350422,0.3409251602532014,0.6647660304586921,0.03533040663257257,-0.8973675029204987,-0.592918453126769,-0.56554110520697,0.01293873239275653
Umar Sadiq,ng NGA,FW,Valencia,es La Liga,29.0,1997.0,10,4,469,5.2,1,1,2,1,0,0,2,0,0.38,2201,ng NGA,FW,es La Liga,29-043,1997.0,5.2,1,11,4,36.4,2.1153846153846154,0.7692307692307692,0.09,0.25,0,0,2765,ng NGA,FW,es La Liga,29-043,1997.0,10,469,47,18.6,5.2,4,81.0,2,6,24.0,0,1.6,10,9,1,0.19,0.76,2201,ng NGA,FW,es La Liga,29-043,1997.0,5.2,2,0,0,13,11,6,2,1,1,0,0.1923076923076923,0.1923076923076923,0.3846153846153846,0.1923076923076923,0.1923076923076923,2.5,2.1153846153846154,False,0,0.37060407192212885,0.9976090474343352,0.9882830408335005,0.8810198006503275,-0.5845403719582327,-1.3783747520623628,-1.5984359715365961,2.2248460119897375,1.4521618710102384,2.645176759752336,0.38244000402328054
Alexis Saelemaekers,be BEL,MF,Milan,it Serie A,26.0,1999.0,27,26,2192,24.4,2,3,5,2,0,0,4,0,0.21,2203,be BEL,MF,it Serie A,26-263,1999.0,24.4,2,35,6,17.1,1.4344262295081969,0.24590163934426232,0.06,0.33,0,0,2767,be BEL,MF,it Serie A,26-263,1999.0,27,2192,81,84.0,24.4,26,83.0,12,1,36.0,0,2.0,33,18,15,0.62,-1.11,2203,be BEL,MF,it Serie A,26-263,1999.0,24.4,4,0,0,20,53,2,70,27,30,0,0.0819672131147541,0.12295081967213116,2.8688524590163937,1.1065573770491803,1.2295081967213115,0.819672131147541,2.1721311475409837,False,3,-0.26348399174364734,0.36293525449243047,0.2593602646166773,-0.3776050854785584,0.8639558400980902,0.4805032786083332,0.5368042694779852,-0.8158912051075184,1.5344000842271635,-0.032378530932309385,1.3174103971513509
Osame Sahraoui,ma MAR,MF,Lille,fr Ligue 1,24.0,2001.0,16,4,463,5.1,1,2,3,1,0,0,0,0,0.58,2206,ma MAR,MF,fr Ligue 1,24-279,2001.0,5.1,1,11,4,36.4,2.1568627450980395,0.7843137254901962,0.09,0.25,0,0,2770,ma MAR,MF,fr Ligue 1,24-279,2001.0,16,463,29,19.8,5.1,4,64.0,0,12,17.0,0,1.75,12,5,7,1.36,1.36,2206,ma MAR,MF,fr Ligue 1,24-279,2001.0,5.1,0,0,0,3,24,1,2,4,3,0,0.19607843137254904,0.3921568627450981,0.3921568627450981,0.7843137254901962,0.5882352941176471,0.5882352941176471,4.705882352941177,False,0,0.3922731878233125,2.826397258291002,1.0326827487893366,0.9172948387102674,-0.580143125569488,-0.17469152692826828,-0.7833567806611926,-1.2347014961280873,5.206363179595946,3.1327035730954456,1.9046088386270663
Wesley Saïd,fr FRA,MF,Lens,fr Ligue 1,30.0,1995.0,23,20,1604,17.8,10,2,12,9,1,1,2,0,0.62,2207,fr FRA,MF,fr Ligue 1,30-332,1995.0,17.8,10,45,20,44.4,2.528089887640449,1.1235955056179774,0.2,0.45,1,1,2772,fr FRA,MF,fr Ligue 1,30-332,1995.0,23,1604,70,68.5,17.8,20,76.0,1,3,29.0,0,2.3,34,13,21,1.18,0.57,2207,fr FRA,MF,fr Ligue 1,30-332,1995.0,17.8,2,0,0,30,13,12,18,8,14,0,0.5617977528089887,0.11235955056179775,1.0112359550561798,0.449438202247191,0.7865168539325842,1.6853932584269662,0.7303370786516854,False,2,2.493933957025728,0.26601622278168996,1.4300578673889623,1.7332794027102554,-0.21917366359006482,-0.8555698072875244,-0.3751630285694981,0.7507259415471379,-0.5550768150041107,3.0452303113466606,-0.7237182878063935
Kike Salas,es ESP,DF,Sevilla,es La Liga,23.0,2002.0,16,14,1303,14.5,1,0,1,1,0,0,0,0,0.07,2215,es ESP,DF,es La Liga,23-328,2002.0,14.5,1,11,6,54.5,0.7586206896551724,0.41379310344827586,0.09,0.17,0,0,2783,es ESP,DF,es La Liga,23-328,2002.0,16,1303,81,51.7,14.5,14,89.0,13,2,26.0,8,0.88,17,25,-8,-0.55,-0.4,2215,es ESP,DF,es La Liga,23-328,2002.0,14.5,0,0,0,23,9,0,8,28,19,0,0.06896551724137931,0.0,0.5517241379310345,1.9310344827586208,1.3103448275862069,1.5862068965517242,0.6206896551724138,False,4,-0.33820018131451124,-0.7621682875409468,-0.464046716646015,0.026179765817131523,-0.4871034571510833,2.1568531906431367,0.7032191781058482,0.5712373622209524,-0.7139800615659868,-1.6784327069546767,-0.10138636766350415
Manolis Saliakas,gr GRE,MF,St Pauli,de Bundesliga,29.0,1996.0,15,11,1018,11.3,1,3,4,1,0,0,3,0,0.35,2216,gr GRE,MF,de Bundesliga,29-186,1996.0,11.3,1,14,3,21.4,1.238938053097345,0.2654867256637168,0.07,0.33,0,0,2786,gr GRE,MF,de Bundesliga,29-186,1996.0,15,1018,68,43.5,11.3,11,82.0,4,4,28.0,8,1.2,11,19,-8,-0.71,0.04,2216,gr GRE,MF,de Bundesliga,29-186,1996.0,11.3,3,0,0,4,6,4,39,12,18,0,0.08849557522123894,0.2654867256637168,3.451327433628318,1.0619469026548671,1.5929203539823007,0.35398230088495575,0.5309734513274336,False,3,-0.22596778266708817,1.667258829770062,0.050102566609823575,-0.3305022669444676,1.2035823608666076,0.389800014310425,1.284945307739704,-1.6586079300703669,-0.8439985846448215,-0.4864731192988528,1.1703942204373037
Mohammed Salisu,gh GHA,DF,Monaco,fr Ligue 1,26.0,1999.0,12,12,1080,12.0,1,0,1,1,0,0,3,0,0.08,2219,gh GHA,DF,fr Ligue 1,26-334,1999.0,12.0,1,8,2,25.0,0.6666666666666666,0.16666666666666666,0.13,0.5,0,0,2789,gh GHA,DF,fr Ligue 1,26-334,1999.0,12,1080,90,46.2,12.0,12,90.0,12,0,,3,1.17,15,21,-6,-0.5,-1.5,2219,gh GHA,DF,fr Ligue 1,26-334,1999.0,12.0,3,0,0,17,3,4,0,19,11,1,0.08333333333333333,0.0,0.0,1.5833333333333333,0.9166666666666666,1.4166666666666667,0.25,False,1,-0.2556333776220711,-0.7621682875409468,-0.5624776679512412,-0.5681679698442573,-0.8087999377842117,1.4498974883960283,-0.10722918518264396,0.2644357573896369,-1.251190949015015,-1.6838366638935314,-1.0150749733136823
Lazar Samardzic,rs SRB,MF,Atalanta,it Serie A,24.0,2002.0,22,10,937,10.4,2,1,3,2,0,0,1,0,0.29,2220,rs SRB,MF,it Serie A,24-021,2002.0,10.4,2,22,7,31.8,2.1153846153846154,0.673076923076923,0.09,0.29,0,0,2792,rs SRB,MF,it Serie A,24-021,2002.0,22,937,43,35.9,10.4,10,70.0,3,12,20.0,7,1.55,16,13,3,0.29,-0.25,2220,rs SRB,MF,it Serie A,24-021,2002.0,10.4,1,0,0,16,8,1,64,9,7,0,0.1923076923076923,0.09615384615384615,6.153846153846153,0.8653846153846153,0.673076923076923,1.5384615384615383,0.7692307692307692,False,3,0.37060407192212885,0.11772037994669422,0.9882830408335005,0.6497664330182129,2.7793531154314506,-0.009855926034109206,-0.608696954045035,0.48483691027367154,-0.49871129808015086,1.310783635442693,1.165467270951091
Mbwana Samatta,tz TAN,FW,Le Havre,fr Ligue 1,33.0,1992.0,19,11,995,11.1,0,0,0,0,0,0,4,0,0.0,2221,tz TAN,FW,fr Ligue 1,33-084,1992.0,11.1,0,28,9,32.1,2.5225225225225225,0.8108108108108109,0.0,0.0,0,0,2793,tz TAN,FW,fr Ligue 1,33-084,1992.0,19,995,52,42.5,11.1,11,67.0,1,8,32.0,0,0.95,8,12,-4,-0.36,0.17,2221,tz TAN,FW,fr Ligue 1,33-084,1992.0,11.1,4,0,0,24,12,6,6,3,3,0,0.0,0.0,0.5405405405405406,0.2702702702702703,0.2702702702702703,2.1621621621621623,1.0810810810810811,False,0,-0.7345208390382241,-0.7621682875409468,1.4240983560265335,0.9810212569236746,-0.4936243317585115,-1.2198590579278161,-1.4379377524839103,1.6134914627381471,-0.046771567788940836,1.5140533421778088,-0.7830384544318951
Albert Sambi Lokonga,be BEL,MF,Hamburger SV,de Bundesliga,26.0,1999.0,20,15,1267,14.1,4,0,4,4,0,0,2,0,0.28,2224,be BEL,MF,de Bundesliga,26-146,1999.0,14.1,4,14,8,57.1,0.9929078014184397,0.5673758865248227,0.29,0.5,0,0,2796,be BEL,MF,de Bundesliga,26-146,1999.0,20,1267,63,54.1,14.1,15,80.0,6,5,14.0,1,1.2,20,22,-2,-0.14,0.36,2224,be BEL,MF,de Bundesliga,26-146,1999.0,14.1,2,0,0,13,21,0,12,10,9,0,0.28368794326241137,0.0,0.851063829787234,0.7092198581560284,0.6382978723404256,0.9219858156028369,1.4893617021276595,False,0,0.8957343487614458,-0.7621682875409468,-0.21325721837365672,0.39555173810347716,-0.3125660048926838,-0.3273744783750108,-0.6802950957359137,-0.6307433932379052,0.5449169017979905,0.6557827619157315,-1.0074309942276336
Antonio Sanabria,py PAR,FW,Cremonese,it Serie A,30.0,1996.0,20,7,694,7.7,1,1,2,1,0,0,2,0,0.26,2225,py PAR,FW,it Serie A,30-013,1996.0,7.7,1,9,4,44.4,1.1688311688311688,0.5194805194805194,0.11,0.25,0,0,2799,py PAR,FW,it Serie A,30-013,1996.0,20,694,35,26.6,7.7,7,63.0,0,13,19.0,3,0.95,6,11,-5,-0.65,0.1,2225,py PAR,FW,it Serie A,30-013,1996.0,7.7,2,0,0,13,14,6,1,1,2,0,0.12987012987012986,0.12987012987012986,0.12987012987012986,0.12987012987012986,0.2597402597402597,1.6883116883116882,1.8181818181818181,False,0,0.011797282649286993,0.42625276984495797,-0.024942407901272175,0.28036170290457524,-0.7330759285442707,-1.505324550395225,-1.4596154340182992,0.7560071598917598,1.021449612899373,1.3657375913498913,-0.4429344005730967
Oihan Sancet,es ESP,MF,Athletic Club,es La Liga,25.0,2000.0,21,18,1419,15.8,2,0,2,0,2,2,4,1,0.0,2226,es ESP,MF,es La Liga,25-326,2000.0,15.8,2,40,12,30.0,2.531645569620253,0.7594936708860759,0.0,0.0,2,2,2800,es ESP,MF,es La Liga,25-326,2000.0,21,1419,68,56.3,15.8,18,72.0,2,3,41.0,0,0.9,11,20,-9,-0.57,-0.49,2226,es ESP,MF,es La Liga,25-326,2000.0,15.8,4,1,0,25,21,0,18,2,5,0,0.12658227848101264,0.0,1.1392405063291138,0.12658227848101264,0.3164556962025316,1.5822784810126582,1.3291139240506329,False,0,-0.007096847013688012,-0.7621682875409468,1.4338639995019062,0.8576017381053032,-0.14453742635029948,-1.5120095018011073,-1.342857794867889,0.5641284642759229,0.3126826058814939,1.912964755066997,-0.8836800663681474
Antonio Sánchez,es ESP,MF,Mallorca,es La Liga,29.0,1997.0,23,8,877,9.7,0,0,0,0,0,0,4,1,0.0,2229,es ESP,MF,es La Liga,29-075,1997.0,9.7,0,6,3,50.0,0.6185567010309279,0.30927835051546393,0.0,0.0,0,0,2803,es ESP,MF,es La Liga,29-075,1997.0,23,877,38,34.8,9.7,8,73.0,1,15,20.0,4,1.04,11,18,-7,-0.72,-0.44,2229,es ESP,MF,es La Liga,29-075,1997.0,9.7,4,1,1,13,9,1,19,13,7,0,0.0,0.0,1.9587628865979383,1.3402061855670104,0.7216494845360826,1.3402061855670104,0.9278350515463918,False,1,-0.7345208390382241,-0.7621682875409468,-0.6139763357733053,-0.22518187544556081,0.3333054799274749,0.9555645712671189,-0.50870270279331,0.12607214703324607,-0.26885878920352163,-1.1666021298751785,-0.23318996377912518
Manu Sánchez,es ESP,DF,Levante,es La Liga,25.0,2000.0,24,23,2083,23.1,1,1,2,1,0,0,7,0,0.09,2232,es ESP,DF,es La Liga,25-205,2000.0,23.1,1,10,3,30.0,0.4329004329004329,0.12987012987012986,0.1,0.33,0,0,2808,es ESP,DF,es La Liga,25-205,2000.0,24,2083,87,82.7,23.1,23,88.0,18,1,62.0,3,0.79,25,37,-12,-0.52,0.31,2232,es ESP,DF,es La Liga,25-205,2000.0,23.1,7,0,0,26,16,2,60,31,46,0,0.04329004329004329,0.04329004329004329,2.5974025974025974,1.3419913419913418,1.9913419913419912,1.1255411255411254,0.6926406926406926,False,4,-0.48574813180905363,-0.3660279350789785,-0.8127095993538129,-0.6566649295787982,0.705680247014607,0.9591942012400716,2.1051588627478433,-0.26238777756283815,-0.6097071741199256,-2.0081073530848186,1.1349194551606494
James Sands,us USA,MF,St Pauli,de Bundesliga,25.0,2000.0,24,23,1934,21.5,1,0,1,1,0,0,4,0,0.05,2238,us USA,MF,de Bundesliga,25-254,2000.0,21.5,1,16,4,25.0,0.7441860465116279,0.18604651162790697,0.06,0.25,0,0,2814,us USA,MF,de Bundesliga,25-254,2000.0,24,1934,81,82.6,21.5,23,84.0,15,1,11.0,0,1.0,17,34,-17,-0.79,-0.35,2238,us USA,MF,de Bundesliga,25-254,2000.0,21.5,4,0,0,26,38,0,9,41,23,0,0.046511627906976744,0.0,0.4186046511627907,1.9069767441860466,1.069767441860465,1.2093023255813953,1.7674418604651163,False,4,-0.4672348140617666,-0.7621682875409468,-0.47949808690904466,-0.5215587639649164,-0.5647220847457043,2.107938323680046,0.20795282131776935,-0.11081271710447928,0.9479162479031544,-1.5443456568507066,0.08391523351006684
Sadibou Sané,sn SEN,DF,Metz,fr Ligue 1,21.0,2004.0,15,14,1220,13.6,2,0,2,2,0,0,3,2,0.15,2240,sn SEN,DF,fr Ligue 1,21-280,2004.0,13.6,2,3,2,66.7,0.22058823529411764,0.14705882352941177,0.67,1.0,0,0,2816,sn SEN,DF,fr Ligue 1,21-280,2004.0,15,1220,81,52.1,13.6,14,86.0,12,1,17.0,3,0.13,10,32,-22,-1.62,-0.58,2240,sn SEN,DF,fr Ligue 1,21-280,2004.0,13.6,3,2,0,13,9,0,0,23,21,1,0.14705882352941177,0.0,0.0,1.6911764705882353,1.5441176470588236,0.9558823529411765,0.6617647058823529,False,1,0.11057468110792827,-0.7621682875409468,-1.039976345330822,-0.6153255193221787,-0.8087999377842117,1.6691671714459335,1.1844772658808524,-0.569403898413121,-0.6544532737638373,-2.103723971364508,-0.4755695226692519
Arouna Sangante,sn SEN,DF,Le Havre,fr Ligue 1,23.0,2002.0,22,22,1801,20.0,1,1,2,1,0,0,3,1,0.1,2241,sn SEN,DF,fr Ligue 1,23-339,2002.0,20.0,1,7,5,71.4,0.35,0.25,0.14,0.2,0,0,2817,sn SEN,DF,fr Ligue 1,23-339,2002.0,22,1801,82,77.0,20.0,22,82.0,13,0,,0,1.05,16,26,-10,-0.5,-0.17,2241,sn SEN,DF,fr Ligue 1,23-339,2002.0,20.0,3,1,0,33,30,0,3,22,18,0,0.05,0.05,0.15,1.1,0.9,1.65,1.5,False,4,-0.44718836218853225,-0.3046261804473734,-0.9014492565086138,-0.3677483845630913,-0.7213387071120799,0.4671706361814539,-0.14154013778901794,0.6866779660727352,0.5603341365689176,-0.9237541870400946,-0.02648828016937463
Mamadou Sangare,ml MLI,MF,Lens,fr Ligue 1,23.0,2002.0,23,21,1828,20.3,2,3,5,2,0,0,4,0,0.25,2244,ml MLI,MF,fr Ligue 1,23-264,2002.0,20.3,2,37,9,24.3,1.8226600985221675,0.44334975369458124,0.05,0.22,0,0,2821,ml MLI,MF,fr Ligue 1,23-264,2002.0,23,1828,79,78.1,20.3,21,84.0,15,2,33.0,0,2.3,37,18,19,0.94,-0.3,2244,ml MLI,MF,fr Ligue 1,23-264,2002.0,20.3,4,0,0,31,37,3,7,31,45,0,0.09852216748768472,0.14778325123152708,0.3448275862068965,1.5270935960591132,2.216748768472906,1.5270935960591132,1.8226600985221675,False,4,-0.16834847086149154,0.5901729156912896,0.6749400056001739,0.09726454483311149,-0.6077396373885063,1.335549281539058,2.5691941375855043,0.4642653740957477,1.0279396266408294,-0.48898995319690425,1.845085679263313
Nhoa Sangui,fr FRA,DF,Paris FC,fr Ligue 1,20.0,2006.0,19,12,1194,13.3,0,0,0,0,0,0,0,0,0.0,2245,fr FRA,DF,fr Ligue 1,20-018,2006.0,13.3,0,2,0,0.0,0.15037593984962405,0.0,0.0,,0,0,2822,fr FRA,DF,fr Ligue 1,20-018,2006.0,19,1194,63,51.0,13.3,12,89.0,10,7,18.0,0,1.16,10,22,-12,-0.9,-0.9,2245,fr FRA,DF,fr Ligue 1,20-018,2006.0,13.3,0,0,0,4,11,1,26,12,10,0,0.0,0.0,1.9548872180451127,0.9022556390977443,0.7518796992481203,0.3007518796992481,0.8270676691729323,False,1,-0.7345208390382241,-0.7621682875409468,-1.1151341558247574,-0.9690071404065893,0.3310456749854255,0.06511127066561259,-0.44646905493739564,-1.7549342041157303,-0.41489290198604173,-1.617992193615095,-0.913044678310106
Kaishu Sano,jp JPN,MF,Mainz 05,de Bundesliga,25.0,2000.0,26,26,2339,26.0,1,1,2,1,0,0,1,0,0.08,2247,jp JPN,MF,de Bundesliga,25-077,2000.0,26.0,1,15,4,26.7,0.5769230769230769,0.15384615384615385,0.07,0.25,0,0,2824,jp JPN,MF,de Bundesliga,25-077,2000.0,26,2339,90,100.0,26.0,26,90.0,25,0,,0,1.04,31,41,-10,-0.38,-0.38,2247,jp JPN,MF,de Bundesliga,25-077,2000.0,26.0,1,0,0,9,23,4,13,59,27,0,0.038461538461538464,0.038461538461538464,0.5,2.269230769230769,1.0384615384615385,0.34615384615384615,0.8846153846153846,False,1,-0.5134958568461534,-0.41021282054589037,-0.6585424906193226,-0.5990017521952059,-0.517262502210439,2.844483339681963,0.14350469924855178,-1.67277437585425,-0.3314935978724032,-2.2286729413062702,-0.7276290421355017
Morgan Sanson,fr FRA,MF,Nice,fr Ligue 1,31.0,1994.0,24,13,1253,13.9,0,2,2,0,0,0,3,0,0.14,2248,fr FRA,MF,fr Ligue 1,31-211,1994.0,13.9,0,13,4,30.8,0.935251798561151,0.28776978417266186,0.0,0.0,0,0,2825,fr FRA,MF,fr Ligue 1,31-211,1994.0,24,1253,52,53.5,13.9,13,82.0,5,11,17.0,0,1.0,12,28,-16,-1.15,-1.15,2248,fr FRA,MF,fr Ligue 1,31-211,1994.0,13.9,3,0,0,25,9,1,31,16,17,0,0.0,0.14388489208633093,2.2302158273381294,1.1510791366906474,1.223021582733813,1.7985611510791366,0.6474820143884892,False,4,-0.7345208390382241,0.5544996465412787,-0.27497431377914167,-0.27691073080256284,0.491582868372184,0.5710261655893942,0.5234505551719306,0.9555156313134132,-0.6751520369084697,-0.8565167130597391,0.9811842443781116
Baptiste Santamaria,fr FRA,MF,Valencia,es La Liga,31.0,1995.0,19,7,754,8.4,1,1,2,1,0,0,2,0,0.24,2249,fr FRA,MF,es La Liga,31-008,1995.0,8.4,1,6,2,33.3,0.7142857142857143,0.23809523809523808,0.17,0.5,0,0,2826,fr FRA,MF,es La Liga,31-008,1995.0,19,754,40,29.9,8.4,7,84.0,6,12,14.0,9,1.21,11,17,-6,-0.72,-0.41,2249,fr FRA,MF,es La Liga,31-008,1995.0,8.4,2,0,0,13,10,1,3,8,5,0,0.11904761904761904,0.11904761904761904,0.35714285714285715,0.9523809523809523,0.5952380952380952,1.5476190476190474,1.1904761904761905,False,1,-0.05039589415800557,0.3272176817294659,-0.5115044967396062,-0.3963797538889722,-0.6005589123743741,0.16702745964301208,-0.768940414019859,0.5014084255281102,0.11176602013861045,-0.24472843892659674,-0.3283787194308128
Tiago Santos,pt POR,DF,Lille,fr Ligue 1,23.0,2002.0,13,8,694,7.7,0,0,0,0,0,0,0,0,0.0,2255,pt POR,DF,fr Ligue 1,23-237,2002.0,7.7,0,8,0,0.0,1.0389610389610389,0.0,0.0,,0,0,2833,pt POR,DF,fr Ligue 1,23-237,2002.0,13,694,53,29.7,7.7,8,79.0,1,5,12.0,6,1.23,6,8,-2,-0.26,-0.75,2255,pt POR,DF,fr Ligue 1,23-237,2002.0,7.7,0,0,0,12,21,0,30,4,8,0,0.0,0.0,3.896103896103896,0.5194805194805194,1.0389610389610389,1.5584415584415585,2.727272727272727,False,4,-0.7345208390382241,-0.7621682875409468,-0.16396014756936766,-0.9690071404065893,1.4629203394140162,-0.7131578087981654,0.14453299952646473,0.5209929435560837,2.33892240241496,-0.17689908936881932,1.7783650448770982
Malang Sarr,fr FRA,DF,Lens,fr Ligue 1,27.0,1999.0,25,25,2250,25.0,0,1,1,0,0,0,2,0,0.04,2262,fr FRA,DF,fr Ligue 1,27-053,1999.0,25.0,0,15,4,26.7,0.6,0.16,0.0,0.0,0,0,2845,fr FRA,DF,fr Ligue 1,27-053,1999.0,25,2250,90,96.2,25.0,25,90.0,25,0,,0,2.24,49,21,28,1.12,3.12,2262,fr FRA,DF,fr Ligue 1,27-053,1999.0,25.0,2,0,0,16,14,0,7,60,31,0,0.0,0.04,0.28,2.4,1.24,0.64,0.56,False,1,-0.7345208390382241,-0.3961346018660881,-0.6338401076475302,-0.5842015366667506,-0.6455389738628989,3.1103669973103094,0.5584032953810141,-1.1410275943698203,-0.8019327277901998,-2.5918657001685768,-0.5396569829191373
Mamadou Sarr,sn SEN,DF,Strasbourg,fr Ligue 1,20.0,2005.0,15,15,1305,14.5,0,0,0,0,0,0,3,0,0.0,2263,sn SEN,DF,fr Ligue 1,20-200,2005.0,14.5,0,1,0,0.0,0.06896551724137931,0.0,0.0,,0,0,2846,sn SEN,DF,fr Ligue 1,20-200,2005.0,15,1305,87,55.8,14.5,15,87.0,14,0,,0,1.47,21,16,5,0.34,0.0,2263,sn SEN,DF,fr Ligue 1,20-200,2005.0,14.5,3,0,0,16,11,0,0,5,13,0,0.0,0.0,0.0,0.3448275862068966,0.896551724137931,1.103448275862069,0.7586206896551724,False,1,-0.7345208390382241,-0.7621682875409468,-1.2022788514352114,-0.9690071404065893,-0.8087999377842117,-1.0682670377899506,-0.1486389555696471,-0.3023672074682174,-0.5140876383291391,-1.3599260084674492,-1.0435558482033558
Martin Satriano,uy URU,FW,Lyon,fr Ligue 1,25.0,2001.0,11,8,692,7.7,2,1,3,2,0,0,1,0,0.39,2266,uy URU,FW,fr Ligue 1,25-025,2001.0,7.7,2,16,7,43.8,2.0779220779220777,0.9090909090909091,0.13,0.29,0,0,2850,uy URU,FW,fr Ligue 1,25-025,2001.0,11,692,63,29.6,7.7,8,84.0,4,3,7.0,2,1.5,11,9,2,0.26,-0.34,2266,uy URU,FW,fr Ligue 1,25-025,2001.0,7.7,1,0,0,11,13,3,5,5,3,0,0.2597402597402597,0.12987012987012986,0.6493506493506493,0.6493506493506493,0.38961038961038963,1.4285714285714286,1.6883116883116882,False,0,0.758115404336798,0.42625276984495797,0.9481817697753957,1.2173883353879487,-0.430179891584507,-0.44910222826581203,-1.1922573617608385,0.2859787272204072,0.8332392143971463,2.1431367820397886,-0.4573005978249375
Mario Sauer,sk SVK,MF,Toulouse,fr Ligue 1,21.0,2004.0,20,6,600,6.7,1,0,1,1,0,0,2,0,0.15,2267,sk SVK,MF,fr Ligue 1,21-306,2004.0,6.7,1,12,3,25.0,1.791044776119403,0.44776119402985076,0.08,0.33,0,0,2851,sk SVK,MF,fr Ligue 1,21-306,2004.0,20,600,30,25.6,6.7,6,64.0,1,14,16.0,3,1.15,9,14,-5,-0.75,-1.27,2267,sk SVK,MF,fr Ligue 1,21-306,2004.0,6.7,2,0,0,7,3,0,7,8,6,0,0.14925373134328357,0.0,1.044776119402985,1.1940298507462686,0.8955223880597015,1.044776119402985,0.44776119402985076,False,1,0.1231880470802588,-0.7621682875409468,0.6410978075234837,0.10787421334295941,-0.19961723658528388,0.6583547587430125,-0.15075800565341696,-0.40854089717457714,-0.9645914578629303,-0.22167347979813845,-0.9606880636429688
Giorgio Scalvini,it ITA,DF,Atalanta,it Serie A,22.0,2003.0,15,14,1111,12.3,2,0,2,2,0,0,2,0,0.16,2272,it ITA,DF,it Serie A,22-096,2003.0,12.3,2,12,5,41.7,0.975609756097561,0.4065040650406504,0.17,0.4,0,0,2858,it ITA,DF,it Serie A,22-096,2003.0,15,1111,74,42.6,12.3,14,78.0,6,1,24.0,5,2.0,20,8,12,0.97,0.91,2272,it ITA,DF,it Serie A,22-096,2003.0,12.3,2,0,0,21,6,2,2,23,15,0,0.16260162601626016,0.0,0.16260162601626016,1.8699186991869918,1.2195121951219512,1.7073170731707317,0.4878048780487805,False,4,0.1998937198225622,-0.7621682875409468,-0.23177367911477997,0.008649373160074102,-0.7139910156463994,2.032590870070776,0.5162259292502517,0.7903994842335662,-0.9065593473673401,-1.2876712105810653,-0.4103892234451226
Gianluca Scamacca,it ITA,FW,Atalanta,it Serie A,27.0,1999.0,20,14,1140,12.7,8,1,9,6,2,2,2,0,0.55,2273,it ITA,FW,it Serie A,27-075,1999.0,12.7,8,51,19,37.3,4.015748031496063,1.4960629921259843,0.12,0.32,2,2,2859,it ITA,FW,it Serie A,27-075,1999.0,20,1140,57,43.7,12.7,14,66.0,4,6,36.0,4,1.4,17,11,6,0.47,0.05,2273,it ITA,FW,it Serie A,27-075,1999.0,12.7,2,0,0,21,17,7,0,3,4,0,0.6299212598425197,0.07874015748031496,0.0,0.2362204724409449,0.31496062992125984,1.6535433070866143,1.3385826771653544,False,2,2.8854158771783656,-0.04162953621248481,3.022501586082804,2.6290767528300916,-0.8087999377842117,-1.2890900592506207,-1.3459356237670954,0.6930899681168547,0.3264049129187091,4.913337075105253,-1.4554797418036836
András Schäfer,hu HUN,MF,Union Berlin,de Bundesliga,26.0,1999.0,21,11,987,11.0,1,0,1,1,0,0,2,1,0.09,2277,hu HUN,MF,de Bundesliga,26-338,1999.0,11.0,1,20,7,35.0,1.8181818181818181,0.6363636363636364,0.05,0.14,0,0,2863,hu HUN,MF,de Bundesliga,26-338,1999.0,21,987,47,42.2,11.0,11,72.0,4,10,19.0,1,1.05,12,15,-3,-0.27,0.26,2277,hu HUN,MF,de Bundesliga,26-338,1999.0,11.0,2,1,0,29,18,0,13,16,18,0,0.09090909090909091,0.0,1.1818181818181819,1.4545454545454546,1.6363636363636365,2.6363636363636362,1.6363636363636365,False,4,-0.21209815385696626,-0.7621682875409468,0.670146290439205,0.5614696926495873,-0.11971145370074912,1.188042371034778,1.3743801319107842,2.471610939142198,0.7579550549962559,-0.15381233083411386,1.5174446884868604
Derry Scherhant,de GER,MF,Freiburg,de Bundesliga,23.0,2002.0,23,7,841,9.3,4,1,5,4,0,0,2,0,0.54,2280,de GER,MF,de Bundesliga,23-127,2002.0,9.3,4,29,11,37.9,3.118279569892473,1.182795698924731,0.14,0.36,0,0,2866,de GER,MF,de Bundesliga,23-127,2002.0,23,841,37,35.9,9.3,7,73.0,0,16,21.0,3,1.3,15,16,-1,-0.11,0.19,2280,de GER,MF,de Bundesliga,23-127,2002.0,9.3,2,0,0,11,29,1,58,4,6,0,0.4301075268817204,0.1075268817204301,6.236559139784946,0.4301075268817204,0.6451612903225806,1.182795698924731,3.118279569892473,False,2,1.7371563811741781,0.22179323309039367,2.0618185015251926,1.8756579410035086,2.827580979049941,-0.8948734771215052,-0.6661656711897062,-0.1587793596084002,2.9055773656474715,4.137876689393807,1.955427867816178
Patrik Schick,cz CZE,FW,Leverkusen,de Bundesliga,30.0,1996.0,20,17,1367,15.2,7,3,10,5,2,2,1,0,0.53,2281,cz CZE,FW,de Bundesliga,30-052,1996.0,15.2,7,42,16,38.1,2.763157894736842,1.0526315789473684,0.12,0.31,2,2,2867,cz CZE,FW,de Bundesliga,30-052,1996.0,20,1367,68,58.4,15.2,17,77.0,6,3,21.0,0,1.6,28,18,10,0.66,0.1,2281,cz CZE,FW,de Bundesliga,30-052,1996.0,15.2,1,0,0,16,13,4,0,2,2,0,0.46052631578947373,0.19736842105263158,0.0,0.13157894736842105,0.13157894736842105,1.0526315789473684,0.8552631578947368,False,2,1.911962500366832,1.043918977302106,1.68168326460311,1.562608673671297,-0.8087999377842117,-1.5018501348619047,-1.723455636903951,-0.39432558322497213,-0.37403143389016347,3.515706436146032,-1.6514579548631925
Stefan Schimmer,de GER,FW,Heidenheim,de Bundesliga,31.0,1994.0,21,2,694,7.7,5,1,6,5,0,0,1,0,0.78,2282,de GER,FW,de Bundesliga,31-323,1994.0,7.7,5,28,11,39.3,3.6363636363636362,1.4285714285714286,0.18,0.45,0,0,2868,de GER,FW,de Bundesliga,31-323,1994.0,21,694,33,29.7,7.7,2,66.0,0,19,30.0,2,0.52,12,16,-4,-0.52,1.12,2282,de GER,FW,de Bundesliga,31-323,1994.0,7.7,1,0,0,12,5,4,10,3,3,0,0.6493506493506493,0.12987012987012986,1.2987012987012987,0.38961038961038963,0.38961038961038963,1.5584415584415585,0.6493506493506493,False,2,2.9970697693993316,0.42625276984495797,2.616394645792541,2.4667571786991136,-0.05155984538480232,-0.9772133893305185,-1.1922573617608385,0.5209929435560837,-0.6724439736206678,4.4792326677085414,-1.2084164239250212
Xaver Schlager,at AUT,MF,RB Leipzig,de Bundesliga,28.0,1997.0,20,15,1322,14.7,2,1,3,2,0,0,4,0,0.2,2283,at AUT,MF,de Bundesliga,28-170,1997.0,14.7,2,16,5,31.3,1.08843537414966,0.3401360544217687,0.13,0.4,0,0,2869,at AUT,MF,de Bundesliga,28-170,1997.0,20,1322,66,56.5,14.7,15,81.0,11,5,21.0,0,1.7,27,22,5,0.34,-0.37,2283,at AUT,MF,de Bundesliga,28-170,1997.0,14.7,4,0,0,19,8,1,10,7,16,0,0.1360544217687075,0.06802721088435375,0.6802721088435374,0.4761904761904762,1.08843537414966,1.2925170068027212,0.54421768707483,False,1,0.0473362408248829,-0.13966201938642517,-0.11100100864818824,-0.1509680168099934,-0.41215036557499724,-0.801176335642283,0.24638369371978347,0.039773357725889136,-0.8248047724081846,-0.13295454866747117,-0.5308173381195088
Keven Schlotterbeck,de GER,DF,Augsburg,de Bundesliga,28.0,1997.0,21,20,1835,20.4,0,1,1,0,0,1,6,1,0.05,2284,de GER,DF,de Bundesliga,28-323,1997.0,20.4,0,12,3,25.0,0.5882352941176471,0.14705882352941177,0.0,0.0,0,1,2870,de GER,DF,de Bundesliga,28-323,1997.0,21,1835,87,78.4,20.4,20,90.0,19,1,45.0,3,1.29,26,30,-4,-0.2,1.59,2284,de GER,DF,de Bundesliga,28-323,1997.0,20.4,6,1,1,22,18,1,6,22,19,0,0.0,0.04901960784313726,0.29411764705882354,1.0784313725490198,0.9313725490196079,1.0784313725490198,0.8823529411764707,False,1,-0.7345208390382241,-0.3135975943119532,-0.6464334793586399,-0.6153255193221787,-0.6373073286231689,0.42331669957147305,-0.07695481523584315,-0.34763803250813197,-0.334772376307849,-1.3082431701536055,-0.5780955089046725
Nico Schlotterbeck,de GER,DF,Dortmund,de Bundesliga,26.0,1999.0,20,20,1800,20.0,4,1,5,4,0,0,6,0,0.25,2285,de GER,DF,de Bundesliga,26-106,1999.0,20.0,4,29,8,27.6,1.45,0.4,0.14,0.5,0,0,2871,de GER,DF,de Bundesliga,26-106,1999.0,20,1800,90,76.9,20.0,20,90.0,20,0,,0,2.2,40,21,19,0.95,-0.72,2285,de GER,DF,de Bundesliga,26-106,1999.0,20.0,6,0,0,20,19,1,22,13,29,0,0.2,0.05,1.1,0.65,1.45,1.0,0.95,False,1,0.41480906836054315,-0.3046261804473734,0.27603099848015444,-0.006993131056992437,-0.16741757952191189,-0.4477819503631502,0.9907212982213279,-0.4895681866873251,-0.23673690108801285,0.05291434005337063,-0.0795294481352435
Isaac Schmidt,ch SUI,MF,Werder Bremen,de Bundesliga,26.0,1999.0,16,5,550,6.1,1,0,1,1,0,0,2,0,0.16,2288,ch SUI,MF,de Bundesliga,26-100,1999.0,6.1,1,4,2,50.0,0.6557377049180328,0.3278688524590164,0.25,0.5,0,0,2874,ch SUI,MF,de Bundesliga,26-100,1999.0,16,550,34,23.5,6.1,5,66.0,0,11,20.0,6,0.88,8,11,-3,-0.49,0.26,2288,ch SUI,MF,de Bundesliga,26-100,1999.0,6.1,2,0,0,7,3,0,7,8,7,0,0.1639344262295082,0.0,1.1475409836065575,1.3114754098360657,1.1475409836065575,1.1475409836065575,0.49180327868852464,False,1,0.20755285555092942,-0.7621682875409468,-0.5741764285571901,-0.1804710671692148,-0.13969762663129084,0.8971483544483171,0.36806187961057174,-0.2225766261617121,-0.9007647849184509,-1.1081330798167761,-0.583312285800476
Joël Schmied,ch SUI,DF,Köln,de Bundesliga,27.0,1998.0,13,11,952,10.6,0,0,0,0,0,0,4,0,0.0,2289,ch SUI,DF,de Bundesliga,27-175,1998.0,10.6,0,4,0,0.0,0.37735849056603776,0.0,0.0,,0,0,2877,ch SUI,DF,de Bundesliga,27-175,1998.0,13,952,73,40.7,10.6,11,81.0,7,2,32.0,1,1.15,16,21,-5,-0.47,-0.21,2289,ch SUI,DF,de Bundesliga,27-175,1998.0,10.6,4,0,0,13,5,0,5,10,9,0,0.0,0.0,0.4716981132075472,0.9433962264150944,0.8490566037735849,1.2264150943396226,0.4716981132075472,False,1,-0.7345208390382241,-0.7621682875409468,-0.8721637270106084,-0.9690071404065893,-0.5337646212051809,0.14875946350555383,-0.24641512500095392,-0.0798452887738063,-0.9299015942133365,-1.6684093201015324,-0.9249607193810173
Jan Schöppner,de GER,MF,Heidenheim,de Bundesliga,26.0,1999.0,24,22,1670,18.6,1,1,2,1,0,0,4,0,0.11,2291,de GER,MF,de Bundesliga,26-278,1999.0,18.6,1,19,5,26.3,1.021505376344086,0.26881720430107525,0.05,0.2,0,0,2880,de GER,MF,de Bundesliga,26-278,1999.0,24,1670,70,71.4,18.6,22,73.0,10,2,28.0,2,0.58,14,40,-26,-1.4,-0.33,2291,de GER,MF,de Bundesliga,26-278,1999.0,18.6,4,0,0,18,13,2,11,27,10,0,0.05376344086021505,0.05376344086021505,0.5913978494623655,1.4516129032258063,0.5376344086021505,0.9677419354838709,0.6989247311827956,False,1,-0.4255611865116738,-0.27018752722527656,-0.18264532763228364,-0.3224923491770216,-0.46397071291200753,1.1820798256679181,-0.8875266557469587,-0.5479426855836061,-0.6006002193536888,-0.9097944050620106,-1.0327156228437488
Jenson Seelt,nl NED,DF,Wolfsburg,de Bundesliga,22.0,2003.0,9,8,681,7.6,0,0,0,0,0,0,0,0,0.0,2297,nl NED,DF,de Bundesliga,22-298,2003.0,7.6,0,2,0,0.0,0.2631578947368421,0.0,0.0,,0,0,2886,nl NED,DF,de Bundesliga,22-298,2003.0,9,681,76,29.1,7.6,8,84.0,7,1,6.0,2,1.22,15,17,-2,-0.26,0.77,2297,nl NED,DF,de Bundesliga,22-298,2003.0,7.6,0,0,0,5,6,0,0,5,9,1,0.0,0.0,0.0,0.6578947368421053,1.1842105263157896,0.6578947368421053,0.7894736842105263,False,1,-0.7345208390382241,-0.7621682875409468,-0.9944082240077272,-0.9690071404065893,-0.8087999377842117,-0.43173015059920977,0.4435518961302041,-1.1086451091926202,-0.4693748594472126,-1.6786685075424406,-0.9507344619440337
Alidu Seidu,gh GHA,DF,Rennes,fr Ligue 1,25.0,2000.0,15,8,815,9.1,0,1,1,0,0,0,1,0,0.11,2299,gh GHA,DF,fr Ligue 1,25-286,2000.0,9.1,0,4,1,25.0,0.43956043956043955,0.10989010989010989,0.0,0.0,0,0,2888,gh GHA,DF,fr Ligue 1,25-286,2000.0,15,815,54,34.8,9.1,8,79.0,6,7,26.0,9,1.2,13,16,-3,-0.33,-0.86,2299,gh GHA,DF,fr Ligue 1,25-286,2000.0,9.1,1,0,0,9,21,2,7,14,18,0,0.0,0.10989010989010989,0.7692307692307693,1.5384615384615385,1.978021978021978,0.989010989010989,2.307692307692308,False,4,-0.7345208390382241,0.2434187610163573,-0.8055804844990389,-0.7047175773984583,-0.3602808061322538,1.358662899994145,2.0777375220034884,-0.5094540049926515,1.7308580380231515,-1.708898118952775,1.673296606772653
Nicolas Seiwald,at AUT,MF,RB Leipzig,de Bundesliga,24.0,2001.0,26,25,2189,24.3,0,2,2,0,0,0,1,0,0.08,2300,at AUT,MF,de Bundesliga,24-317,2001.0,24.3,0,16,5,31.3,0.6584362139917695,0.205761316872428,0.0,0.0,0,0,2890,at AUT,MF,de Bundesliga,24-317,2001.0,26,2189,84,93.5,24.3,25,87.0,16,1,24.0,0,1.81,46,29,17,0.7,3.08,2300,at AUT,MF,de Bundesliga,24-317,2001.0,24.3,1,0,0,13,5,0,5,52,31,0,0.0,0.0823045267489712,0.205761316872428,2.139917695473251,1.2757201646090535,0.5349794238683128,0.205761316872428,False,1,-0.7345208390382241,-0.009012555699673762,-0.5712878456915237,-0.47414396687284605,-0.6888256844616715,2.5815603812186865,0.6319388678806009,-1.331073823039885,-1.3153025364060515,-2.369988619853665,-0.6832197989366023
Suat Serdar,de GER,MF,Hellas Verona,it Serie A,28.0,1997.0,20,12,1108,12.3,2,0,2,2,0,0,3,0,0.16,2308,de GER,MF,it Serie A,28-340,1997.0,12.3,2,19,7,36.8,1.5447154471544715,0.5691056910569106,0.11,0.29,0,0,2899,de GER,MF,it Serie A,28-340,1997.0,20,1108,55,42.5,12.3,12,78.0,4,8,21.0,0,0.55,8,24,-16,-1.3,-0.52,2308,de GER,MF,it Serie A,28-340,1997.0,12.3,3,0,0,19,12,1,7,10,20,0,0.16260162601626016,0.0,0.5691056910569106,0.8130081300813008,1.6260162601626016,1.5447154471544715,0.975609756097561,False,4,0.1998937198225622,-0.7621682875409468,0.3774178792681748,0.39971197858673946,-0.4769687103018689,-0.11634926092829376,1.3530784318447424,0.4961540426425567,-0.19962272860287858,-0.07839040266000814,0.1205440578886254
Kwasi Sibo,gh GHA,MF,Oviedo,es La Liga,27.0,1998.0,19,15,1245,13.8,0,0,0,0,0,0,3,0,0.0,2315,gh GHA,MF,es La Liga,27-266,1998.0,13.8,0,8,2,25.0,0.5797101449275363,0.14492753623188406,0.0,0.0,0,0,2917,gh GHA,MF,es La Liga,27-266,1998.0,19,1245,66,49.4,13.8,15,78.0,8,4,19.0,8,0.79,9,20,-11,-0.8,0.26,2315,gh GHA,MF,es La Liga,27-266,1998.0,13.8,3,0,0,21,4,0,0,10,16,0,0.0,0.0,0.0,0.7246376811594203,1.1594202898550725,1.5217391304347825,0.2898550724637681,False,1,-0.7345208390382241,-0.7621682875409468,-0.6555591110333572,-0.6204513399176048,-0.8087999377842117,-0.29602652940647683,0.3925172984319358,0.45457588241774,-1.19343217817031,-1.4454104845363926,-0.7438818398189934
Jamil Siebert,de GER,DF,Lecce,it Serie A,23.0,2002.0,12,9,891,9.9,1,0,1,1,0,0,2,0,0.1,2318,de GER,DF,it Serie A,23-349,2002.0,9.9,1,4,2,50.0,0.40404040404040403,0.20202020202020202,0.25,0.5,0,0,2920,de GER,DF,it Serie A,23-349,2002.0,12,891,74,34.1,9.9,9,89.0,8,3,31.0,17,0.83,4,18,-14,-1.41,-1.2,2318,de GER,DF,it Serie A,23-349,2002.0,9.9,2,0,0,17,3,0,2,6,9,0,0.10101010101010101,0.0,0.20202020202020202,0.6060606060606061,0.9090909090909091,1.7171717171717171,0.30303030303030304,False,1,-0.15405118883682653,-0.7621682875409468,-0.8436024303911676,-0.48314147911891414,-0.6910070345220813,-0.5371207551099297,-0.12282507273099581,0.808232541299688,-1.1743383696266059,-0.9536851098252982,-0.9303955664030946
Francisco Sierralta,cl CHI,DF,Auxerre,fr Ligue 1,28.0,1997.0,10,9,861,9.6,1,0,1,1,0,0,2,0,0.1,2319,cl CHI,DF,fr Ligue 1,28-315,1997.0,9.6,1,7,2,28.6,0.7291666666666667,0.20833333333333334,0.14,0.5,0,0,2923,cl CHI,DF,fr Ligue 1,28-315,1997.0,10,861,86,36.8,9.6,9,87.0,7,1,77.0,6,0.7,6,15,-9,-0.94,-0.45,2319,cl CHI,DF,fr Ligue 1,28-315,1997.0,9.6,2,0,0,8,5,0,0,9,6,0,0.10416666666666667,0.0,0.0,0.9375,0.625,0.8333333333333334,0.5208333333333334,False,1,-0.13591151226803283,-0.7621682875409468,-0.49557538073597013,-0.4679581772036743,-0.8087999377842117,0.1367710910403467,-0.707670855794191,-0.7911697643181098,-0.8586938471384963,-0.8960719113405008,-1.6357375537895282
Tim Siersleben,de GER,DF,Heidenheim,de Bundesliga,26.0,2000.0,14,12,1079,12.0,0,0,0,0,0,0,2,0,0.0,2320,de GER,DF,de Bundesliga,26-008,2000.0,12.0,0,5,3,60.0,0.4166666666666667,0.25,0.0,0.0,0,0,2924,de GER,DF,de Bundesliga,26-008,2000.0,14,1079,77,46.1,12.0,12,85.0,9,2,28.0,10,0.71,16,28,-12,-1.0,0.57,2320,de GER,DF,de Bundesliga,26-008,2000.0,12.0,2,0,0,13,13,1,13,21,16,0,0.0,0.0,1.0833333333333333,1.75,1.3333333333333333,1.0833333333333333,1.0833333333333333,False,4,-0.7345208390382241,-0.7621682875409468,-0.8300868168123248,-0.3677483845630913,-0.17713549404103773,1.7887688167458817,0.750544629976709,-0.3387673978719329,-0.043507558625726736,-1.9873113343280167,0.10514937427373343
André Silva,pt POR,FW,Elche,es La Liga,30.0,1995.0,22,15,1290,14.3,7,0,7,6,1,1,2,0,0.42,2322,pt POR,FW,es La Liga,30-131,1995.0,14.3,7,39,19,48.7,2.727272727272727,1.3286713286713285,0.15,0.32,1,1,2926,pt POR,FW,es La Liga,30-131,1995.0,22,1290,59,51.2,14.3,15,79.0,7,7,15.0,2,0.77,14,28,-14,-0.98,-1.34,2322,pt POR,FW,es La Liga,30-131,1995.0,14.3,2,0,0,16,27,4,2,2,3,0,0.4895104895104895,0.0,0.13986013986013984,0.13986013986013984,0.2097902097902098,1.1188811188811187,1.8881118881118881,False,2,2.078524388860856,-0.7621682875409468,1.643270468115873,2.2264939396008123,-0.727251004756583,-1.485012582661967,-1.5624454618096302,-0.2744397886569754,1.1227936736313415,3.7542314935189203,-1.6995053339488215
Giovanni Simeone,ar ARG,FW,Torino,it Serie A,30.0,1995.0,23,18,1488,16.5,7,0,7,7,0,0,1,0,0.42,2329,ar ARG,FW,it Serie A,30-255,1995.0,16.5,7,50,22,44.0,3.0303030303030303,1.3333333333333333,0.14,0.32,0,0,2934,ar ARG,FW,it Serie A,30-255,1995.0,23,1488,65,57.0,16.5,18,74.0,2,5,32.0,2,1.3,18,24,-6,-0.36,0.6,2329,ar ARG,FW,it Serie A,30-255,1995.0,16.5,1,0,0,22,29,10,4,1,6,0,0.42424242424242425,0.0,0.24242424242424243,0.06060606060606061,0.36363636363636365,1.3333333333333333,1.7575757575757576,False,2,1.7034516918076454,-0.7621682875409468,1.967645194008096,2.2377062240920664,-0.6674484538696552,-1.6461541933458133,-1.2457289762123305,0.11363496857424427,0.933618093598334,3.7121903479226455,-1.403682670694699
Giuliano Simeone,ar ARG,MF,Atlético Madrid,es La Liga,23.0,2002.0,25,20,1779,19.8,3,5,8,3,0,0,1,0,0.4,2330,ar ARG,MF,es La Liga,23-089,2002.0,19.8,3,32,11,34.4,1.6161616161616161,0.5555555555555556,0.09,0.27,0,0,2935,ar ARG,MF,es La Liga,23-089,2002.0,25,1779,71,70.6,19.8,20,80.0,7,5,37.0,1,2.12,35,17,18,0.91,0.42,2330,ar ARG,MF,es La Liga,23-089,2002.0,19.8,1,0,0,19,39,6,40,17,19,0,0.15151515151515152,0.25252525252525254,2.0202020202020203,0.8585858585858586,0.9595959595959596,0.9595959595959596,1.9696969696969697,False,3,0.13618363626387228,1.5486504351538684,0.45389647317772325,0.3671234281345174,0.36912909483709183,-0.02367934851924297,-0.018852489075316683,-0.5626837206584245,1.2410284111519712,1.13305170392818,1.06379708263025
Tim Skarke,de GER,MF,Union Berlin,de Bundesliga,29.0,1996.0,16,3,479,5.3,1,0,1,1,0,0,0,0,0.19,2342,de GER,MF,de Bundesliga,29-191,1996.0,5.3,1,12,5,41.7,2.2641509433962264,0.9433962264150944,0.08,0.2,0,0,2953,de GER,MF,de Bundesliga,29-191,1996.0,16,479,30,20.5,5.3,3,64.0,0,13,22.0,6,1.5,6,9,-3,-0.56,-0.18,2342,de GER,MF,de Bundesliga,29-191,1996.0,5.3,0,0,0,6,7,4,8,1,4,0,0.18867924528301888,0.0,1.509433962264151,0.18867924528301888,0.7547169811320755,1.1320754716981132,1.3207547169811322,False,0,0.34975265850778275,-0.7621682875409468,1.1475279625070045,1.2998938250405732,0.07131307526868681,-1.3857522120409518,-0.4406280642823168,-0.25056316290443914,0.3005682752399011,1.8398657015707038,-0.68075689282984
Ellyes Skhiri,tn TUN,MF,Eintracht Frankfurt,de Bundesliga,30.0,1995.0,17,12,1034,11.5,0,0,0,0,0,0,2,1,0.0,2343,tn TUN,MF,de Bundesliga,30-311,1995.0,11.5,0,5,0,0.0,0.43478260869565216,0.0,0.0,,0,0,2954,tn TUN,MF,de Bundesliga,30-311,1995.0,17,1034,61,44.2,11.5,12,80.0,6,5,15.0,5,1.65,18,24,-6,-0.52,-0.94,2343,tn TUN,MF,de Bundesliga,30-311,1995.0,11.5,2,1,1,8,9,0,2,17,3,0,0.0,0.0,0.17391304347826086,1.4782608695652173,0.2608695652173913,0.6956521739130435,0.782608695652174,False,1,-0.7345208390382241,-0.7621682875409468,-0.8106948495035508,-0.9690071404065893,-0.7073956123672472,1.2362612161754685,-1.4572905812160606,-1.0403188936652799,-0.47932373863577415,-1.6905376805194703,-1.671489312703377
Leo Skiri Østigård,no NOR,DF,Genoa,it Serie A,26.0,1999.0,23,23,1992,22.1,5,1,6,5,0,0,6,0,0.27,2344,no NOR,DF,it Serie A,26-109,1999.0,22.1,5,18,11,61.1,0.8144796380090498,0.4977375565610859,0.28,0.45,0,0,2955,no NOR,DF,it Serie A,26-109,1999.0,23,1992,87,76.3,22.1,23,87.0,21,0,,2,1.13,27,30,-3,-0.14,0.01,2344,no NOR,DF,it Serie A,26-109,1999.0,22.1,6,0,0,29,11,2,0,19,21,0,0.2262443438914027,0.04524886877828054,0.0,0.8597285067873303,0.9502262443438914,1.3122171945701357,0.4977375565610859,False,1,0.5656261150327794,-0.3481030322526451,-0.4042532541449895,0.22806911557141565,-0.8087999377842117,-0.021356084236027265,-0.03814152043225265,0.07542300398753864,-0.8921647103336746,-0.16246054302543775,-1.0389864134645388
Ivan Smolčić,hr CRO,DF,Como,it Serie A,25.0,2000.0,20,14,1173,13.0,0,0,0,0,0,0,7,0,0.0,2353,hr CRO,DF,it Serie A,25-212,2000.0,13.0,0,9,4,44.4,0.6923076923076923,0.3076923076923077,0.0,0.0,0,0,2966,hr CRO,DF,it Serie A,25-212,2000.0,20,1173,59,44.9,13.0,14,76.0,5,6,18.0,8,2.1,17,6,11,0.84,-0.1,2353,hr CRO,DF,it Serie A,25-212,2000.0,13.0,7,0,0,20,16,0,20,17,16,0,0.0,0.0,1.5384615384615385,1.3076923076923077,1.2307692307692308,1.5384615384615385,1.2307692307692308,False,4,-0.7345208390382241,-0.7621682875409468,-0.5350305757603607,-0.22899636398382248,0.08823832551970408,0.8894564453558863,0.5394003062451762,0.48483691027367193,0.1701595027508399,-1.2768081921542869,0.42965514907083396
Simon Sohm,ch SUI,MF,Fiorentina,it Serie A,24.0,2001.0,16,9,708,7.9,0,1,1,0,0,0,2,0,0.13,2355,ch SUI,MF,it Serie A,24-340,2001.0,7.9,0,5,0,0.0,0.6329113924050632,0.0,0.0,,0,0,2969,ch SUI,MF,it Serie A,24-340,2001.0,16,708,44,27.1,7.9,9,65.0,1,7,18.0,4,0.56,6,15,-9,-1.14,-1.14,2355,ch SUI,MF,it Serie A,24-340,2001.0,7.9,2,0,0,15,11,0,5,6,7,0,0.0,0.12658227848101264,0.6329113924050632,0.7594936708860759,0.8860759493670886,1.8987341772151898,1.3924050632911391,False,4,-0.7345208390382241,0.39616616079721345,-0.5986105488101218,-0.9690071404065893,-0.439765209209816,-0.2251563561687531,-0.17020498427029268,1.1367896876255141,0.40440539502498396,-0.7549357813087367,0.5213665669976996
Carlos Soler,es ESP,MF,Real Sociedad,es La Liga,29.0,1997.0,23,17,1514,16.8,4,2,6,4,0,0,2,1,0.36,2358,es ESP,MF,es La Liga,29-074,1997.0,16.8,4,25,15,60.0,1.4880952380952381,0.8928571428571428,0.16,0.27,0,0,2972,es ESP,MF,es La Liga,29-074,1997.0,23,1514,66,60.1,16.8,17,78.0,4,6,30.0,1,1.39,24,20,4,0.24,0.51,2358,es ESP,MF,es La Liga,29-074,1997.0,16.8,2,1,0,24,13,0,43,9,14,0,0.23809523809523808,0.11904761904761904,2.5595238095238093,0.5357142857142857,0.8333333333333333,1.4285714285714286,0.7738095238095237,False,0,0.6337290507222129,0.3272176817294659,0.31680953544946255,1.178345559034475,0.6835940776529574,-0.6801508612316212,-0.27878394821451463,0.2859787272204072,-0.4920756750560339,1.381448949459945,0.046186607887573616
Oumar Solet,fr FRA,DF,Udinese,it Serie A,26.0,2000.0,26,25,2149,23.9,3,1,4,2,1,1,0,0,0.13,2360,fr FRA,DF,it Serie A,26-038,2000.0,23.9,3,25,4,16.0,1.0460251046025104,0.1673640167364017,0.08,0.5,1,1,2974,fr FRA,DF,it Serie A,26-038,2000.0,26,2149,83,82.3,23.9,25,85.0,22,1,16.0,1,1.23,27,36,-9,-0.38,-0.38,2360,fr FRA,DF,it Serie A,26-038,2000.0,23.9,0,0,0,24,22,1,10,35,36,1,0.12552301255230125,0.041841004184100423,0.4184100418410042,1.4644351464435148,1.5062761506276152,1.00418410041841,0.9205020920502093,False,4,-0.013184077072470662,-0.37928786319486024,-0.15639851319411555,-0.5664908185029922,-0.5648355565509291,1.2081503692175768,1.1065745984445245,-0.48199659896437663,-0.2794858612666461,-1.3135434082776838,-0.05676047497531337
Hugo Sotelo,es ESP,MF,Celta Vigo,es La Liga,22.0,2003.0,15,12,998,11.1,0,1,1,0,0,0,2,0,0.09,2370,es ESP,MF,es La Liga,22-088,2003.0,11.1,0,2,1,50.0,0.1801801801801802,0.0900900900900901,0.0,0.0,0,0,2986,es ESP,MF,es La Liga,22-088,2003.0,15,998,67,39.6,11.1,12,76.0,5,3,29.0,9,1.27,18,14,4,0.36,0.18,2370,es ESP,MF,es La Liga,22-088,2003.0,11.1,2,0,0,21,9,0,35,12,11,0,0.0,0.0900900900900901,3.1531531531531534,1.0810810810810811,0.990990990990991,1.8918918918918919,0.8108108108108109,False,4,-0.7345208390382241,0.06223190542044675,-1.0832306062755122,-0.7523373184810044,1.029724430699039,0.42870416107147047,0.04577911698091634,1.1244078233368744,-0.43845266737465605,-1.323505122113491,1.0038543889902936
Sambou Soumano,sn SEN,FW,Lorient,fr Ligue 1,25.0,2001.0,25,8,860,9.6,4,2,6,4,0,1,2,0,0.63,2376,sn SEN,FW,fr Ligue 1,25-073,2001.0,9.6,4,27,10,37.0,2.8125,1.0416666666666667,0.15,0.4,0,1,2992,sn SEN,FW,fr Ligue 1,25-073,2001.0,25,860,34,36.8,9.6,8,66.0,0,17,20.0,0,1.36,15,13,2,0.21,0.51,2376,sn SEN,FW,fr Ligue 1,25-073,2001.0,9.6,2,0,0,14,18,9,0,4,3,0,0.4166666666666667,0.20833333333333334,0.0,0.4166666666666667,0.3125,1.4583333333333335,1.875,False,2,1.6599164680425407,1.1442571586822756,1.7345008597730607,1.536237675607986,-0.8087999377842117,-0.9222018100529449,-1.3510012171637058,0.33983615179733323,1.1037916622440975,3.509542627190515,-0.5250630394866878
Vinicius Souza,br BRA,MF,Wolfsburg,de Bundesliga,26.0,1999.0,16,14,1092,12.1,0,0,0,0,0,0,3,0,0.0,2379,br BRA,MF,de Bundesliga,26-273,1999.0,12.1,0,4,1,25.0,0.3305785123966942,0.08264462809917356,0.0,0.0,0,0,2995,br BRA,MF,de Bundesliga,26-273,1999.0,16,1092,68,46.7,12.1,14,78.0,7,2,3.0,8,0.81,14,23,-9,-0.74,0.12,2379,br BRA,MF,de Bundesliga,26-273,1999.0,12.1,3,0,0,24,16,0,2,17,20,0,0.0,0.0,0.1652892561983471,1.4049586776859504,1.6528925619834711,1.9834710743801653,1.322314049586777,False,4,-0.7345208390382241,-0.7621682875409468,-0.9222387275771609,-0.7702439153343585,-0.7124239260242867,1.0872211493769703,1.40840752292537,1.2901303788364793,0.3028280913454165,-2.0164584141784223,0.7772574801592259
Djibril Sow,ch SUI,MF,Sevilla,es La Liga,29.0,1997.0,24,21,1655,18.4,5,1,6,5,0,0,3,0,0.33,2380,ch SUI,MF,es La Liga,29-039,1997.0,18.4,5,16,8,50.0,0.8695652173913044,0.4347826086956522,0.31,0.63,0,0,2996,ch SUI,MF,es La Liga,29-039,1997.0,24,1655,69,65.7,18.4,21,76.0,8,3,18.0,2,1.0,21,35,-14,-0.76,-1.18,2380,ch SUI,MF,es La Liga,29-039,1997.0,18.4,3,0,0,30,22,3,21,18,17,0,0.27173913043478265,0.05434782608695653,1.1413043478260871,0.9782608695652175,0.923913043478261,1.6304347826086958,1.1956521739130437,False,4,0.8270687090579272,-0.26483991026532355,-0.3452876340929702,0.07666026106036386,-0.1433340522353828,0.21964723112590892,-0.09231137970161143,0.6512725634812957,0.11926715920935169,0.17407883569595228,-0.09340428442576275
Jens Stage,dk DEN,MF,Werder Bremen,de Bundesliga,29.0,1996.0,24,24,2062,22.9,7,2,9,7,0,0,5,0,0.39,2384,dk DEN,MF,de Bundesliga,29-129,1996.0,22.9,7,45,16,35.6,1.9650655021834063,0.6986899563318778,0.16,0.44,0,0,3004,dk DEN,MF,de Bundesliga,29-129,1996.0,24,2062,86,88.1,22.9,24,86.0,19,0,,0,1.0,22,37,-15,-0.65,0.32,2384,dk DEN,MF,de Bundesliga,29-129,1996.0,22.9,5,0,0,27,27,1,13,17,27,0,0.30567685589519655,0.08733624454148473,0.5676855895196506,0.7423580786026202,1.1790393013100438,1.1790393013100438,1.1790393013100438,False,0,1.0220969233616386,0.03703189952206354,0.8273759610681866,0.7113666750512219,-0.47779673582272314,-0.25999692168368993,0.43290611676486157,-0.16557697228918938,0.09519145083819615,1.1758793340394451,-0.2737456887656435
Benjamin Stambouli,fr FRA,MF,Metz,fr Ligue 1,35.0,1990.0,14,8,737,8.2,0,0,0,0,0,0,0,0,0.0,2385,fr FRA,MF,fr Ligue 1,35-216,1990.0,8.2,0,5,1,20.0,0.6097560975609757,0.12195121951219513,0.0,0.0,0,0,3006,fr FRA,MF,fr Ligue 1,35-216,1990.0,14,737,53,31.5,8.2,8,87.0,5,6,8.0,4,0.64,7,19,-12,-1.47,-0.17,2385,fr FRA,MF,fr Ligue 1,35-216,1990.0,8.2,0,0,0,12,8,0,5,5,14,0,0.0,0.0,0.6097560975609757,0.6097560975609757,1.707317073170732,1.4634146341463417,0.9756097560975611,False,4,-0.7345208390382241,-0.7621682875409468,-0.6233968237895365,-0.6757101863365903,-0.45326647976741574,-0.5296069784281147,1.520448932363641,0.3490313218470524,-0.19962272860287844,-1.4170802469878612,0.3398099433985303
Josip Stanišić,hr CRO,DF,Bayern Munich,de Bundesliga,25.0,2000.0,18,14,1346,15.0,2,3,5,2,0,0,1,0,0.33,2388,hr CRO,DF,de Bundesliga,25-349,2000.0,15.0,2,6,4,66.7,0.4,0.26666666666666666,0.33,0.5,0,0,3009,hr CRO,DF,de Bundesliga,25-349,2000.0,18,1346,75,57.5,15.0,14,88.0,12,4,28.0,1,2.56,58,18,40,2.67,0.14,2388,hr CRO,DF,de Bundesliga,25-349,2000.0,15.0,1,0,0,5,10,3,27,14,18,0,0.13333333333333333,0.2,1.8,0.9333333333333333,1.2,0.3333333333333333,0.6666666666666666,False,1,0.03169909922762068,1.0680001408333468,-0.8479274267363971,-0.32766446750685807,0.24073483028136972,0.1282993078316004,0.4760570091257161,-1.6959744972104642,-0.6473492538203709,-0.6928788819819964,-0.009844381037883763
Carl Starfelt,se SWE,DF,Celta Vigo,es La Liga,30.0,1995.0,19,17,1491,16.6,0,0,0,0,0,0,3,1,0.0,2389,se SWE,DF,es La Liga,30-289,1995.0,16.6,0,4,1,25.0,0.24096385542168672,0.06024096385542168,0.0,0.0,0,0,3010,se SWE,DF,es La Liga,30-289,1995.0,19,1491,78,59.2,16.6,17,86.0,14,2,17.0,1,1.37,22,17,5,0.3,0.13,2389,se SWE,DF,es La Liga,30-289,1995.0,16.6,3,1,1,19,8,0,0,16,16,1,0.0,0.0,0.0,0.9638554216867469,0.9638554216867469,1.1445783132530118,0.48192771084337344,False,1,-0.7345208390382241,-0.7621682875409468,-1.0181655358913997,-0.8241255124924934,-0.8087999377842117,0.1903576715775974,-0.010083716959777639,-0.2279379024774881,-0.9150766560271529,-1.7731927859768726,-1.0139776959394928
Niklas Stark,de GER,DF,Werder Bremen,de Bundesliga,30.0,1995.0,11,7,571,6.3,0,0,0,0,0,0,8,2,0.0,2390,de GER,DF,de Bundesliga,30-337,1995.0,6.3,0,3,1,33.3,0.4761904761904762,0.15873015873015872,0.0,0.0,0,0,3011,de GER,DF,de Bundesliga,30-337,1995.0,11,571,52,24.4,6.3,7,70.0,2,4,20.0,1,1.18,7,13,-6,-0.95,-0.34,2390,de GER,DF,de Bundesliga,30-337,1995.0,6.3,8,2,2,11,7,0,1,12,10,0,0.0,0.0,0.15873015873015872,1.9047619047619049,1.5873015873015874,1.746031746031746,1.1111111111111112,False,4,-0.7345208390382241,-0.7621682875409468,-0.766370352797781,-0.5872555493948446,-0.7162483709353948,2.103435050213603,1.2733781935024102,0.8604579227076162,-0.003251445612750275,-2.2764687237137737,0.517959815289695
Angelo Stiller,de GER,MF,Stuttgart,de Bundesliga,24.0,2001.0,26,22,2052,22.8,1,5,6,1,0,1,1,0,0.26,2396,de GER,MF,de Bundesliga,24-347,2001.0,22.8,1,9,4,44.4,0.39473684210526316,0.17543859649122806,0.11,0.25,0,1,3022,de GER,MF,de Bundesliga,24-347,2001.0,26,2052,79,87.7,22.8,22,89.0,17,4,26.0,0,1.92,46,30,16,0.7,0.39,2396,de GER,MF,de Bundesliga,24-347,2001.0,22.8,1,0,0,12,33,0,94,23,14,0,0.043859649122807015,0.21929824561403508,4.12280701754386,1.0087719298245614,0.6140350877192983,0.5263157894736842,1.4473684210526316,False,3,-0.48247480671393306,1.244595340062445,-0.8535613035545252,-0.5470711713936083,1.5951052327363693,0.2816831722425867,-0.7302438509299634,-1.3467516178485028,0.4840593961232784,-0.34774441644847626,0.8815261634231513
Kevin Stöger,at AUT,MF,Gladbach,de Bundesliga,32.0,1993.0,21,9,867,9.6,1,1,2,1,0,1,2,0,0.21,2397,at AUT,MF,de Bundesliga,32-202,1993.0,9.6,1,14,5,35.7,1.4583333333333335,0.5208333333333334,0.07,0.2,0,1,3023,at AUT,MF,de Bundesliga,32-202,1993.0,21,867,41,37.1,9.6,9,74.0,2,12,17.0,5,0.9,6,20,-14,-1.45,-1.51,2397,at AUT,MF,de Bundesliga,32-202,1993.0,9.6,2,0,0,17,15,0,37,10,13,0,0.10416666666666667,0.10416666666666667,3.854166666666667,1.0416666666666667,1.3541666666666667,1.7708333333333335,1.5625,False,3,-0.13591151226803283,0.19104443557066444,0.2849513034421908,0.2836152676006983,1.4384677947636189,0.34856567125900517,0.7934333207346769,0.9053391098550546,0.6509103908481143,0.2563072260561404,1.846237980485379
Gabriel Strefezza,br BRA,FW,Parma,it Serie A,28.0,1997.0,6,5,452,5.0,0,1,1,0,0,0,1,0,0.2,2402,br BRA,FW,it Serie A,28-333,1997.0,5.0,0,12,3,25.0,2.4,0.6,0.0,0.0,0,0,3028,br BRA,FW,it Serie A,28-333,1997.0,6,452,75,17.3,5.0,5,83.0,2,1,37.0,0,1.83,4,6,-2,-0.4,0.14,2402,br BRA,FW,it Serie A,28-333,1997.0,5.0,1,0,0,10,14,0,24,4,5,0,0.0,0.2,4.8,0.8,1.0,2.0,2.8,False,3,-0.7345208390382241,1.0680001408333468,1.2929457641522726,0.47401387361780584,1.989959443724005,-0.1427977548482822,0.06432557784922671,1.3200412790973834,2.4443202255762073,1.6261203335730043,3.0365547004855427
Nikola Štulić,rs SRB,FW,Lecce,it Serie A,24.0,2001.0,27,17,1463,16.3,3,0,3,2,1,1,1,0,0.12,2405,rs SRB,FW,it Serie A,24-190,2001.0,16.3,3,27,7,25.9,1.656441717791411,0.42944785276073616,0.07,0.29,1,1,3031,rs SRB,FW,it Serie A,24-190,2001.0,27,1463,54,56.1,16.3,17,71.0,2,10,25.0,1,0.96,13,20,-7,-0.43,0.43,2405,rs SRB,FW,it Serie A,24-190,2001.0,16.3,1,0,0,28,23,8,1,2,7,0,0.18404907975460122,0.0,0.06134969325153374,0.12269938650306748,0.42944785276073616,1.7177914110429446,1.411042944785276,False,0,0.32314471991769655,-0.7621682875409468,0.4970137680304727,0.06382998619573847,-0.7730284732966322,-1.519904306375539,-1.1102456831542555,0.8093539451949501,0.4314157869199995,1.1449004179709958,-1.0048789916328595
Denis Suárez,es ESP,MF,Alavés,es La Liga,32.0,1994.0,21,11,1017,11.3,1,1,2,1,0,0,4,0,0.18,2406,es ESP,MF,es La Liga,32-070,1994.0,11.3,1,6,3,50.0,0.5309734513274336,0.2654867256637168,0.17,0.33,0,0,3033,es ESP,MF,es La Liga,32-070,1994.0,21,1017,48,40.4,11.3,11,72.0,0,10,23.0,2,0.86,12,16,-4,-0.35,0.13,2406,es ESP,MF,es La Liga,32-070,1994.0,11.3,4,0,0,17,19,0,21,7,10,0,0.08849557522123894,0.08849557522123894,1.8584070796460175,0.6194690265486725,0.8849557522123893,1.5044247787610618,1.6814159292035398,False,4,-0.22596778266708817,0.04764075156272287,-0.7077286514038649,-0.3305022669444676,0.27479053072007575,-0.5098583795387429,-0.17251108615937355,0.4232436677350498,0.8232457419103025,-0.1372452383557834,0.5519077850199275
Petar Sucic,hr CRO,MF,Inter,it Serie A,22.0,2003.0,26,16,1287,14.3,1,2,3,1,0,0,4,0,0.21,2409,hr CRO,MF,it Serie A,22-143,2003.0,14.3,1,18,4,22.2,1.2587412587412588,0.2797202797202797,0.06,0.25,0,0,3036,hr CRO,MF,it Serie A,22-143,2003.0,26,1287,50,49.3,14.3,16,72.0,5,10,14.0,3,2.27,30,13,17,1.19,-0.51,2409,hr CRO,MF,it Serie A,22-143,2003.0,14.3,4,0,0,22,21,0,22,6,16,0,0.06993006993006992,0.13986013986013984,1.5384615384615383,0.4195804195804196,1.1188811188811187,1.5384615384615383,1.4685314685314685,False,0,-0.3326572350526412,0.5176697742592583,0.07130064263817858,-0.29627007093134683,0.08823832551970394,-0.9162774861307447,0.30906104399259426,0.48483691027367154,0.5147293092395319,0.2695036356274363,0.7690102559647047
Ibrahim Sulemana,gh GHA,MF,Cagliari,it Serie A,22.0,2003.0,8,5,530,5.9,1,0,1,1,0,0,1,0,0.17,2414,gh GHA,MF,it Serie A,22-299,2003.0,5.9,1,8,2,25.0,1.3559322033898304,0.3389830508474576,0.13,0.5,0,0,3042,gh GHA,MF,it Serie A,22-299,2003.0,8,530,66,20.3,5.9,5,89.0,4,3,28.0,0,1.0,5,10,-5,-0.85,-0.63,2414,gh GHA,MF,it Serie A,22-299,2003.0,5.9,1,0,0,10,5,0,2,5,9,0,0.1694915254237288,0.0,0.3389830508474576,0.847457627118644,1.5254237288135593,1.694915254237288,0.847457627118644,False,4,0.239487557062426,-0.7621682875409468,0.17533738653581446,-0.15374103078828696,-0.6111474390901286,-0.04630557999612073,1.1459928973044107,0.7679570352986587,-0.3853433657359151,-0.43974157009787684,-0.0027983370100216156
Kamaldeen Sulemana,gh GHA,MF,Atalanta,it Serie A,24.0,2002.0,22,8,893,9.9,2,1,3,2,0,0,3,0,0.3,2415,gh GHA,MF,it Serie A,24-030,2002.0,9.9,2,20,9,45.0,2.0202020202020203,0.9090909090909091,0.1,0.22,0,0,3043,gh GHA,MF,it Serie A,24-030,2002.0,22,893,41,34.2,9.9,8,69.0,1,14,24.0,5,1.55,17,10,7,0.71,0.39,2415,gh GHA,MF,it Serie A,24-030,2002.0,9.9,3,0,0,10,14,4,19,2,5,0,0.20202020202020202,0.10101010101010101,1.9191919191919191,0.20202020202020202,0.5050505050505051,1.0101010101010102,1.4141414141414141,False,0,0.426418461364571,0.1621592015369792,0.886396107700687,1.2173883353879487,0.31023264320602656,-1.358627005655029,-0.9546057419764289,-0.47128930319455015,0.4359061508924455,2.093625520423333,-0.462031730650721
Yuito Suzuki,jp JPN,MF,Freiburg,de Bundesliga,24.0,2001.0,21,15,1350,15.0,4,2,6,4,0,0,2,0,0.4,2418,jp JPN,MF,de Bundesliga,24-143,2001.0,15.0,4,33,14,42.4,2.2,0.9333333333333333,0.12,0.29,0,0,3048,jp JPN,MF,de Bundesliga,24-143,2001.0,21,1350,64,57.7,15.0,15,77.0,5,6,33.0,3,1.19,25,28,-3,-0.2,0.07,2418,jp JPN,MF,de Bundesliga,24-143,2001.0,15.0,2,0,0,18,7,2,16,10,11,0,0.26666666666666666,0.13333333333333333,1.0666666666666667,0.6666666666666666,0.7333333333333333,1.2,0.4666666666666667,False,0,0.7979190374934654,0.4579439980419155,1.0788584450634058,1.27569221474247,-0.18685340856016344,-0.41389481752816504,-0.4846496638527593,-0.12764629353038348,-0.9371932675138002,1.6666559772211555,-0.7917549131341801
Mattias Svanberg,se SWE,MF,Wolfsburg,de Bundesliga,27.0,1999.0,20,7,743,8.3,3,1,4,3,0,0,5,1,0.48,2420,se SWE,MF,de Bundesliga,27-071,1999.0,8.3,3,17,7,41.2,2.048192771084337,0.8433734939759036,0.18,0.43,0,0,3050,se SWE,MF,de Bundesliga,27-071,1999.0,20,743,37,31.8,8.3,7,67.0,0,13,21.0,1,0.9,11,21,-10,-1.21,-0.59,2420,se SWE,MF,de Bundesliga,27-071,1999.0,8.3,5,1,1,17,18,1,8,7,7,0,0.36144578313253006,0.12048192771084336,0.9638554216867469,0.8433734939759036,0.8433734939759036,2.048192771084337,2.1686746987951806,False,0,1.3425814032487042,0.34034281388935034,0.9163584317790846,1.0593356503907532,-0.2468000619793489,-0.05460955373554949,-0.2581146996564579,1.4072513738339953,1.5293909293391177,2.147647720123884,0.6566390091446722
Daniel Svensson,se SWE,MF,Dortmund,de Bundesliga,24.0,2002.0,26,22,2041,22.7,2,2,4,2,0,0,0,0,0.18,2421,se SWE,MF,de Bundesliga,24-033,2002.0,22.7,2,9,3,33.3,0.39647577092511016,0.13215859030837004,0.22,0.67,0,0,3051,se SWE,MF,de Bundesliga,24-033,2002.0,26,2041,79,87.2,22.7,22,89.0,20,4,21.0,0,2.23,49,23,26,1.15,0.24,2421,se SWE,MF,de Bundesliga,24-033,2002.0,22.7,0,0,0,25,18,2,112,16,22,0,0.0881057268722467,0.0881057268722467,4.933920704845815,0.7048458149779736,0.9691629955947136,1.1013215859030838,0.7929515418502203,False,3,-0.2282081045013222,0.044073310861825706,-0.8516998905088882,-0.6511611020752247,2.0680452414459674,-0.3362679053070531,0.0008427580488868996,-0.30621568574878616,-0.46433467836049624,-0.654130834099813,0.9191233838871624
Lamine Sy,mr MTN,DF,Auxerre,fr Ligue 1,23.0,2002.0,17,12,1051,11.7,0,0,0,0,0,0,0,0,0.0,2424,mr MTN,DF,fr Ligue 1,23-219,2002.0,11.7,0,5,1,20.0,0.4273504273504274,0.08547008547008547,0.0,0.0,0,0,3057,mr MTN,DF,fr Ligue 1,23-219,2002.0,17,1051,62,44.9,11.7,12,83.0,8,5,11.0,9,0.65,9,16,-7,-0.6,0.1,2424,mr MTN,DF,fr Ligue 1,23-219,2002.0,11.7,0,0,0,11,12,2,34,14,21,0,0.0,0.0,2.9059829059829063,1.1965811965811965,1.794871794871795,0.9401709401709403,1.0256410256410258,False,4,-0.7345208390382241,-0.7621682875409468,-0.818650528399458,-0.7634485914002652,0.8856056706787404,0.663542226455984,1.700694086768608,-0.5978354196829913,-0.12711640872960026,-1.9594820157247017,0.9776675079501674
Alexander Sørloth,no NOR,FW,Atlético Madrid,es La Liga,30.0,1995.0,27,17,1526,17.0,10,0,10,10,0,0,4,1,0.59,2431,no NOR,FW,es La Liga,30-102,1995.0,17.0,10,52,27,51.9,3.0588235294117645,1.588235294117647,0.19,0.37,0,0,3065,no NOR,FW,es La Liga,30-102,1995.0,27,1526,57,60.6,17.0,17,74.0,6,10,28.0,0,2.0,29,18,11,0.65,-0.35,2431,no NOR,FW,es La Liga,30-102,1995.0,17.0,4,1,0,24,12,7,10,0,6,0,0.5882352941176471,0.0,0.5882352941176471,0.0,0.35294117647058826,1.411764705882353,0.7058823529411765,False,2,2.6458612415463856,-0.7621682875409468,1.9981745799744224,2.850754367305045,-0.4658147194621262,-1.7693801309275783,-1.267746699810004,0.2555651227534374,-0.5905170942726395,4.187378013489105,-2.0473227974314123
Haris Tabakovic,ba BIH,FW,Gladbach,de Bundesliga,31.0,1994.0,25,22,1845,20.5,11,3,14,11,0,2,1,0,0.68,2434,ba BIH,FW,de Bundesliga,31-270,1994.0,20.5,11,52,21,40.4,2.5365853658536586,1.024390243902439,0.21,0.52,0,2,3068,ba BIH,FW,de Bundesliga,31-270,1994.0,25,1845,74,78.8,20.5,22,80.0,8,3,32.0,0,1.12,28,30,-2,-0.1,1.9,2434,ba BIH,FW,de Bundesliga,31-270,1994.0,20.5,1,0,0,35,15,22,2,0,4,0,0.5365853658536586,0.14634146341463414,0.0975609756097561,0.0,0.1951219512195122,1.7073170731707317,0.7317073170731707,False,2,2.349047205202371,0.5769793429768288,1.4391517381641818,1.4946872737814028,-0.7519145845015243,-1.7693801309275783,-1.5926423772878648,0.7903994842335662,-0.5530910379851094,3.544238449462372,-1.50807692869483
Nicolás Tagliafico,ar ARG,DF,Lyon,fr Ligue 1,33.0,1992.0,18,13,1208,13.4,0,3,3,0,0,0,5,1,0.22,2435,ar ARG,DF,fr Ligue 1,33-198,1992.0,13.4,0,14,1,7.1,1.044776119402985,0.07462686567164178,0.0,0.0,0,0,3069,ar ARG,DF,fr Ligue 1,33-198,1992.0,18,1208,67,51.6,13.4,13,85.0,8,5,21.0,3,1.56,20,12,8,0.6,0.2,2435,ar ARG,DF,fr Ligue 1,33-198,1992.0,13.4,5,1,1,34,28,2,19,15,12,0,0.0,0.22388059701492538,1.417910447761194,1.1194029850746268,0.8955223880597015,2.5373134328358207,2.08955223880597,False,4,-0.7345208390382241,1.2865277143705758,-0.15773547265885593,-0.7895269147816645,0.01794801384290459,0.5066213281386006,-0.15075800565341696,2.292368753250361,1.4147250724562648,-0.16675543045639898,1.9660405621757489
Jonathan Tah,de GER,DF,Bayern Munich,de Bundesliga,30.0,1996.0,22,20,1752,19.5,2,1,3,2,0,0,5,0,0.15,2436,de GER,DF,de Bundesliga,30-034,1996.0,19.5,2,8,5,62.5,0.41025641025641024,0.2564102564102564,0.25,0.4,0,0,3070,de GER,DF,de Bundesliga,30-034,1996.0,22,1752,80,74.9,19.5,20,86.0,17,2,14.0,4,2.59,69,18,51,2.62,0.02,2436,de GER,DF,de Bundesliga,30-034,1996.0,19.5,5,0,0,23,6,0,1,23,14,0,0.10256410256410256,0.05128205128205128,0.05128205128205128,1.1794871794871795,0.717948717948718,1.1794871794871795,0.3076923076923077,False,1,-0.1451208865260358,-0.29289433154753824,-0.836948589860045,-0.35233149338761705,-0.7788986623407478,0.6287861927790761,-0.5163213124124891,-0.1647664877003261,-1.1675820989111414,-1.1499214716888568,-1.2238332634695648
Montassar Talbi,tn TUN,DF,Lorient,fr Ligue 1,27.0,1998.0,25,25,2250,25.0,0,1,1,0,0,0,3,0,0.04,2439,tn TUN,DF,fr Ligue 1,27-295,1998.0,25.0,0,11,2,18.2,0.44,0.08,0.0,0.0,0,0,3075,tn TUN,DF,fr Ligue 1,27-295,1998.0,25,2250,90,96.2,25.0,25,90.0,25,0,,0,1.44,36,39,-3,-0.12,-0.12,2439,tn TUN,DF,fr Ligue 1,27-295,1998.0,25.0,3,0,0,7,13,0,4,24,17,0,0.0,0.04,0.16,0.96,0.68,0.28,0.52,False,1,-0.7345208390382241,-0.3961346018660881,-0.8051099629186238,-0.7766043385366699,-0.7155079584006044,0.18251872036757685,-0.5944447121931563,-1.7924870020523151,-0.8599015305288856,-1.4762744453696353,-1.601138392482692
Adrien Tameze,cm CMR,DF,Torino,it Serie A,32.0,1994.0,22,12,1111,12.3,0,0,0,0,0,0,3,0,0.0,2440,cm CMR,DF,it Serie A,32-041,1994.0,12.3,0,5,0,0.0,0.4065040650406504,0.0,0.0,,0,0,3077,cm CMR,DF,it Serie A,32-041,1994.0,22,1111,51,42.6,12.3,12,77.0,5,10,19.0,7,1.05,13,26,-13,-1.05,-0.75,2440,cm CMR,DF,it Serie A,32-041,1994.0,12.3,3,0,0,15,7,0,14,19,12,0,0.0,0.0,1.1382113821138211,1.5447154471544715,0.975609756097561,1.2195121951219512,0.5691056910569106,False,1,-0.7345208390382241,-0.7621682875409468,-0.8409652374977348,-0.9690071404065893,-0.14513748281952607,1.3713785220710624,0.01411442769355723,-0.09233684053946231,-0.7887365775732632,-2.097184873914857,-0.43564604175334537
Edmond Tapsoba,bf BFA,DF,Leverkusen,de Bundesliga,27.0,1999.0,22,22,1945,21.6,4,2,6,4,0,0,5,0,0.28,2443,bf BFA,DF,de Bundesliga,27-043,1999.0,21.6,4,23,7,30.4,1.0648148148148147,0.32407407407407407,0.17,0.57,0,0,3081,bf BFA,DF,de Bundesliga,27-043,1999.0,22,1945,88,83.1,21.6,22,88.0,21,0,,0,1.77,44,27,17,0.79,1.01,2443,bf BFA,DF,de Bundesliga,27-043,1999.0,21.6,5,0,0,22,1,1,9,18,9,0,0.18518518518518517,0.09259259259259259,0.41666666666666663,0.8333333333333333,0.41666666666666663,1.0185185185185184,0.046296296296296294,False,1,0.32967351966433805,0.08513191078048532,-0.13628531976507094,-0.18959764209094374,-0.5658520748060678,-0.07502348917831177,-1.1365577633738675,-0.45605690028390483,-1.5464024444435078,-0.0918565686368423,-1.6324911602931997
César Tárrega,es ESP,DF,Valencia,es La Liga,24.0,2002.0,22,19,1698,18.9,0,0,0,0,0,0,5,0,0.0,2445,es ESP,DF,es La Liga,24-019,2002.0,18.9,0,7,1,14.3,0.3703703703703704,0.052910052910052914,0.0,0.0,0,0,3084,es ESP,DF,es La Liga,24-019,2002.0,22,1698,77,67.4,18.9,19,87.0,18,3,16.0,4,1.18,19,28,-9,-0.48,-0.15,2445,es ESP,DF,es La Liga,24-019,2002.0,18.9,5,0,0,26,5,0,0,14,18,1,0.0,0.0,0.0,0.7407407407407408,0.9523809523809524,1.3756613756613758,0.2645502645502646,False,1,-0.7345208390382241,-0.7621682875409468,-0.8796440666014144,-0.841756610069341,-0.8087999377842117,-0.2632853382615633,-0.03370571531184208,0.19023219463920588,-1.2301044136272654,-1.5898585427080243,-1.0405419381196583
Tylel Tati,fr FRA,DF,Nantes,fr Ligue 1,18.0,2008.0,18,18,1593,17.7,0,0,0,0,0,0,5,0,0.0,2446,fr FRA,DF,fr Ligue 1,18-057,2008.0,17.7,0,3,0,0.0,0.16949152542372883,0.0,0.0,,0,0,3086,fr FRA,DF,fr Ligue 1,18-057,2008.0,18,1593,89,70.8,17.7,18,89.0,16,0,,2,0.72,17,34,-17,-0.96,-0.55,2446,fr FRA,DF,fr Ligue 1,18-057,2008.0,17.7,5,0,0,21,14,0,1,14,12,0,0.0,0.0,0.05649717514124294,0.7909604519774012,0.6779661016949153,1.1864406779661016,0.7909604519774012,False,1,-0.7345208390382241,-0.7621682875409468,-1.094672133482888,-0.9690071404065893,-0.7758578546685312,-0.16117721672488441,-0.598631811494273,-0.15218337103254903,-0.46722020576230744,-1.496210507913892,-1.1042963325621447
Nuno Tavares,pt POR,DF,Lazio,it Serie A,26.0,2000.0,16,11,926,10.3,0,0,0,0,0,0,3,0,0.0,2447,pt POR,DF,it Serie A,26-050,2000.0,10.3,0,10,0,0.0,0.9708737864077669,0.0,0.0,,0,0,3087,pt POR,DF,it Serie A,26-050,2000.0,16,926,58,35.5,10.3,11,77.0,5,5,16.0,9,1.25,12,11,1,0.1,0.1,2447,pt POR,DF,it Serie A,26-050,2000.0,10.3,3,0,0,12,19,4,64,10,12,0,0.0,0.0,6.213592233009709,0.9708737864077669,1.1650485436893203,1.1650485436893203,1.8446601941747571,False,3,-0.7345208390382241,-0.7621682875409468,-0.2368432343856507,-0.9690071404065893,2.8141895528413117,0.2046276070327322,0.40410394346574696,-0.19089477971315005,1.059822606768759,-0.8244264555193592,1.9914680170508139
Kenneth Taylor,nl NED,MF,Lazio,it Serie A,23.0,2002.0,10,10,870,9.7,1,0,1,1,0,0,2,0,0.1,2449,nl NED,MF,it Serie A,23-305,2002.0,9.7,1,12,4,33.3,1.2371134020618557,0.4123711340206186,0.08,0.25,0,0,3089,nl NED,MF,it Serie A,23-305,2002.0,10,870,87,33.3,9.7,10,87.0,5,0,,0,1.5,8,12,-4,-0.41,-0.67,2449,nl NED,MF,it Serie A,23-305,2002.0,9.7,2,0,0,12,9,0,7,7,8,0,0.10309278350515465,0.0,0.7216494845360826,0.7216494845360826,0.8247422680412372,1.2371134020618557,0.9278350515463918,False,1,-0.14208274244092137,-0.7621682875409468,0.04814939336752038,0.022759879541448726,-0.3880242575746429,-0.3021022143612028,-0.2964700062590371,-0.060485529851775584,-0.26885878920352163,-0.1283664348987741,-0.7888810495630161
Aurélien Tchouaméni,fr FRA,MF,Real Madrid,es La Liga,26.0,2000.0,25,24,2056,22.8,1,0,1,1,0,0,7,0,0.04,2452,fr FRA,MF,es La Liga,26-049,2000.0,22.8,1,32,6,18.8,1.4035087719298245,0.2631578947368421,0.03,0.17,0,0,3092,fr FRA,MF,es La Liga,26-049,2000.0,25,2056,82,81.6,22.8,24,85.0,17,1,20.0,0,2.44,47,20,27,1.18,-0.56,2452,fr FRA,MF,es La Liga,26-049,2000.0,22.8,7,0,0,23,21,0,7,32,32,0,0.043859649122807015,0.0,0.30701754385964913,1.4035087719298245,1.4035087719298245,1.0087719298245614,0.9210526315789473,False,1,-0.48247480671393306,-0.7621682875409468,0.22626508658668973,-0.33610318688711777,-0.6297857229582109,1.0842731604396074,0.8950117988456526,-0.4736944194435996,-0.2786880083331144,-1.224564235529096,-0.28953087508817493
Nathan Tella,ng NGA,MF,Leverkusen,de Bundesliga,26.0,1999.0,11,5,451,5.0,0,2,2,0,0,0,2,0,0.4,2454,ng NGA,MF,de Bundesliga,26-255,1999.0,5.0,0,8,2,25.0,1.6,0.4,0.0,0.0,0,0,3095,ng NGA,MF,de Bundesliga,26-255,1999.0,11,451,41,19.3,5.0,5,74.0,0,6,13.0,0,1.27,10,10,0,0.0,-0.76,2454,ng NGA,MF,de Bundesliga,26-255,1999.0,5.0,2,0,0,9,10,4,14,1,3,0,0.0,0.4,2.8,0.2,0.6,1.8,2.0,False,3,-0.7345208390382241,2.8981685692076407,0.4365964877968048,-0.006993131056992437,0.8238097014289147,-1.3627345369077541,-0.7591372847037522,0.9581193859404418,1.2849441708024907,1.6943994275318894,2.0716878873409525
Nahuel Tenaglia,ar ARG,DF,Alavés,es La Liga,30.0,1996.0,26,26,2339,26.0,1,0,1,1,0,0,2,0,0.04,2455,ar ARG,DF,es La Liga,30-024,1996.0,26.0,1,16,4,25.0,0.6153846153846154,0.15384615384615385,0.06,0.25,0,0,3096,ar ARG,DF,es La Liga,30-024,1996.0,26,2339,90,92.8,26.0,26,90.0,25,0,,2,0.92,23,35,-12,-0.46,-0.46,2455,ar ARG,DF,es La Liga,30-024,1996.0,26.0,2,0,0,19,27,3,16,32,30,0,0.038461538461538464,0.0,0.6153846153846154,1.2307692307692308,1.1538461538461537,0.7307692307692307,1.0384615384615385,False,1,-0.5134958568461534,-0.7621682875409468,-0.6173718523330018,-0.5990017521952059,-0.44998463246264536,0.7330542938098004,0.3810420634465261,-0.9767707351678236,-0.10853666426207281,-1.4980329386044497,-0.5622155667278433
Filippo Terracciano,it ITA,DF,Cremonese,it Serie A,23.0,2003.0,27,24,2227,24.7,2,0,2,2,0,0,5,0,0.08,2458,it ITA,DF,it Serie A,23-037,2003.0,24.7,2,13,4,30.8,0.5263157894736842,0.16194331983805668,0.15,0.5,0,0,3100,it ITA,DF,it Serie A,23-037,2003.0,27,2227,82,85.3,24.7,24,89.0,21,3,29.0,0,0.89,19,32,-13,-0.53,1.35,2458,it ITA,DF,it Serie A,23-037,2003.0,24.7,5,0,0,12,20,0,21,43,14,1,0.08097165991902834,0.0,0.8502024291497976,1.7408906882591093,0.5668016194331984,0.4858299595141701,0.8097165991902834,False,1,-0.2692050870549175,-0.7621682875409468,-0.7127143831013233,-0.5795277843946067,-0.3130682659583635,1.7702475093259504,-0.8274813684379062,-1.4200151589733898,-0.4400384208142744,-1.5771684687555712,-1.3137937938822
Ramón Terrats,es ESP,MF,Espanyol,es La Liga,25.0,2000.0,20,7,660,7.3,1,1,2,1,0,0,0,0,0.27,2460,es ESP,MF,es La Liga,25-150,2000.0,7.3,1,9,3,33.3,1.2328767123287672,0.4109589041095891,0.11,0.33,0,0,3102,es ESP,MF,es La Liga,25-150,2000.0,20,660,33,26.2,7.3,7,64.0,0,13,16.0,4,1.2,8,13,-5,-0.68,-0.59,2460,es ESP,MF,es La Liga,25-150,2000.0,7.3,0,0,0,9,15,1,20,8,12,0,0.136986301369863,0.136986301369863,2.73972602739726,1.095890410958904,1.6438356164383563,1.2328767123287672,2.0547945205479454,False,4,0.05269142630339722,0.49137173189350075,0.043614285633679105,0.019363417144366405,0.7886654626200217,0.4588149047974846,1.3897623771639533,-0.06815228369636551,1.3643534896226086,0.020133381653719938,1.8436806729371078
Tanner Tessmann,us USA,MF,Lyon,fr Ligue 1,24.0,2001.0,24,21,1797,20.0,1,0,1,1,0,0,2,0,0.05,2462,us USA,MF,fr Ligue 1,24-174,2001.0,20.0,1,25,8,32.0,1.25,0.4,0.04,0.13,0,0,3104,us USA,MF,fr Ligue 1,24-174,2001.0,24,1797,75,76.8,20.0,21,83.0,14,3,21.0,0,1.83,30,18,12,0.6,0.44,2462,us USA,MF,fr Ligue 1,24-174,2001.0,20.0,2,0,0,20,18,3,15,12,19,0,0.05,0.0,0.75,0.6,0.95,1.0,0.9,False,1,-0.44718836218853225,-0.7621682875409468,0.06194367939128753,-0.006993131056992437,-0.37149378442355274,-0.5494433488681063,-0.038607279969895734,-0.4895681866873251,-0.3091979045113701,-0.28412334660604605,-0.7801853085005954
Florian Thauvin,fr FRA,MF,Lens,fr Ligue 1,33.0,1993.0,26,25,2057,22.9,8,3,11,6,2,3,5,0,0.39,2465,fr FRA,MF,fr Ligue 1,33-050,1993.0,22.9,8,62,24,38.7,2.7074235807860263,1.0480349344978166,0.1,0.25,2,3,3107,fr FRA,MF,fr Ligue 1,33-050,1993.0,26,2057,79,87.9,22.9,25,81.0,6,1,34.0,0,2.15,40,21,19,0.83,-1.39,2465,fr FRA,MF,fr Ligue 1,33-050,1993.0,22.9,5,0,0,17,31,6,167,11,15,0,0.3493449781659389,0.13100436681222707,7.292576419213974,0.48034934497816595,0.6550218340611355,0.7423580786026202,1.3537117903930131,False,3,1.2730423179901904,0.4366319930535686,1.622023215328173,1.5515535827801272,3.4433181181826025,-0.79272040729918,-0.6458661922565082,-0.9557994464309836,0.3483303274263439,2.998567834980325,1.2337090184612316
Arthur Theate,be BEL,DF,Eintracht Frankfurt,de Bundesliga,25.0,2000.0,19,19,1701,18.9,1,0,1,1,0,0,8,0,0.05,2466,be BEL,DF,de Bundesliga,25-296,2000.0,18.9,1,9,4,44.4,0.4761904761904762,0.21164021164021166,0.11,0.25,0,0,3108,be BEL,DF,de Bundesliga,25-296,2000.0,19,1701,90,72.7,18.9,19,90.0,17,0,,1,1.42,38,41,-3,-0.16,-0.58,2466,be BEL,DF,de Bundesliga,25-296,2000.0,18.9,8,0,0,11,13,0,11,28,17,0,0.052910052910052914,0.0,0.5820105820105821,1.4814814814814816,0.8994708994708995,0.5820105820105821,0.6878306878306879,False,1,-0.43046530798034915,-0.7621682875409468,-0.766370352797781,-0.4600050190575962,-0.4694441926718837,1.2428094544044517,-0.14262937437969642,-1.245965794078817,-0.6166779296200079,-1.6455333127916911,-1.1005111860588581
Adrien Thomasson,fr FRA,MF,Lens,fr Ligue 1,32.0,1993.0,25,25,2153,23.9,2,7,9,2,0,0,8,0,0.38,2470,fr FRA,MF,fr Ligue 1,32-097,1993.0,23.9,2,31,8,25.8,1.2970711297071131,0.3347280334728034,0.06,0.25,0,0,3113,fr FRA,MF,fr Ligue 1,32-097,1993.0,25,2153,86,92.0,23.9,25,86.0,19,0,,0,2.12,45,21,24,1.0,0.04,2470,fr FRA,MF,fr Ligue 1,32-097,1993.0,23.9,8,0,0,45,36,3,99,16,42,0,0.08368200836820085,0.29288702928870297,4.142259414225942,0.6694560669456068,1.7573221757322177,1.882845188284519,1.5062761506276152,False,3,-0.2536296643943884,1.9179946828816592,0.11233033921868842,-0.16397449659939523,1.6064474364252852,-0.40822333086122164,1.623392294607482,1.1080368228548236,0.5694296600111802,0.39195582330487055,3.0557227260656736
Morten Thorsby,no NOR,MF,Genoa,it Serie A,29.0,1996.0,13,8,731,8.1,2,1,3,2,0,0,2,0,0.37,2471,no NOR,MF,it Serie A,29-316,1996.0,8.1,2,10,4,40.0,1.234567901234568,0.4938271604938272,0.2,0.5,0,0,3114,no NOR,MF,it Serie A,29-316,1996.0,13,731,56,28.0,8.1,8,79.0,3,5,20.0,10,1.31,14,13,1,0.12,0.36,2471,no NOR,MF,it Serie A,29-316,1996.0,8.1,2,0,0,15,5,5,5,3,1,0,0.2469135802469136,0.1234567901234568,0.617283950617284,0.3703703703703704,0.1234567901234568,1.8518518518518519,0.617283950617284,False,0,0.6844049725651922,0.36756531022096284,0.04542459612825784,0.2186644760743945,-0.4488771778165911,-1.0163327345945707,-1.7401763740415603,1.0519509878700193,-0.7189156769545508,1.2067745570643609,-1.0850781553102613
Morten Thorsby,no NOR,MF,Cremonese,it Serie A,29.0,1996.0,6,6,466,5.2,1,0,1,1,0,0,1,0,0.19,2472,no NOR,MF,it Serie A,29-316,1996.0,5.2,1,11,4,36.4,2.1153846153846154,0.7692307692307692,0.09,0.25,0,0,3115,no NOR,MF,it Serie A,29-316,1996.0,6,466,78,17.9,5.2,6,78.0,4,0,,0,0.17,2,11,-9,-1.74,-1.23,2472,no NOR,MF,it Serie A,29-316,1996.0,5.2,1,0,0,9,5,2,0,2,5,0,0.1923076923076923,0.0,0.0,0.3846153846153846,0.9615384615384615,1.7307692307692306,0.9615384615384615,False,0,0.37060407192212885,-0.7621682875409468,0.9882830408335005,0.8810198006503275,-0.8087999377842117,-0.9873693731971476,-0.01485354355009835,0.8328387306168847,-0.22001513106723816,1.186860073736308,-0.7462432000251118
Kristian Thorstvedt,no NOR,MF,Sassuolo,it Serie A,27.0,1999.0,24,19,1740,19.3,3,3,6,3,0,0,6,0,0.31,2473,no NOR,MF,it Serie A,27-004,1999.0,19.3,3,32,11,34.4,1.6580310880829014,0.5699481865284974,0.09,0.27,0,0,3116,no NOR,MF,it Serie A,27-004,1999.0,24,1740,73,66.7,19.3,19,85.0,16,5,26.0,0,1.58,29,26,3,0.16,0.88,2473,no NOR,MF,it Serie A,27-004,1999.0,19.3,6,0,0,23,39,1,12,22,11,0,0.15544041450777202,0.15544041450777202,0.6217616580310881,1.1398963730569949,0.5699481865284974,1.1917098445595855,2.0207253886010363,False,0,0.1587407470229939,0.6602424080867424,0.4987150881541961,0.4017382097029399,-0.4462663391432509,0.5482890577864447,-0.8210036655691314,-0.14264823728818407,1.3149798198898928,0.9362857181885065,0.07493335655785179
Khéphren Thuram,fr FRA,MF,Juventus,it Serie A,24.0,2001.0,27,24,1970,21.9,2,2,4,2,0,0,0,0,0.18,2474,fr FRA,MF,it Serie A,24-356,2001.0,21.9,2,39,13,33.3,1.7808219178082192,0.5936073059360731,0.05,0.15,0,0,3117,fr FRA,MF,it Serie A,24-356,2001.0,27,1970,73,75.5,21.9,24,80.0,13,3,19.0,0,1.85,42,21,21,0.96,0.68,2474,fr FRA,MF,it Serie A,24-356,2001.0,21.9,0,0,0,33,10,2,14,11,25,0,0.09132420091324202,0.09132420091324202,0.6392694063926941,0.5022831050228311,1.1415525114155252,1.5068493150684932,0.4566210045662101,False,0,-0.2097126621438098,0.07352505874868501,0.6301548858771502,0.4586392205003468,-0.43605801102322383,-0.7481240728869242,0.35573366847870563,0.42763113158711624,-0.9517516426308217,0.4112550720360238,-0.30963132253133796
Marcus Thuram,fr FRA,FW,Inter,it Serie A,28.0,1997.0,22,17,1403,15.6,7,3,10,7,0,0,2,0,0.64,2475,fr FRA,FW,it Serie A,28-223,1997.0,15.6,7,57,22,38.6,3.6538461538461537,1.4102564102564104,0.12,0.32,0,0,3118,fr FRA,FW,it Serie A,28-223,1997.0,22,1403,64,53.8,15.6,17,76.0,4,5,22.0,1,2.41,30,13,17,1.09,-0.77,2475,fr FRA,FW,it Serie A,28-223,1997.0,15.6,2,0,0,36,29,12,14,0,11,0,0.44871794871794873,0.19230769230769232,0.8974358974358975,0.0,0.7051282051282052,2.307692307692308,1.858974358974359,False,2,1.8441039532025996,0.9976090474343355,2.635108572286323,2.422708918197759,-0.2855276175235941,-1.7693801309275783,-0.5427143528789307,1.876844191646525,1.0805669816596881,4.660725265619736,0.4615062088977768
Phillip Tietz,de GER,FW,Mainz 05,de Bundesliga,28.0,1997.0,11,11,936,10.4,1,1,2,1,0,1,1,0,0.19,2479,de GER,FW,de Bundesliga,28-251,1997.0,10.4,1,31,12,38.7,2.980769230769231,1.1538461538461537,0.03,0.08,0,1,3122,de GER,FW,de Bundesliga,28-251,1997.0,11,936,85,40.0,10.4,11,85.0,5,0,,0,1.73,18,13,5,0.48,1.44,2479,de GER,FW,de Bundesliga,28-251,1997.0,10.4,1,0,0,18,14,8,1,4,2,0,0.09615384615384615,0.09615384615384615,0.09615384615384615,0.3846153846153846,0.1923076923076923,1.7307692307692306,1.346153846153846,False,0,-0.1819583835580476,0.11772037994669422,1.9146224022757135,1.8060332711787859,-0.7527350463277169,-0.9873693731971476,-1.5984359715365961,0.8328387306168847,0.33737720295858725,2.598935058018827,-0.8830871945253498
Malik Tillman,us USA,MF,Leverkusen,de Bundesliga,23.0,2002.0,21,16,1456,16.2,4,1,5,4,0,0,1,0,0.31,2480,us USA,MF,de Bundesliga,23-293,2002.0,16.2,4,29,8,27.6,1.7901234567901236,0.4938271604938272,0.14,0.5,0,0,3124,us USA,MF,de Bundesliga,23-293,2002.0,21,1456,69,62.2,16.2,16,80.0,7,5,34.0,0,1.81,26,20,6,0.37,-0.65,2480,us USA,MF,de Bundesliga,23-293,2002.0,16.2,1,0,0,15,26,1,13,16,27,0,0.2469135802469136,0.0617283950617284,0.8024691358024691,0.9876543209876544,1.6666666666666667,0.9259259259259259,1.6049382716049383,False,4,0.6844049725651922,-0.197301488659992,0.6401115935973328,0.2186644760743945,-0.340900349826305,0.2387462592937749,1.4367636821041916,-0.6236133323010072,0.7124127857290503,0.3165451129031989,0.41003196053474605
Quinten Timber,nl NED,MF,Marseille,fr Ligue 1,24.0,2001.0,8,8,625,6.9,0,0,0,0,0,0,2,0,0.0,2482,nl NED,MF,fr Ligue 1,24-273,2001.0,6.9,0,5,1,20.0,0.7246376811594203,0.14492753623188406,0.0,0.0,0,0,3126,nl NED,MF,fr Ligue 1,24-273,2001.0,8,625,78,26.7,6.9,8,78.0,3,0,,0,1.75,8,10,-2,-0.29,-1.44,2482,nl NED,MF,fr Ligue 1,24-273,2001.0,6.9,2,0,0,6,14,1,4,3,10,0,0.0,0.0,0.5797101449275363,0.43478260869565216,1.4492753623188406,0.8695652173913043,2.0289855072463765,False,4,-0.7345208390382241,-0.7621682875409468,-0.5004233725631637,-0.6204513399176048,-0.4707855197276637,-0.8853679700149174,0.9892295176732248,-0.7256042039635915,1.3269505495986393,-0.7899275091672332,0.2742293717560543
Corentin Tolisso,fr FRA,MF,Lyon,fr Ligue 1,31.0,1994.0,23,21,1801,20.0,7,1,8,6,1,2,4,0,0.35,2485,fr FRA,MF,fr Ligue 1,31-226,1994.0,20.0,7,40,20,50.0,2.0,1.0,0.15,0.3,1,2,3130,fr FRA,MF,fr Ligue 1,31-226,1994.0,23,1801,78,77.0,20.0,21,84.0,13,2,23.0,0,1.65,32,21,11,0.55,0.22,2485,fr FRA,MF,fr Ligue 1,31-226,1994.0,20.0,4,0,0,33,42,3,40,14,17,0,0.35,0.05,2.0,0.7,0.85,1.65,2.1,False,0,1.2768064989096182,-0.3046261804473734,0.8647711259745386,1.436027882967403,0.3573498045108787,-0.34612055185819435,-0.2444729956081404,0.6866779660727352,1.4298661776492054,2.2061435059170025,0.42318635300972046
Jeremy Toljan,de GER,DF,Levante,es La Liga,31.0,1994.0,27,27,2332,25.9,1,3,4,1,0,0,7,0,0.15,2486,de GER,DF,es La Liga,31-221,1994.0,25.9,1,7,1,14.3,0.2702702702702703,0.03861003861003861,0.14,1.0,0,0,3131,de GER,DF,es La Liga,31-221,1994.0,27,2332,86,92.5,25.9,27,86.0,19,0,,0,0.85,29,41,-12,-0.46,1.45,2486,de GER,DF,es La Liga,31-221,1994.0,25.9,7,0,0,24,15,2,51,22,30,0,0.03861003861003861,0.11583011583011583,1.9691119691119692,0.8494208494208495,1.1583011583011584,0.9266409266409267,0.5791505791505792,False,1,-0.5126424785365316,0.29777481769513053,-0.9867948769562027,-0.8761486452956244,0.33933976988083875,-0.04231390149975418,0.39021339024953716,-0.622319460239099,-0.7741793241624119,-1.3367344809531496,0.11225434941631345
Tiago Tomás,pt POR,MF,Stuttgart,de Bundesliga,23.0,2002.0,19,7,727,8.1,3,2,5,3,0,0,3,0,0.62,2487,pt POR,MF,de Bundesliga,23-274,2002.0,8.1,3,27,8,29.6,3.3333333333333335,0.9876543209876544,0.11,0.38,0,0,3132,pt POR,MF,de Bundesliga,23-274,2002.0,19,727,38,31.1,8.1,7,69.0,0,12,20.0,0,1.95,20,13,7,0.87,0.31,2487,pt POR,MF,de Bundesliga,23-274,2002.0,8.1,3,0,0,12,23,1,9,3,5,0,0.3703703703703704,0.2469135802469136,1.1111111111111112,0.3703703703703704,0.617283950617284,1.4814814814814816,2.8395061728395063,False,2,1.3938678783669005,1.4972989079828725,2.292019919900319,1.406336092555378,-0.16093896984249473,-1.0163327345945707,-0.7235555560749196,0.3817252598016089,2.501573364083552,3.9275192484819668,0.8888763886961194
Fikayo Tomori,eng ENG,DF,Milan,it Serie A,28.0,1997.0,26,24,2090,23.2,0,2,2,0,0,0,4,0,0.09,2488,eng ENG,DF,it Serie A,28-088,1997.0,23.2,0,9,2,22.2,0.3879310344827586,0.08620689655172414,0.0,0.0,0,0,3134,eng ENG,DF,it Serie A,28-088,1997.0,26,2090,80,80.1,23.2,24,86.0,18,2,13.0,2,2.19,33,16,17,0.73,-0.31,2488,eng ENG,DF,it Serie A,28-088,1997.0,23.2,4,0,0,27,7,2,16,24,34,0,0.0,0.08620689655172414,0.6896551724137931,1.0344827586206897,1.4655172413793105,1.1637931034482758,0.3017241379310345,False,1,-0.7345208390382241,0.02669741434452458,-0.860846489095208,-0.7616765349433141,-0.4066793369928011,0.3339591484853046,1.0226659782341594,-0.19316663625707126,-1.1762312903011973,-1.8110295296714096,-0.052112038579617166
Keke Topp,de GER,FW,Werder Bremen,de Bundesliga,21.0,2004.0,20,7,638,7.1,1,1,2,1,0,0,4,0,0.28,2490,de GER,FW,de Bundesliga,21-357,2004.0,7.1,1,25,3,12.0,3.5211267605633805,0.4225352112676057,0.04,0.33,0,0,3138,de GER,FW,de Bundesliga,21-357,2004.0,20,638,32,27.3,7.1,7,65.0,1,13,14.0,6,0.9,9,10,-1,-0.14,0.76,2490,de GER,FW,de Bundesliga,21-357,2004.0,7.1,4,0,0,16,7,2,5,1,5,0,0.14084507042253522,0.14084507042253522,0.7042253521126761,0.14084507042253522,0.7042253521126761,2.2535211267605635,0.9859154929577465,False,0,0.07486641969330213,0.5266827183564431,2.4930408767912735,0.04720484130073139,-0.39818383134227836,-1.4830099942938992,-0.544573017700511,1.778815509859704,-0.1846874479247561,2.1111569480706627,0.15437497282330223
Ferrán Torres,es ESP,FW,Barcelona,es La Liga,26.0,2000.0,25,19,1514,16.8,12,1,13,12,0,0,2,0,0.77,2493,es ESP,FW,es La Liga,26-016,2000.0,16.8,12,56,28,50.0,3.333333333333333,1.6666666666666665,0.21,0.43,0,0,3143,es ESP,FW,es La Liga,26-016,2000.0,25,1514,61,60.1,16.8,19,73.0,5,6,20.0,1,2.44,41,16,25,1.49,-0.66,2493,es ESP,FW,es La Liga,26-016,2000.0,16.8,2,0,0,9,12,7,2,3,4,0,0.7142857142857143,0.05952380952380952,0.11904761904761904,0.17857142857142858,0.23809523809523808,0.5357142857142857,0.7142857142857143,False,2,3.370228830243087,-0.21747530290574044,2.2920199199003184,3.0393845652167304,-0.7393862626475991,-1.4063037076955924,-1.504175112727876,-1.3297440100873683,-0.5783387743695544,4.697878304969534,-2.7141401270869037
Lucas Torró,es ESP,MF,Osasuna,es La Liga,31.0,1994.0,26,25,1838,20.4,0,1,1,0,0,0,6,0,0.05,2495,es ESP,MF,es La Liga,31-241,1994.0,20.4,0,19,5,26.3,0.9313725490196079,0.2450980392156863,0.0,0.0,0,0,3146,es ESP,MF,es La Liga,31-241,1994.0,26,1838,71,72.9,20.4,25,73.0,12,1,1.0,0,1.19,22,28,-6,-0.29,-0.82,2495,es ESP,MF,es La Liga,31-241,1994.0,20.4,6,0,0,28,24,0,1,25,14,0,0.0,0.04901960784313726,0.04901960784313726,1.2254901960784315,0.6862745098039216,1.3725490196078431,1.1764705882352942,False,1,-0.7345208390382241,-0.3135975943119532,-0.27912680445127014,-0.3795377719325716,-0.7802178362573712,0.7223208128213434,-0.5815276476825214,0.18460004566384083,0.09146882030013509,-0.8757049059021441,-0.5484773200332455
Jordan Torunarigha,de GER,DF,Hamburger SV,de Bundesliga,28.0,1997.0,17,14,1342,14.9,0,0,0,0,0,0,1,0,0.0,2496,de GER,DF,de Bundesliga,28-222,1997.0,14.9,0,3,1,33.3,0.20134228187919462,0.06711409395973154,0.0,0.0,0,0,3147,de GER,DF,de Bundesliga,28-222,1997.0,17,1342,79,57.4,14.9,14,88.0,11,3,35.0,4,1.24,15,20,-5,-0.34,-0.06,2496,de GER,DF,de Bundesliga,28-222,1997.0,14.9,1,0,0,16,10,0,2,19,15,0,0.0,0.0,0.1342281879194631,1.2751677852348993,1.006711409395973,1.0738255033557047,0.6711409395973155,False,1,-0.7345208390382241,-0.7621682875409468,-1.0605779181803725,-0.807595393871422,-0.7305348544087022,0.8233266765813665,0.078142068831659,-0.3559728569985211,-0.6408650476974753,-1.976422993560756,-0.8161235572738632
Abdoulaye Touré,gn GUI,MF,Le Havre,fr Ligue 1,32.0,1994.0,11,8,740,8.2,2,0,2,2,0,1,2,0,0.24,2498,gn GUI,MF,fr Ligue 1,32-014,1994.0,8.2,2,13,4,30.8,1.5853658536585367,0.48780487804878053,0.15,0.5,0,1,3149,gn GUI,MF,fr Ligue 1,32-014,1994.0,11,740,67,31.6,8.2,8,83.0,4,3,26.0,0,1.18,6,8,-2,-0.24,0.32,2498,gn GUI,MF,fr Ligue 1,32-014,1994.0,8.2,2,0,0,13,17,0,13,10,6,0,0.24390243902439027,0.0,1.5853658536585367,1.2195121951219514,0.7317073170731708,1.5853658536585367,2.073170731707317,False,0,0.6671009992529555,-0.7621682875409468,0.4209315620098146,0.2041806758734069,0.1155870530594576,0.710166174071349,-0.48799707386313695,0.5697154030403093,1.39098466361716,0.6427580702021823,0.19160742420362775
Alpha Touré,sn SEN,MF,Metz,fr Ligue 1,20.0,2006.0,26,12,1301,14.5,0,1,1,0,0,0,4,0,0.07,2499,sn SEN,MF,fr Ligue 1,20-051,2006.0,14.5,0,15,1,6.7,1.0344827586206897,0.06896551724137931,0.0,0.0,0,0,3150,sn SEN,MF,fr Ligue 1,20-051,2006.0,26,1301,50,55.6,14.5,12,83.0,6,14,22.0,0,0.5,12,33,-21,-1.45,-0.24,2499,sn SEN,MF,fr Ligue 1,20-051,2006.0,14.5,4,0,0,24,18,0,12,6,19,0,0.0,0.06896551724137931,0.8275862068965517,0.41379310344827586,1.3103448275862069,1.6551724137931034,1.2413793103448276,False,4,-0.7345208390382241,-0.13107572603256976,-0.1687538627303363,-0.8031426560359692,-0.3262552168345191,-0.9280444191624252,0.7032191781058482,0.6960380150336908,0.18553584299982814,-0.6305599063431587,0.5111339371810752
Idrissa Touré,de GER,MF,Pisa,it Serie A,27.0,1998.0,25,23,1988,22.1,1,0,1,1,0,0,3,1,0.05,2501,de GER,MF,it Serie A,27-322,1998.0,22.1,1,27,7,25.9,1.2217194570135745,0.3167420814479638,0.04,0.14,0,0,3152,de GER,MF,it Serie A,27-322,1998.0,25,1988,80,76.2,22.1,23,85.0,18,2,18.0,2,0.68,16,35,-19,-0.86,0.15,2501,de GER,MF,it Serie A,27-322,1998.0,22.1,3,1,0,20,16,5,64,22,25,0,0.04524886877828054,0.0,2.8959276018099547,0.9954751131221719,1.1312217194570136,0.9049773755656108,0.7239819004524887,False,1,-0.47449144822402334,-0.7621682875409468,0.0316711512395811,-0.20723134114785882,0.8797426754937472,0.25464771261000707,0.33446610968221746,-0.6615220273275012,-0.5642868667890715,-0.7569023918407639,0.018646564836668895
Lucas Tousart,fr FRA,MF,Brest,fr Ligue 1,28.0,1997.0,18,4,483,5.4,0,0,0,0,0,0,0,0,0.0,2503,fr FRA,MF,fr Ligue 1,28-322,1997.0,5.4,0,6,2,33.3,1.111111111111111,0.37037037037037035,0.0,0.0,0,0,3155,fr FRA,MF,fr Ligue 1,28-322,1997.0,18,483,27,20.6,5.4,4,64.0,0,14,16.0,1,1.5,4,10,-6,-1.12,-1.31,2503,fr FRA,MF,fr Ligue 1,28-322,1997.0,5.4,0,0,0,16,4,0,3,7,11,0,0.0,0.0,0.5555555555555555,1.2962962962962963,2.0370370370370368,2.962962962962963,0.7407407407407407,False,4,-0.7345208390382241,-0.7621682875409468,-0.08672806997598138,-0.07825342804585156,-0.4848694538133533,0.8662857562379476,2.1992292955791712,3.0626281720752506,-0.5399996191191009,-1.454585839491865,1.5022971147568922
Boubacar Traoré,ml MLI,MF,Metz,fr Ligue 1,24.0,2001.0,19,16,1361,15.1,1,0,1,1,0,0,3,0,0.07,2509,ml MLI,MF,fr Ligue 1,24-209,2001.0,15.1,1,18,3,16.7,1.1920529801324504,0.19867549668874174,0.06,0.33,0,0,3162,ml MLI,MF,fr Ligue 1,24-209,2001.0,19,1361,72,58.2,15.1,16,82.0,6,3,17.0,0,0.47,13,32,-19,-1.26,0.21,2509,ml MLI,MF,fr Ligue 1,24-209,2001.0,15.1,3,0,0,29,5,0,2,15,26,0,0.06622516556291391,0.0,0.13245033112582782,0.9933774834437087,1.7218543046357617,1.9205298013245033,0.33112582781456956,False,4,-0.3539480220187647,-0.7621682875409468,-8.493127187746794e-05,-0.49118561258394183,-0.7315714780295699,0.2503827532768457,1.5503761079531126,1.1762312553264134,-1.1336217712751306,-1.3220361381625558,0.11284376324173402
Hamari Traoré,ml MLI,DF,Paris FC,fr Ligue 1,34.0,1992.0,11,11,860,9.6,0,1,1,0,0,0,3,0,0.1,2510,ml MLI,DF,fr Ligue 1,34-049,1992.0,9.6,0,4,0,0.0,0.4166666666666667,0.0,0.0,,0,0,3163,ml MLI,DF,fr Ligue 1,34-049,1992.0,11,860,78,36.8,9.6,11,78.0,6,0,,1,0.91,10,14,-4,-0.42,0.07,2510,ml MLI,DF,fr Ligue 1,34-049,1992.0,9.6,3,0,0,19,3,1,18,13,17,0,0.0,0.10416666666666667,1.875,1.3541666666666667,1.7708333333333335,1.9791666666666667,0.3125,False,4,-0.7345208390382241,0.19104443557066444,-0.8300868168123248,-0.9690071404065893,0.2844654456174356,0.9839494119149802,1.6512071358940301,1.2823410818935355,-1.1606146947358185,-2.102693356905952,1.26481495087566
Mariano Troilo,ar ARG,DF,Parma,it Serie A,22.0,2003.0,13,10,905,10.1,1,0,1,1,0,0,6,2,0.1,2519,ar ARG,DF,it Serie A,22-268,2003.0,10.1,1,6,2,33.3,0.594059405940594,0.19801980198019803,0.17,0.5,0,0,3175,ar ARG,DF,it Serie A,22-268,2003.0,13,905,70,34.7,10.1,10,81.0,6,3,31.0,12,1.0,8,17,-9,-0.9,-0.58,2519,ar ARG,DF,it Serie A,22-268,2003.0,10.1,6,2,1,18,15,0,1,10,11,0,0.09900990099009901,0.0,0.09900990099009901,0.9900990099009901,1.0891089108910892,1.7821782178217822,1.4851485148514851,False,4,-0.16554563735566605,-0.7621682875409468,-0.6401991369273975,-0.49276258132263046,-0.7510697525220784,0.24371686917056032,0.24777027495261328,0.9258689202135856,0.5388110662451481,-0.8561745975411601,-0.012958879421164509
Kostas Tsimikas,gr GRE,MF,Roma,it Serie A,29.0,1996.0,15,5,524,5.8,0,0,0,0,0,0,1,0,0.0,2522,gr GRE,MF,it Serie A,29-309,1996.0,5.8,0,5,0,0.0,0.8620689655172414,0.0,0.0,,0,0,3179,gr GRE,MF,it Serie A,29-309,1996.0,15,524,35,20.1,5.8,5,67.0,1,10,19.0,12,1.67,6,6,0,0.0,-0.69,2522,gr GRE,MF,it Serie A,29-309,1996.0,5.8,1,0,0,8,7,1,37,7,3,0,0.0,0.0,6.379310344827586,1.206896551724138,0.5172413793103449,1.3793103448275863,1.206896551724138,False,3,-0.7345208390382241,-0.7621682875409468,-0.35331189642763544,-0.9690071404065893,2.910815619536335,0.6845156950541182,-0.9295089114388512,0.19683540378273692,0.1355627371906161,-0.886187455697316,1.1993231885818292
Heorhii Tsitaishvili,ge GEO,MF,Metz,fr Ligue 1,25.0,2000.0,26,21,1825,20.3,2,2,4,2,0,0,2,0,0.2,2523,ge GEO,MF,fr Ligue 1,25-119,2000.0,20.3,2,23,5,21.7,1.1330049261083743,0.24630541871921183,0.09,0.4,0,0,3180,ge GEO,MF,fr Ligue 1,25-119,2000.0,26,1825,70,78.0,20.3,21,82.0,10,5,19.0,0,0.5,18,43,-25,-1.23,0.51,2523,ge GEO,MF,fr Ligue 1,25-119,2000.0,20.3,2,0,0,17,27,3,127,12,9,0,0.09852216748768472,0.09852216748768472,6.25615763546798,0.5911330049261083,0.44334975369458124,0.8374384236453202,1.3300492610837438,False,3,-0.16834847086149154,0.1393925146138775,-0.06329212918902263,-0.3766339819400888,2.8390083693950117,-0.5674719712630739,-1.0816264353094753,-0.7837411540316374,0.3140381150806587,0.488610820942956,0.9631057574221064
Viktor Tsyhankov,ua UKR,MF,Girona,es La Liga,28.0,1997.0,22,21,1746,19.4,5,4,9,5,0,0,1,0,0.46,2524,ua UKR,MF,es La Liga,28-122,1997.0,19.4,5,33,15,45.5,1.7010309278350517,0.7731958762886598,0.15,0.33,0,0,3181,ua UKR,MF,es La Liga,28-122,1997.0,22,1746,79,69.3,19.4,21,82.0,10,1,28.0,0,1.27,21,27,-6,-0.31,0.39,2524,ua UKR,MF,es La Liga,28-122,1997.0,19.4,1,0,0,13,25,2,80,15,16,0,0.2577319587628866,0.2061855670103093,4.123711340206186,0.7731958762886598,0.8247422680412372,0.6701030927835052,1.288659793814433,False,3,0.7465744024550327,1.1246032881026549,0.5447436902231398,0.8905560219959819,1.595632520556181,-0.19729664889217616,-0.2964700062590371,-1.0865527527193939,0.2540556684908095,1.590443390339642,0.7353842476879707
Kareem Tunde,es ESP,MF,Levante,es La Liga,20.0,2005.0,12,10,724,8.0,0,0,0,0,0,0,2,0,0.0,2526,es ESP,MF,es La Liga,20-210,2005.0,8.0,0,11,1,9.1,1.375,0.125,0.0,0.0,0,0,3183,es ESP,MF,es La Liga,20-210,2005.0,12,724,60,28.7,8.0,10,71.0,2,2,10.0,0,0.92,6,11,-5,-0.62,-0.07,2526,es ESP,MF,es La Liga,20-210,2005.0,8.0,2,0,0,12,15,1,4,8,8,0,0.0,0.0,0.5,1.0,1.0,1.5,1.875,False,4,-0.7345208390382241,-0.7621682875409468,0.1957482538218294,-0.6683777624848403,-0.517262502210439,0.2638478391715417,0.06432557784922671,0.41523654620502914,1.1037916622440975,-0.6347927123963247,0.19446072655620059
Beñat Turrientes,es ESP,MF,Real Sociedad,es La Liga,24.0,2002.0,19,10,853,9.5,0,3,3,0,0,0,5,0,0.32,2528,es ESP,MF,es La Liga,24-045,2002.0,9.5,0,15,5,33.3,1.5789473684210527,0.5263157894736842,0.0,0.0,0,0,3185,es ESP,MF,es La Liga,24-045,2002.0,19,853,45,33.8,9.5,10,63.0,1,9,24.0,9,1.53,13,11,2,0.21,0.27,2528,es ESP,MF,es La Liga,24-045,2002.0,9.5,5,0,0,20,13,0,8,5,20,0,0.0,0.3157894736842105,0.8421052631578947,0.5263157894736842,2.1052631578947367,2.1052631578947367,1.368421052631579,False,4,-0.7345208390382241,2.1275713362079376,0.41406098052429247,0.2968007666323538,-0.31778951997575255,-0.6992601466648836,2.339683487535089,1.5105264860220893,0.3696472854548195,0.3384954823096469,2.5103951021299835
Filip Ugrinic,ch SUI,MF,Valencia,es La Liga,27.0,1999.0,18,12,1030,11.4,0,3,3,0,0,0,3,0,0.26,2536,ch SUI,MF,es La Liga,27-071,1999.0,11.4,0,15,2,13.3,1.3157894736842104,0.17543859649122806,0.0,0.0,0,0,3196,ch SUI,MF,es La Liga,27-071,1999.0,18,1030,57,40.9,11.4,12,74.0,1,6,23.0,4,1.17,11,17,-6,-0.52,-0.16,2536,ch SUI,MF,es La Liga,27-071,1999.0,11.4,3,0,0,12,11,3,35,7,9,0,0.0,0.2631578947368421,3.070175438596491,0.6140350877192983,0.7894736842105263,1.0526315789473684,0.9649122807017544,False,3,-0.7345208390382241,1.6459480655831236,0.13236713961788837,-0.5470711713936083,0.9813422104757954,-0.5209068159544343,-0.36907592875760425,-0.39432558322497213,-0.215125724628415,0.16485449824365622,0.9191415434899377
Dayot Upamecano,fr FRA,DF,Bayern Munich,de Bundesliga,27.0,1998.0,21,19,1599,17.8,1,1,2,1,0,0,3,0,0.11,2541,fr FRA,DF,de Bundesliga,27-141,1998.0,17.8,1,8,2,25.0,0.449438202247191,0.11235955056179775,0.13,0.5,0,0,3201,fr FRA,DF,de Bundesliga,27-141,1998.0,21,1599,76,68.3,17.8,19,82.0,12,2,23.0,3,2.71,68,18,50,2.81,0.63,2541,fr FRA,DF,de Bundesliga,27-141,1998.0,17.8,3,0,0,14,5,0,5,19,22,0,0.056179775280898875,0.056179775280898875,0.28089887640449435,1.0674157303370786,1.2359550561797752,0.7865168539325842,0.28089887640449435,False,1,-0.4116753594318288,-0.24807603237962841,-0.7950069658380255,-0.6987784860949048,-0.6450148616191709,0.4009193877175497,0.5500761428383433,-0.8758893085964203,-1.2064116772365359,-1.6409293238376341,-0.8123916123232725
Can Uzun,tr TUR,MF,Eintracht Frankfurt,de Bundesliga,20.0,2005.0,14,11,799,8.9,6,3,9,5,1,1,2,0,0.9,2544,tr TUR,MF,de Bundesliga,20-126,2005.0,8.9,6,27,10,37.0,3.033707865168539,1.1235955056179774,0.19,0.5,1,1,3204,tr TUR,MF,de Bundesliga,20-126,2005.0,14,799,57,34.1,8.9,11,64.0,1,3,30.0,1,1.43,25,15,10,1.13,1.71,2544,tr TUR,MF,de Bundesliga,20-126,2005.0,8.9,2,0,0,12,18,0,13,2,6,0,0.6741573033707865,0.33707865168539325,1.4606741573033708,0.2247191011235955,0.6741573033707865,1.348314606741573,2.0224719101123596,False,2,3.1396249162385192,2.322385243426963,1.9712898538495813,1.7332794027102554,0.04288245827400043,-1.3124749691075512,-0.6064728214214584,0.14074522274330364,1.3175109139141121,4.734855808787404,0.5191141875987486
Lautaro Valenti,ar ARG,DF,Parma,it Serie A,27.0,1999.0,21,19,1742,19.4,0,0,0,0,0,0,5,0,0.0,2548,ar ARG,DF,it Serie A,27-062,1999.0,19.4,0,16,4,25.0,0.8247422680412372,0.2061855670103093,0.0,0.0,0,0,3208,ar ARG,DF,it Serie A,27-062,1999.0,21,1742,83,66.7,19.4,19,88.0,18,2,39.0,1,1.24,15,23,-8,-0.41,0.31,2548,ar ARG,DF,it Serie A,27-062,1999.0,19.4,5,0,0,18,15,0,19,25,25,0,0.0,0.0,0.9793814432989691,1.288659793814433,1.288659793814433,0.9278350515463918,0.7731958762886598,False,1,-0.7345208390382241,-0.7621682875409468,-0.39326775939303005,-0.4731236304325703,-0.2377472289283684,0.8507590057980919,0.6585771281451911,-0.6201585605068402,-0.49296498535823496,-1.586460628648085,-0.2996270441785386
Óscar Valentín,es ESP,MF,Rayo Vallecano,es La Liga,31.0,1994.0,24,18,1578,17.5,1,0,1,1,0,0,2,1,0.06,2549,es ESP,MF,es La Liga,31-209,1994.0,17.5,1,13,4,30.8,0.7428571428571429,0.22857142857142856,0.08,0.25,0,0,3209,es ESP,MF,es La Liga,31-209,1994.0,24,1578,66,62.6,17.5,18,80.0,9,6,23.0,3,1.21,15,13,2,0.11,0.88,2549,es ESP,MF,es La Liga,31-209,1994.0,17.5,2,1,0,20,16,0,2,19,27,0,0.05714285714285714,0.0,0.11428571428571428,1.0857142857142856,1.542857142857143,1.1428571428571428,0.9142857142857143,False,4,-0.4061408654957192,-0.7621682875409468,-0.4809205940126251,-0.41928484934967686,-0.7421628096530636,0.43812452232289467,1.1818823198854125,-0.23105254871808115,-0.2884947606761252,-1.4146036394107515,-0.20403246487953236
Nicolás Valentini,ar ARG,DF,Hellas Verona,it Serie A,24.0,2001.0,14,10,929,10.3,0,0,0,0,0,0,2,0,0.0,2550,ar ARG,DF,it Serie A,24-345,2001.0,10.3,0,7,3,42.9,0.6796116504854368,0.2912621359223301,0.0,0.0,0,0,3210,ar ARG,DF,it Serie A,24-345,2001.0,14,929,66,35.6,10.3,10,88.0,9,4,13.0,5,0.93,9,18,-9,-0.87,0.2,2550,ar ARG,DF,it Serie A,24-345,2001.0,10.3,2,0,0,13,5,0,7,9,11,0,0.0,0.0,0.6796116504854368,0.8737864077669902,1.0679611650485437,1.262135922330097,0.48543689320388345,False,1,-0.7345208390382241,-0.7621682875409468,-0.5486208835441948,-0.26851150253066935,-0.41253546224704507,0.007226833236701219,0.20423431663249977,-0.015204540316576486,-0.9099910785263909,-1.2124685745473673,-0.6619189823586896
Martin Valjent,sk SVK,DF,Mallorca,es La Liga,30.0,1995.0,28,28,2520,28.0,0,0,0,0,0,0,4,0,0.0,2553,sk SVK,DF,es La Liga,30-096,1995.0,28.0,0,14,7,50.0,0.5,0.25,0.0,0.0,0,0,3213,sk SVK,DF,es La Liga,30-096,1995.0,28,2520,90,100.0,28.0,28,90.0,28,0,,0,1.0,33,45,-12,-0.43,,2553,sk SVK,DF,es La Liga,30-096,1995.0,28.0,4,0,0,27,9,0,2,15,21,0,0.0,0.0,0.07142857142857142,0.5357142857142857,0.75,0.9642857142857143,0.32142857142857145,False,1,-0.7345208390382241,-0.7621682875409468,-0.7408837671919636,-0.3677483845630913,-0.7671517327022441,-0.6801508612316212,-0.4503387112463851,-0.5541970961796361,-1.1476752298387904,-1.0545222831804326,-1.4996838177192024
Álex Valle,es ESP,DF,Como,it Serie A,21.0,2004.0,23,18,1653,18.4,0,4,4,0,0,0,2,0,0.22,2554,es ESP,DF,it Serie A,21-326,2004.0,18.4,0,10,1,10.0,0.5434782608695653,0.05434782608695653,0.0,0.0,0,0,3214,es ESP,DF,it Serie A,21-326,2004.0,23,1653,72,63.3,18.4,18,87.0,16,5,17.0,6,1.87,30,13,17,0.93,0.08,2554,es ESP,DF,it Serie A,21-326,2004.0,18.4,2,0,0,31,15,1,36,22,27,0,0.0,0.2173913043478261,1.956521739130435,1.1956521739130437,1.4673913043478262,1.6847826086956523,0.8152173913043479,False,4,-0.7345208390382241,1.2271452215615464,-0.6943430456509055,-0.8382987152232201,0.33199872315663775,0.6616533115822395,1.0265240313758055,0.7496209040130734,-0.43206656249010633,-1.305198399308817,1.471046284917839
Vladyslav Vanat,ua UKR,FW,Girona,es La Liga,24.0,2002.0,25,25,1857,20.6,9,1,10,6,3,3,4,0,0.34,2559,ua UKR,FW,es La Liga,24-072,2002.0,20.6,9,27,18,66.7,1.3106796116504853,0.8737864077669902,0.22,0.33,3,3,3222,ua UKR,FW,es La Liga,24-072,2002.0,25,1857,74,73.7,20.6,25,74.0,7,0,,0,1.36,21,26,-5,-0.24,0.71,2559,ua UKR,FW,es La Liga,24-072,2002.0,20.6,4,0,0,28,16,20,5,2,3,0,0.4368932038834951,0.04854368932038835,0.24271844660194172,0.0970873786407767,0.14563106796116504,1.3592233009708736,0.7766990291262136,False,0,1.7761512887746165,-0.3179526495860212,0.12689735629931742,1.1324797732211704,-0.6672769108066522,-1.5719793571315472,-1.6945271382833496,0.16048569907999707,-0.48788814596314445,2.1859065002182136,-1.9425572966946199
Jari Vandeputte,be BEL,MF,Cremonese,it Serie A,30.0,1996.0,24,18,1495,16.6,0,4,4,0,0,0,2,0,0.24,2560,be BEL,MF,it Serie A,30-031,1996.0,16.6,0,15,5,33.3,0.9036144578313252,0.3012048192771084,0.0,0.0,0,0,3223,be BEL,MF,it Serie A,30-031,1996.0,24,1495,62,57.3,16.6,18,74.0,6,6,27.0,3,0.96,13,20,-7,-0.42,0.71,2560,be BEL,MF,it Serie A,30-031,1996.0,16.6,2,0,0,24,22,1,123,17,19,0,0.0,0.24096385542168672,7.409638554216867,1.0240963855421685,1.1445783132530118,1.4457831325301203,1.325301204819277,False,3,-0.7345208390382241,1.4428539153196476,-0.3088400810788888,-0.24459900083610983,3.511574107465671,0.31284128423417085,0.3619627570852428,0.31712518962633973,0.3071571366559822,-0.06714562025711483,3.0694456587346712
Charles Vanhoutte,be BEL,MF,Nice,fr Ligue 1,27.0,1998.0,21,19,1606,17.8,0,2,2,0,0,0,7,0,0.11,2563,be BEL,MF,fr Ligue 1,27-182,1998.0,17.8,0,3,1,33.3,0.16853932584269662,0.056179775280898875,0.0,0.0,0,0,3226,be BEL,MF,fr Ligue 1,27-182,1998.0,21,1606,76,68.6,17.8,19,83.0,10,2,15.0,1,1.1,21,32,-11,-0.62,0.0,2563,be BEL,MF,fr Ligue 1,27-182,1998.0,17.8,7,0,0,30,7,0,13,19,24,0,0.0,0.11235955056179775,0.7303370786516854,1.0674157303370786,1.348314606741573,1.6853932584269662,0.3932584269662921,False,4,-0.7345208390382241,0.26601622278168996,-1.0956914027605915,-0.833892813250747,-0.3829587397551056,0.4009193877175497,0.7813859356903038,0.7507259415471379,-1.0435779616784295,-1.7759102659292931,0.30930068834764973
Jamie Vardy,eng ENG,FW,Cremonese,it Serie A,39.0,1987.0,24,21,1803,20.0,5,1,6,5,0,0,4,0,0.3,2564,eng ENG,FW,it Serie A,39-065,1987.0,20.0,5,26,12,46.2,1.3,0.6,0.19,0.42,0,0,3227,eng ENG,FW,it Serie A,39-065,1987.0,24,1803,75,69.1,20.0,21,81.0,14,3,31.0,1,0.67,14,27,-13,-0.65,0.24,2564,eng ENG,FW,it Serie A,39-065,1987.0,20.0,4,0,0,17,18,15,13,3,8,0,0.25,0.05,0.65,0.15,0.4,0.85,0.9,False,0,0.7021415452102349,-0.3046261804473734,0.11546550916350433,0.47401387361780584,-0.4298012715383073,-1.4643959354127103,-1.1708687159802416,-0.7610096065550315,-0.3091979045113701,1.2079742891277048,-1.561867207411984
Ruben Vargas,ch SUI,MF,Sevilla,es La Liga,27.0,1998.0,14,11,916,10.2,3,4,7,2,1,1,1,0,0.59,2566,ch SUI,MF,es La Liga,27-224,1998.0,10.2,3,23,6,26.1,2.2549019607843137,0.5882352941176471,0.09,0.33,1,1,3229,ch SUI,MF,es La Liga,27-224,1998.0,14,916,65,36.3,10.2,11,76.0,2,3,28.0,0,1.14,12,18,-6,-0.59,-0.37,2566,ch SUI,MF,es La Liga,27-224,1998.0,10.2,1,0,0,7,9,5,36,6,9,0,0.29411764705882354,0.3921568627450981,3.5294117647058827,0.5882352941176471,0.8823529411764707,0.6862745098039216,0.8823529411764707,False,3,0.9556702012540806,2.826397258291002,1.137627513048585,0.4457193439310531,1.2491113721483011,-0.5733636779280958,-0.17786938172517866,-1.0572888034040964,-0.334772376307849,2.120705979100666,1.0395077225703346
Johan Vásquez,mx MEX,DF,Genoa,it Serie A,27.0,1998.0,29,29,2592,28.8,0,0,0,0,0,0,2,0,0.0,2568,mx MEX,DF,it Serie A,27-146,1998.0,28.8,0,22,5,22.7,0.7638888888888888,0.1736111111111111,0.0,0.0,0,0,3232,mx MEX,DF,it Serie A,27-146,1998.0,29,2592,89,99.3,28.8,29,89.0,28,0,,0,1.14,34,40,-6,-0.21,-10.21,2568,mx MEX,DF,it Serie A,27-146,1998.0,28.8,2,0,0,21,33,1,12,37,25,0,0.0,0.0,0.41666666666666663,1.284722222222222,0.8680555555555556,0.7291666666666666,1.1458333333333333,False,1,-0.7345208390382241,-0.7621682875409468,-0.45840744339415307,-0.5514663377374934,-0.5658520748060678,0.8427530251025409,-0.20730279695123502,-0.9796707503373504,0.047068695653469904,-1.3598010204117632,-0.8114131905727835
Denis Vavro,sk SVK,DF,Wolfsburg,de Bundesliga,29.0,1996.0,10,6,558,6.2,1,0,1,1,0,0,1,0,0.16,2569,sk SVK,DF,de Bundesliga,29-341,1996.0,6.2,1,6,3,50.0,0.9677419354838709,0.48387096774193544,0.17,0.33,0,0,3234,sk SVK,DF,de Bundesliga,29-341,1996.0,10,558,56,23.8,6.2,6,90.0,5,4,5.0,7,0.8,7,15,-8,-1.29,-0.63,2569,sk SVK,DF,de Bundesliga,29-341,1996.0,6.2,1,0,0,5,4,0,2,3,4,0,0.16129032258064516,0.0,0.3225806451612903,0.48387096774193544,0.6451612903225806,0.8064516129032258,0.6451612903225806,False,1,0.19235811854142681,-0.7621682875409468,-0.24019568222606513,0.19471948380663254,-0.6207112696721003,-0.7855601453957461,-0.6661656711897062,-0.8398151800650108,-0.678515276798159,0.07699281321764596,-1.623949439476781
José Luis García Vayá,es ESP,MF,Valencia,es La Liga,27.0,1998.0,22,20,1701,18.9,2,0,2,1,1,3,3,0,0.05,2570,es ESP,MF,es La Liga,27-218,1998.0,18.9,2,22,3,13.6,1.1640211640211642,0.15873015873015875,0.05,0.33,1,3,3235,es ESP,MF,es La Liga,27-218,1998.0,22,1701,77,67.5,18.9,20,82.0,8,2,33.0,6,1.05,15,28,-13,-0.69,-0.8,2570,es ESP,MF,es La Liga,27-218,1998.0,18.9,3,0,0,27,11,1,42,15,25,0,0.10582010582010583,0.0,2.2222222222222223,0.7936507936507937,1.3227513227513228,1.4285714285714286,0.5820105820105821,False,4,-0.1264097769224742,-0.7621682875409468,-0.03009121307416437,-0.5872555493948445,0.48692199809922215,-0.15570713878541942,0.7287598981631384,0.2859787272204072,-0.7700345506218222,-0.793017404610615,0.1668452416442585
Luis Vázquez,ar ARG,FW,Getafe,es La Liga,25.0,2001.0,8,8,620,6.9,2,0,2,2,0,0,0,0,0.29,2576,ar ARG,FW,es La Liga,25-052,2001.0,6.9,2,11,5,45.5,1.5942028985507246,0.7246376811594203,0.18,0.4,0,0,3241,ar ARG,FW,es La Liga,25-052,2001.0,8,620,78,24.6,6.9,8,78.0,0,0,,0,1.75,7,3,4,0.58,1.1,2576,ar ARG,FW,es La Liga,25-052,2001.0,6.9,0,0,0,8,17,11,2,2,2,0,0.2898550724637681,0.0,0.2898550724637681,0.2898550724637681,0.2898550724637681,1.1594202898550725,2.463768115942029,False,0,0.9311746789310037,-0.7621682875409468,0.43039105825799695,0.7737718620383324,-0.6397927287559377,-1.1800386903191376,-1.3976193592919313,-0.20107972112744396,1.9570462315408772,1.9776215952582308,-0.9375536017296613
Matías Vecino,uy URU,MF,Lazio,it Serie A,34.0,1991.0,13,5,603,6.7,0,1,1,0,0,0,1,0,0.15,2577,uy URU,MF,it Serie A,34-205,1991.0,6.7,0,7,1,14.3,1.044776119402985,0.14925373134328357,0.0,0.0,0,0,3242,uy URU,MF,it Serie A,34-205,1991.0,13,603,46,23.1,6.7,5,73.0,2,8,30.0,2,1.62,7,4,3,0.45,0.54,2577,uy URU,MF,it Serie A,34-205,1991.0,6.7,1,0,0,8,3,0,0,7,9,0,0.0,0.14925373134328357,0.0,1.044776119402985,1.3432835820895521,1.1940298507462686,0.44776119402985076,False,1,-0.7345208390382241,0.6036290470667348,-0.15773547265885593,-0.6100466891567398,-0.8087999377842117,0.3548878975341887,0.7710287807864845,-0.13844993213208334,-0.9645914578629303,-1.1771212258940387,-0.06410988601078152
Danilo Veiga,pt POR,DF,Lecce,it Serie A,23.0,2002.0,27,24,2261,25.1,0,1,1,0,0,0,6,0,0.04,2579,pt POR,DF,it Serie A,23-173,2002.0,25.1,0,6,2,33.3,0.2390438247011952,0.0796812749003984,0.0,0.0,0,0,3244,pt POR,DF,it Serie A,23-173,2002.0,27,2261,84,86.6,25.1,24,89.0,23,3,41.0,1,1.0,19,32,-13,-0.52,0.77,2579,pt POR,DF,it Serie A,23-173,2002.0,25.1,6,0,0,27,33,0,60,22,44,0,0.0,0.0398406374501992,2.390438247011952,0.8764940239043825,1.752988047808765,1.0756972111553784,1.3147410358565736,False,4,-0.7345208390382241,-0.39759290340264136,-1.0202208070389913,-0.7773708835640402,0.585004535078446,0.012732034099538847,1.614469811141189,-0.3525857968470485,0.2918531278688287,-1.6352730388679142,1.1044520860389688
Renato Veiga,pt POR,DF,Villarreal,es La Liga,22.0,2003.0,24,19,1761,19.6,0,0,0,0,0,0,3,1,0.0,2580,pt POR,DF,es La Liga,22-231,2003.0,19.6,0,8,3,37.5,0.4081632653061224,0.1530612244897959,0.0,0.0,0,0,3245,pt POR,DF,es La Liga,22-231,2003.0,24,1761,73,69.9,19.6,19,87.0,18,5,21.0,2,1.88,34,27,7,0.36,-0.95,2580,pt POR,DF,es La Liga,22-231,2003.0,19.6,3,1,0,15,4,2,2,18,5,0,0.0,0.0,0.1020408163265306,0.9183673469387754,0.25510204081632654,0.7653061224489796,0.2040816326530612,False,1,-0.7345208390382241,-0.7621682875409468,-0.8391891688144025,-0.6008895347881211,-0.7493025019528295,0.09787004569406235,-1.4691639365989226,-0.9142724490653691,-1.3177367684854453,-1.2935299580630164,-2.0982236408744557
Unai Vencedor Paris,es ESP,MF,Levante,es La Liga,25.0,2000.0,16,11,812,9.0,0,0,0,0,0,0,3,1,0.0,2583,es ESP,MF,es La Liga,25-122,2000.0,9.0,0,0,0,,0.0,0.0,,,0,0,3249,es ESP,MF,es La Liga,25-122,2000.0,16,812,51,32.2,9.0,11,67.0,0,5,15.0,6,0.88,7,16,-9,-1.0,-0.63,2583,es ESP,MF,es La Liga,25-122,2000.0,9.0,3,1,0,25,8,0,23,4,13,0,0.0,0.0,2.5555555555555554,0.4444444444444444,1.4444444444444444,2.7777777777777777,0.8888888888888888,False,4,-0.7345208390382241,-0.7621682875409468,-1.276102064914131,-0.9690071404065893,0.681280288481737,-0.8657232553279695,0.9792843140192032,2.7275153080410455,-0.3253003497165607,-1.4087476871450564,1.4258163886436668
Calvin Verdonk,id IDN,DF,Lille,fr Ligue 1,28.0,1997.0,12,6,640,7.1,0,0,0,0,0,0,2,1,0.0,2588,id IDN,DF,fr Ligue 1,28-325,1997.0,7.1,0,2,0,0.0,0.28169014084507044,0.0,0.0,,0,0,3255,id IDN,DF,fr Ligue 1,28-325,1997.0,12,640,53,27.4,7.1,6,85.0,3,6,22.0,5,1.33,7,8,-1,-0.14,-0.56,2588,id IDN,DF,fr Ligue 1,28-325,1997.0,7.1,2,1,0,12,3,0,25,11,7,0,0.0,0.0,3.5211267605633805,1.5492957746478875,0.9859154929577465,1.6901408450704227,0.4225352112676057,False,4,-0.7345208390382241,-0.7621682875409468,-0.9745706295776986,-0.9690071404065893,1.2442805944254547,1.3806913720428897,0.03533040663257257,0.7593172192767699,-1.001149458328782,-2.049988764836192,0.5415729389372081
Antonio Vergara,it ITA,MF,Napoli,it Serie A,23.0,2003.0,11,8,601,6.7,1,2,3,1,0,0,2,0,0.45,2589,it ITA,MF,it Serie A,23-060,2003.0,6.7,1,10,3,30.0,1.4925373134328357,0.44776119402985076,0.1,0.33,0,0,3256,it ITA,MF,it Serie A,23-060,2003.0,11,601,55,23.0,6.7,8,73.0,1,3,7.0,15,2.09,10,9,1,0.15,-0.48,2589,it ITA,MF,it Serie A,23-060,2003.0,6.7,2,0,0,16,20,2,11,4,9,0,0.14925373134328357,0.29850746268656714,1.6417910447761193,0.5970149253731343,1.3432835820895521,2.388059701492537,2.9850746268656714,False,0,0.1231880470802588,1.9694263816744164,0.3215644954505477,0.10787421334295941,0.1484871640998177,-0.5555126860922829,0.7710287807864845,2.022277788207867,2.7125340889940075,1.4929121019178087,2.8997506994826248
Arthur Vermeeren,be BEL,MF,Marseille,fr Ligue 1,21.0,2005.0,14,8,624,6.9,0,1,1,0,0,0,1,1,0.14,2590,be BEL,MF,fr Ligue 1,21-038,2005.0,6.9,0,2,0,0.0,0.2898550724637681,0.0,0.0,,0,0,3257,be BEL,MF,fr Ligue 1,21-038,2005.0,14,624,45,26.7,6.9,8,69.0,4,6,12.0,9,1.86,10,10,0,0.0,-1.05,2590,be BEL,MF,fr Ligue 1,21-038,2005.0,6.9,1,1,0,12,1,0,3,5,8,0,0.0,0.14492753623188406,0.43478260869565216,0.7246376811594203,1.1594202898550725,1.7391304347826086,0.14492753623188406,False,1,-0.7345208390382241,0.5640407185273819,-0.9658305879737442,-0.9690071404065893,-0.5552891242418008,-0.29602652940647683,0.3925172984319358,0.8479692445448507,-1.4034640721510558,-1.44334857407265,-0.007664388837302145
Carlos Vicente,es ESP,MF,Alavés,es La Liga,26.0,1999.0,21,11,1258,14.0,5,0,5,2,3,3,1,0,0.14,2595,es ESP,MF,es La Liga,26-328,1999.0,14.0,5,12,6,50.0,0.8571428571428571,0.42857142857142855,0.17,0.33,3,3,3263,es ESP,MF,es La Liga,26-328,1999.0,21,1258,60,49.9,14.0,11,79.0,6,10,39.0,0,1.05,12,19,-7,-0.5,-0.14,2595,es ESP,MF,es La Liga,26-328,1999.0,14.0,1,0,0,12,42,10,128,7,18,0,0.35714285714285715,0.0,9.142857142857142,0.5,1.2857142857142858,0.8571428571428571,3.0,False,3,1.3178539956024315,-0.7621682875409468,-0.3585849831047012,0.06172215532512151,4.52217031270763,-0.7527661458780183,0.6525133368156404,-0.7480838246565693,2.734164239269637,1.3121127062334959,3.0434779302903174
Nacho Vidal,es ESP,DF,Oviedo,es La Liga,31.0,1995.0,19,18,1496,16.6,0,0,0,0,0,0,4,0,0.0,2596,es ESP,DF,es La Liga,31-052,1995.0,16.6,0,8,3,37.5,0.48192771084337344,0.18072289156626503,0.0,0.0,0,0,3264,es ESP,DF,es La Liga,31-052,1995.0,19,1496,79,59.4,16.6,18,82.0,12,1,25.0,2,0.79,10,21,-11,-0.66,0.66,2596,es ESP,DF,es La Liga,31-052,1995.0,16.6,4,0,0,20,22,1,26,18,24,0,0.0,0.0,1.5662650602409638,1.0843373493975903,1.4457831325301203,1.2048192771084336,1.325301204819277,False,4,-0.7345208390382241,-0.7621682875409468,-0.7602290068686685,-0.5343622566643016,0.10444986039869042,0.4353248968907445,0.9820402138269437,-0.11892528405672238,0.3071571366559822,-1.491426926723445,0.48893851541239264
Martin Vitík,cz CZE,DF,Bologna,it Serie A,23.0,2003.0,16,12,1131,12.6,0,0,0,0,0,0,3,0,0.0,2603,cz CZE,DF,it Serie A,23-055,2003.0,12.6,0,6,0,0.0,0.4761904761904762,0.0,0.0,,0,0,3277,cz CZE,DF,it Serie A,23-055,2003.0,16,1131,71,43.3,12.6,12,80.0,9,4,43.0,10,1.69,15,15,0,0.0,-0.24,2603,cz CZE,DF,it Serie A,23-055,2003.0,12.6,3,0,0,19,3,0,2,6,15,0,0.0,0.0,0.15873015873015872,0.4761904761904762,1.1904761904761905,1.507936507936508,0.2380952380952381,False,1,-0.7345208390382241,-0.7621682875409468,-0.766370352797781,-0.9690071404065893,-0.7162483709353948,-0.801176335642283,0.45645075049350237,0.42959852609220933,-1.2684435688777191,-1.515654281600243,-0.716498568721659
Vitinha,pt POR,MF,Paris Saint-Germain,fr Ligue 1,26.0,2000.0,24,21,1855,20.6,1,7,8,1,0,0,2,0,0.39,2604,pt POR,MF,fr Ligue 1,26-032,2000.0,20.6,1,31,10,32.3,1.5048543689320388,0.48543689320388345,0.03,0.1,0,0,3278,pt POR,MF,fr Ligue 1,26-032,2000.0,24,1855,77,82.4,20.6,21,83.0,17,3,35.0,1,2.33,43,17,26,1.26,-0.11,2604,pt POR,MF,fr Ligue 1,26-032,2000.0,20.6,2,0,0,13,19,0,19,24,17,0,0.04854368932038835,0.3398058252427184,0.9223300970873786,1.1650485436893203,0.8252427184466019,0.6310679611650485,0.9223300970873786,False,3,-0.4555572692812417,2.3473411781435325,0.33474912240501364,0.1984855893866106,-0.27101243526948554,0.5994291546247944,-0.2954397504506185,-1.157191096394305,-0.2768366796815213,0.3400670009982013,0.26111286829543195
Daniel Vivian,es ESP,DF,Athletic Club,es La Liga,26.0,1999.0,23,22,2008,22.3,0,0,0,0,0,0,8,1,0.0,2607,es ESP,DF,es La Liga,26-245,1999.0,22.3,0,13,4,30.8,0.5829596412556054,0.17937219730941703,0.0,0.0,0,0,3281,es ESP,DF,es La Liga,26-245,1999.0,23,2008,87,79.7,22.3,22,89.0,21,1,58.0,0,1.17,21,31,-10,-0.45,-0.45,2607,es ESP,DF,es La Liga,26-245,1999.0,22.3,8,1,0,35,12,1,6,30,29,0,0.0,0.0,0.26905829596412556,1.3452914798206277,1.3004484304932735,1.569506726457399,0.5381165919282511,False,4,-0.7345208390382241,-0.7621682875409468,-0.65208073124703,-0.5376107236578912,-0.651918806533751,0.9659041337797578,0.6828458894080786,0.5410165763380468,-0.8336466019342342,-1.8336513563280552,-0.2536604277744352
Dušan Vlahović,rs SRB,FW,Juventus,it Serie A,26.0,2000.0,13,8,680,7.6,3,1,4,2,1,1,0,0,0.4,2609,rs SRB,FW,it Serie A,26-048,2000.0,7.6,3,30,11,36.7,3.947368421052632,1.4473684210526316,0.07,0.18,1,1,3283,rs SRB,FW,it Serie A,26-048,2000.0,13,680,52,26.1,7.6,8,71.0,1,5,22.0,0,1.77,12,9,3,0.4,-0.54,2609,rs SRB,FW,it Serie A,26-048,2000.0,7.6,0,0,0,7,15,4,3,2,3,0,0.39473684210526316,0.13157894736842105,0.39473684210526316,0.2631578947368421,0.39473684210526316,0.9210526315789475,1.973684210526316,False,2,1.5338934518803955,0.44188988902108833,2.9493055486819277,2.5119646039505046,-0.5786388044364964,-1.2343201387962308,-1.1817037536454125,-0.6324320918808546,1.2468068005796713,4.41461914804559,-0.9127444391336047
Cristian Volpato,it ITA,FW,Sassuolo,it Serie A,22.0,2003.0,15,6,667,7.4,1,4,5,1,0,0,2,0,0.67,2612,it ITA,FW,it Serie A,22-122,2003.0,7.4,1,11,4,36.4,1.4864864864864864,0.5405405405405405,0.09,0.25,0,0,3286,it ITA,FW,it Serie A,22-122,2003.0,15,667,44,25.6,7.4,6,75.0,0,9,24.0,8,1.4,13,9,4,0.54,0.91,2612,it ITA,FW,it Serie A,22-122,2003.0,7.4,2,0,0,11,5,0,36,3,6,0,0.13513513513513511,0.5405405405405405,4.864864864864865,0.4054054054054054,0.8108108108108107,1.4864864864864864,0.6756756756756757,False,3,0.04205342271769956,4.184232870227413,0.31508746885447475,0.3310117911469197,2.027780516447089,-0.945098521427935,-0.32515010038529046,0.3907823642349654,-0.6342932171675137,1.8439820793767514,2.4138986969246625
Alexis Vossah,fr FRA,MF,Toulouse,fr Ligue 1,18.0,2008.0,18,8,767,8.5,1,1,2,1,0,0,3,1,0.23,2613,fr FRA,MF,fr Ligue 1,18-006,2008.0,8.5,1,8,2,25.0,0.9411764705882353,0.23529411764705882,0.13,0.5,0,0,3287,fr FRA,MF,fr Ligue 1,18-006,2008.0,18,767,43,32.8,8.5,8,73.0,2,10,19.0,4,1.39,17,9,8,0.94,1.11,2613,fr FRA,MF,fr Ligue 1,18-006,2008.0,8.5,3,1,0,14,7,0,5,5,5,0,0.11764705882352941,0.11764705882352941,0.5882352941176471,0.5882352941176471,0.5882352941176471,1.6470588235294117,0.8235294117647058,False,1,-0.058444422921302225,0.3144013762086376,-0.2686323280253453,-0.40311654667153235,-0.4658147194621262,-0.5733636779280958,-0.7833567806611926,0.6813555852910156,-0.42002061562944604,0.03776786981561761,-0.4642916253042107
Aster Vranckx,be BEL,MF,Sassuolo,it Serie A,23.0,2002.0,14,8,609,6.8,0,0,0,0,0,0,2,0,0.0,2614,be BEL,MF,it Serie A,23-164,2002.0,6.8,0,3,1,33.3,0.4411764705882353,0.14705882352941177,0.0,0.0,0,0,3288,be BEL,MF,it Serie A,23-164,2002.0,14,609,44,23.3,6.8,8,61.0,0,6,21.0,11,0.93,3,8,-5,-0.74,-0.78,2614,be BEL,MF,it Serie A,23-164,2002.0,6.8,2,0,0,14,17,1,5,0,6,0,0.0,0.0,0.7352941176470589,0.0,0.8823529411764706,2.058823529411765,2.5,False,0,-0.7345208390382241,-0.7621682875409468,-0.8038506257475128,-0.6153255193221787,-0.38006841488160487,-1.7693801309275783,-0.17786938172517888,1.4264888947317784,2.0095542050360637,-0.027082132994523625,0.6572910517280629
Luka Vušković,hr CRO,DF,Hamburger SV,de Bundesliga,19.0,2007.0,23,23,2070,23.0,5,0,5,4,1,1,5,0,0.17,2617,hr CRO,DF,de Bundesliga,19-021,2007.0,23.0,5,28,8,28.6,1.2173913043478262,0.34782608695652173,0.14,0.5,1,1,3292,hr CRO,DF,de Bundesliga,19-021,2007.0,23,2070,90,88.5,23.0,23,90.0,23,0,,1,1.22,28,34,-6,-0.26,0.41,2617,hr CRO,DF,de Bundesliga,19-021,2007.0,23.0,5,0,0,22,27,1,2,28,14,0,0.21739130434782608,0.0,0.08695652173913043,1.2173913043478262,0.6086956521739131,0.9565217391304348,1.173913043478261,False,1,0.5147507994386967,-0.7621682875409468,0.027038138235494086,-0.13247321923302688,-0.7580977750757295,0.7058539196278723,-0.7412359181265135,-0.5682468591127472,0.08776237511223967,-0.150487573933349,-1.257019380024141
Hauke Wahl,de GER,DF,St Pauli,de Bundesliga,31.0,1994.0,22,22,1935,21.5,2,0,2,2,0,0,1,0,0.09,2621,de GER,DF,de Bundesliga,31-336,1994.0,21.5,2,6,4,66.7,0.27906976744186046,0.18604651162790697,0.33,0.5,0,0,3297,de GER,DF,de Bundesliga,31-336,1994.0,22,1935,88,82.7,21.5,22,88.0,21,0,,0,0.95,19,31,-12,-0.56,1.0,2621,de GER,DF,de Bundesliga,31-336,1994.0,21.5,1,0,0,9,11,1,9,23,29,0,0.09302325581395349,0.0,0.4186046511627907,1.069767441860465,1.3488372093023255,0.4186046511627907,0.5116279069767442,False,1,-0.1999487890853091,-0.7621682875409468,-0.9773755731622236,-0.5215587639649164,-0.5647220847457043,0.40570095336450335,0.7824617951919408,-1.5416667133063415,-0.8720345357532617,-1.6943936610080836,-0.9996661444859096
Sebastian Walukiewicz,pl POL,DF,Sassuolo,it Serie A,25.0,2000.0,27,26,2246,25.0,0,1,1,0,0,0,6,0,0.04,2625,pl POL,DF,it Serie A,25-346,2000.0,25.0,0,6,0,0.0,0.24,0.0,0.0,,0,0,3301,pl POL,DF,it Serie A,25-346,2000.0,27,2246,83,86.1,25.0,26,86.0,21,1,22.0,0,1.3,28,34,-6,-0.24,-0.73,2625,pl POL,DF,it Serie A,25-346,2000.0,25.0,6,0,0,27,10,0,43,18,26,0,0.0,0.04,1.72,0.72,1.04,1.08,0.4,False,1,-0.7345208390382241,-0.3961346018660881,-1.0191972820074906,-0.9690071404065893,0.19408884058956605,-0.3054559924562119,0.14667186410452468,-0.34479942942454833,-1.0338079387449433,-1.565079415763593,-0.35120560296417574
Nelson Weiper,de GER,FW,Mainz 05,de Bundesliga,21.0,2005.0,17,3,489,5.4,0,0,0,0,0,0,1,0,0.0,2633,de GER,FW,de Bundesliga,21-000,2005.0,5.4,0,11,5,45.5,2.0370370370370368,0.9259259259259258,0.0,0.0,0,0,3310,de GER,FW,de Bundesliga,21-000,2005.0,17,489,29,20.9,5.4,3,83.0,2,14,17.0,3,0.88,2,9,-7,-1.29,-1.14,2633,de GER,FW,de Bundesliga,21-000,2005.0,5.4,1,0,0,5,2,5,5,3,2,0,0.0,0.0,0.9259259259259258,0.5555555555555555,0.37037037037037035,0.9259259259259258,0.37037037037037035,False,0,-0.7345208390382241,-0.7621682875409468,0.90441692580581,1.257877140495255,-0.26891579783278097,-0.6398090364280673,-1.2318659650582402,-0.6236133323010075,-1.0767477926254512,0.7884516874912276,-1.6821960070206476
Wesley,br BRA,MF,Roma,it Serie A,22.0,2003.0,26,24,2109,23.4,4,0,4,4,0,0,7,1,0.17,2636,br BRA,MF,it Serie A,22-192,2003.0,23.4,4,22,10,45.5,0.9401709401709403,0.4273504273504274,0.18,0.4,0,0,3315,br BRA,MF,it Serie A,22-192,2003.0,26,2109,81,80.8,23.4,24,85.0,14,2,37.0,0,1.85,36,15,21,0.9,1.79,2636,br BRA,MF,it Serie A,22-192,2003.0,23.4,7,1,1,31,50,1,84,18,39,0,0.17094017094017094,0.0,3.58974358974359,0.7692307692307693,1.6666666666666667,1.324786324786325,2.1367521367521367,False,4,0.2478124151487564,-0.7621682875409468,-0.2697086845818503,0.05878560462503131,1.2842893432582585,-0.20535861546671666,1.4367636821041916,0.09816822100343525,1.4831281117894508,-0.028877644518819252,1.6509528136881833
Silvan Widmer,ch SUI,MF,Mainz 05,de Bundesliga,33.0,1993.0,20,17,1409,15.7,2,0,2,2,0,0,5,0,0.13,2640,ch SUI,MF,de Bundesliga,33-012,1993.0,15.7,2,17,3,17.6,1.0828025477707006,0.1910828025477707,0.12,0.67,0,0,3320,ch SUI,MF,de Bundesliga,33-012,1993.0,20,1409,70,60.2,15.7,17,80.0,5,3,17.0,4,1.2,18,21,-3,-0.19,0.49,2640,ch SUI,MF,de Bundesliga,33-012,1993.0,15.7,5,0,0,13,10,2,25,14,24,0,0.12738853503184713,0.0,1.5923566878980893,0.89171974522293,1.5286624203821657,0.8280254777070064,0.6369426751592357,False,1,-0.0024635731791367186,-0.7621682875409468,-0.11703059214001052,-0.5094463079147437,0.11966323283289858,0.04368939654934406,1.1526602528794379,-0.8007749101025297,-0.6904258588278868,-1.0010671115932726,-0.1698900511412894
Nico Williams,es ESP,MF,Athletic Club,es La Liga,23.0,2002.0,19,15,1308,14.5,4,2,6,3,1,2,1,0,0.34,2644,es ESP,MF,es La Liga,23-248,2002.0,14.5,4,37,13,35.1,2.5517241379310347,0.896551724137931,0.08,0.23,1,2,3325,es ESP,MF,es La Liga,23-248,2002.0,19,1308,69,51.9,14.5,15,77.0,2,4,39.0,0,1.42,18,20,-2,-0.14,0.46,2644,es ESP,MF,es La Liga,23-248,2002.0,14.5,1,0,0,17,23,5,50,6,6,0,0.27586206896551724,0.13793103448275862,3.4482758620689653,0.41379310344827586,0.41379310344827586,1.1724137931034482,1.5862068965517242,False,0,0.8507617918566271,0.5000168354758073,1.4553568338058962,1.1872311564114726,1.2018030661728405,-0.9280444191624252,-1.142473444857725,-0.177566554655479,0.6852669010919475,2.6728264646957194,0.24532617738935905
Patrick Wimmer,at AUT,MF,Wolfsburg,de Bundesliga,24.0,2001.0,18,15,1168,13.0,3,3,6,3,0,0,4,0,0.46,2649,at AUT,MF,de Bundesliga,24-291,2001.0,13.0,3,15,6,40.0,1.1538461538461537,0.46153846153846156,0.2,0.5,0,0,3331,at AUT,MF,de Bundesliga,24-291,2001.0,18,1168,65,49.9,13.0,15,73.0,3,3,23.0,0,1.11,21,25,-4,-0.31,1.0,2649,at AUT,MF,de Bundesliga,24-291,2001.0,13.0,4,0,0,20,24,1,21,16,14,0,0.23076923076923078,0.23076923076923078,1.6153846153846154,1.2307692307692308,1.0769230769230769,1.5384615384615385,1.8461538461538463,False,3,0.5916290541141996,1.349564514429392,-0.04098291632451401,0.14100902422756093,0.13309023868489983,0.7330542938098004,0.2226838206478764,0.48483691027367193,1.0619872371921606,0.6041517836214946,1.2446720903669142
Axel Witsel,be BEL,MF,Girona,es La Liga,37.0,1989.0,22,20,1728,19.2,1,2,3,1,0,0,2,1,0.16,2654,be BEL,MF,es La Liga,37-064,1989.0,19.2,1,18,4,22.2,0.9375,0.20833333333333334,0.06,0.25,0,0,3336,be BEL,MF,es La Liga,37-064,1989.0,22,1728,79,68.6,19.2,20,84.0,14,2,28.0,1,1.18,24,29,-5,-0.26,0.54,2654,be BEL,MF,es La Liga,37-064,1989.0,19.2,2,1,1,29,25,0,1,20,18,0,0.052083333333333336,0.10416666666666667,0.052083333333333336,1.0416666666666667,0.9375,1.5104166666666667,1.3020833333333335,False,1,-0.43521617565312837,0.19104443557066444,-0.2725677566850671,-0.4679581772036743,-0.7784314549119437,0.34856567125900517,-0.06434049442467624,0.43408664480695336,0.2735093313514618,-0.5995109954188588,-0.011166026456321998
Terry Yegbe,gh GHA,DF,Metz,fr Ligue 1,25.0,2001.0,18,16,1440,16.0,0,1,1,0,0,0,2,0,0.06,2670,gh GHA,DF,fr Ligue 1,25-051,2001.0,16.0,0,4,1,25.0,0.25,0.0625,0.0,0.0,0,0,3355,gh GHA,DF,fr Ligue 1,25-051,2001.0,18,1440,80,61.5,16.0,16,86.0,13,2,30.0,6,0.61,18,39,-21,-1.31,0.09,2670,gh GHA,DF,fr Ligue 1,25-051,2001.0,16.0,2,0,0,15,7,0,5,14,6,0,0.0,0.0625,0.3125,0.875,0.375,0.9375,0.4375,False,1,-0.7345208390382241,-0.1902406536739801,-1.0084929160530474,-0.8186924514457148,-0.6265890405506037,0.009694342909151719,-1.2223351448898028,-0.6026687782988694,-0.9794621861774252,-1.2693739137142102,-1.4424121239144165
Ali Yousuf,ly LBY,DF,Nantes,fr Ligue 1,24.0,2001.0,6,6,527,5.9,0,0,0,0,0,0,3,0,0.0,2675,ly LBY,DF,fr Ligue 1,24-251,2001.0,5.9,0,2,0,0.0,0.3389830508474576,0.0,0.0,,0,0,3361,ly LBY,DF,fr Ligue 1,24-251,2001.0,6,527,88,23.4,5.9,6,88.0,5,0,,1,0.5,4,8,-4,-0.68,0.15,2675,ly LBY,DF,fr Ligue 1,24-251,2001.0,5.9,3,0,0,6,4,0,1,8,5,0,0.0,0.0,0.1694915254237288,1.3559322033898304,0.847457627118644,1.0169491525423728,0.6779661016949152,False,1,-0.7345208390382241,-0.7621682875409468,-0.9132422020516446,-0.9690071404065893,-0.7099736884371701,0.9875391505627538,-0.24970686973453649,-0.45889683980961826,-0.6309738858150924,-1.9608391468703503,-0.9689722651131139
Illia Zabarnyi,ua UKR,DF,Paris Saint-Germain,fr Ligue 1,23.0,2002.0,20,18,1667,18.5,1,0,1,1,0,0,3,0,0.05,2677,ua UKR,DF,fr Ligue 1,23-197,2002.0,18.5,1,2,1,50.0,0.10810810810810811,0.05405405405405406,0.5,1.0,0,0,3363,ua UKR,DF,fr Ligue 1,23-197,2002.0,20,1667,83,74.1,18.5,18,89.0,17,2,34.0,4,2.25,39,20,19,1.03,-0.98,2677,ua UKR,DF,fr Ligue 1,23-197,2002.0,18.5,3,0,0,14,3,0,0,13,14,0,0.05405405405405406,0.0,0.0,0.7027027027027027,0.7567567567567568,0.7567567567567568,0.16216216216216217,False,1,-0.42389113433585457,-0.7621682875409468,-1.1603791897309597,-0.8390052472512384,-0.8087999377842117,-0.3406253411281966,-0.43642886559515226,-0.9297434621484704,-1.3784873063803726,-1.554938593605924,-1.7278065174808053
Mattia Zaccagni,it ITA,FW,Lazio,it Serie A,30.0,1995.0,23,23,1940,21.6,3,0,3,3,0,0,6,1,0.14,2679,it ITA,FW,it Serie A,30-274,1995.0,21.6,3,30,11,36.7,1.3888888888888888,0.5092592592592592,0.1,0.27,0,0,3365,it ITA,FW,it Serie A,30-274,1995.0,23,1940,84,74.3,21.6,23,84.0,15,0,,1,1.35,17,19,-2,-0.09,-0.5,2679,it ITA,FW,it Serie A,30-274,1995.0,21.6,6,1,0,28,77,5,45,20,19,0,0.13888888888888887,0.0,2.083333333333333,0.9259259259259258,0.8796296296296295,1.2962962962962963,3.5648148148148144,False,0,0.06362492998869744,-0.7621682875409468,0.2106154287585562,0.255779214089425,0.4059393771065073,0.11323835990494002,-0.18347574653014212,0.04661239576740331,3.5527052038668208,0.9068610197522313,1.205840371665203
Stephan Zagadou,fr FRA,DF,Le Havre,fr Ligue 1,17.0,2008.0,7,6,491,5.5,1,0,1,1,0,0,0,1,0.18,2682,fr FRA,DF,fr Ligue 1,17-144,2008.0,5.5,1,1,1,100.0,0.18181818181818182,0.18181818181818182,1.0,1.0,0,0,3369,fr FRA,DF,fr Ligue 1,17-144,2008.0,7,491,70,21.0,5.5,6,77.0,1,1,28.0,5,1.43,4,5,-1,-0.18,0.35,2682,fr FRA,DF,fr Ligue 1,17-144,2008.0,5.5,0,1,0,7,1,0,0,1,5,0,0.18181818181818182,0.0,0.0,0.18181818181818182,0.9090909090909091,1.2727272727272727,0.18181818181818182,False,1,0.31032453132429155,-0.7621682875409468,-1.0814772293787973,-0.5317280452476816,-0.8087999377842117,-1.3997023181822839,-0.12282507273099581,0.003961667617595358,-1.3500014082286842,-0.6715768115750065,-1.4734070540187272
Nicola Zalewski,pl POL,MF,Atalanta,it Serie A,24.0,2002.0,25,18,1396,15.5,2,4,6,2,0,0,3,0,0.39,2686,pl POL,MF,it Serie A,24-053,2002.0,15.5,2,28,6,21.4,1.8064516129032258,0.3870967741935484,0.07,0.33,0,0,3373,pl POL,MF,it Serie A,24-053,2002.0,25,1396,56,53.5,15.5,18,68.0,3,7,25.0,2,1.72,23,10,13,0.84,0.84,2686,pl POL,MF,it Serie A,24-053,2002.0,15.5,3,0,0,16,39,1,99,9,16,0,0.12903225806451613,0.25806451612903225,6.387096774193548,0.5806451612903226,1.032258064516129,1.032258064516129,2.5161290322580645,False,3,0.006982327025496649,1.5993393619742706,0.6575898494369254,-0.03802584103601177,2.9153556908355927,-0.5887961482893794,0.13073387321640237,-0.4311936877910443,2.032928722269405,1.5532553221880088,2.921631732996523
Andre-Frank Zambo Anguissa,cm CMR,MF,Napoli,it Serie A,30.0,1995.0,13,11,1023,11.4,4,1,5,4,0,0,1,0,0.44,2687,cm CMR,MF,it Serie A,30-121,1995.0,11.4,4,19,8,42.1,1.6666666666666665,0.7017543859649122,0.21,0.5,0,0,3374,cm CMR,MF,it Serie A,30-121,1995.0,13,1023,79,39.2,11.4,11,86.0,10,2,39.0,0,2.15,17,12,5,0.44,-0.13,2687,cm CMR,MF,it Serie A,30-121,1995.0,11.4,1,0,0,13,13,0,15,12,13,0,0.3508771929824561,0.08771929824561403,1.3157894736842104,1.0526315789473684,1.1403508771929824,1.1403508771929824,1.1403508771929824,False,0,1.281847419556104,0.040537163500409944,0.5079589274930936,0.7187367356453348,-0.04159615995849437,0.37085983759781105,0.353259915587114,-0.2355879107877169,0.039123410190382575,0.9544524343725174,-0.11320045153366289
Nicolò Zaniolo,it ITA,FW,Udinese,it Serie A,26.0,1999.0,25,21,1666,18.5,5,4,9,5,0,0,6,0,0.49,2688,it ITA,FW,it Serie A,26-258,1999.0,18.5,5,53,15,28.3,2.864864864864865,0.8108108108108109,0.09,0.33,0,0,3375,it ITA,FW,it Serie A,26-258,1999.0,25,1666,67,63.8,18.5,21,75.0,6,4,23.0,0,1.16,20,23,-3,-0.16,0.41,2688,it ITA,FW,it Serie A,26-258,1999.0,18.5,6,0,0,50,45,4,87,4,16,0,0.2702702702702703,0.21621621621621623,4.702702702702703,0.21621621621621623,0.8648648648648649,2.7027027027027026,2.4324324324324325,False,0,0.8186276844736234,1.2163921755663976,1.7905541274399095,0.9810212569236746,1.933227834639379,-1.3297632725277686,-0.21387133517542822,2.591658741540692,1.911633930139635,3.3056079243458147,2.777053341827838
Alessandro Zanoli,it ITA,MF,Udinese,it Serie A,25.0,2000.0,19,16,1280,14.2,1,2,3,1,0,0,1,0,0.21,2689,it ITA,MF,it Serie A,25-165,2000.0,14.2,1,3,1,33.3,0.21126760563380284,0.07042253521126761,0.33,1.0,0,0,3376,it ITA,MF,it Serie A,25-165,2000.0,19,1280,67,49.0,14.2,16,75.0,1,3,26.0,1,1.16,16,18,-2,-0.14,0.33,2689,it ITA,MF,it Serie A,25-165,2000.0,14.2,1,0,0,16,5,1,40,7,18,0,0.07042253521126761,0.14084507042253522,2.8169014084507045,0.49295774647887325,1.267605633802817,1.1267605633802817,0.35211267605633806,False,1,-0.329827209672461,0.5266827183564431,-1.0499534884118067,-0.7996384767887025,0.8336644879835214,-0.7670846527097022,0.6152338309656564,-0.2601810713061648,-1.1032072096292855,-0.9979683489614253,0.4871139730545202
Duván Zapata,co COL,FW,Torino,it Serie A,34.0,1991.0,23,8,872,9.7,3,1,4,3,0,1,0,0,0.41,2690,co COL,FW,it Serie A,34-350,1991.0,9.7,3,27,14,51.9,2.7835051546391756,1.4432989690721651,0.11,0.21,0,1,3378,co COL,FW,it Serie A,34-350,1991.0,23,872,38,33.4,9.7,8,69.0,1,15,22.0,5,1.22,15,15,0,0.0,0.93,2690,co COL,FW,it Serie A,34-350,1991.0,9.7,0,0,0,11,21,7,7,0,2,0,0.30927835051546393,0.10309278350515465,0.7216494845360826,0.0,0.2061855670103093,1.1340206185567012,2.1649484536082477,False,2,1.042793450753684,0.18121750028085404,1.703463716219585,2.502177429411544,-0.3880242575746429,-1.7693801309275783,-1.5698661854646745,-0.24704320673679683,1.5239907800341854,3.910027729417927,-0.8504987954062958
Gabriele Zappa,it ITA,DF,Cagliari,it Serie A,26.0,1999.0,25,16,1370,15.2,0,3,3,0,0,0,2,0,0.2,2691,it ITA,DF,it Serie A,26-085,1999.0,15.2,0,9,0,0.0,0.5921052631578948,0.0,0.0,,0,0,3379,it ITA,DF,it Serie A,26-085,1999.0,25,1370,55,52.5,15.2,16,76.0,8,9,18.0,1,1.0,15,23,-8,-0.53,-0.38,2691,it ITA,DF,it Serie A,26-085,1999.0,15.2,2,0,0,12,5,0,30,16,16,0,0.0,0.19736842105263158,1.973684210526316,1.0526315789473684,1.0526315789473684,0.7894736842105263,0.32894736842105265,False,1,-0.7345208390382241,1.043918977302106,-0.6422909228747222,-0.9690071404065893,0.3420057289543645,0.37085983759781105,0.17267595450093434,-0.8705386005367374,-1.1367788383465562,-1.3187214653905037,0.16199324179866095
Davide Zappacosta,it ITA,MF,Atalanta,it Serie A,33.0,1992.0,26,22,1910,21.2,1,3,4,1,0,0,2,0,0.19,2692,it ITA,MF,it Serie A,33-279,1992.0,21.2,1,26,5,19.2,1.2264150943396226,0.2358490566037736,0.04,0.2,0,0,3380,it ITA,MF,it Serie A,33-279,1992.0,26,1910,73,73.2,21.2,22,80.0,13,4,35.0,3,1.62,31,18,13,0.61,0.61,2692,it ITA,MF,it Serie A,33-279,1992.0,21.2,2,0,0,10,7,5,87,17,11,0,0.04716981132075472,0.14150943396226415,4.10377358490566,0.8018867924528302,0.5188679245283019,0.4716981132075472,0.33018867924528306,False,3,-0.46345246465172235,0.5327622042333174,0.03669753327231732,-0.4017818990447987,1.5840073164533557,-0.1389614756594159,-0.9261604124857243,-1.4455882818188692,-1.134979905788876,-0.17493903853793402,-0.19379548022032997
Aaron Zehnter,de GER,DF,Wolfsburg,de Bundesliga,21.0,2004.0,17,14,1213,13.5,2,0,2,2,0,0,0,0,0.15,2697,de GER,DF,de Bundesliga,21-137,2004.0,13.5,2,8,3,37.5,0.5925925925925926,0.2222222222222222,0.25,0.67,0,0,3385,de GER,DF,de Bundesliga,21-137,2004.0,17,1213,71,51.8,13.5,14,86.0,10,3,3.0,4,1.06,21,26,-5,-0.37,0.91,2697,de GER,DF,de Bundesliga,21-137,2004.0,13.5,0,0,0,1,0,0,23,15,9,0,0.14814814814814814,0.0,1.7037037037037037,1.1111111111111112,0.6666666666666666,0.07407407407407407,0.0,False,1,0.11683464792382561,-0.7621682875409468,-0.6417692676137845,-0.43455491299014665,0.1845868797264209,0.489762058071444,-0.6218934742782558,-2.1651325068583516,-1.6134959661318016,-1.1539555027561017,-1.8108336496315125
Alessio Zerbin,it ITA,MF,Cremonese,it Serie A,27.0,1999.0,24,13,1291,14.3,0,2,2,0,0,0,1,0,0.14,2700,it ITA,MF,it Serie A,27-014,1999.0,14.3,0,18,7,38.9,1.2587412587412588,0.4895104895104895,0.0,0.0,0,0,3390,it ITA,MF,it Serie A,27-014,1999.0,24,1291,54,49.5,14.3,13,77.0,3,11,26.0,1,0.88,9,19,-10,-0.7,0.05,2700,it ITA,MF,it Serie A,27-014,1999.0,14.3,1,0,0,24,16,5,43,3,18,0,0.0,0.13986013986013984,3.0069930069930066,0.2097902097902098,1.2587412587412588,1.6783216783216783,1.1188811188811187,False,3,-0.7345208390382241,0.5176697742592583,0.07130064263817858,0.20828273117508503,0.9445021223098051,-1.3428288085291615,0.5969851218083214,0.7379291432505541,0.00800900557969037,0.390744803940028,1.2670111054603403
Cedric Zesiger,ch SUI,DF,Augsburg,de Bundesliga,27.0,1998.0,19,12,1096,12.2,0,0,0,0,0,0,5,0,0.0,2701,ch SUI,DF,de Bundesliga,27-266,1998.0,12.2,0,7,1,14.3,0.5737704918032788,0.0819672131147541,0.0,0.0,0,0,3391,ch SUI,DF,de Bundesliga,27-266,1998.0,19,1096,58,46.8,12.2,12,82.0,9,7,16.0,4,1.33,12,24,-12,-0.99,-0.84,2701,ch SUI,DF,de Bundesliga,27-266,1998.0,12.2,5,0,0,12,8,0,25,7,16,1,0.0,0.0,2.0491803278688527,0.5737704918032788,1.3114754098360657,0.9836065573770493,0.6557377049180328,False,1,-0.7345208390382241,-0.7621682875409468,-0.6619171331018077,-0.7718731220972456,0.38602561784600403,-0.602773918575624,0.7055466593453991,-0.5192339156346153,-0.6631877245140008,-1.3319302560044746,-0.06276817208379513
Piotr Zieliński,pl POL,MF,Inter,it Serie A,31.0,1994.0,26,16,1536,17.1,5,1,6,4,1,1,1,0,0.29,2704,pl POL,MF,it Serie A,31-301,1994.0,17.1,5,22,9,40.9,1.286549707602339,0.5263157894736842,0.18,0.44,1,1,3397,pl POL,MF,it Serie A,31-301,1994.0,26,1536,59,58.9,17.1,16,81.0,8,10,24.0,3,2.27,40,15,25,1.46,0.04,2704,pl POL,MF,it Serie A,31-301,1994.0,17.1,1,0,0,15,13,0,21,7,11,0,0.29239766081871343,0.05847953216374269,1.2280701754385963,0.4093567251461988,0.6432748538011696,0.8771929824561403,0.7602339181286549,False,0,0.9457860431237161,-0.2270313201800423,0.10106782396162134,0.2968007666323538,-0.0927430784802089,-0.9370645876121491,-0.6700491972345703,-0.7118009280994824,-0.5117497152503455,0.909860715911867,-1.147267553762179
Jan Ziółkowski,pl POL,DF,Roma,it Serie A,20.0,2005.0,13,5,464,5.2,0,0,0,0,0,0,2,0,0.0,2707,pl POL,DF,it Serie A,20-285,2005.0,5.2,0,0,0,,0.0,0.0,,,0,0,3401,pl POL,DF,it Serie A,20-285,2005.0,13,464,36,17.8,5.2,5,72.0,3,8,13.0,14,1.85,9,5,4,0.78,0.27,2707,pl POL,DF,it Serie A,20-285,2005.0,5.2,2,0,0,10,8,0,0,7,14,0,0.0,0.0,0.0,1.346153846153846,2.692307692307692,1.923076923076923,1.5384615384615383,False,4,-0.7345208390382241,-0.7621682875409468,-1.276102064914131,-0.9690071404065893,-0.8087999377842117,0.9676575211289291,3.5482069194195214,1.1808405509600979,0.6160733699715,-2.7392047179495713,1.8538561898763497
Budu Zivzivadze,ge GEO,FW,Heidenheim,de Bundesliga,32.0,1994.0,12,8,583,6.5,1,0,1,1,0,0,1,1,0.15,2709,ge GEO,FW,de Bundesliga,32-007,1994.0,6.5,1,13,5,38.5,2.0,0.7692307692307693,0.08,0.2,0,0,3403,ge GEO,FW,de Bundesliga,32-007,1994.0,12,583,49,24.9,6.5,8,60.0,1,4,25.0,0,0.17,5,19,-14,-2.16,-1.14,2709,ge GEO,FW,de Bundesliga,32-007,1994.0,6.5,1,1,0,6,5,3,2,1,4,0,0.15384615384615385,0.0,0.3076923076923077,0.15384615384615385,0.6153846153846154,0.9230769230769231,0.7692307692307693,False,0,0.1495790897300584,-0.7621682875409468,0.8647711259745386,0.8810198006503277,-0.6293922851234285,-1.456575827835406,-0.7274656361440222,-0.6287689148246103,-0.4987112980801507,1.2445502945820925,-1.5928862691915564
Nadir Zortea,it ITA,DF,Bologna,it Serie A,26.0,1999.0,24,14,1504,16.7,0,2,2,0,0,0,2,0,0.12,2711,it ITA,DF,it Serie A,26-271,1999.0,16.7,0,11,1,9.1,0.6586826347305389,0.059880239520958084,0.0,0.0,0,0,3406,it ITA,DF,it Serie A,26-271,1999.0,24,1504,63,57.6,16.7,14,87.0,10,10,29.0,5,1.29,18,21,-3,-0.18,-0.75,2711,it ITA,DF,it Serie A,26-271,1999.0,16.7,2,0,0,21,14,0,61,16,15,0,0.0,0.11976047904191617,3.6526946107784433,0.9580838323353293,0.8982035928143713,1.25748502994012,0.8383233532934132,False,3,-0.7345208390382241,0.33374095100653434,-0.5710240679148686,-0.8249930671506617,1.3209945017367617,0.17862271467636903,-0.14523832429748929,-0.023620839209825054,-0.39858093867431377,-0.9383185302033505,0.8077320037948159
Igor Zubeldia,es ESP,DF,Real Sociedad,es La Liga,28.0,1997.0,21,20,1845,20.5,0,1,1,0,0,0,8,0,0.05,2713,es ESP,DF,es La Liga,28-352,1997.0,20.5,0,6,1,16.7,0.2926829268292683,0.04878048780487805,0.0,0.0,0,0,3408,es ESP,DF,es La Liga,28-352,1997.0,21,1845,88,73.2,20.5,20,90.0,20,1,45.0,3,1.43,29,29,0,0.0,-0.13,2713,es ESP,DF,es La Liga,28-352,1997.0,20.5,8,0,0,34,5,0,0,22,18,0,0.0,0.04878048780487805,0.0,1.0731707317073171,0.8780487804878049,1.6585365853658536,0.24390243902439024,False,1,-0.7345208390382241,-0.3157857440350216,-0.9628035491743256,-0.8516883587785897,-0.8087999377842117,0.41262061747147744,-0.1867301729291205,0.7021258517562633,-1.260027656749571,-1.7055147584427273,-0.726771833775574
Zach Abbott,eng ENG,DF,Nottingham Forest,eng Premier League,19.0,2006.0,2,1,120,1.3,0,0,0,0,0,0,0,0,0.0,2,eng ENG,DF,eng Premier League,19-308,2006.0,1.3,0,0,0,,0.0,0.0,,,0,0,3,eng ENG,DF,eng Premier League,19-308,2006.0,2,120,60,4.4,1.3,1,75.0,0,1,45.0,11,0.0,0,4,-4,-3.0,-2.62,2,eng ENG,DF,eng Premier League,19-308,2006.0,1.3,0,0,0,2,1,0,3,2,2,0,0.0,0.0,2.3076923076923075,1.5384615384615383,1.5384615384615383,1.5384615384615383,0.7692307692307692,True,4,-0.7345208390382241,-0.7621682875409468,-1.276102064914131,-0.9690071404065893,0.5367574571716618,1.3586628999941446,1.172833277439775,0.48483691027367154,-0.49871129808015086,-2.4461063379837564,0.8033928743959103
Tammy Abraham,eng ENG,FW,Aston Villa,eng Premier League,28.0,1997.0,7,1,198,2.2,1,0,1,1,0,0,0,0,0.45,15,eng ENG,FW,eng Premier League,28-166,1997.0,2.2,1,6,2,33.3,2.727272727272727,0.9090909090909091,0.17,0.5,0,0,17,eng ENG,FW,eng Premier League,28-166,1997.0,7,198,28,7.3,2.2,1,90.0,1,6,18.0,0,0.71,3,4,-1,-0.45,-0.6,15,eng ENG,FW,eng Premier League,28-166,1997.0,2.2,0,0,0,1,0,0,0,0,1,0,0.45454545454545453,0.0,0.0,0.0,0.45454545454545453,0.45454545454545453,0.0,True,2,1.8775925868680645,-0.7621682875409468,1.643270468115873,1.2173883353879487,-0.8087999377842117,-1.7693801309275783,-1.0585783256321082,-1.476627895297166,-1.6134959661318016,2.450125364870853,-2.877091061009636
Joshua Acheampong,eng ENG,DF,Chelsea,eng Premier League,19.0,2006.0,12,7,573,6.4,1,0,1,1,0,0,1,0,0.16,21,eng ENG,DF,eng Premier League,19-316,2006.0,6.4,1,3,2,66.7,0.46875,0.3125,0.33,0.5,0,0,24,eng ENG,DF,eng Premier League,19-316,2006.0,12,573,48,21.2,6.4,7,71.0,1,5,15.0,15,1.42,8,12,-4,-0.63,-1.56,21,eng ENG,DF,eng Premier League,19-316,2006.0,6.4,1,0,0,2,5,1,1,11,6,0,0.15625,0.0,0.15625,1.71875,0.9375,0.3125,0.78125,True,1,0.16339315111706276,-0.7621682875409468,-0.774334910799599,-0.2174336956022168,-0.7176944891674077,1.7252304426802842,-0.06434049442467624,-1.7336746944143122,-0.4812927876418437,-1.477171696285514,-1.3827171528847741
Tyler Adams,us USA,MF,Bournemouth,eng Premier League,27.0,1999.0,18,18,1411,15.7,2,1,3,2,0,0,7,0,0.19,24,us USA,MF,eng Premier League,27-031,1999.0,15.7,2,8,6,75.0,0.5095541401273885,0.3821656050955414,0.25,0.33,0,0,28,us USA,MF,eng Premier League,27-031,1999.0,18,1411,78,52.3,15.7,18,78.0,8,0,,1,1.28,17,24,-7,-0.45,-0.8,24,us USA,MF,eng Premier League,27-031,1999.0,15.7,7,0,0,29,12,1,1,25,19,0,0.12738853503184713,0.06369426751592357,0.06369426751592357,1.5923566878980893,1.2101910828025477,1.8471337579617835,0.7643312101910829,True,4,-0.0024635731791367186,-0.17931210016059856,-0.7306566659616037,-0.049885475422898014,-0.7716614109595272,1.4682440252812117,0.49703695466846715,1.0434130805060904,-0.5058118373671039,-1.1993406248799459,0.0028856953796782057
Tosin Adarabioyo,eng ENG,DF,Chelsea,eng Premier League,28.0,1997.0,14,7,737,8.2,0,0,0,0,0,0,2,0,0.0,26,eng ENG,DF,eng Premier League,28-174,1997.0,8.2,0,2,0,0.0,0.24390243902439027,0.0,0.0,,0,0,30,eng ENG,DF,eng Premier League,28-174,1997.0,14,737,53,27.3,8.2,7,85.0,6,7,20.0,8,1.64,16,12,4,0.49,-0.15,26,eng ENG,DF,eng Premier League,28-174,1997.0,8.2,2,0,0,5,0,1,0,9,4,0,0.0,0.0,0.0,1.0975609756097562,0.48780487804878053,0.6097560975609757,0.0,True,1,-0.7345208390382241,-0.7621682875409468,-1.0150199684642933,-0.9690071404065893,-0.8087999377842117,0.46221154357145605,-0.9901085754198315,-1.1957572465057478,-1.6134959661318016,-1.9029542696225201,-2.053808156074947
Amine Adli,ma MAR,MF,Bournemouth,eng Premier League,25.0,2000.0,26,9,968,10.8,3,1,4,3,0,0,2,0,0.37,33,ma MAR,MF,eng Premier League,25-311,2000.0,10.8,3,19,9,47.4,1.759259259259259,0.8333333333333333,0.16,0.33,0,0,38,ma MAR,MF,eng Premier League,25-311,2000.0,26,968,37,35.9,10.8,9,73.0,2,17,18.0,3,1.42,16,14,2,0.19,0.39,33,ma MAR,MF,eng Premier League,25-311,2000.0,10.8,2,0,0,26,23,4,36,5,14,0,0.27777777777777773,0.09259259259259259,3.333333333333333,0.4629629629629629,1.2962962962962963,2.4074074074074074,2.1296296296296293,True,0,0.8617706990156189,0.08513191078048532,0.6070734270712727,1.0351887124050705,1.1347829660409388,-0.8280708855113191,0.674298068629211,2.057289579972635,1.472806031529713,1.8876953971419432,1.9808344533714832
Emmanuel Agbadou,ci CIV,DF,Wolves,eng Premier League,28.0,1997.0,14,12,1101,12.2,0,0,0,0,0,0,1,1,0.0,38,ci CIV,DF,eng Premier League,28-273,1997.0,12.2,0,10,3,30.0,0.819672131147541,0.24590163934426232,0.0,0.0,0,0,44,ci CIV,DF,eng Premier League,28-273,1997.0,14,1101,79,39.5,12.2,12,85.0,11,2,38.0,4,0.14,6,27,-21,-1.72,-1.24,38,ci CIV,DF,eng Premier League,28-273,1997.0,12.2,1,1,0,10,5,1,13,14,21,0,0.0,0.0,1.0655737704918034,1.1475409836065575,1.7213114754098362,0.819672131147541,0.4098360655737705,True,1,-0.7345208390382241,-0.7621682875409468,-0.39869501946795494,-0.3776050854785584,-0.18749064885649952,0.5638322937763303,1.5492586086824676,-0.8158912051075184,-1.0195533151206762,-1.7931280772519402,-0.1340752848178011
Nayef Aguerd,ma MAR,DF,West Ham United,eng Premier League,29.0,1996.0,2,2,180,2.0,0,0,0,0,0,0,0,0,0.0,46,ma MAR,DF,eng Premier League,29-352,1996.0,2.0,0,2,0,0.0,1.0,0.0,0.0,,0,0,53,ma MAR,DF,eng Premier League,29-352,1996.0,2,180,90,6.7,2.0,2,90.0,2,0,,0,0.0,1,8,-7,-3.5,-3.07,46,ma MAR,DF,eng Premier League,29-352,1996.0,2.0,0,0,0,0,1,0,2,1,0,0,0.0,0.0,1.0,0.5,0.0,0.0,0.5,True,1,-0.7345208390382241,-0.7621682875409468,-0.2056654694697962,-0.9690071404065893,-0.22572506663666644,-0.7527661458780183,-1.9943315785332205,-2.2991776524720335,-0.8888859318982286,-0.6664191449678813,-2.390624595451017
Ola Aina,ng NGA,DF,Nottingham Forest,eng Premier League,29.0,1996.0,14,14,1230,13.7,0,0,0,0,0,0,3,0,0.0,52,ng NGA,DF,eng Premier League,29-160,1996.0,13.7,0,11,1,9.1,0.8029197080291971,0.07299270072992702,0.0,0.0,0,0,64,ng NGA,DF,eng Premier League,29-160,1996.0,14,1230,88,45.6,13.7,14,88.0,12,0,,0,1.07,14,17,-3,-0.22,0.52,52,ng NGA,DF,eng Premier League,29-160,1996.0,13.7,3,0,0,11,10,0,33,22,15,0,0.0,0.0,2.408759124087591,1.6058394160583942,1.094890510948905,0.8029197080291971,0.7299270072992701,True,1,-0.7345208390382241,-0.7621682875409468,-0.4166274262361979,-0.7934571387004584,0.5956869781186344,1.4956574852899867,0.25967260728697716,-0.8462065485573042,-0.5556710986375344,-1.8421949850666837,-0.061368542462478075
Rayan Aït-Nouri,dz ALG,DF,Manchester City,eng Premier League,24.0,2001.0,13,10,779,8.7,0,2,2,0,0,0,2,0,0.23,54,dz ALG,DF,eng Premier League,24-284,2001.0,8.7,0,7,1,14.3,0.8045977011494253,0.1149425287356322,0.0,0.0,0,0,66,dz ALG,DF,eng Premier League,24-284,2001.0,13,779,60,28.9,8.7,10,77.0,6,3,4.0,6,1.85,18,9,9,1.04,-0.04,54,dz ALG,DF,eng Premier League,24-284,2001.0,8.7,2,0,0,11,8,0,12,13,19,0,0.0,0.2298850574712644,1.3793103448275863,1.4942528735632186,2.1839080459770117,1.264367816091954,0.9195402298850576,True,4,-0.7345208390382241,1.3414735841536436,-0.41483124099340185,-0.6925663331222223,-0.004558736201390645,1.2687766060021417,2.501586349198561,-0.011165684238494105,-0.2808798112194832,-1.7076599350760175,1.9006153714764744
Kristoffer Ajer,no NOR,DF,Brentford,eng Premier League,27.0,1998.0,24,18,1628,18.1,0,1,1,0,0,0,3,0,0.06,57,no NOR,DF,eng Premier League,27-334,1998.0,18.1,0,10,3,30.0,0.5524861878453038,0.16574585635359115,0.0,0.0,0,0,69,no NOR,DF,eng Premier League,27-334,1998.0,24,1628,68,60.3,18.1,18,83.0,12,6,22.0,5,1.38,27,27,0,0.0,-0.34,57,no NOR,DF,eng Premier League,27-334,1998.0,18.1,3,0,0,22,5,0,7,12,21,0,0.0,0.055248618784530384,0.38674033149171266,0.6629834254143646,1.160220994475138,1.2154696132596685,0.2762430939226519,True,1,-0.7345208390382241,-0.25659689848727457,-0.6847006309669849,-0.5703825508970879,-0.5833013688321224,-0.4213836866629684,0.3941656747281822,-0.09965233494365863,-1.2131589306436399,-1.2843912559871928,-0.6226859520819799
Nathan Aké,nl NED,DF,Manchester City,eng Premier League,31.0,1995.0,14,4,495,5.5,0,0,0,0,0,0,1,0,0.0,60,nl NED,DF,eng Premier League,31-027,1995.0,5.5,0,4,0,0.0,0.7272727272727273,0.0,0.0,,0,0,76,nl NED,DF,eng Premier League,31-027,1995.0,14,495,35,18.3,5.5,4,86.0,3,10,15.0,14,2.0,5,7,-2,-0.36,-1.75,60,nl NED,DF,eng Premier League,31-027,1995.0,5.5,1,0,0,2,6,1,4,4,6,0,0.0,0.0,0.7272727272727273,0.7272727272727273,1.0909090909090908,0.36363636363636365,1.0909090909090908,True,1,-0.7345208390382241,-0.7621682875409468,-0.4976027227727966,-0.9690071404065893,-0.38474548604054243,-0.29066887994640006,0.251476228429449,-1.6411378467321396,-0.032528618713096855,-1.3359331420505718,-0.7985673949031149
Carlos Alcaraz,ar ARG,MF,Everton,eng Premier League,23.0,2002.0,16,6,675,7.5,0,1,1,0,0,0,3,0,0.13,71,ar ARG,MF,eng Premier League,23-107,2002.0,7.5,0,18,5,27.8,2.4,0.6666666666666666,0.0,0.0,0,0,90,ar ARG,MF,eng Premier League,23-107,2002.0,16,675,42,25.0,7.5,6,75.0,0,10,23.0,6,1.31,7,8,-1,-0.13,-0.13,71,ar ARG,MF,eng Premier League,23-107,2002.0,7.5,3,0,0,8,11,1,5,2,8,0,0.0,0.13333333333333333,0.6666666666666666,0.26666666666666666,1.0666666666666667,1.0666666666666667,1.4666666666666666,True,0,-0.7345208390382241,0.4579439980419155,1.2929457641522726,0.6343495418427386,-0.42008335701918154,-1.2271860055678128,0.20156938827472318,-0.36892755563501123,0.512026800953346,1.172887982299311,0.12418195880758605
Omar Alderete,py PAR,DF,Sunderland,eng Premier League,29.0,1996.0,26,25,2264,25.2,1,1,2,1,0,0,5,0,0.08,72,py PAR,DF,eng Premier League,29-081,1996.0,25.2,1,19,8,42.1,0.753968253968254,0.31746031746031744,0.05,0.13,0,0,91,py PAR,DF,eng Premier League,29-081,1996.0,26,2264,87,83.9,25.2,25,89.0,22,1,38.0,1,1.35,25,30,-5,-0.2,-0.2,72,py PAR,DF,eng Premier League,29-081,1996.0,25.2,5,0,0,23,7,4,9,26,15,0,0.03968253968253968,0.03968253968253968,0.35714285714285715,1.0317460317460319,0.5952380952380952,0.9126984126984127,0.2777777777777778,True,1,-0.5064791907448178,-0.3990396311174759,-0.4690268540632437,-0.20550395838309982,-0.6005589123743741,0.3283947588572283,-0.768940414019859,-0.6475499654463076,-1.2109348360020389,-0.9371151659284155,-1.4379149154165045
Max Alleyne,eng ENG,DF,Manchester City,eng Premier League,20.0,2005.0,2,2,135,1.5,0,0,0,0,0,0,0,0,0.0,81,eng ENG,DF,eng Premier League,20-239,2005.0,1.5,0,2,1,50.0,1.3333333333333333,0.6666666666666666,0.0,0.0,0,0,106,eng ENG,DF,eng Premier League,20-239,2005.0,2,135,68,5.0,1.5,2,68.0,1,0,,4,0.5,1,1,0,0.0,-1.12,81,eng ENG,DF,eng Premier League,20-239,2005.0,1.5,0,0,0,0,0,0,0,3,3,0,0.0,0.0,0.0,2.0,2.0,0.0,0.0,True,1,-0.7345208390382241,-0.7621682875409468,0.1511467290116487,0.6343495418427386,-0.8087999377842117,2.2970758092706616,2.1229827342316736,-2.2991776524720335,-1.6134959661318016,-2.0740231354438077,-0.8428835350320911
Ethan Ampadu,wls WAL,MF,Leeds United,eng Premier League,25.0,2000.0,27,27,2399,26.7,1,1,2,1,0,0,7,0,0.08,104,wls WAL,MF,eng Premier League,25-184,2000.0,26.7,1,19,4,21.1,0.7116104868913858,0.149812734082397,0.05,0.25,0,0,134,wls WAL,MF,eng Premier League,25-184,2000.0,27,2399,89,88.9,26.7,27,89.0,23,0,,0,1.11,33,41,-8,-0.3,0.6,104,wls WAL,MF,eng Premier League,25-184,2000.0,26.7,7,0,0,34,27,0,23,38,37,0,0.03745318352059925,0.03745318352059925,0.8614232209737828,1.4232209737827717,1.3857677902621723,1.2734082397003745,1.0112359550561798,True,4,-0.5192905193006272,-0.4194401174334012,-0.5143681580436306,-0.60870226799101,-0.3065257042114199,1.1243525605992595,0.8584891999742907,0.005193951898007184,-0.1479925261088448,-1.5721464026434264,0.23223301878801925
Joachim Andersen,dk DEN,DF,Fulham,eng Premier League,29.0,1996.0,27,27,2381,26.5,0,1,1,0,0,0,7,0,0.04,106,dk DEN,DF,eng Premier League,29-290,1996.0,26.5,0,12,3,25.0,0.4528301886792453,0.11320754716981132,0.0,0.0,0,0,136,dk DEN,DF,eng Premier League,29-290,1996.0,27,2381,88,88.2,26.5,27,88.0,26,0,,1,1.41,37,38,-1,-0.04,0.53,106,dk DEN,DF,eng Premier League,29-290,1996.0,26.5,7,0,0,27,10,0,13,26,19,0,0.0,0.03773584905660377,0.49056603773584906,0.9811320754716981,0.7169811320754716,1.0188679245283019,0.37735849056603776,True,1,-0.7345208390382241,-0.41685348973447633,-0.791376059429904,-0.6967390245529297,-0.5227632085420196,0.22548504728287908,-0.5183132399948622,-0.45542461186119854,-1.0666204685970295,-1.4199708049357167,-1.1033017998998982
Elliot Anderson,eng ENG,MF,Nottingham Forest,eng Premier League,23.0,2002.0,30,30,2683,29.8,2,2,4,1,1,1,6,0,0.1,107,eng ENG,MF,eng Premier League,23-131,2002.0,29.8,2,36,8,22.2,1.2080536912751678,0.2684563758389262,0.03,0.13,1,1,137,eng ENG,MF,eng Premier League,23-131,2002.0,30,2683,89,99.4,29.8,30,89.0,28,0,,0,0.97,28,42,-14,-0.47,4.82,107,eng ENG,MF,eng Premier League,23-131,2002.0,29.8,6,0,0,44,66,2,155,35,51,0,0.06711409395973154,0.06711409395973154,5.201342281879194,1.174496644295302,1.7114093959731542,1.4765100671140938,2.214765100671141,True,3,-0.348839662058772,-0.1480178082207141,0.01704281548842117,-0.3233601542659203,2.223972043016778,0.6186392970411867,1.5288736219870749,0.3727289413040458,1.5961860647014754,-0.3930934185233077,2.786043629419014
André,br BRA,MF,Wolves,eng Premier League,24.0,2001.0,28,23,2132,23.7,1,0,1,1,0,0,9,0,0.04,110,br BRA,MF,eng Premier League,24-244,2001.0,23.7,1,11,1,9.1,0.4641350210970464,0.04219409282700422,0.09,1.0,0,0,140,br BRA,MF,eng Premier League,24-244,2001.0,28,2132,76,76.4,23.7,23,85.0,17,5,34.0,0,0.54,16,39,-23,-0.97,-0.01,110,br BRA,MF,eng Premier League,24-244,2001.0,23.7,9,0,0,33,37,0,38,21,30,0,0.04219409282700422,0.0,1.6033755274261603,0.8860759493670887,1.2658227848101267,1.3924050632911393,1.5611814345991561,True,4,-0.49204617503004533,-0.7621682875409468,-0.7792749531045242,-0.8675288693781509,0.12608804127092407,0.03221427295771804,0.6115635561281053,0.2205317302661683,0.6489994994076249,-1.216135579982218,0.5167997714770807
Nilson Angulo,ec ECU,MF,Sunderland,eng Premier League,22.0,2003.0,5,3,256,2.8,0,0,0,0,0,0,0,0,0.0,118,ec ECU,MF,eng Premier League,22-271,2003.0,2.8,0,3,2,66.7,1.0714285714285714,0.7142857142857143,0.0,0.0,0,0,151,ec ECU,MF,eng Premier League,22-271,2003.0,5,256,51,9.5,2.8,3,78.0,0,2,11.0,0,0.8,1,4,-3,-1.05,-0.98,118,ec ECU,MF,eng Premier League,22-271,2003.0,2.8,0,0,0,7,2,1,7,2,5,0,0.0,0.0,2.5,0.7142857142857143,1.7857142857142858,2.5,0.7142857142857143,True,4,-0.7345208390382241,-0.7621682875409468,-0.12920571265234373,0.7488750191462622,0.6488872400846513,-0.31707443799963536,1.681841915006864,2.2248460119897375,-0.5783387743695544,-0.47230281123443507,1.4318810670010125
Jaidon Anthony,eng ENG,MF,Burnley,eng Premier League,26.0,1999.0,29,24,2024,22.5,7,1,8,7,0,0,4,0,0.36,124,eng ENG,MF,eng Premier League,26-106,1999.0,22.5,7,43,17,39.5,1.9111111111111112,0.7555555555555555,0.16,0.41,0,0,158,eng ENG,MF,eng Premier League,26-106,1999.0,29,2024,70,75.0,22.5,24,81.0,9,5,17.0,1,0.69,24,43,-19,-0.84,0.09,124,eng ENG,MF,eng Premier League,26-106,1999.0,22.5,4,0,0,19,38,7,55,14,16,0,0.3111111111111111,0.044444444444444446,2.4444444444444446,0.6222222222222222,0.7111111111111111,0.8444444444444444,1.6888888888888889,True,0,1.0533256835820803,-0.3554641923466593,0.7696212063794868,0.8481304328093157,0.6164941916875656,-0.5042605050881258,-0.530397600661258,-0.7710629924760576,0.8340757050571563,1.6893713104282029,-0.2465939451527017
Harrison Armstrong,eng ENG,MF,Everton,eng Premier League,19.0,2007.0,11,6,499,5.5,0,0,0,0,0,0,0,0,0.0,144,eng ENG,MF,eng Premier League,19-057,2007.0,5.5,0,5,2,40.0,0.9090909090909091,0.36363636363636365,0.0,0.0,0,0,180,eng ENG,MF,eng Premier League,19-057,2007.0,11,499,45,18.5,5.5,6,73.0,1,5,12.0,3,1.36,4,10,-6,-1.08,-1.29,144,eng ENG,MF,eng Premier League,19-057,2007.0,5.5,0,0,0,6,15,2,2,4,10,0,0.0,0.0,0.36363636363636365,0.7272727272727273,1.8181818181818181,1.0909090909090908,2.727272727272727,True,4,-0.7345208390382241,-0.7621682875409468,-0.30297788723746305,-0.09444895008877399,-0.5967727119123771,-0.29066887994640006,1.7486814330712288,-0.3250582352523518,2.33892240241496,-0.6051552854897672,1.1148437708076926
Tolu Arokodare,ng NGA,FW,Wolves,eng Premier League,25.0,2000.0,27,12,1244,13.8,3,1,4,3,0,1,1,0,0.29,146,ng NGA,FW,eng Premier League,25-114,2000.0,13.8,3,38,13,34.2,2.753623188405797,0.9420289855072463,0.08,0.23,0,1,183,ng NGA,FW,eng Premier League,25-114,2000.0,27,1244,46,44.6,13.8,12,81.0,7,15,18.0,1,0.63,15,25,-10,-0.72,0.44,146,ng NGA,FW,eng Premier League,25-114,2000.0,13.8,1,0,0,17,13,6,0,5,3,0,0.21739130434782608,0.07246376811594203,0.0,0.36231884057971014,0.21739130434782608,1.2318840579710144,0.9420289855072463,True,0,0.5147507994386967,-0.09906378450678248,1.6714769660195445,1.296605562771809,-0.8087999377842117,-1.0327033301670276,-1.5467974141022538,-0.06994860041840734,-0.24828865525695387,2.3029437590850907,-1.5857303552512727
Taiwo Awoniyi,ng NGA,FW,Nottingham Forest,eng Premier League,28.0,1997.0,11,1,258,2.9,1,0,1,1,0,0,0,0,0.35,172,ng NGA,FW,eng Premier League,28-217,1997.0,2.9,1,9,4,44.4,3.103448275862069,1.3793103448275863,0.11,0.25,0,0,212,ng NGA,FW,eng Premier League,28-217,1997.0,11,258,23,9.6,2.9,1,45.0,0,10,21.0,7,0.82,3,2,1,0.35,0.94,172,ng NGA,FW,eng Premier League,28-217,1997.0,2.9,0,0,0,6,3,3,1,1,1,0,0.3448275862068966,0.0,0.3448275862068966,0.3448275862068966,0.3448275862068966,2.0689655172413794,1.0344827586206897,True,2,1.24708244958034,-0.7621682875409468,2.045942541637253,2.3482825470058137,-0.6077396373885063,-1.0682670377899506,-1.2844498004703075,1.4448419319101222,-0.11430279185544344,3.25211387581314,-1.2407430500988665
Yasin Ayari,se SWE,MF,Brighton,eng Premier League,22.0,2003.0,23,18,1718,19.1,3,2,5,3,0,0,1,0,0.26,173,se SWE,MF,eng Premier League,22-162,2003.0,19.1,3,39,10,25.6,2.0418848167539267,0.5235602094240838,0.08,0.3,0,0,213,se SWE,MF,eng Premier League,22-162,2003.0,23,1718,75,63.6,19.1,18,86.0,14,5,32.0,1,1.39,27,21,6,0.31,0.59,173,se SWE,MF,eng Premier League,22-162,2003.0,19.1,1,0,0,20,24,0,23,24,23,0,0.15706806282722513,0.10471204188481674,1.2041884816753925,1.256544502617801,1.2041884816753925,1.0471204188481675,1.256544502617801,True,4,0.16809427148436792,0.19603507810004442,0.9096061666214219,0.29017350010335413,-0.10666789399397408,0.7854612974692217,0.4846796569011397,-0.404298630707941,0.2075135439839841,0.31609498027880095,0.23303447987850262
Benoît Badiashile,fr FRA,DF,Chelsea,eng Premier League,24.0,2001.0,8,6,471,5.2,0,0,0,0,0,0,2,0,0.0,179,fr FRA,DF,eng Premier League,24-356,2001.0,5.2,0,0,0,,0.0,0.0,,,0,0,224,fr FRA,DF,eng Premier League,24-356,2001.0,8,471,59,17.4,5.2,6,69.0,3,2,29.0,11,1.63,7,10,-3,-0.57,-1.42,179,fr FRA,DF,eng Premier League,24-356,2001.0,5.2,2,0,0,6,2,0,0,9,5,0,0.0,0.0,0.0,1.7307692307692306,0.9615384615384615,1.1538461538461537,0.3846153846153846,True,1,-0.7345208390382241,-0.7621682875409468,-1.276102064914131,-0.9690071404065893,-0.8087999377842117,1.7496682788593598,-0.01485354355009835,-0.21116673041275477,-1.0561036321059762,-2.561668882685161,-0.9372486874851493
Leon Bailey,jm JAM,MF,Aston Villa,eng Premier League,28.0,1997.0,8,2,316,3.5,0,1,1,0,0,0,1,0,0.28,182,jm JAM,MF,eng Premier League,28-220,1997.0,3.5,0,6,1,16.7,1.7142857142857142,0.2857142857142857,0.0,0.0,0,0,229,jm JAM,MF,eng Premier League,28-220,1997.0,8,316,40,11.7,3.5,2,61.0,0,6,32.0,0,1.0,4,8,-4,-1.14,-1.4,182,jm JAM,MF,eng Premier League,28-220,1997.0,3.5,1,0,0,5,3,1,15,1,4,0,0.0,0.2857142857142857,4.285714285714286,0.2857142857142857,1.1428571428571428,1.4285714285714286,0.8571428571428571,True,3,-0.7345208390382241,1.8523580387080438,0.5589320987047286,-0.28185427658544876,1.690092367133839,-1.1884578537564012,0.35841945733243336,0.2859787272204072,-0.371307336017105,0.6737968313119329,1.8511699574467273
Dilane Bakwa,fr FRA,MF,Nottingham Forest,eng Premier League,23.0,2002.0,10,3,345,3.8,0,1,1,0,0,0,1,0,0.26,192,fr FRA,MF,eng Premier League,23-203,2002.0,3.8,0,8,3,37.5,2.1052631578947367,0.7894736842105263,0.0,0.0,0,0,242,fr FRA,MF,eng Premier League,23-203,2002.0,10,345,35,12.8,3.8,3,66.0,0,7,21.0,4,0.4,4,8,-4,-1.04,-0.62,192,fr FRA,MF,eng Premier League,23-203,2002.0,3.8,1,0,0,9,8,0,28,0,2,0,0.0,0.2631578947368421,7.36842105263158,0.0,0.5263157894736842,2.368421052631579,2.1052631578947367,True,3,-0.7345208390382241,1.6459480655831236,0.9774486623371001,0.9297047201518255,3.4875412180398055,-1.7693801309275783,-0.910827812016143,1.9867395033338555,1.437493651693769,2.617257429334727,3.284392477454631
Carlos Baleba,cm CMR,MF,Brighton,eng Premier League,22.0,2004.0,24,19,1264,14.0,0,0,0,0,0,0,5,0,0.0,197,cm CMR,MF,eng Premier League,22-073,2004.0,14.0,0,15,1,6.7,1.0714285714285714,0.07142857142857142,0.0,0.0,0,0,250,cm CMR,MF,eng Premier League,22-073,2004.0,24,1264,53,46.8,14.0,19,63.0,2,5,12.0,0,1.29,13,18,-5,-0.36,-0.86,197,cm CMR,MF,eng Premier League,22-073,2004.0,14.0,5,0,0,26,16,0,0,24,15,0,0.0,0.0,0.0,1.7142857142857142,1.0714285714285714,1.8571428571428572,1.1428571428571428,True,4,-0.7345208390382241,-0.7621682875409468,-0.12920571265234373,-0.797218924451304,-0.8087999377842117,1.7161535320994843,0.21137251759083003,1.0615256411281395,0.042755540687793886,-1.6410083036164327,0.026891789752565485
Daniel Ballard,nir NIR,DF,Sunderland,eng Premier League,26.0,1999.0,26,22,2008,22.3,2,0,2,2,0,0,3,0,0.09,199,nir NIR,DF,eng Premier League,26-176,1999.0,22.3,2,25,9,36.0,1.1210762331838564,0.40358744394618834,0.08,0.22,0,0,252,nir NIR,DF,eng Premier League,26-176,1999.0,26,2008,77,74.4,22.3,22,85.0,19,4,37.0,0,1.31,26,28,-2,-0.09,0.3,199,nir NIR,DF,eng Premier League,26-176,1999.0,22.3,3,0,0,25,27,3,0,19,16,0,0.08968609865470852,0.0,0.0,0.852017937219731,0.7174887892376681,1.1210762331838564,1.210762331838565,True,1,-0.2191262617293599,-0.7621682875409468,-0.07606103863124453,0.0016347972779814696,-0.8087999377842117,-0.03703342994626524,-0.5172681479449176,-0.27046748903626194,0.14116510331272503,-0.22939956678588105,-1.0080783901543977
Ross Barkley,eng ENG,MF,Aston Villa,eng Premier League,32.0,1993.0,13,1,336,3.7,2,0,2,2,0,0,0,0,0.54,217,eng ENG,MF,eng Premier League,32-102,1993.0,3.7,2,9,3,33.3,2.4324324324324325,0.8108108108108107,0.22,0.67,0,0,276,eng ENG,MF,eng Premier League,32-102,1993.0,13,336,26,12.4,3.7,1,81.0,0,12,21.0,1,1.77,6,6,0,0.0,-0.11,217,eng ENG,MF,eng Premier League,32-102,1993.0,3.7,0,0,0,2,3,0,0,2,9,0,0.5405405405405405,0.0,0.0,0.5405405405405405,2.4324324324324325,0.5405405405405405,0.8108108108108107,True,2,2.3717762079854707,-0.7621682875409468,1.327662626707224,0.9810212569236743,-0.8087999377842117,-0.6703379849280541,3.0132128559105698,-1.3210103736694887,-0.4384526673746562,1.2302522903705193,-0.36047509435709396
Thierno Barry,fr FRA,FW,Everton,eng Premier League,23.0,2002.0,30,19,1630,18.1,6,0,6,6,0,0,3,0,0.33,222,fr FRA,FW,eng Premier League,23-147,2002.0,18.1,6,32,10,31.3,1.7679558011049723,0.5524861878453038,0.19,0.6,0,0,282,fr FRA,FW,eng Premier League,23-147,2002.0,30,1630,54,60.4,18.1,19,75.0,2,11,19.0,0,1.43,19,24,-5,-0.28,-0.61,222,fr FRA,FW,eng Premier League,23-147,2002.0,18.1,3,0,0,36,7,12,3,5,2,0,0.3314917127071823,0.0,0.16574585635359115,0.2762430939226519,0.11049723756906077,1.9889502762430937,0.38674033149171266,True,0,1.1704458583077988,-0.7621682875409468,0.6163825237167372,0.35974149129174865,-0.712157693947602,-1.2077149458173242,-1.766855649651182,1.3000455943925797,-1.0530241164483751,1.4891475733885577,-1.8328010505187653
Calvin Bassey,ng NGA,DF,Fulham,eng Premier League,26.0,1999.0,22,20,1814,20.2,1,0,1,1,0,0,5,0,0.05,227,ng NGA,DF,eng Premier League,26-076,1999.0,20.2,1,9,1,11.1,0.44554455445544555,0.04950495049504951,0.11,1.0,0,0,288,ng NGA,DF,eng Premier League,26-076,1999.0,22,1814,82,67.2,20.2,20,90.0,20,2,7.0,2,1.23,29,32,-3,-0.15,-0.15,227,ng NGA,DF,eng Premier League,26-076,1999.0,20.2,5,0,0,22,29,1,9,15,20,0,0.04950495049504951,0.0,0.44554455445544555,0.7425742574257426,0.9900990099009901,1.0891089108910892,1.4356435643564356,True,1,-0.4500332381969451,-0.7621682875409468,-0.799174868924081,-0.8499460006355996,-0.5490141041046124,-0.25955738085397434,0.04394283372662821,-0.32831585805304403,0.4670674984992497,-1.0778786062947052,-0.41783330213935777
Rodrigo Bentancur,uy URU,MF,Tottenham Hotspur,eng Premier League,28.0,1997.0,20,17,1410,15.7,1,1,2,1,0,0,5,0,0.13,275,uy URU,MF,eng Premier League,28-265,1997.0,15.7,1,9,2,22.2,0.5732484076433121,0.12738853503184713,0.11,0.5,0,0,348,uy URU,MF,eng Premier League,28-265,1997.0,20,1410,71,52.2,15.7,17,79.0,9,3,21.0,1,1.2,21,21,0,0.0,0.49,275,uy URU,MF,eng Premier League,28-265,1997.0,15.7,5,0,0,15,3,1,7,24,21,0,0.06369426751592357,0.06369426751592357,0.445859872611465,1.5286624203821657,1.337579617834395,0.9554140127388535,0.1910828025477707,True,1,-0.3684922061086804,-0.17931210016059856,-0.6624759910925379,-0.6626332520786922,-0.5488302500114208,1.33873905903286,0.7592862739528558,-0.5702514112764522,-1.3365749339406272,-1.9164579845038356,-0.511673462001121
Sander Berge,no NOR,MF,Fulham,eng Premier League,28.0,1998.0,30,29,2500,27.8,0,1,1,0,0,0,5,0,0.04,280,no NOR,MF,eng Premier League,28-031,1998.0,27.8,0,9,3,33.3,0.3237410071942446,0.1079136690647482,0.0,0.0,0,0,356,no NOR,MF,eng Premier League,28-031,1998.0,30,2500,83,92.6,27.8,29,86.0,21,1,17.0,0,1.37,36,41,-5,-0.18,-1.08,280,no NOR,MF,eng Premier League,28-031,1998.0,27.8,5,0,0,30,10,0,12,20,36,1,0.0,0.03597122302158273,0.4316546762589928,0.7194244604316546,1.2949640287769784,1.079136690647482,0.3597122302158273,True,1,-0.7345208390382241,-0.43300130402039044,-0.929557843367404,-0.7094709868050794,-0.5571129430442641,-0.3066261956044704,0.6715553865663513,-0.3463616822007655,-1.0921937832299506,-1.614143507678721,-0.5636083598966517
Lucas Bergvall,se SWE,MF,Tottenham Hotspur,eng Premier League,20.0,2006.0,17,10,805,8.9,1,2,3,1,0,0,2,0,0.34,282,se SWE,MF,eng Premier League,20-043,2006.0,8.9,1,10,5,50.0,1.1235955056179774,0.5617977528089887,0.1,0.2,0,0,358,se SWE,MF,eng Premier League,20-043,2006.0,17,805,47,29.8,8.9,10,67.0,0,7,19.0,3,1.12,12,13,-1,-0.11,0.17,282,se SWE,MF,eng Premier League,20-043,2006.0,8.9,2,0,0,18,5,3,17,2,12,0,0.11235955056179775,0.2247191011235955,1.9101123595505618,0.2247191011235955,1.348314606741573,2.0224719101123596,0.5617977528089887,True,3,-0.08882987982543356,1.2942007331043268,-0.07336431722386731,0.382136131151833,0.3049385801380657,-1.3124749691075512,0.7813859356903038,1.3607066603509725,-0.7993273883412703,0.6318493041150866,1.0924826938253775
Beto,gw GNB,FW,Everton,eng Premier League,28.0,1998.0,30,11,1132,12.6,4,0,4,4,0,0,2,0,0.32,294,gw GNB,FW,eng Premier League,28-045,1998.0,12.6,4,29,10,34.5,2.301587301587302,0.7936507936507937,0.14,0.4,0,0,370,gw GNB,FW,eng Premier League,28-045,1998.0,30,1132,38,41.9,12.6,11,71.0,1,19,18.0,0,1.43,17,14,3,0.24,0.47,294,gw GNB,FW,eng Premier League,28-045,1998.0,12.6,2,0,0,26,11,7,2,1,4,0,0.31746031746031744,0.0,0.15873015873015872,0.07936507936507936,0.31746031746031744,2.0634920634920637,0.873015873015873,True,0,1.0898123473090253,-0.7621682875409468,1.1876012103148939,0.9397508146521346,-0.7162483709353948,-1.6080128317133622,-1.3407896241260944,1.4349371181948256,-0.34830384286683275,2.2168419124701275,-1.3576287777926197
Jaka Bijol,si SVN,DF,Leeds United,eng Premier League,27.0,1999.0,17,13,1218,13.5,1,1,2,1,0,0,3,0,0.15,300,si SVN,DF,eng Premier League,27-040,1999.0,13.5,1,12,6,50.0,0.8888888888888888,0.4444444444444444,0.08,0.17,0,0,379,si SVN,DF,eng Premier League,27-040,1999.0,17,1218,72,45.1,13.5,13,86.0,10,4,25.0,9,1.0,19,21,-2,-0.15,0.4,300,si SVN,DF,eng Premier League,27-040,1999.0,13.5,3,0,0,15,7,0,1,16,11,0,0.07407407407407407,0.07407407407407407,0.07407407407407407,1.1851851851851851,0.8148148148148148,1.1111111111111112,0.5185185185185185,True,1,-0.30884309555719924,-0.0843281288838011,-0.32460286896361124,0.09989731442629599,-0.7656092065880972,0.6403715373380453,-0.3169072288882636,-0.28850046826680187,-0.8620485232229111,-0.6931904810327472,-0.9538435323459566
Yves Bissouma,ml MLI,MF,Tottenham Hotspur,eng Premier League,29.0,1996.0,8,5,462,5.1,0,0,0,0,0,0,3,0,0.0,304,ml MLI,MF,eng Premier League,29-199,1996.0,5.1,0,5,2,40.0,0.9803921568627452,0.3921568627450981,0.0,0.0,0,0,384,ml MLI,MF,eng Premier League,29-199,1996.0,8,462,58,17.1,5.1,5,72.0,1,3,35.0,0,0.25,5,15,-10,-1.95,-2.07,304,ml MLI,MF,eng Premier League,29-199,1996.0,5.1,3,0,0,4,5,0,1,8,11,0,0.0,0.0,0.19607843137254904,1.5686274509803924,2.1568627450980395,0.7843137254901962,0.9803921568627452,True,4,-0.7345208390382241,-0.7621682875409468,-0.22665442232164582,-0.025856150848160935,-0.6944715316768498,1.4199970770710417,2.4459093469975484,-0.8798761106801052,-0.19269197743852098,-1.9374660591442765,0.36929020588419814
Oscar Bobb,no NOR,MF,Fulham,eng Premier League,22.0,2003.0,6,2,236,2.6,0,0,0,0,0,0,0,0,0.0,314,no NOR,MF,eng Premier League,22-248,2003.0,2.6,0,2,0,0.0,0.7692307692307692,0.0,0.0,,0,0,398,no NOR,MF,eng Premier League,22-248,2003.0,6,236,39,8.7,2.6,2,66.0,0,4,26.0,0,1.17,5,3,2,0.76,0.95,314,no NOR,MF,eng Premier League,22-248,2003.0,2.6,0,0,0,3,1,0,3,4,2,0,0.0,0.0,1.1538461538461537,1.5384615384615383,0.7692307692307692,1.1538461538461537,0.3846153846153846,True,1,-0.7345208390382241,-0.7621682875409468,-0.4526892991877197,-0.9690071404065893,-0.13602124030627494,1.3586628999941446,-0.4107491505467228,-0.21116673041275477,-1.0561036321059762,-1.8597319027438084,-0.7756381871396267
Sebastiaan Bornauw,be BEL,DF,Leeds United,eng Premier League,26.0,1999.0,9,4,304,3.4,0,0,0,0,0,0,1,0,0.0,335,be BEL,DF,eng Premier League,26-360,1999.0,3.4,0,0,0,,0.0,0.0,,,0,0,425,be BEL,DF,eng Premier League,26-360,1999.0,9,304,34,11.3,3.4,4,75.0,0,5,1.0,13,1.56,3,4,-1,-0.3,0.08,335,be BEL,DF,eng Premier League,26-360,1999.0,3.4,1,0,0,5,0,0,1,5,2,0,0.0,0.0,0.29411764705882354,1.4705882352941178,0.5882352941176471,1.4705882352941178,0.0,True,1,-0.7345208390382241,-0.7621682875409468,-1.276102064914131,-0.9690071404065893,-0.6373073286231689,1.220661001571128,-0.7833567806611926,0.36201273838783204,-1.6134959661318016,-2.248849846645551,-1.2853007776074608
Olivier Boscagli,fr FRA,DF,Brighton,eng Premier League,28.0,1997.0,8,5,442,4.9,0,1,1,0,0,0,2,0,0.2,337,fr FRA,DF,eng Premier League,28-119,1997.0,4.9,0,1,0,0.0,0.2040816326530612,0.0,0.0,,0,0,427,fr FRA,DF,eng Premier League,28-119,1997.0,8,442,55,16.4,4.9,5,80.0,3,3,13.0,22,0.75,3,5,-2,-0.41,-0.61,337,fr FRA,DF,eng Premier League,28-119,1997.0,4.9,2,0,0,7,5,0,11,7,5,0,0.0,0.2040816326530612,2.2448979591836733,1.4285714285714284,1.0204081632653061,1.4285714285714284,1.0204081632653061,True,4,-0.7345208390382241,1.1053505169226179,-1.0576456168642667,-0.9690071404065893,0.5001436505061958,1.135231254928307,0.10633898920397059,0.2859787272204068,-0.1346999779000198,-1.458046665144873,1.0661654402516831
Sven Botman,nl NED,DF,Newcastle United,eng Premier League,26.0,2000.0,17,13,1152,12.8,1,1,2,1,0,0,1,0,0.16,339,nl NED,DF,eng Premier League,26-064,2000.0,12.8,1,8,4,50.0,0.625,0.3125,0.13,0.25,0,0,430,nl NED,DF,eng Premier League,26-064,2000.0,17,1152,68,42.7,12.8,13,84.0,10,4,15.0,5,1.59,15,17,-2,-0.16,-0.27,339,nl NED,DF,eng Premier League,26-064,2000.0,12.8,1,0,0,8,8,0,2,8,9,1,0.078125,0.078125,0.15625,0.625,0.703125,0.625,0.625,True,1,-0.28556384396058065,-0.04725874520723841,-0.6070791927614217,-0.2174336956022168,-0.7176944891674077,-0.4986126496156283,-0.5468382654518124,-1.1681717363565909,-0.7077334233398354,-0.512225204789593,-1.3340222003334792
Conor Bradley,nir NIR,DF,Liverpool,eng Premier League,22.0,2003.0,15,12,929,10.3,0,1,1,0,0,0,5,0,0.1,353,nir NIR,DF,eng Premier League,22-251,2003.0,10.3,0,6,0,0.0,0.5825242718446602,0.0,0.0,,0,0,448,nir NIR,DF,eng Premier League,22-251,2003.0,15,929,62,34.4,10.3,12,70.0,3,3,29.0,1,1.47,11,13,-2,-0.19,-0.75,353,nir NIR,DF,eng Premier League,22-251,2003.0,10.3,5,0,0,18,20,1,23,12,15,0,0.0,0.0970873786407767,2.233009708737864,1.1650485436893203,1.4563106796116503,1.7475728155339805,1.9417475728155338,True,4,-0.7345208390382241,0.1262629883689044,-0.6525467665970428,-0.9690071404065893,0.4932119104093358,0.5994291546247944,1.0037128239654887,0.8632466566662917,1.2005235842898412,-1.2066560594357905,1.7847161460711718
Jarrad Branthwaite,eng ENG,DF,Everton,eng Premier League,23.0,2002.0,7,5,491,5.5,1,0,1,1,0,0,1,0,0.18,356,eng ENG,DF,eng Premier League,23-263,2002.0,5.5,1,5,2,40.0,0.9090909090909091,0.36363636363636365,0.2,0.5,0,0,451,eng ENG,DF,eng Premier League,23-263,2002.0,7,491,70,18.2,5.5,5,88.0,3,2,26.0,0,1.57,7,6,1,0.18,0.26,356,eng ENG,DF,eng Premier League,23-263,2002.0,5.5,1,0,0,3,1,0,3,8,5,0,0.18181818181818182,0.0,0.5454545454545454,1.4545454545454546,0.9090909090909091,0.5454545454545454,0.18181818181818182,True,1,0.31032453132429155,-0.7621682875409468,-0.30297788723746305,-0.09444895008877399,-0.49075909897645975,1.188042371034778,-0.12282507273099581,-1.3121179438621928,-1.3500014082286842,-1.0612966030145188,-1.5479433849691833
Brian Brobbey,nl NED,FW,Sunderland,eng Premier League,24.0,2002.0,23,14,1279,14.2,5,1,6,5,0,0,3,0,0.42,365,nl NED,FW,eng Premier League,24-044,2002.0,14.2,5,21,10,47.6,1.4788732394366197,0.7042253521126761,0.24,0.5,0,0,464,nl NED,FW,eng Premier League,24-044,2002.0,23,1279,56,47.4,14.2,14,77.0,4,9,22.0,2,1.13,12,18,-6,-0.42,-0.49,365,nl NED,FW,eng Premier League,24-044,2002.0,14.2,3,0,0,16,25,8,1,0,1,0,0.35211267605633806,0.07042253521126761,0.07042253521126761,0.0,0.07042253521126761,1.1267605633802817,1.7605633802816902,True,0,1.2889473077905915,-0.11774278459225189,0.30693797060213884,0.7246794957722784,-0.7677383271400183,-1.7693801309275783,-1.8493557224499495,-0.2601810713061648,0.9379478163807798,2.2994301851921004,-1.4887646492375564
Armando Broja,al ALB,FW,Burnley,eng Premier League,24.0,2001.0,20,8,819,9.1,1,1,2,1,0,0,0,0,0.22,367,al ALB,FW,eng Premier League,24-188,2001.0,9.1,1,16,6,37.5,1.7582417582417582,0.6593406593406593,0.06,0.17,0,0,467,al ALB,FW,eng Premier League,24-188,2001.0,20,819,41,30.3,9.1,8,79.0,2,12,16.0,3,0.3,11,25,-14,-1.54,-0.96,367,al ALB,FW,eng Premier League,24-188,2001.0,9.1,0,0,0,12,14,5,2,3,3,0,0.10989010989010989,0.10989010989010989,0.21978021978021978,0.32967032967032966,0.32967032967032966,1.3186813186813187,1.5384615384615385,True,0,-0.10302088991802234,0.2434187610163573,0.6059842567462379,0.6167302376421966,-0.6806516144550809,-1.099085195730066,-1.3156533951104357,0.0871205441671424,0.6160733699715003,1.4327139836958476,-0.7572556199500793
David Brooks,wls WAL,MF,Bournemouth,eng Premier League,28.0,1997.0,24,12,1033,11.5,1,2,3,1,0,0,7,0,0.26,368,wls WAL,MF,eng Premier League,28-252,1997.0,11.5,1,42,12,28.6,3.652173913043478,1.0434782608695652,0.02,0.08,0,0,468,wls WAL,MF,eng Premier League,28-252,1997.0,24,1033,43,38.3,11.5,12,67.0,0,12,19.0,1,1.33,16,18,-2,-0.17,-0.17,368,wls WAL,MF,eng Premier League,28-252,1997.0,11.5,7,0,0,11,12,2,52,3,9,0,0.08695652173913043,0.17391304347826086,4.521739130434782,0.2608695652173913,0.782608695652174,0.9565217391304348,1.0434782608695652,True,3,-0.23481218364745576,0.8292825197410475,2.633318544534744,1.5405946231140981,1.8277125230568618,-1.238972834379982,-0.38320858658174,-0.5682468591127472,-0.10126632947043178,2.785098191330032,0.8047892862020994
Emi Buendía,ar ARG,MF,Aston Villa,eng Premier League,29.0,1996.0,28,18,1437,16.0,5,2,7,5,0,0,6,0,0.44,375,ar ARG,MF,eng Premier League,29-082,1996.0,16.0,5,40,9,22.5,2.5,0.5625,0.13,0.56,0,0,475,ar ARG,MF,eng Premier League,29-082,1996.0,28,1437,51,53.2,16.0,18,65.0,2,10,26.0,1,1.79,14,19,-5,-0.31,-0.88,375,ar ARG,MF,eng Premier League,29-082,1996.0,16.0,6,0,0,34,32,1,7,8,19,0,0.3125,0.125,0.4375,0.5,1.1875,2.125,2.0,True,0,1.0613071412723496,0.38168698019298664,1.399989423696706,0.3838250602412812,-0.5537046816571606,-0.7527661458780183,0.4503237946709356,1.546242462320472,1.2849441708024907,1.9327211674514566,0.8465399992528576
Santiago Bueno,uy URU,DF,Wolves,eng Premier League,27.0,1998.0,22,21,1923,21.4,2,1,3,2,0,0,4,0,0.14,378,uy URU,DF,eng Premier League,27-128,1998.0,21.4,2,6,5,83.3,0.28037383177570097,0.23364485981308414,0.33,0.4,0,0,478,uy URU,DF,eng Premier League,27-128,1998.0,22,1923,87,68.9,21.4,21,90.0,20,1,35.0,8,0.73,20,33,-13,-0.61,1.16,378,uy URU,DF,eng Premier League,27-128,1998.0,21.4,4,0,0,21,9,1,5,20,22,0,0.09345794392523366,0.04672897196261683,0.23364485981308414,0.9345794392523366,1.0280373831775702,0.9813084112149534,0.42056074766355145,True,1,-0.19745078885188422,-0.3345588416591025,-0.975979654976467,-0.4070830695248154,-0.6725674912544114,0.1308329252398238,0.12204493737396846,-0.5233926626833008,-1.0040108906082355,-1.2393567076971117,-0.9546702063919705
Facundo Buonanotte,ar ARG,MF,Leeds United,eng Premier League,21.0,2004.0,2,0,26,0.3,0,0,0,0,0,0,1,0,0.0,383,ar ARG,MF,eng Premier League,21-084,2004.0,0.3,0,1,0,0.0,3.3333333333333335,0.0,0.0,,0,0,484,ar ARG,MF,eng Premier League,21-084,2004.0,2,26,13,1.0,0.3,0,,0,2,13.0,2,0.5,0,1,-1,-3.46,-3.12,383,ar ARG,MF,eng Premier League,21-084,2004.0,0.3,1,0,0,1,0,0,0,1,0,0,0.0,0.0,0.0,3.3333333333333335,0.0,3.3333333333333335,0.0,True,4,-0.7345208390382241,-0.7621682875409468,2.292019919900319,-0.9690071404065893,-0.8087999377842117,5.008046436069488,-1.9943315785332205,3.732853900143662,-1.6134959661318016,-1.3710028211389667,-0.4928722531207869
Facundo Buonanotte,ar ARG,MF,Chelsea,eng Premier League,21.0,2004.0,1,1,45,0.5,0,0,0,0,0,0,0,0,0.0,384,ar ARG,MF,eng Premier League,21-084,2004.0,0.5,0,0,0,,0.0,0.0,,,0,0,485,ar ARG,MF,eng Premier League,21-084,2004.0,1,45,45,1.7,0.5,1,45.0,0,0,,4,1.0,0,1,-1,-2.0,-2.64,384,ar ARG,MF,eng Premier League,21-084,2004.0,0.5,0,0,0,0,0,0,0,0,0,0,0.0,0.0,0.0,0.0,0.0,0.0,0.0,True,1,-0.7345208390382241,-0.7621682875409468,-1.276102064914131,-0.9690071404065893,-0.8087999377842117,-1.7693801309275783,-1.9943315785332205,-2.2991776524720335,-1.6134959661318016,-1.0341779815851024,-3.091668447085808
Dan Burn,eng ENG,DF,Newcastle United,eng Premier League,33.0,1992.0,22,20,1723,19.1,0,2,2,0,0,0,9,1,0.1,392,eng ENG,DF,eng Premier League,33-312,1992.0,19.1,0,4,0,0.0,0.20942408376963348,0.0,0.0,,0,0,493,eng ENG,DF,eng Premier League,33-312,1992.0,22,1723,78,63.8,19.1,20,85.0,17,2,9.0,1,1.27,27,26,1,0.05,0.14,392,eng ENG,DF,eng Premier League,33-312,1992.0,19.1,9,1,1,33,9,1,11,16,21,0,0.0,0.10471204188481674,0.5759162303664921,0.8376963350785339,1.0994764397905759,1.7277486910994764,0.47120418848167533,True,1,-0.7345208390382241,0.19603507810004442,-1.0519268616797153,-0.9690071404065893,-0.4729976559714893,-0.06615251199637852,0.26911346251554336,0.8273727334387192,-0.9306173998383821,-1.5157875457721441,0.02354174409052874
Bradley Burrowes,eng ENG,MF,Aston Villa,eng Premier League,18.0,2008.0,1,0,17,0.2,0,0,0,0,0,0,0,0,0.0,393,eng ENG,MF,eng Premier League,18-013,2008.0,0.2,0,0,0,,0.0,0.0,,,0,0,494,eng ENG,MF,eng Premier League,18-013,2008.0,1,17,17,0.6,0.2,0,,0,1,17.0,2,0.0,0,1,-1,-5.29,-5.43,393,eng ENG,MF,eng Premier League,18-013,2008.0,0.2,0,0,0,0,1,0,3,0,0,0,0.0,0.0,15.0,0.0,0.0,0.0,5.0,True,3,-0.7345208390382241,-0.7621682875409468,-1.276102064914131,-0.9690071404065893,7.937323129428966,-1.7693801309275783,-1.9943315785332205,-2.2991776524720335,5.632604376203929,1.324855794045069,4.544222521953083
Jun'ai Byfield,eng ENG,DF,Tottenham Hotspur,eng Premier League,17.0,2008.0,1,0,1,0.0,0,0,0,0,0,0,0,0,0.0,397,eng ENG,DF,eng Premier League,17-101,2008.0,0.0,0,0,0,,0.0,0.0,,,0,0,498,eng ENG,DF,eng Premier League,17-101,2008.0,1,1,1,0.0,0.0,0,,0,1,1.0,5,1.0,0,0,0,0.0,0.23,397,eng ENG,DF,eng Premier League,17-101,2008.0,0.0,0,0,0,0,0,0,0,0,0,0,0.0,0.0,0.0,0.0,0.0,0.0,0.0,True,1,-0.7345208390382241,-0.7621682875409468,-1.276102064914131,-0.9690071404065893,-0.8087999377842117,-1.7693801309275783,-1.9943315785332205,-2.2991776524720335,-1.6134959661318016,-1.0341779815851024,-3.091668447085808
Moisés Caicedo,ec ECU,MF,Chelsea,eng Premier League,24.0,2001.0,25,24,2104,23.4,3,1,4,3,0,0,9,1,0.17,407,ec ECU,MF,eng Premier League,24-135,2001.0,23.4,3,20,7,35.0,0.8547008547008548,0.29914529914529914,0.15,0.43,0,0,509,ec ECU,MF,eng Premier League,24-135,2001.0,25,2104,84,77.9,23.4,24,86.0,21,1,45.0,1,1.6,46,29,17,0.73,0.58,407,ec ECU,MF,eng Premier League,24-135,2001.0,23.4,9,1,0,40,38,0,8,51,43,0,0.12820512820512822,0.042735042735042736,0.3418803418803419,2.1794871794871797,1.8376068376068377,1.7094017094017095,1.623931623931624,True,4,0.002229101602011374,-0.3711066575464396,-0.36119899188478494,-0.24955221888445495,-0.6094581014944527,2.6620141628781964,1.7886708883234135,0.7941718616898615,0.7399383330883503,-1.6475994102635447,1.1604452197545796
Tom Cairney,sct SCO,MF,Fulham,eng Premier League,35.0,1991.0,20,4,562,6.2,1,0,1,1,0,0,3,0,0.16,408,sct SCO,MF,eng Premier League,35-056,1991.0,6.2,1,12,1,8.3,1.9354838709677418,0.16129032258064516,0.08,1.0,0,0,510,sct SCO,MF,eng Premier League,35-056,1991.0,20,562,28,20.8,6.2,4,67.0,0,16,18.0,8,1.55,12,9,3,0.48,0.73,408,sct SCO,MF,eng Premier League,35-056,1991.0,6.2,3,0,0,8,9,0,6,2,3,0,0.16129032258064516,0.0,0.9677419354838709,0.3225806451612903,0.48387096774193544,1.2903225806451613,1.4516129032258065,True,0,0.19235811854142681,-0.7621682875409468,0.7957107004620008,-0.5810982656688486,-0.24453393344787763,-1.1135001405730234,-0.9982071480255849,0.03580230337920311,0.49021058486889446,0.7510665757759301,-0.789995128701914
Riccardo Calafiori,it ITA,DF,Arsenal,eng Premier League,23.0,2002.0,22,18,1448,16.1,1,2,3,1,0,0,5,0,0.19,410,it ITA,DF,eng Premier League,23-302,2002.0,16.1,1,28,6,21.4,1.7391304347826086,0.37267080745341613,0.04,0.17,0,0,512,it ITA,DF,eng Premier League,23-302,2002.0,22,1448,66,51.9,16.1,18,77.0,6,4,14.0,2,2.27,27,8,19,1.18,-0.16,410,it ITA,DF,eng Premier League,23-302,2002.0,16.1,5,0,0,25,9,2,21,13,18,0,0.06211180124223602,0.12422360248447203,1.3043478260869563,0.8074534161490683,1.1180124223602483,1.5527950310559004,0.5590062111801242,True,4,-0.3775860851876753,0.374582289089049,0.5855267967281904,-0.07272079629205816,-0.04826749715697891,-0.12764326066120815,0.3072726956831799,0.5107749341501843,-0.8033729464917821,-0.013210419173876352,0.19714374626548048
Dominic Calvert-Lewin,eng ENG,FW,Leeds United,eng Premier League,29.0,1997.0,27,22,2025,22.5,10,1,11,8,2,3,1,0,0.4,415,eng ENG,FW,eng Premier League,29-001,1997.0,22.5,10,56,25,44.6,2.488888888888889,1.1111111111111112,0.14,0.32,2,3,518,eng ENG,FW,eng Premier League,29-001,1997.0,27,2025,75,75.0,22.5,22,86.0,12,5,25.0,0,1.04,31,28,3,0.13,2.0,415,eng ENG,FW,eng Premier League,29-001,1997.0,22.5,1,0,0,32,30,22,7,2,4,0,0.4444444444444444,0.044444444444444446,0.3111111111111111,0.08888888888888889,0.17777777777777778,1.4222222222222223,1.3333333333333333,True,2,1.8195456218479251,-0.3554641923466593,1.3880956837473246,1.7032539966756242,-0.6273988667605309,-1.5886487558076565,-1.6283480840652298,0.27448914331066304,0.31879745849105984,3.272255493069904,-1.5786074320222814
Jaydee Canvot,fr FRA,DF,Crystal Palace,eng Premier League,19.0,2006.0,13,7,706,7.8,0,0,0,0,0,0,2,0,0.0,437,fr FRA,DF,eng Premier League,19-231,2006.0,7.8,0,3,0,0.0,0.38461538461538464,0.0,0.0,,0,0,545,fr FRA,DF,eng Premier League,19-231,2006.0,13,706,54,26.1,7.8,7,85.0,5,6,19.0,13,1.69,6,9,-3,-0.38,-0.43,437,fr FRA,DF,eng Premier League,19-231,2006.0,7.8,2,0,0,9,3,0,3,6,13,0,0.0,0.0,0.38461538461538464,0.7692307692307693,1.6666666666666667,1.153846153846154,0.38461538461538464,True,1,-0.7345208390382241,-0.7621682875409468,-0.8643956820509254,-0.9690071404065893,-0.5845403719582327,-0.20535861546671666,1.4367636821041916,-0.21116673041275436,-1.0561036321059762,-2.0104634792118166,-0.24970146759947903
Fabio Carvalho,pt POR,MF,Brentford,eng Premier League,23.0,2002.0,6,1,102,1.1,1,0,1,1,0,0,0,0,0.88,460,pt POR,MF,eng Premier League,23-199,2002.0,1.1,1,2,1,50.0,1.8181818181818181,0.9090909090909091,0.5,1.0,0,0,575,pt POR,MF,eng Premier League,23-199,2002.0,6,102,17,3.8,1.1,1,90.0,1,5,2.0,4,0.17,2,4,-2,-1.76,-1.97,460,pt POR,MF,eng Premier League,23-199,2002.0,1.1,0,0,0,0,0,0,5,0,2,0,0.9090909090909091,0.0,4.545454545454545,0.0,1.8181818181818181,0.0,0.0,True,2,4.489706012774354,-0.7621682875409468,0.670146290439205,1.2173883353879487,1.8415403856137207,-1.7693801309275783,1.7486814330712288,-2.2991776524720335,-1.6134959661318016,2.6021681501326794,-0.7466391612198221
Casemiro,br BRA,MF,Manchester Utd,eng Premier League,34.0,1992.0,28,27,2050,22.8,7,2,9,7,0,0,9,1,0.4,464,br BRA,MF,eng Premier League,34-022,1992.0,22.8,7,43,14,32.6,1.8859649122807016,0.6140350877192983,0.16,0.5,0,0,579,br BRA,MF,eng Premier League,34-022,1992.0,28,2050,73,75.9,22.8,27,76.0,9,1,11.0,0,1.93,43,22,21,0.92,2.03,464,br BRA,MF,eng Premier League,34-022,1992.0,22.8,9,1,1,39,27,3,15,21,34,0,0.30701754385964913,0.08771929824561403,0.6578947368421052,0.9210526315789473,1.4912280701754386,1.7105263157894737,1.1842105263157894,True,4,1.0298013872318132,0.040537163500409944,0.7427037949150969,0.5077687511388445,-0.425198048871353,0.10332984153213746,1.0755957599318322,0.7962069600544415,0.10268569389508184,0.8064512104074933,0.43339706184526156
Matty Cash,pl POL,DF,Aston Villa,eng Premier League,28.0,1997.0,27,27,2351,26.1,3,2,5,3,0,0,7,0,0.19,465,pl POL,DF,eng Premier League,28-222,1997.0,26.1,3,25,9,36.0,0.9578544061302682,0.3448275862068965,0.12,0.33,0,0,582,pl POL,DF,eng Premier League,28-222,1997.0,27,2351,87,87.1,26.1,27,87.0,21,0,,0,1.78,35,27,8,0.31,1.6,465,pl POL,DF,eng Premier League,28-222,1997.0,26.1,7,0,0,37,25,3,100,20,22,0,0.11494252873563218,0.07662835249042145,3.8314176245210727,0.7662835249042145,0.842911877394636,1.417624521072797,0.9578544061302682,True,3,-0.07398640949870273,-0.060954330309416785,-0.25077965548469155,-0.13968471855348868,1.4252033999458467,-0.2113510350661838,-0.2590650099349891,0.2661690997898136,-0.22535413809813676,-0.010420454745095285,0.6380969907443479
Valentín Castellanos,ar ARG,FW,West Ham United,eng Premier League,27.0,1998.0,10,10,815,9.1,2,0,2,2,0,0,2,0,0.22,470,ar ARG,FW,eng Premier League,27-165,1998.0,9.1,2,21,8,38.1,2.307692307692308,0.8791208791208791,0.1,0.25,0,0,589,ar ARG,FW,eng Premier League,27-165,1998.0,10,815,82,30.2,9.1,10,82.0,3,0,,0,1.5,14,12,2,0.22,1.22,470,ar ARG,FW,eng Premier League,27-165,1998.0,9.1,2,0,0,19,9,5,4,1,5,0,0.21978021978021978,0.0,0.43956043956043955,0.10989010989010989,0.5494505494505495,2.087912087912088,0.989010989010989,True,0,0.5284790592021793,-0.7621682875409468,1.1941362322651035,1.1453093636584586,-0.55250329112595,-1.545948485861741,-0.8632012728285791,1.4791278255399953,-0.18020139292253615,1.9773623950455683,-0.8732591423659212
Trevoh Chalobah,eng ENG,DF,Chelsea,eng Premier League,26.0,1999.0,29,29,2550,28.3,3,0,3,3,0,0,3,1,0.11,492,eng ENG,DF,eng Premier League,26-255,1999.0,28.3,3,14,5,35.7,0.4946996466431095,0.17667844522968199,0.21,0.6,0,0,617,eng ENG,DF,eng Premier League,26-255,1999.0,29,2550,88,94.4,28.3,29,88.0,27,0,,0,1.55,51,31,20,0.71,1.91,492,eng ENG,DF,eng Premier League,26-255,1999.0,28.3,3,1,0,20,18,2,5,35,22,0,0.10600706713780919,0.0,0.17667844522968199,1.2367491166077738,0.7773851590106007,0.7067137809187279,0.6360424028268551,True,1,-0.1253353757526584,-0.7621682875409468,-0.7465574593939655,-0.5440892917539405,-0.7057831760973663,0.7452127649547254,-0.39396205767054077,-1.0203017049210028,-0.6917305515590586,-1.3190980904353933,-1.389854913982974
Rayan Cherki,fr FRA,MF,Manchester City,eng Premier League,22.0,2003.0,25,14,1308,14.5,3,8,11,3,0,0,1,0,0.76,505,fr FRA,MF,eng Premier League,22-212,2003.0,14.5,3,33,8,24.2,2.2758620689655173,0.5517241379310345,0.09,0.38,0,0,637,fr FRA,MF,eng Premier League,22-212,2003.0,25,1308,52,48.4,14.5,14,76.0,3,11,22.0,1,2.04,28,14,14,0.96,-0.2,505,fr FRA,MF,eng Premier League,22-212,2003.0,14.5,1,0,0,14,30,1,58,7,15,0,0.20689655172413793,0.5517241379310345,4.0,0.4827586206896552,1.0344827586206897,0.9655172413793104,2.0689655172413794,True,3,0.4544411341329143,4.28657220452607,1.1600639798902175,0.3579087345583718,1.5234995468059689,-0.7878218005348996,0.13531375565551815,-0.5519685130936943,1.384890382420915,2.657397038504981,2.8286792036170607
Federico Chiesa,it ITA,MF,Liverpool,eng Premier League,28.0,1997.0,22,1,282,3.1,2,1,3,2,0,0,2,0,0.96,508,it ITA,MF,eng Premier League,28-143,1997.0,3.1,2,15,4,26.7,4.838709677419355,1.2903225806451613,0.13,0.5,0,0,641,it ITA,MF,eng Premier League,28-143,1997.0,22,282,13,10.4,3.1,1,60.0,0,21,11.0,6,1.59,14,7,7,2.23,2.16,508,it ITA,MF,eng Premier League,28-143,1997.0,3.1,2,0,0,8,5,2,14,4,5,0,0.6451612903225806,0.3225806451612903,4.516129032258064,1.2903225806451613,1.6129032258064515,2.5806451612903225,1.6129032258064515,True,2,2.9729949912803795,2.1897162743530747,3.903429848526199,2.134263857495336,1.8244414157853468,0.854139830490641,1.3260831898255652,2.37078225923044,0.723955757202305,4.642183442629858,3.110315840123287
Tawanda Chirewa,zw ZIM,MF,Wolves,eng Premier League,22.0,2003.0,2,0,27,0.3,0,0,0,0,0,0,0,0,0.0,510,zw ZIM,MF,eng Premier League,22-157,2003.0,0.3,0,0,0,,0.0,0.0,,,0,0,643,zw ZIM,MF,eng Premier League,22-157,2003.0,2,27,14,1.0,0.3,0,,0,2,14.0,5,1.5,0,0,0,0.0,0.98,510,zw ZIM,MF,eng Premier League,22-157,2003.0,0.3,0,0,0,3,1,0,0,0,0,0,0.0,0.0,0.0,0.0,0.0,10.0,3.3333333333333335,True,4,-0.7345208390382241,-0.7621682875409468,-1.276102064914131,-0.9690071404065893,-0.8087999377842117,-1.7693801309275783,-1.9943315785332205,15.79691700537505,3.2172375954253525,1.133705615024735,4.789114150184328
Ryan Christie,sct SCO,MF,Bournemouth,eng Premier League,31.0,1995.0,20,4,655,7.3,1,0,1,1,0,0,2,0,0.14,513,sct SCO,MF,eng Premier League,31-023,1995.0,7.3,1,18,5,27.8,2.4657534246575343,0.684931506849315,0.06,0.2,0,0,648,sct SCO,MF,eng Premier League,31-023,1995.0,20,655,33,24.3,7.3,4,68.0,0,16,24.0,1,1.6,11,10,1,0.14,0.27,513,sct SCO,MF,eng Premier League,31-023,1995.0,7.3,2,0,0,13,16,1,14,5,13,0,0.136986301369863,0.0,1.9178082191780823,0.684931506849315,1.7808219178082192,1.7808219178082192,2.191780821917808,True,0,0.05269142630339722,-0.7621682875409468,1.3633306361814892,0.6782771221783366,0.30942584249875177,-0.37675823359941396,1.6717702068053841,0.923414546870598,1.562876786672902,0.9718368797322261,1.5358559864893988
Samuel Chukwueze,ng NGA,MF,Fulham,eng Premier League,26.0,1999.0,16,7,779,8.7,3,4,7,3,0,0,0,0,0.81,516,ng NGA,MF,eng Premier League,26-299,1999.0,8.7,3,18,6,33.3,2.0689655172413794,0.6896551724137931,0.17,0.5,0,0,651,ng NGA,MF,eng Premier League,26-299,1999.0,16,779,49,28.9,8.7,7,78.0,2,9,26.0,1,1.19,14,17,-3,-0.35,-0.35,516,ng NGA,MF,eng Premier League,26-299,1999.0,8.7,0,0,0,5,10,3,28,5,4,0,0.3448275862068966,0.4597701149425288,3.218390804597701,0.574712643678161,0.4597701149425288,0.574712643678161,1.149425287356322,True,3,1.24708244958034,3.4451154558482338,0.9385943394534585,0.6896377032996122,1.0677628659090372,-0.6008583090315321,-1.0478225411160034,-1.2591722123658793,0.05227422750859647,2.719629840236345,0.7738838940381141
Dennis Cirkin,eng ENG,DF,Sunderland,eng Premier League,23.0,2002.0,7,3,304,3.4,0,0,0,0,0,0,1,0,0.0,519,eng ENG,DF,eng Premier League,23-345,2002.0,3.4,0,1,0,0.0,0.29411764705882354,0.0,0.0,,0,0,657,eng ENG,DF,eng Premier League,23-345,2002.0,7,304,43,11.3,3.4,3,79.0,2,4,17.0,4,0.86,2,2,0,0.0,0.19,519,eng ENG,DF,eng Premier League,23-345,2002.0,3.4,1,0,0,3,2,0,3,5,5,0,0.0,0.0,0.8823529411764706,1.4705882352941178,1.4705882352941178,0.8823529411764706,0.5882352941176471,True,1,-0.7345208390382241,-0.7621682875409468,-0.9612677721363855,-0.9690071404065893,-0.2943221103010836,1.220661001571128,1.0331054161468491,-0.7024634179561144,-0.7610135729158333,-2.406939324878926,-0.22545306548855953
Nathaniel Clyne,eng ENG,MF,Crystal Palace,eng Premier League,34.0,1991.0,8,6,495,5.5,0,1,1,0,0,0,1,0,0.18,525,eng ENG,MF,eng Premier League,34-346,1991.0,5.5,0,3,0,0.0,0.5454545454545454,0.0,0.0,,0,0,664,eng ENG,MF,eng Premier League,34-346,1991.0,8,495,62,18.3,5.5,6,69.0,0,2,41.0,18,1.25,5,9,-4,-0.73,-0.81,525,eng ENG,MF,eng Premier League,34-346,1991.0,5.5,1,0,0,4,1,0,14,7,9,0,0.0,0.18181818181818182,2.5454545454545454,1.2727272727272727,1.6363636363636365,0.7272727272727273,0.18181818181818182,True,1,-0.7345208390382241,0.9016211927993201,-0.6922275583081302,-0.9690071404065893,0.6753906433186306,0.8183645582894835,1.3743801319107842,-0.9830980409922456,-1.3500014082286842,-1.8748792134818915,0.7918658985335808
Séamus Coleman,ie IRL,DF,Everton,eng Premier League,37.0,1988.0,3,1,11,0.1,0,0,0,0,0,0,0,0,0.0,527,ie IRL,DF,eng Premier League,37-157,1988.0,0.1,0,0,0,,0.0,0.0,,,0,0,668,ie IRL,DF,eng Premier League,37-157,1988.0,3,11,4,0.4,0.1,1,9.0,0,2,1.0,14,3.0,0,0,0,0.0,0.03,527,ie IRL,DF,eng Premier League,37-157,1988.0,0.1,0,0,0,0,1,0,1,0,0,0,0.0,0.0,10.0,0.0,0.0,0.0,10.0,True,0,-0.7345208390382241,-0.7621682875409468,-1.276102064914131,-0.9690071404065893,5.021948773691241,-1.7693801309275783,-1.9943315785332205,-2.2991776524720335,12.878704718539659,2.6975098361466716,5.736915557910219
Nathan Collins,ie IRL,DF,Brentford,eng Premier League,24.0,2001.0,27,24,2255,25.1,1,2,3,1,0,0,5,0,0.12,529,ie IRL,DF,eng Premier League,24-321,2001.0,25.1,1,13,5,38.5,0.5179282868525896,0.199203187250996,0.08,0.2,0,0,670,ie IRL,DF,eng Premier League,24-321,2001.0,27,2255,84,83.5,25.1,24,90.0,24,3,32.0,3,1.41,37,34,3,0.12,-0.08,529,ie IRL,DF,eng Premier League,24-321,2001.0,25.1,5,0,0,16,15,1,1,27,9,1,0.0398406374501992,0.0796812749003984,0.0398406374501992,1.0756972111553784,0.3585657370517928,0.6374501992031872,0.597609561752988,True,1,-0.5055706582814976,-0.03301751926433587,-0.7216926728513281,-0.4899164983002164,-0.7855698632365007,0.41775752615115624,-1.2561676579180003,-1.145641738027598,-0.7474281961315152,-0.9585944512270193,-1.5968637278858466
Diego Coppola,it ITA,DF,Brighton,eng Premier League,22.0,2003.0,5,2,194,2.2,0,0,0,0,0,0,2,0,0.0,543,it ITA,DF,eng Premier League,22-079,2003.0,2.2,0,0,0,,0.0,0.0,,,0,0,688,it ITA,DF,eng Premier League,22-079,2003.0,5,194,39,7.2,2.2,2,88.0,1,3,6.0,17,1.6,1,3,-2,-0.93,-1.11,543,it ITA,DF,eng Premier League,22-079,2003.0,2.2,2,0,0,4,0,0,0,1,2,0,0.0,0.0,0.0,0.45454545454545453,0.9090909090909091,1.8181818181818181,0.0,True,1,-0.7345208390382241,-0.7621682875409468,-1.276102064914131,-0.9690071404065893,-0.8087999377842117,-0.845185599064342,-0.12282507273099581,0.9910213762274364,-1.6134959661318016,-1.650921207984584,-1.010346516342155
Marc Cucurella,es ESP,DF,Chelsea,eng Premier League,27.0,1998.0,26,23,1987,22.1,1,3,4,1,0,0,5,1,0.18,578,es ESP,DF,eng Premier League,27-238,1998.0,22.1,1,15,4,26.7,0.6787330316742081,0.18099547511312217,0.07,0.25,0,0,729,es ESP,DF,eng Premier League,27-238,1998.0,26,1987,76,73.6,22.1,23,82.0,18,3,34.0,0,1.73,41,20,21,0.95,1.33,578,es ESP,DF,eng Premier League,27-238,1998.0,22.1,5,1,0,33,20,1,25,19,32,0,0.04524886877828054,0.13574660633484162,1.1312217194570136,0.8597285067873303,1.4479638009049773,1.4932126696832577,0.9049773755656108,True,4,-0.47449144822402334,0.4800274783239582,-0.5495613892731799,-0.5337066836873147,-0.14921297947250894,-0.021356084236027265,0.9865294623825401,0.4029541290164448,-0.301984591953389,-0.9279204612556604,0.7095934165547094
Jorge Cuenca,es ESP,DF,Fulham,eng Premier League,26.0,1999.0,14,11,933,10.4,0,0,0,0,0,0,5,0,0.0,579,es ESP,DF,eng Premier League,26-120,1999.0,10.4,0,1,0,0.0,0.09615384615384615,0.0,0.0,,0,0,732,es ESP,DF,eng Premier League,26-120,1999.0,14,933,67,34.6,10.4,11,84.0,7,3,3.0,13,1.71,9,11,-2,-0.19,-0.14,579,es ESP,DF,eng Premier League,26-120,1999.0,10.4,5,0,0,9,1,1,2,15,10,0,0.0,0.0,0.1923076923076923,1.4423076923076923,0.9615384615384615,0.8653846153846153,0.09615384615384615,True,1,-0.7345208390382241,-0.7621682875409468,-1.1731754691983296,-0.9690071404065893,-0.6966701548712222,1.163160210561537,-0.01485354355009835,-0.7331694609275745,-1.4741478826253451,-2.415332913251186,-1.2547732131880958
Josh Cullen,ie IRL,MF,Burnley,eng Premier League,29.0,1996.0,18,18,1514,16.8,2,2,4,2,0,0,2,0,0.24,581,ie IRL,MF,eng Premier League,29-344,1996.0,16.8,2,11,6,54.5,0.6547619047619048,0.35714285714285715,0.18,0.33,0,0,734,ie IRL,MF,eng Premier League,29-344,1996.0,18,1514,84,56.1,16.8,18,84.0,12,0,,0,0.67,18,29,-11,-0.65,0.48,581,ie IRL,MF,eng Premier League,29-344,1996.0,16.8,2,0,0,16,18,0,12,24,19,1,0.11904761904761904,0.11904761904761904,0.7142857142857143,1.4285714285714286,1.130952380952381,0.9523809523809523,1.0714285714285714,True,1,-0.05039589415800557,0.3272176817294659,-0.5752209607541499,-0.11006606063016355,-0.3923178869645365,1.1352312549283075,0.33391163404216617,-0.5757400660104066,-0.060760178488430794,-0.8535956044925713,-0.04300382600495103
Jair Cunha,br BRA,DF,Nottingham Forest,eng Premier League,21.0,2005.0,3,2,215,2.4,0,0,0,0,0,0,0,0,0.0,583,br BRA,DF,eng Premier League,21-010,2005.0,2.4,0,2,0,0.0,0.8333333333333334,0.0,0.0,,0,0,736,br BRA,DF,eng Premier League,21-010,2005.0,3,215,72,8.0,2.4,2,90.0,2,1,35.0,14,0.33,2,4,-2,-0.84,-0.37,583,br BRA,DF,eng Premier League,21-010,2005.0,2.4,0,0,0,0,1,0,0,3,3,0,0.0,0.0,0.0,1.25,1.25,0.0,0.4166666666666667,True,1,-0.7345208390382241,-0.7621682875409468,-0.3840715687105186,-0.9690071404065893,-0.8087999377842117,0.7721548316963217,0.5789898669448386,-2.2991776524720335,-1.0096542709371574,-2.0415964595975,-1.3837588106563097
Mikkel Damsgaard,dk DEN,MF,Brentford,eng Premier League,25.0,2000.0,26,18,1575,17.5,3,4,7,3,0,0,0,0,0.4,595,dk DEN,MF,eng Premier League,25-257,2000.0,17.5,3,20,9,45.0,1.1428571428571428,0.5142857142857142,0.15,0.33,0,0,751,dk DEN,MF,eng Premier League,25-257,2000.0,26,1575,61,58.3,17.5,18,78.0,6,8,22.0,2,1.54,30,26,4,0.23,0.23,595,dk DEN,MF,eng Premier League,25-257,2000.0,17.5,0,0,0,15,18,3,83,18,25,0,0.17142857142857143,0.22857142857142856,4.742857142857143,1.0285714285714285,1.4285714285714286,0.8571428571428571,1.0285714285714285,True,3,0.25061908158929064,1.3294527734582458,-0.05274595583489127,0.26786801447146363,1.9566408796584311,0.3219400668886592,0.946607216298847,-0.7480838246565693,-0.12286960999416574,0.2796139667547947,1.7435902885776646
Kevin Danso,at AUT,DF,Tottenham Hotspur,eng Premier League,27.0,1998.0,16,10,843,9.4,0,0,0,0,0,0,4,0,0.0,598,at AUT,DF,eng Premier League,27-179,1998.0,9.4,0,3,1,33.3,0.3191489361702127,0.10638297872340426,0.0,0.0,0,0,754,at AUT,DF,eng Premier League,27-179,1998.0,16,843,53,31.2,9.4,10,81.0,7,6,5.0,10,1.38,12,17,-5,-0.53,-0.44,598,at AUT,DF,eng Premier League,27-179,1998.0,9.4,4,0,0,11,8,0,5,8,8,0,0.0,0.0,0.5319148936170213,0.851063829787234,0.851063829787234,1.1702127659574468,0.851063829787234,True,1,-0.7345208390382241,-0.7621682875409468,-0.9344733642404073,-0.7131523506859518,-0.4986537297270068,-0.03897334786449742,-0.24228293480347818,-0.18154955421333213,-0.3801171844576347,-1.3868069316230989,-0.7580247716119902
Ben Davies,wls WAL,DF,Tottenham Hotspur,eng Premier League,32.0,1993.0,3,2,137,1.5,1,0,1,1,0,0,1,0,0.66,609,wls WAL,DF,eng Premier League,32-327,1993.0,1.5,1,2,2,100.0,1.3333333333333333,1.3333333333333333,0.5,0.5,0,0,766,wls WAL,DF,eng Premier League,32-327,1993.0,3,137,46,5.1,1.5,2,53.0,0,1,32.0,11,0.33,1,3,-2,-1.31,-1.14,609,wls WAL,DF,eng Premier League,32-327,1993.0,1.5,1,0,0,2,0,0,3,1,4,0,0.6666666666666666,0.0,2.0,0.6666666666666666,2.6666666666666665,1.3333333333333333,0.0,True,4,3.0965788522909996,-0.7621682875409468,0.1511467290116487,2.2377062240920664,0.3573498045108787,-0.41389481752816504,3.495420838486638,0.11363496857424427,-1.6134959661318016,1.3049668377963335,0.3394354838377852
Liam Delap,eng ENG,FW,Chelsea,eng Premier League,23.0,2003.0,21,9,783,8.7,1,0,1,1,0,0,2,0,0.11,626,eng ENG,FW,eng Premier League,23-037,2003.0,8.7,1,31,11,35.5,3.563218390804598,1.264367816091954,0.03,0.09,0,0,787,eng ENG,FW,eng Premier League,23-037,2003.0,21,783,37,29.0,8.7,9,62.0,2,12,19.0,0,1.62,16,13,3,0.34,-0.36,626,eng ENG,FW,eng Premier League,23-037,2003.0,8.7,2,0,0,17,14,2,6,1,3,0,0.1149425287356322,0.0,0.6896551724137931,0.1149425287356322,0.3448275862068966,1.9540229885057472,1.6091954022988506,True,0,-0.07398640949870265,-0.7621682875409468,2.5380972981633843,2.071841739721447,-0.4066793369928011,-1.5356757665483691,-1.2844498004703075,1.2368408438888912,0.7185823049647555,3.121497509248769,-0.6747570227347581
Sepp van den Berg,nl NED,DF,Brentford,eng Premier League,24.0,2001.0,25,24,2214,24.6,0,1,1,0,0,0,1,0,0.04,635,nl NED,DF,eng Premier League,24-087,2001.0,24.6,0,20,6,30.0,0.8130081300813008,0.24390243902439024,0.0,0.0,0,0,799,nl NED,DF,eng Premier League,24-087,2001.0,25,2214,89,82.0,24.6,24,90.0,24,1,54.0,4,1.4,35,36,-1,-0.04,-0.97,635,nl NED,DF,eng Premier League,24-087,2001.0,24.6,1,0,0,12,9,0,0,24,6,0,0.0,0.04065040650406504,0.0,0.975609756097561,0.24390243902439024,0.4878048780487805,0.36585365853658536,True,1,-0.7345208390382241,-0.39018283461934244,-0.4058284100813385,-0.38241323226659124,-0.8087999377842117,0.21425691307156314,-1.4922200769765261,-1.416441327699005,-1.0832935020584555,-0.9016770699612097,-2.068665073997333
Kiernan Dewsbury-Hall,eng ENG,MF,Everton,eng Premier League,27.0,1998.0,23,22,1917,21.3,6,3,9,6,0,0,6,0,0.42,644,eng ENG,MF,eng Premier League,27-192,1998.0,21.3,6,29,10,34.5,1.3615023474178403,0.4694835680751174,0.21,0.6,0,0,809,eng ENG,MF,eng Premier League,27-192,1998.0,23,1917,83,71.0,21.3,22,85.0,14,1,45.0,0,1.39,25,25,0,0.0,0.11,644,eng ENG,MF,eng Premier League,27-192,1998.0,21.3,6,0,0,25,38,1,89,11,17,0,0.28169014084507044,0.14084507042253522,4.178403755868544,0.5164319248826291,0.7981220657276995,1.1737089201877935,1.784037558685446,True,3,0.8842536784248283,0.5266827183564431,0.1812998725452919,0.1601172837126558,1.6275222937712583,-0.7193562966040891,-0.35127187625615003,-0.17522288042425357,0.9719670668142807,1.3887575337317108,1.0493724260058799
Bafodé Diakité,fr FRA,DF,Bournemouth,eng Premier League,25.0,2001.0,18,15,1277,14.2,0,0,0,0,0,0,1,0,0.0,651,fr FRA,DF,eng Premier League,25-070,2001.0,14.2,0,1,0,0.0,0.07042253521126761,0.0,0.0,,0,0,819,fr FRA,DF,eng Premier League,25-070,2001.0,18,1277,71,47.3,14.2,15,84.0,13,3,6.0,11,1.28,21,27,-6,-0.42,-0.68,651,fr FRA,DF,eng Premier League,25-070,2001.0,14.2,1,0,0,8,4,2,1,10,15,0,0.0,0.0,0.07042253521126761,0.7042253521126761,1.0563380281690142,0.5633802816901409,0.28169014084507044,True,1,-0.7345208390382241,-0.7621682875409468,-1.2007192060800231,-0.9690071404065893,-0.7677383271400183,-0.3375294477591838,0.18030626271584377,-1.2796793618890991,-1.2052649609297885,-1.9169300139924033,-1.394550885584677
Amad Diallo,ci CIV,MF,Manchester Utd,eng Premier League,23.0,2002.0,24,21,1828,20.3,2,2,4,2,0,0,2,0,0.2,652,ci CIV,MF,eng Premier League,23-249,2002.0,20.3,2,41,16,39.0,2.019704433497537,0.7881773399014778,0.05,0.13,0,0,820,ci CIV,MF,eng Premier League,23-249,2002.0,24,1828,76,67.7,20.3,21,84.0,15,3,22.0,0,2.0,40,25,15,0.74,0.94,652,ci CIV,MF,eng Premier League,23-249,2002.0,20.3,2,0,0,18,33,11,40,12,18,0,0.09852216748768472,0.09852216748768472,1.9704433497536946,0.5911330049261083,0.8866995073891625,0.8866995073891625,1.625615763546798,True,0,-0.16834847086149154,0.1393925146138775,0.8858634726828014,0.9265869666862121,0.34011606447696113,-0.5674719712630739,-0.16892129208573053,-0.6945978305939672,0.7423790220167611,1.2475850994141402,0.1513218839699153
Habib Diarra,sn SEN,MF,Sunderland,eng Premier League,22.0,2004.0,13,11,1014,11.3,2,0,2,1,1,1,4,0,0.09,658,sn SEN,MF,eng Premier League,22-073,2004.0,11.3,2,16,6,37.5,1.415929203539823,0.5309734513274336,0.06,0.17,1,1,827,sn SEN,MF,eng Premier League,22-073,2004.0,13,1014,78,37.6,11.3,11,86.0,6,2,36.0,0,1.15,10,10,0,0.0,0.27,658,sn SEN,MF,eng Premier League,22-073,2004.0,11.3,4,0,0,13,17,1,17,3,3,0,0.17699115044247787,0.0,1.5044247787610618,0.2654867256637168,0.2654867256637168,1.1504424778761062,1.5044247787610618,True,0,0.28258527370404773,-0.7621682875409468,0.23956037111324574,0.3080026065176541,0.06839234624306866,-1.2295850946180775,-1.4477854308210665,-0.21732605466661672,0.5667466147479756,1.1427568960781997,-0.9857705749652986
Rúben Dias,pt POR,DF,Manchester City,eng Premier League,28.0,1997.0,25,23,2051,22.8,2,0,2,2,0,0,3,0,0.09,660,pt POR,DF,eng Premier League,28-307,1997.0,22.8,2,10,4,40.0,0.43859649122807015,0.17543859649122806,0.2,0.5,0,0,830,pt POR,DF,eng Premier League,28-307,1997.0,25,2051,82,76.0,22.8,23,88.0,21,2,18.0,1,2.2,53,20,33,1.45,1.59,660,pt POR,DF,eng Premier League,28-307,1997.0,22.8,3,0,0,14,9,0,9,22,6,0,0.08771929824561403,0.0,0.39473684210526316,0.9649122807017544,0.2631578947368421,0.6140350877192983,0.39473684210526316,True,1,-0.23042877438964202,-0.7621682875409468,-0.8066123300701245,-0.5470711713936083,-0.5786388044364964,0.19250650688736207,-1.4525796952746817,-1.1880139454112477,-1.0414354127895071,-1.0030695421989873,-2.056045864322798
Tyler Dibling,eng ENG,MF,Everton,eng Premier League,20.0,2006.0,14,4,358,4.0,0,0,0,0,0,0,2,0,0.0,669,eng ENG,MF,eng Premier League,20-005,2006.0,4.0,0,4,0,0.0,1.0,0.0,0.0,,0,0,841,eng ENG,MF,eng Premier League,20-005,2006.0,14,358,26,13.3,4.0,4,67.0,1,10,9.0,14,1.14,4,2,2,0.5,0.62,669,eng ENG,MF,eng Premier League,20-005,2006.0,4.0,2,0,0,11,11,0,7,6,3,0,0.0,0.0,1.75,1.5,0.75,2.75,2.75,True,4,-0.7345208390382241,-0.7621682875409468,-0.2056654694697962,-0.9690071404065893,0.21158108672399242,1.2804618242211017,-0.4503387112463851,2.6772483784359147,2.3718592221528505,-0.7315340330956687,1.6810377474699219
Lucas Digne,fr FRA,DF,Aston Villa,eng Premier League,32.0,1993.0,25,17,1467,16.3,0,4,4,0,0,0,3,0,0.25,673,fr FRA,DF,eng Premier League,32-240,1993.0,16.3,0,10,5,50.0,0.6134969325153374,0.3067484662576687,0.0,0.0,0,0,845,fr FRA,DF,eng Premier League,32-240,1993.0,25,1467,59,54.3,16.3,17,79.0,7,8,16.0,5,1.76,21,17,4,0.25,0.32,673,fr FRA,DF,eng Premier League,32-240,1993.0,16.3,3,0,0,11,11,3,83,10,19,0,0.0,0.24539877300613497,5.0920245398773005,0.6134969325153374,1.165644171779141,0.6748466257668712,0.6748466257668712,True,3,-0.7345208390382241,1.4834371460471434,-0.6193924971568704,-0.2312663356906408,2.1602316146848834,-0.5220010081673819,0.4053301374953988,-1.077968810531433,-0.6354946929331141,-0.32143177609798235,1.4600547923559914
Issa Diop,fr FRA,DF,Fulham,eng Premier League,29.0,1997.0,10,6,596,6.6,0,0,0,0,0,0,2,0,0.0,682,fr FRA,DF,eng Premier League,29-067,1997.0,6.6,0,1,0,0.0,0.15151515151515152,0.0,0.0,,0,0,855,fr FRA,DF,eng Premier League,29-067,1997.0,10,596,60,22.1,6.6,6,89.0,5,4,15.0,7,1.3,8,11,-3,-0.45,-0.45,682,fr FRA,DF,eng Premier League,29-067,1997.0,6.6,2,0,0,7,3,0,1,4,2,0,0.0,0.0,0.15151515151515152,0.6060606060606061,0.30303030303030304,1.0606060606060606,0.4545454545454546,True,1,-0.7345208390382241,-0.7621682875409468,-1.1139147019680196,-0.9690071404065893,-0.7204552603376139,-0.5371207551099297,-1.3704960765991454,-0.3798948857306762,-0.9547595713740079,-1.2894720196058278,-1.7454772928961009
Axel Disasi,fr FRA,DF,West Ham United,eng Premier League,28.0,1998.0,6,6,540,6.0,0,0,0,0,0,0,0,0,0.0,690,fr FRA,DF,eng Premier League,28-006,1998.0,6.0,0,3,2,66.7,0.5,0.3333333333333333,0.0,0.0,0,0,864,fr FRA,DF,eng Premier League,28-006,1998.0,6,540,90,20.0,6.0,6,90.0,6,0,,0,1.5,7,7,0,0.0,0.79,690,fr FRA,DF,eng Premier League,28-006,1998.0,6.0,0,0,0,4,3,0,0,4,2,1,0.0,0.0,0.0,0.6666666666666666,0.3333333333333333,0.6666666666666666,0.5,True,1,-0.7345208390382241,-0.7621682875409468,-0.7408837671919636,-0.16732879928192534,-0.8087999377842117,-0.41389481752816504,-1.308112526405738,-1.0927713419488947,-0.8888859318982286,-0.8093730697845031,-2.013973522519781
Nicolás Domínguez,ar ARG,MF,Nottingham Forest,eng Premier League,27.0,1998.0,19,14,934,10.4,1,0,1,1,0,0,2,0,0.1,707,ar ARG,MF,eng Premier League,27-262,1998.0,10.4,1,16,5,31.3,1.5384615384615383,0.4807692307692307,0.06,0.2,0,0,883,ar ARG,MF,eng Premier League,27-262,1998.0,19,934,49,34.6,10.4,14,62.0,1,5,14.0,4,1.0,10,17,-7,-0.67,-0.27,707,ar ARG,MF,eng Premier League,27-262,1998.0,10.4,2,0,0,11,8,0,13,4,22,0,0.09615384615384615,0.0,1.25,0.3846153846153846,2.1153846153846154,1.0576923076923077,0.7692307692307692,True,4,-0.1819583835580476,-0.7621682875409468,0.3707234665386917,0.18725969775398368,-0.07995634884978016,-0.9873693731971476,2.3605200984296486,-0.38516764058436115,-0.49871129808015086,-0.38938545997252255,0.43124447664939425
Romelle Donovan,eng ENG,FW,Brentford,eng Premier League,19.0,2006.0,4,0,41,0.5,0,0,0,0,0,0,0,0,0.0,711,eng ENG,FW,eng Premier League,19-107,2006.0,0.5,0,3,1,33.3,6.0,2.0,0.0,0.0,0,0,888,eng ENG,FW,eng Premier League,19-107,2006.0,4,41,10,1.5,0.5,0,,0,4,10.0,13,1.5,2,0,2,4.39,4.32,711,eng ENG,FW,eng Premier League,19-107,2006.0,0.5,0,0,0,2,3,0,2,0,0,0,0.0,0.0,4.0,0.0,0.0,4.0,6.0,True,2,-0.7345208390382241,-0.7621682875409468,5.146517507751878,3.841062906341395,1.5234995468059689,-1.7693801309275783,-1.9943315785332205,4.9392602106668,7.081824444671075,7.042817978304642,3.7473185236042896
Patrick Dorgu,dk DEN,MF,Manchester Utd,eng Premier League,21.0,2004.0,22,14,1335,14.8,3,3,6,3,0,0,5,0,0.4,712,dk DEN,MF,eng Premier League,21-142,2004.0,14.8,3,20,7,35.0,1.3513513513513513,0.47297297297297297,0.15,0.43,0,0,889,dk DEN,MF,eng Premier League,21-142,2004.0,22,1335,61,49.4,14.8,14,86.0,10,8,17.0,1,1.59,18,20,-2,-0.13,-1.12,712,dk DEN,MF,eng Premier League,21-142,2004.0,14.8,5,0,0,19,42,7,54,14,30,0,0.2027027027027027,0.2027027027027027,3.6486486486486487,0.9459459459459459,2.0270270270270268,1.2837837837837838,2.8378378378378377,True,3,0.4303405535956614,1.0927321466221884,0.17043387487551062,0.16850942470273125,1.3186354028892642,0.15394362457158928,2.1786221168366042,0.02396963468401107,2.4991555795182077,0.6842843759410421,3.13928256242179
Max Dowman,eng ENG,MF,Arsenal,eng Premier League,16.0,2009.0,3,0,46,0.5,1,0,1,1,0,0,0,0,1.96,724,eng ENG,MF,eng Premier League,16-076,2009.0,0.5,1,5,1,20.0,10.0,2.0,0.2,1.0,0,0,905,eng ENG,MF,eng Premier League,16-076,2009.0,3,46,15,1.6,0.5,0,,0,3,15.0,7,2.0,3,0,3,5.87,4.69,724,eng ENG,MF,eng Premier League,16-076,2009.0,0.5,0,0,0,0,4,0,1,0,2,0,2.0,0.0,2.0,0.0,4.0,0.0,8.0,True,2,10.758778234949446,-0.7621682875409468,9.428263889529216,3.841062906341395,0.3573498045108787,-1.7693801309275783,6.240297046996568,-2.2991776524720335,9.980264581605367,12.29952468323496,4.087360677580146
Radu Drăgușin,ro ROU,DF,Tottenham Hotspur,eng Premier League,24.0,2002.0,8,5,515,5.7,0,0,0,0,0,0,0,0,0.0,726,ro ROU,DF,eng Premier League,24-042,2002.0,5.7,0,4,0,0.0,0.7017543859649122,0.0,0.0,,0,0,907,ro ROU,DF,eng Premier League,24-042,2002.0,8,515,64,19.1,5.7,5,90.0,4,3,22.0,5,0.75,6,13,-7,-1.22,-1.22,726,ro ROU,DF,eng Premier League,24-042,2002.0,5.7,0,0,0,9,1,0,3,15,3,0,0.0,0.0,0.5263157894736842,2.631578947368421,0.5263157894736842,1.5789473684210527,0.17543859649122806,True,1,-0.7345208390382241,-0.7621682875409468,-0.5249184891637206,-0.9690071404065893,-0.5019184266539247,3.5812197903858944,-0.910827812016143,0.5581004513985588,-1.3592468313130042,-2.619807795551982,-0.9107035739952821
Joél Drakes-Thomas,eng ENG,MF,Crystal Palace,eng Premier League,16.0,2009.0,2,0,9,0.1,0,0,0,0,0,0,0,0,0.0,727,eng ENG,MF,eng Premier League,16-281,2009.0,0.1,0,0,0,,0.0,0.0,,,0,0,908,eng ENG,MF,eng Premier League,16-281,2009.0,2,9,5,0.3,0.1,0,,0,2,5.0,4,0.0,1,1,0,0.0,0.07,727,eng ENG,MF,eng Premier League,16-281,2009.0,0.1,0,0,0,1,0,0,0,0,1,0,0.0,0.0,0.0,0.0,10.0,10.0,0.0,True,4,-0.7345208390382241,-0.7621682875409468,-1.276102064914131,-0.9690071404065893,-0.8087999377842117,-1.7693801309275783,18.592239985291254,15.79691700537505,-1.6134959661318016,-5.242729429393624,12.991831239778774
Lewis Dunk,eng ENG,DF,Brighton,eng Premier League,34.0,1991.0,28,27,2475,27.5,0,0,0,0,0,0,9,0,0.0,731,eng ENG,DF,eng Premier League,34-116,1991.0,27.5,0,19,2,10.5,0.6909090909090909,0.07272727272727272,0.0,0.0,0,0,915,eng ENG,DF,eng Premier League,34-116,1991.0,28,2475,88,91.7,27.5,27,90.0,27,1,45.0,0,1.39,39,34,5,0.18,0.98,731,eng ENG,DF,eng Premier League,34-116,1991.0,27.5,9,0,0,13,8,1,5,29,20,0,0.0,0.0,0.18181818181818182,1.0545454545454545,0.7272727272727273,0.4727272727272727,0.2909090909090909,True,1,-0.7345208390382241,-0.7621682875409468,-0.5365276898798633,-0.7940955023430263,-0.7027863248482943,0.3747511829951299,-0.49712637389144065,-1.4437259050101716,-1.1919046734868137,-1.5903108592312003,-1.6838804144855144
George Earthy,eng ENG,MF,West Ham United,eng Premier League,21.0,2004.0,1,0,9,0.1,0,0,0,0,0,0,0,0,0.0,740,eng ENG,MF,eng Premier League,21-193,2004.0,0.1,0,0,0,,0.0,0.0,,,0,0,928,eng ENG,MF,eng Premier League,21-193,2004.0,1,9,9,0.3,0.1,0,,0,1,9.0,5,0.0,0,1,-1,-10.0,-9.4,740,eng ENG,MF,eng Premier League,21-193,2004.0,0.1,0,0,0,0,0,0,0,0,0,0,0.0,0.0,0.0,0.0,0.0,0.0,0.0,True,1,-0.7345208390382241,-0.7621682875409468,-1.276102064914131,-0.9690071404065893,-0.8087999377842117,-1.7693801309275783,-1.9943315785332205,-2.2991776524720335,-1.6134959661318016,-1.0341779815851024,-3.091668447085808
Odsonne Édouard,fr FRA,FW,Crystal Palace,eng Premier League,28.0,1998.0,1,0,3,0.0,0,0,0,0,0,0,0,0,0.0,751,fr FRA,FW,eng Premier League,28-060,1998.0,0.0,0,0,0,,0.0,0.0,,,0,0,941,fr FRA,FW,eng Premier League,28-060,1998.0,1,3,3,0.1,0.0,0,,0,1,3.0,1,1.0,0,0,0,0.0,0.07,751,fr FRA,FW,eng Premier League,28-060,1998.0,0.0,0,0,0,0,1,0,0,0,1,0,0.0,0.0,0.0,0.0,0.0,0.0,0.0,True,1,-0.7345208390382241,-0.7621682875409468,-1.276102064914131,-0.9690071404065893,-0.8087999377842117,-1.7693801309275783,-1.9943315785332205,-2.2991776524720335,-1.6134959661318016,-1.0341779815851024,-3.091668447085808
Tom Edozie,eng ENG,MF,Wolves,eng Premier League,19.0,2006.0,1,0,7,0.1,1,0,1,1,0,0,0,0,12.86,753,eng ENG,MF,eng Premier League,19-303,2006.0,0.1,1,1,1,100.0,10.0,10.0,1.0,1.0,0,0,943,eng ENG,MF,eng Premier League,19-303,2006.0,1,7,7,0.3,0.1,0,,0,1,7.0,4,1.0,1,0,1,12.86,13.86,753,eng ENG,MF,eng Premier League,19-303,2006.0,0.1,0,0,0,0,0,0,0,0,0,0,10.0,0.0,0.0,0.0,0.0,0.0,0.0,True,2,56.73197453090013,-0.7621682875409468,9.428263889529216,23.08134309333333,-0.8087999377842117,-1.7693801309275783,-1.9943315785332205,-2.2991776524720335,-1.6134959661318016,41.86439374221685,-13.733858403805614
Alysson Edward,br BRA,MF,Aston Villa,eng Premier League,19.0,2006.0,3,0,49,0.5,0,0,0,0,0,0,0,0,0.0,755,br BRA,MF,eng Premier League,19-316,2006.0,0.5,0,1,0,0.0,2.0,0.0,0.0,,0,0,945,br BRA,MF,eng Premier League,19-316,2006.0,3,49,16,1.8,0.5,0,,0,3,16.0,0,1.0,1,2,-1,-1.84,-1.97,755,br BRA,MF,eng Premier League,19-316,2006.0,0.5,0,0,0,0,1,0,2,1,0,0,0.0,0.0,4.0,2.0,0.0,0.0,2.0,True,1,-0.7345208390382241,-0.7621682875409468,0.8647711259745386,-0.9690071404065893,1.5234995468059689,2.2970758092706616,-1.9943315785332205,-2.2991776524720335,1.2849441708024907,-0.6089742043423443,-0.3247116532897651
Hjalmar Ekdal,se SWE,DF,Burnley,eng Premier League,27.0,1998.0,15,13,1179,13.1,0,0,0,0,0,0,0,0,0.0,762,se SWE,DF,eng Premier League,27-147,1998.0,13.1,0,5,1,20.0,0.3816793893129771,0.07633587786259542,0.0,0.0,0,0,953,se SWE,DF,eng Premier League,27-147,1998.0,15,1179,79,43.7,13.1,13,89.0,11,2,9.0,12,0.67,11,24,-13,-0.99,-0.22,762,se SWE,DF,eng Premier League,27-147,1998.0,13.1,0,0,0,5,3,2,1,9,13,0,0.0,0.0,0.07633587786259542,0.6870229007633588,0.9923664122137404,0.3816793893129771,0.22900763358778625,True,1,-0.7345208390382241,-0.7621682875409468,-0.867538478866675,-0.7854166806070478,-0.7642904056355441,-0.3725059529968851,0.04861063772416984,-1.6084870166763434,-1.281613507704211,-1.6540028349628728,-1.6054110921040359
Hugo Ekitike,fr FRA,FW,Liverpool,eng Premier League,23.0,2002.0,27,20,1796,20.0,11,4,15,11,0,0,0,0,0.75,764,fr FRA,FW,eng Premier League,23-270,2002.0,20.0,11,65,19,29.2,3.25,0.95,0.17,0.58,0,0,955,fr FRA,FW,eng Premier League,23-270,2002.0,27,1796,67,66.5,20.0,20,81.0,6,7,26.0,0,1.74,35,25,10,0.5,0.6,764,fr FRA,FW,eng Premier League,23-270,2002.0,20.0,0,0,0,35,12,10,7,4,7,0,0.55,0.2,0.35,0.2,0.35,1.75,0.6,True,2,2.426136406308386,1.0680001408333468,2.2028168702799573,1.3157761317987031,-0.6047237328825709,-1.3627345369077541,-1.273801573799364,0.8676389126512063,-0.743963925051514,3.730872405492542,-1.07817620498425
Anthony Elanga,se SWE,FW,Newcastle United,eng Premier League,23.0,2002.0,26,12,1157,12.9,0,1,1,0,0,0,0,0,0.08,768,se SWE,FW,eng Premier League,23-324,2002.0,12.9,0,14,4,28.6,1.0852713178294573,0.31007751937984496,0.0,0.0,0,0,959,se SWE,FW,eng Premier League,23-324,2002.0,26,1157,45,42.9,12.9,12,72.0,2,14,21.0,0,1.27,19,25,-6,-0.47,-0.82,768,se SWE,FW,eng Premier League,23-324,2002.0,12.9,0,0,0,7,19,2,77,3,10,0,0.0,0.07751937984496124,5.9689922480620154,0.23255813953488372,0.7751937984496123,0.5426356589147286,1.4728682170542635,True,3,-0.7345208390382241,-0.05280067964393383,-0.11438793032338011,-0.22325984633713442,2.671569448135244,-1.2965364169510387,-0.39847331777163364,-1.3172190276276183,0.5210142122306617,0.3239757659133507,1.0528015621767897
Harvey Elliott,eng ENG,MF,Aston Villa,eng Premier League,22.0,2003.0,4,1,112,1.2,0,0,0,0,0,0,0,0,0.0,774,eng ENG,MF,eng Premier League,22-347,2003.0,1.2,0,5,0,0.0,4.166666666666667,0.0,0.0,,0,0,965,eng ENG,MF,eng Premier League,22-347,2003.0,4,112,28,4.1,1.2,1,45.0,0,3,22.0,4,1.25,2,2,0,0.0,-0.1,774,eng ENG,MF,eng Premier League,22-347,2003.0,1.2,0,0,0,0,2,0,3,0,0,0,0.0,0.0,2.5,0.0,0.0,0.0,1.6666666666666667,True,0,-0.7345208390382241,-0.7621682875409468,3.1840504161039314,-0.9690071404065893,0.6488872400846513,-1.7693801309275783,-1.9943315785332205,-2.2991776524720335,0.8018708146467755,1.8076849128216472,-1.2742324224932258
Wataru Endo,jp JPN,DF,Liverpool,eng Premier League,33.0,1993.0,8,1,175,1.9,0,1,1,0,0,0,1,0,0.51,783,jp JPN,DF,eng Premier League,33-036,1993.0,1.9,0,1,0,0.0,0.5263157894736842,0.0,0.0,,0,0,976,jp JPN,DF,eng Premier League,33-036,1993.0,8,175,22,6.5,1.9,1,68.0,0,7,15.0,11,2.0,6,5,1,0.51,0.23,783,jp JPN,DF,eng Premier League,33-036,1993.0,1.9,1,0,0,2,3,0,3,0,3,0,0.0,0.5263157894736842,1.5789473684210527,0.0,1.5789473684210527,1.0526315789473684,1.5789473684210527,True,3,-0.7345208390382241,4.054064418707194,-0.7127143831013233,-0.9690071404065893,0.1118445956066492,-1.7693801309275783,1.256179721018012,-0.39432558322497213,0.6747462472373765,0.2950844519500189,2.453341079604793
Romain Esse,eng ENG,MF,Crystal Palace,eng Premier League,20.0,2005.0,4,0,44,0.5,0,0,0,0,0,0,0,0,0.0,794,eng ENG,MF,eng Premier League,20-308,2005.0,0.5,0,0,0,,0.0,0.0,,,0,0,990,eng ENG,MF,eng Premier League,20-308,2005.0,4,44,11,1.6,0.5,0,,0,4,11.0,11,0.5,0,0,0,0.0,0.07,794,eng ENG,MF,eng Premier League,20-308,2005.0,0.5,0,0,0,2,2,0,2,0,1,0,0.0,0.0,4.0,0.0,2.0,4.0,4.0,True,4,-0.7345208390382241,-0.7621682875409468,-1.276102064914131,-0.9690071404065893,1.5234995468059689,-1.7693801309275783,2.1229827342316736,4.9392602106668,4.183384307736783,-0.16553628812996235,4.858822609175869
Maxime Estève,fr FRA,DF,Burnley,eng Premier League,23.0,2002.0,27,27,2311,25.7,0,0,0,0,0,0,0,0,0.0,797,fr FRA,DF,eng Premier League,23-295,2002.0,25.7,0,9,1,11.1,0.3501945525291829,0.038910505836575876,0.0,0.0,0,0,995,fr FRA,DF,eng Premier League,23-295,2002.0,27,2311,86,85.6,25.7,27,86.0,22,0,,0,0.67,29,54,-25,-0.97,-0.74,797,fr FRA,DF,eng Premier League,23-295,2002.0,25.7,0,0,0,9,12,0,5,32,22,2,0.0,0.0,0.19455252918287938,1.245136186770428,0.8560311284046693,0.3501945525291829,0.4669260700389105,True,1,-0.7345208390382241,-0.7621682875409468,-0.9012410003616401,-0.8754260110924261,-0.6953612468994752,0.7622655905966178,-0.2320569699568064,-1.6654622753489838,-0.9368173349409162,-1.972016310892797,-1.4953587634087884
Evanilson,br BRA,FW,Bournemouth,eng Premier League,26.0,1999.0,28,24,2104,23.4,6,0,6,6,0,0,1,0,0.26,803,br BRA,FW,eng Premier League,26-162,1999.0,23.4,6,59,22,37.3,2.5213675213675217,0.9401709401709403,0.1,0.27,0,0,1001,br BRA,FW,eng Premier League,26-162,1999.0,28,2104,75,77.9,23.4,24,82.0,7,4,36.0,0,1.32,30,33,-3,-0.13,-0.28,803,br BRA,FW,eng Premier League,26-162,1999.0,23.4,1,0,0,17,25,23,2,2,3,0,0.25641025641025644,0.0,0.08547008547008547,0.08547008547008547,0.12820512820512822,0.7264957264957266,1.0683760683760684,True,0,0.7389790422422468,-0.7621682875409468,1.4228620005224402,1.292136898662976,-0.758964478711772,-1.595599962543038,-1.7304011738688043,-0.9845041089532282,-0.06518392717117542,2.357032030483445,-2.229177007937561
Eberechi Eze,eng ENG,MF,Crystal Palace,eng Premier League,27.0,1998.0,1,1,83,0.9,0,0,0,0,0,0,0,0,0.0,806,eng ENG,MF,eng Premier League,27-261,1998.0,0.9,0,6,2,33.3,6.666666666666666,2.2222222222222223,0.0,0.0,0,0,1004,eng ENG,MF,eng Premier League,27-261,1998.0,1,83,83,3.1,0.9,1,83.0,0,0,,0,1.0,0,0,0,0.0,0.07,806,eng ENG,MF,eng Premier League,27-261,1998.0,0.9,0,0,0,2,1,0,4,0,1,0,0.0,0.0,4.444444444444445,0.0,1.1111111111111112,2.2222222222222223,1.1111111111111112,True,2,-0.7345208390382241,-0.7621682875409468,5.860141904714768,4.375515133757838,1.7826439339826559,-1.7693801309275783,0.29306526189172094,1.72217671593843,-0.003251445612750275,5.310684858124837,1.17534060270692
Bruno Fernandes,pt POR,MF,Manchester Utd,eng Premier League,31.0,1994.0,27,27,2344,26.0,7,16,23,4,3,5,3,0,0.77,828,pt POR,MF,eng Premier League,31-190,1994.0,26.0,7,67,18,26.9,2.576923076923077,0.6923076923076923,0.06,0.22,3,5,1034,pt POR,MF,eng Premier League,31-190,1994.0,27,2344,87,86.8,26.0,27,87.0,22,0,,0,1.81,51,37,14,0.54,0.79,828,pt POR,MF,eng Premier League,31-190,1994.0,26.0,3,0,0,20,32,4,121,15,28,0,0.2692307692307692,0.6153846153846154,4.653846153846154,0.5769230769230769,1.0769230769230769,0.7692307692307693,1.2307692307692308,True,3,0.8126540363062701,4.869119184379957,1.4823307002693475,0.6960171065446359,1.9047408087101334,-0.5963639943319322,0.2226838206478764,-0.9071703710991809,0.1701595027508399,2.933595014359215,2.666334449073089
Mateus Fernandes,pt POR,MF,West Ham United,eng Premier League,21.0,2004.0,28,27,2302,25.6,3,3,6,3,0,0,6,0,0.23,829,pt POR,MF,eng Premier League,21-250,2004.0,25.6,3,21,5,23.8,0.8203125,0.1953125,0.14,0.6,0,0,1035,pt POR,MF,eng Premier League,21-250,2004.0,28,2302,82,85.3,25.6,27,84.0,16,1,26.0,0,1.04,30,40,-10,-0.39,1.64,829,pt POR,MF,eng Premier League,21-250,2004.0,25.6,6,0,0,39,39,0,43,30,52,0,0.1171875,0.1171875,1.6796875,1.171875,2.03125,1.5234375,1.5234375,True,4,-0.061085346421758946,0.3101960259596158,-0.39800954521370013,-0.49927373740385644,0.17058363484643066,0.613308896532328,2.1873157703686252,0.45764926805935824,0.5943002319236164,-0.999919741662109,1.7552065088336437
Enzo Fernández,ar ARG,MF,Chelsea,eng Premier League,25.0,2001.0,29,28,2488,27.6,8,3,11,6,2,2,8,0,0.33,832,ar ARG,MF,eng Premier League,25-059,2001.0,27.6,8,57,24,42.1,2.0652173913043477,0.8695652173913043,0.11,0.25,2,2,1042,ar ARG,MF,eng Premier League,25-059,2001.0,29,2488,86,92.1,27.6,28,88.0,22,1,37.0,0,1.55,48,32,16,0.58,-0.27,832,ar ARG,MF,eng Premier League,25-059,2001.0,27.6,8,0,0,30,38,1,59,16,23,0,0.2898550724637681,0.10869565217391304,2.1376811594202896,0.5797101449275363,0.8333333333333333,1.0869565217391304,1.3768115942028984,True,0,0.9311746789310037,0.23248846701029963,0.9345822082861256,1.1223276625273166,0.4376282287993087,-0.590697249710697,-0.27878394821451463,-0.33221084183648103,0.38180702668528355,1.8712256756708037,-0.020593605563057588
Zian Flemming,nl NED,FW,Burnley,eng Premier League,27.0,1998.0,21,13,1099,12.2,7,0,7,5,2,2,3,0,0.41,847,nl NED,FW,eng Premier League,27-228,1998.0,12.2,7,34,14,41.2,2.7868852459016393,1.1475409836065575,0.15,0.36,2,2,1063,nl NED,FW,eng Premier League,27-228,1998.0,21,1099,52,40.7,12.2,13,77.0,3,8,13.0,3,0.81,17,19,-2,-0.16,1.19,847,nl NED,FW,eng Premier League,27-228,1998.0,12.2,3,0,0,29,17,2,3,4,5,0,0.5737704918032788,0.0,0.24590163934426232,0.3278688524590164,0.4098360655737705,2.377049180327869,1.3934426229508197,True,2,2.5627370920238133,-0.7621682875409468,1.7070818896028677,1.7908691159242216,-0.6654208711085857,-1.1027480095836044,-1.150619629196152,2.002353044885061,0.405909047306025,3.5273773166179625,-1.001097546369501
Jack Fletcher,eng ENG,MF,Manchester Utd,eng Premier League,18.0,2007.0,3,0,108,1.2,0,0,0,0,0,0,0,0,0.0,848,eng ENG,MF,eng Premier League,18-363,2007.0,1.2,0,1,0,0.0,0.8333333333333334,0.0,0.0,,0,0,1064,eng ENG,MF,eng Premier League,18-363,2007.0,3,108,36,4.0,1.2,0,,0,3,36.0,4,1.33,0,0,0,0.0,-0.45,848,eng ENG,MF,eng Premier League,18-363,2007.0,1.2,0,0,0,2,1,0,0,1,1,0,0.0,0.0,0.0,0.8333333333333334,0.8333333333333334,1.6666666666666667,0.8333333333333334,True,1,-0.7345208390382241,-0.7621682875409468,-0.3840715687105186,-0.9690071404065893,-0.8087999377842117,-0.07502348917831153,-0.2787839482145144,0.716838123835814,-0.4058125757425131,-1.1992219828769877,-0.6344290048179085
Tyler Fletcher,sct SCO,MF,Manchester Utd,eng Premier League,18.0,2007.0,1,0,1,0.0,0,0,0,0,0,0,0,0,0.0,849,sct SCO,MF,eng Premier League,18-363,2007.0,0.0,0,0,0,,0.0,0.0,,,0,0,1065,sct SCO,MF,eng Premier League,18-363,2007.0,1,1,1,0.0,0.0,0,,0,1,1.0,8,3.0,0,0,0,0.0,-0.43,849,sct SCO,MF,eng Premier League,18-363,2007.0,0.0,0,0,0,0,0,0,0,0,0,0,0.0,0.0,0.0,0.0,0.0,0.0,0.0,True,1,-0.7345208390382241,-0.7621682875409468,-1.276102064914131,-0.9690071404065893,-0.8087999377842117,-1.7693801309275783,-1.9943315785332205,-2.2991776524720335,-1.6134959661318016,-1.0341779815851024,-3.091668447085808
Phil Foden,eng ENG,MF,Manchester City,eng Premier League,25.0,2000.0,26,21,1811,20.1,7,3,10,7,0,0,4,0,0.5,851,eng ENG,MF,eng Premier League,25-293,2000.0,20.1,7,51,17,33.3,2.5373134328358207,0.8457711442786069,0.14,0.41,0,0,1067,eng ENG,MF,eng Premier League,25-293,2000.0,26,1811,70,67.1,20.1,21,83.0,12,5,14.0,2,2.0,45,16,29,1.44,1.14,851,eng ENG,MF,eng Premier League,25-293,2000.0,20.1,4,0,0,17,26,2,103,9,12,0,0.34825870646766166,0.14925373134328357,5.124378109452736,0.4477611940298507,0.5970149253731343,0.8457711442786069,1.2935323383084576,True,3,1.266799895238236,0.6036290470667348,1.439931087705823,1.065102083342558,2.1790961680962435,-0.8589795473011067,-0.765282529946685,-0.7686621838979022,0.261117057756049,2.6483377216956416,0.597733160051168
Wesley Fofana,fr FRA,DF,Chelsea,eng Premier League,25.0,2000.0,18,13,1186,13.2,0,1,1,0,0,0,5,1,0.08,856,fr FRA,DF,eng Premier League,25-090,2000.0,13.2,0,5,0,0.0,0.3787878787878788,0.0,0.0,,0,0,1072,fr FRA,DF,eng Premier League,25-090,2000.0,18,1186,66,43.9,13.2,13,81.0,7,5,26.0,5,1.89,23,12,11,0.83,0.42,856,fr FRA,DF,eng Premier League,25-090,2000.0,13.2,5,1,1,18,12,1,2,25,10,0,0.0,0.07575757575757576,0.15151515151515152,1.893939393939394,0.7575757575757576,1.3636363636363638,0.9090909090909092,True,1,-0.7345208390382241,-0.06892267073250229,-0.8706336575488527,-0.9690071404065893,-0.7204552603376139,2.081430418502573,-0.43474282369803324,0.1684716190525691,-0.29602317661621413,-2.004169711999975,-0.3644403860793709
Tyler Fredricson,eng ENG,DF,Manchester Utd,eng Premier League,21.0,2005.0,1,0,3,0.0,0,0,0,0,0,0,0,0,0.0,873,eng ENG,DF,eng Premier League,21-022,2005.0,0.0,0,0,0,,0.0,0.0,,,0,0,1097,eng ENG,DF,eng Premier League,21-022,2005.0,1,3,3,0.1,0.0,0,,0,1,3.0,9,3.0,0,0,0,0.0,-0.43,873,eng ENG,DF,eng Premier League,21-022,2005.0,0.0,0,0,0,0,0,0,0,0,0,0,0.0,0.0,0.0,0.0,0.0,0.0,0.0,True,1,-0.7345208390382241,-0.7621682875409468,-1.276102064914131,-0.9690071404065893,-0.8087999377842117,-1.7693801309275783,-1.9943315785332205,-2.2991776524720335,-1.6134959661318016,-1.0341779815851024,-3.091668447085808
Niclas Füllkrug,de GER,FW,West Ham United,eng Premier League,33.0,1993.0,8,5,409,4.5,0,0,0,0,0,0,0,0,0.0,884,de GER,FW,eng Premier League,33-036,1993.0,4.5,0,9,3,33.3,2.0,0.6666666666666666,0.0,0.0,0,0,1111,de GER,FW,eng Premier League,33-036,1993.0,8,409,51,15.1,4.5,5,69.0,1,3,21.0,2,0.63,2,11,-9,-1.98,-1.59,884,de GER,FW,eng Premier League,33-036,1993.0,4.5,0,0,0,11,1,2,0,2,1,0,0.0,0.0,0.0,0.4444444444444444,0.2222222222222222,2.4444444444444446,0.2222222222222222,True,0,-0.7345208390382241,-0.7621682875409468,0.8647711259745386,0.6343495418427386,-0.8087999377842117,-0.8657232553279695,-1.5368522104482323,2.1243121527794764,-1.2914470620279914,0.6941946622342069,-1.2755129727393193
Conor Gallagher,eng ENG,MF,Tottenham Hotspur,eng Premier League,26.0,2000.0,8,7,578,6.4,0,1,1,0,0,0,0,0,0.16,894,eng ENG,MF,eng Premier League,26-039,2000.0,6.4,0,5,2,40.0,0.78125,0.3125,0.0,0.0,0,0,1127,eng ENG,MF,eng Premier League,26-039,2000.0,8,578,72,21.4,6.4,7,76.0,2,1,48.0,0,0.25,6,16,-10,-1.56,-1.68,894,eng ENG,MF,eng Premier League,26-039,2000.0,6.4,0,0,0,11,14,0,14,9,6,0,0.0,0.15625,2.1875,1.40625,0.9375,1.71875,2.1875,True,4,-0.7345208390382241,0.66765079712647,-0.43982347472324446,-0.2174336956022168,0.4666763428510434,1.0898467020243092,-0.06434049442467624,0.8110886168454342,1.5566729336400806,-0.42774964748993644,1.5742632431907488
Idrissa Gana Gueye,sn SEN,MF,Everton,eng Premier League,36.0,1989.0,21,21,1755,19.5,2,1,3,2,0,0,1,1,0.15,897,sn SEN,MF,eng Premier League,36-172,1989.0,19.5,2,26,6,23.1,1.3333333333333333,0.3076923076923077,0.08,0.33,0,0,1130,sn SEN,MF,eng Premier League,36-172,1989.0,21,1755,84,65.0,19.5,21,84.0,14,0,,0,1.38,21,22,-1,-0.05,-0.05,897,sn SEN,MF,eng Premier League,36-172,1989.0,19.5,1,1,0,18,26,0,18,23,19,0,0.10256410256410256,0.05128205128205128,0.9230769230769231,1.1794871794871795,0.9743589743589743,0.9230769230769231,1.3333333333333333,True,1,-0.1451208865260358,-0.29289433154753824,0.1511467290116487,-0.22899636398382248,-0.2705769798018622,0.6287861927790761,0.011539496916343414,-0.6287689148246103,0.31879745849105984,-0.3951968969974255,-0.25508911792116873
Ben Gannon-Doak,sct SCO,MF,Bournemouth,eng Premier League,20.0,2005.0,4,0,57,0.6,0,1,1,0,0,0,0,0,1.58,901,sct SCO,MF,eng Premier League,20-126,2005.0,0.6,0,1,0,0.0,1.6666666666666667,0.0,0.0,,0,0,1134,sct SCO,MF,eng Premier League,20-126,2005.0,4,57,14,2.1,0.6,0,,0,4,14.0,7,1.25,4,1,3,4.74,4.91,901,sct SCO,MF,eng Premier League,20-126,2005.0,0.6,0,0,0,1,1,0,2,1,0,0,0.0,1.6666666666666667,3.3333333333333335,1.6666666666666667,0.0,1.6666666666666667,1.6666666666666667,True,3,-0.7345208390382241,14.489235282244833,0.5079589274930938,-0.9690071404065893,1.134782966040939,1.6193331525709551,-1.9943315785332205,0.716838123835814,0.8018708146467755,3.2591898062019067,6.290197553865478
Andrés García,es ESP,DF,Aston Villa,eng Premier League,23.0,2003.0,4,0,40,0.4,0,0,0,0,0,0,0,0,0.0,905,es ESP,DF,eng Premier League,23-038,2003.0,0.4,0,0,0,,0.0,0.0,,,0,0,1138,es ESP,DF,eng Premier League,23-038,2003.0,4,40,10,1.5,0.4,0,,0,4,10.0,7,1.0,2,2,0,0.0,-0.1,905,es ESP,DF,eng Premier League,23-038,2003.0,0.4,0,0,0,0,0,0,4,0,1,0,0.0,0.0,10.0,0.0,2.5,0.0,0.0,True,3,-0.7345208390382241,-0.7621682875409468,-1.276102064914131,-0.9690071404065893,5.021948773691241,-1.7693801309275783,3.1523113124228974,-2.2991776524720335,-1.6134959661318016,-1.8652220466781173,2.647858545058277
Alejandro Garnacho,ar ARG,MF,Chelsea,eng Premier League,21.0,2004.0,19,14,1077,12.0,1,4,5,1,0,0,1,0,0.42,917,ar ARG,MF,eng Premier League,21-259,2004.0,12.0,1,28,7,25.0,2.3333333333333335,0.5833333333333334,0.04,0.14,0,0,1154,ar ARG,MF,eng Premier League,21-259,2004.0,19,1077,57,39.9,12.0,14,68.0,4,5,24.0,8,1.68,20,14,6,0.5,-0.16,917,ar ARG,MF,eng Premier League,21-259,2004.0,12.0,1,0,0,8,19,1,54,4,11,0,0.08333333333333333,0.3333333333333333,4.5,0.3333333333333333,0.9166666666666666,0.6666666666666666,1.5833333333333333,True,3,-0.2556333776220711,2.2881124264162085,1.2215833244559837,0.4339299565615728,1.8150369823797416,-1.0916374742278716,-0.10722918518264396,-1.0927713419488947,0.6811024756078463,1.9197775270518338,1.708586642108721
Tyrique George,eng ENG,FW,Chelsea,eng Premier League,20.0,2006.0,4,0,145,1.6,0,0,0,0,0,0,2,0,0.0,930,eng ENG,FW,eng Premier League,20-041,2006.0,1.6,0,3,2,66.7,1.875,1.25,0.0,0.0,0,0,1171,eng ENG,FW,eng Premier League,20-041,2006.0,4,145,36,5.4,1.6,0,,0,4,36.0,4,1.0,5,2,3,1.86,1.33,930,eng ENG,FW,eng Premier League,20-041,2006.0,1.6,2,0,0,6,1,2,1,0,2,0,0.0,0.0,0.625,0.0,1.25,3.75,0.625,True,0,-0.7345208390382241,-0.7621682875409468,0.7309665515439968,2.037286638810901,-0.4443781433169959,-1.7693801309275783,0.5789898669448386,4.486857844220624,-0.7077334233398354,1.4029047565247856,0.8020107902632498
Tyrique George,eng ENG,MF,Everton,eng Premier League,20.0,2006.0,5,1,106,1.2,0,0,0,0,0,0,0,0,0.0,931,eng ENG,MF,eng Premier League,20-041,2006.0,1.2,0,2,1,50.0,1.6666666666666667,0.8333333333333334,0.0,0.0,0,0,1172,eng ENG,MF,eng Premier League,20-041,2006.0,5,106,21,3.9,1.2,1,61.0,0,4,11.0,1,1.2,3,2,1,0.85,0.92,931,eng ENG,MF,eng Premier League,20-041,2006.0,1.2,0,0,0,2,0,0,2,1,0,0,0.0,0.0,1.6666666666666667,0.8333333333333334,0.0,1.6666666666666667,0.0,True,1,-0.7345208390382241,-0.7621682875409468,0.5079589274930938,1.0351887124050707,0.1629915141283637,-0.07502348917831153,-1.9943315785332205,0.716838123835814,-1.6134959661318016,0.47518130641512446,-1.5261355630777138
Jamie Gittens,eng ENG,MF,Chelsea,eng Premier League,21.0,2004.0,16,5,495,5.5,0,2,2,0,0,0,0,0,0.36,951,eng ENG,MF,eng Premier League,21-221,2004.0,5.5,0,10,2,20.0,1.8181818181818181,0.36363636363636365,0.0,0.0,0,0,1193,eng ENG,MF,eng Premier League,21-221,2004.0,16,495,31,18.3,5.5,5,57.0,1,11,19.0,6,2.06,7,7,0,0.0,-0.73,951,eng ENG,MF,eng Premier League,21-221,2004.0,5.5,0,0,0,6,8,2,13,2,4,0,0.0,0.36363636363636365,2.3636363636363638,0.36363636363636365,0.7272727272727273,1.0909090909090908,1.4545454545454546,True,3,-0.7345208390382241,2.565410673139587,0.670146290439205,-0.09444895008877399,0.5693770303827134,-1.0300245054369892,-0.49712637389144065,-0.3250582352523518,0.49446049709313833,1.2208564760277607,1.2308641181524345
Wilfried Gnonto,it ITA,FW,Leeds United,eng Premier League,22.0,2003.0,16,4,387,4.3,0,1,1,0,0,0,3,0,0.23,954,it ITA,FW,eng Premier League,22-132,2003.0,4.3,0,8,0,0.0,1.8604651162790697,0.0,0.0,,0,0,1197,it ITA,FW,eng Premier League,22-132,2003.0,16,387,24,14.3,4.3,4,59.0,0,12,13.0,7,0.88,6,11,-5,-1.16,-0.93,954,it ITA,FW,eng Premier League,22-132,2003.0,4.3,3,0,0,7,8,0,15,3,10,0,0.0,0.23255813953488372,3.488372093023256,0.6976744186046512,2.3255813953488373,1.627906976744186,1.8604651162790697,True,4,-0.7345208390382241,1.365934536150092,0.7154078800985849,-0.9690071404065893,1.2251821708700157,-0.35084898899795963,2.7932432037515404,0.6466982220612129,1.0827274170628889,-0.32835982602810504,3.3899220571985786
João Gomes,br BRA,MF,Wolves,eng Premier League,25.0,2001.0,29,26,2297,25.5,1,1,2,1,0,0,9,0,0.08,964,br BRA,MF,eng Premier League,25-033,2001.0,25.5,1,16,6,37.5,0.6274509803921569,0.23529411764705882,0.06,0.17,0,0,1209,br BRA,MF,eng Premier League,25-033,2001.0,29,2297,79,82.3,25.5,26,86.0,19,3,24.0,1,0.55,19,43,-24,-0.94,0.15,964,br BRA,MF,eng Premier League,25-033,2001.0,25.5,9,0,0,56,39,0,25,31,57,0,0.0392156862745098,0.0392156862745098,0.9803921568627451,1.2156862745098038,2.235294117647059,2.196078431372549,1.5294117647058822,True,4,-0.5091620336659167,-0.403311732957752,-0.6044555736549405,-0.40311654667153235,-0.23715790724740266,0.7023872052713517,2.607372653380485,1.6748666645453658,0.6029582562297159,-1.5304019128443018,1.9273601758620966
Toti Gomes,pt POR,DF,Wolves,eng Premier League,27.0,1999.0,14,13,1039,11.5,0,0,0,0,0,0,2,1,0.0,966,pt POR,DF,eng Premier League,27-060,1999.0,11.5,0,4,1,25.0,0.34782608695652173,0.08695652173913043,0.0,0.0,0,0,1211,pt POR,DF,eng Premier League,27-060,1999.0,14,1039,74,37.2,11.5,13,80.0,8,1,1.0,5,0.29,6,25,-19,-1.65,-1.08,966,pt POR,DF,eng Premier League,27-060,1999.0,11.5,2,1,0,9,8,0,10,9,7,0,0.0,0.0,0.8695652173913043,0.782608695652174,0.6086956521739131,0.782608695652174,0.6956521739130435,True,1,-0.7345208390382241,-0.7621682875409468,-0.9037762925856667,-0.7598736601131987,-0.30177831069938976,-0.17815824128478863,-0.7412359181265135,-0.8829615488144356,-0.6053428750242218,-1.2920898389750561,-1.2207135422738928
Joe Gomez,eng ENG,DF,Liverpool,eng Premier League,28.0,1997.0,16,6,500,5.6,0,2,2,0,0,0,2,0,0.36,968,eng ENG,DF,eng Premier League,28-298,1997.0,5.6,0,3,1,33.3,0.5357142857142857,0.17857142857142858,0.0,0.0,0,0,1214,eng ENG,DF,eng Premier League,28-298,1997.0,16,500,31,18.5,5.6,6,63.0,2,10,12.0,9,1.63,15,12,3,0.54,0.29,968,eng ENG,DF,eng Premier League,28-298,1997.0,5.6,2,0,0,9,0,0,15,8,3,0,0.0,0.35714285714285715,2.678571428571429,1.4285714285714286,0.5357142857142857,1.6071428571428572,0.0,True,3,-0.7345208390382241,2.5059896202702916,-0.7026538887832374,-0.5395366005183764,0.7530077527895702,1.1352312549283075,-0.8914795304711952,0.6091232746819624,-1.6134959661318016,-0.7613867145134763,0.7874338399836613
Nicolás González,es ESP,MF,Manchester City,eng Premier League,24.0,2002.0,21,15,1376,15.3,1,0,1,1,0,0,6,0,0.07,975,es ESP,MF,eng Premier League,24-073,2002.0,15.3,1,12,2,16.7,0.7843137254901961,0.13071895424836602,0.08,0.5,0,0,1227,es ESP,MF,eng Premier League,24-073,2002.0,21,1376,66,51.0,15.3,15,80.0,9,6,28.0,6,2.19,37,13,24,1.57,1.03,975,es ESP,MF,eng Premier League,24-073,2002.0,15.3,6,0,0,28,17,0,2,22,26,0,0.06535947712418301,0.0,0.13071895424836602,1.4379084967320261,1.6993464052287581,1.8300653594771241,1.1111111111111112,True,4,-0.3589228300843786,-0.7621682875409468,-0.4365439508401429,-0.6546234772204464,-0.7325810003793037,1.1542156430711563,1.5040400597637484,1.0125259450424655,-0.003251445612750275,-1.6889682967110156,0.5480534244522062
Anthony Gordon,eng ENG,FW,Newcastle United,eng Premier League,25.0,2001.0,24,22,1637,18.2,5,2,7,2,3,3,3,1,0.22,980,eng ENG,FW,eng Premier League,25-021,2001.0,18.2,5,44,19,43.2,2.417582417582418,1.043956043956044,0.05,0.11,3,3,1233,eng ENG,FW,eng Premier League,25-021,2001.0,24,1637,68,60.6,18.2,22,73.0,4,2,13.0,0,1.42,22,27,-5,-0.27,-0.7,980,eng ENG,FW,eng Premier League,25-021,2001.0,18.2,3,1,0,13,37,5,68,3,12,0,0.27472527472527475,0.10989010989010989,3.7362637362637363,0.16483516483516483,0.6593406593406593,0.7142857142857143,2.032967032967033,True,0,0.8442290337622803,0.2434187610163573,1.3117666273688766,1.5417437081706553,1.369721558811012,-1.4342326633288223,-0.6369752116876509,-1.0065994626258132,1.3327206565761327,2.8721339494792373,0.39271285297371156
Ryan Gravenberch,nl NED,MF,Liverpool,eng Premier League,23.0,2002.0,28,28,2428,27.0,4,3,7,4,0,0,5,0,0.26,996,nl NED,MF,eng Premier League,23-305,2002.0,27.0,4,31,9,29.0,1.1481481481481481,0.3333333333333333,0.13,0.44,0,0,1252,nl NED,MF,eng Premier League,23-305,2002.0,28,2428,87,89.9,27.0,28,87.0,24,0,,0,1.64,41,32,9,0.33,0.33,996,nl NED,MF,eng Premier League,23-305,2002.0,27.0,5,0,0,29,34,0,6,38,29,0,0.14814814814814814,0.1111111111111111,0.2222222222222222,1.4074074074074074,1.0740740740740742,1.0740740740740742,1.2592592592592593,True,1,0.11683464792382561,0.25459195044477173,-0.047082270144709545,-0.16732879928192534,-0.6792277441958683,1.09219997513785,0.21681870054422303,-0.3555230410736428,0.21144782378978988,-0.4709604813641289,-0.1262382952988446
Jack Grealish,eng ENG,MF,Everton,eng Premier League,30.0,1995.0,20,18,1627,18.1,2,6,8,2,0,0,5,1,0.44,998,eng ENG,MF,eng Premier League,30-188,1995.0,18.1,2,26,8,30.8,1.43646408839779,0.4419889502762431,0.08,0.25,0,0,1256,eng ENG,MF,eng Premier League,30-188,1995.0,20,1627,81,60.3,18.1,18,88.0,11,2,20.0,0,1.55,23,23,0,0.0,0.08,998,eng ENG,MF,eng Premier League,30-188,1995.0,18.1,5,1,1,13,58,0,39,11,15,0,0.11049723756906077,0.3314917127071823,2.154696132596685,0.6077348066298343,0.8287292817679557,0.718232044198895,3.2044198895027622,True,3,-0.09953193992288313,2.2712600467810864,0.2615416633484493,0.09399176495208116,0.4475492320917145,-0.5337167236850191,-0.288262111917933,-0.9994581466598121,3.0304136455308766,1.610236385306509,1.8232661624703799
Pascal Groß,de GER,MF,Brighton,eng Premier League,34.0,1991.0,11,10,916,10.2,1,1,2,1,0,0,2,0,0.2,1006,de GER,MF,eng Premier League,34-275,1991.0,10.2,1,11,4,36.4,1.0784313725490198,0.3921568627450981,0.09,0.25,0,0,1264,de GER,MF,eng Premier League,34-275,1991.0,11,916,83,33.9,10.2,10,90.0,8,1,20.0,0,1.36,9,7,2,0.2,0.15,1006,de GER,MF,eng Premier League,34-275,1991.0,10.2,2,0,0,9,10,4,67,8,11,0,0.09803921568627452,0.09803921568627452,6.568627450980393,0.7843137254901962,1.0784313725490198,0.8823529411764707,0.9803921568627452,True,3,-0.1711238256074558,0.13497309891704032,-0.1217096580623972,-0.025856150848160935,3.021201666812409,-0.17469152692826828,0.2257888842321641,-0.7024634179561142,-0.19269197743852098,0.0592169109109058,1.53882286141213
Brajan Gruda,de GER,MF,Brighton,eng Premier League,21.0,2004.0,18,8,719,8.0,1,1,2,1,0,0,2,0,0.25,1008,de GER,MF,eng Premier League,21-290,2004.0,8.0,1,16,6,37.5,2.0,0.75,0.06,0.17,0,0,1266,de GER,MF,eng Premier League,21-290,2004.0,18,719,40,26.6,8.0,8,69.0,0,10,17.0,1,1.28,14,11,3,0.38,0.38,1008,de GER,MF,eng Premier League,21-290,2004.0,8.0,2,0,0,11,14,2,14,2,5,0,0.125,0.125,1.75,0.25,0.625,1.375,1.75,True,0,-0.016189646913994604,0.38168698019298664,0.8647711259745386,0.8347691271239047,0.21158108672399242,-1.2610731384027982,-0.707670855794191,0.1890353629819406,0.9226391536857041,1.7914621203107939,0.20363009734529255
Ilia Gruev,bg BUL,MF,Leeds United,eng Premier League,25.0,2000.0,21,15,1293,14.4,0,3,3,0,0,0,3,0,0.21,1009,bg BUL,MF,eng Premier League,25-315,2000.0,14.4,0,6,1,16.7,0.41666666666666663,0.06944444444444445,0.0,0.0,0,0,1267,bg BUL,MF,eng Premier League,25-315,2000.0,21,1293,62,47.9,14.4,15,79.0,6,6,18.0,9,1.38,16,22,-6,-0.42,-0.1,1009,bg BUL,MF,eng Premier League,25-315,2000.0,14.4,3,0,0,16,9,0,16,14,13,0,0.0,0.20833333333333331,1.1111111111111112,0.9722222222222222,0.9027777777777778,1.1111111111111112,0.625,True,1,-0.7345208390382241,1.1442571586822754,-0.8300868168123249,-0.8019908193389509,-0.16093896984249473,0.20736928444656613,-0.13582164568795563,-0.28850046826680187,-0.7077334233398354,-1.0770217850758135,0.1049133428420172
Marc Guéhi,eng ENG,DF,Crystal Palace,eng Premier League,25.0,2000.0,20,20,1800,20.0,2,2,4,2,0,0,4,0,0.2,1015,eng ENG,DF,eng Premier League,25-247,2000.0,20.0,2,15,4,26.7,0.75,0.2,0.13,0.5,0,0,1274,eng ENG,DF,eng Premier League,25-247,2000.0,20,1800,90,66.7,20.0,20,90.0,20,0,,0,1.35,22,23,-1,-0.05,0.05,1015,eng ENG,DF,eng Premier League,25-247,2000.0,20.0,4,0,0,14,18,0,10,24,19,0,0.1,0.1,0.5,1.2,0.95,0.7,0.9,True,1,-0.15985588533884046,0.1529159266462,-0.4732746183308799,-0.48800013573179085,-0.517262502210439,0.6704934331913657,-0.038607279969895734,-1.0324510264227378,-0.3091979045113701,-0.9119100105224576,-0.6028914440630317
Marc Guéhi,eng ENG,DF,Manchester City,eng Premier League,25.0,2000.0,8,8,720,8.0,0,0,0,0,0,0,1,0,0.0,1016,eng ENG,DF,eng Premier League,25-247,2000.0,8.0,0,12,3,25.0,1.5,0.375,0.0,0.0,0,0,1275,eng ENG,DF,eng Premier League,25-247,2000.0,8,720,90,26.7,8.0,8,90.0,8,0,,0,2.25,15,7,8,1.0,-0.09,1016,eng ENG,DF,eng Premier League,25-247,2000.0,8.0,1,0,0,4,7,0,3,14,6,0,0.0,0.0,0.375,1.75,0.75,0.5,0.875,True,1,-0.7345208390382241,-0.7621682875409468,0.32955282825237125,-0.0671190066413423,-0.5901468611038821,1.7887688167458817,-0.4503387112463851,-1.3943729195796795,-0.34542840622304877,-1.1299875879736885,-1.178541880926725
Evann Guessand,ci CIV,MF,Crystal Palace,eng Premier League,24.0,2001.0,6,3,300,3.3,1,1,2,1,0,0,0,0,0.6,1022,ci CIV,MF,eng Premier League,24-259,2001.0,3.3,1,3,1,33.3,0.9090909090909092,0.30303030303030304,0.33,1.0,0,0,1281,ci CIV,MF,eng Premier League,24-259,2001.0,6,300,50,11.1,3.3,3,71.0,1,3,29.0,0,1.67,7,5,2,0.6,0.75,1022,ci CIV,MF,eng Premier League,24-259,2001.0,3.3,0,0,0,4,8,0,1,2,2,0,0.30303030303030304,0.30303030303030304,0.30303030303030304,0.6060606060606061,0.6060606060606061,1.2121212121212122,2.4242424242424243,True,0,1.0068881115659687,2.010814179692831,-0.3029778872374629,-0.24020864847507653,-0.6321105828910162,-0.5371207551099297,-0.7466605746650706,-0.10571163333905355,1.899764805909765,1.4327158616347013,0.5943827743462319
Evann Guessand,ci CIV,MF,Aston Villa,eng Premier League,24.0,2001.0,13,6,588,6.5,0,1,1,0,0,0,0,0,0.15,1023,ci CIV,MF,eng Premier League,24-259,2001.0,6.5,0,8,5,62.5,1.2307692307692308,0.7692307692307693,0.0,0.0,0,0,1282,ci CIV,MF,eng Premier League,24-259,2001.0,13,588,45,21.8,6.5,6,67.0,0,7,27.0,5,1.77,9,10,-1,-0.15,-0.32,1023,ci CIV,MF,eng Premier League,24-259,2001.0,6.5,0,0,0,11,12,0,10,3,9,0,0.0,0.15384615384615385,1.5384615384615385,0.46153846153846156,1.3846153846153846,1.6923076923076923,1.8461538461538463,True,0,-0.7345208390382241,0.645653580439279,0.04135836024812732,0.8810198006503277,0.08823832551970408,-0.8309672216510613,0.8561167918424756,0.7632383665482423,1.0619872371921606,0.6517145812123366,1.3813840523834808
Luis Guilherme,br BRA,FW,West Ham United,eng Premier League,20.0,2006.0,5,1,125,1.4,0,0,0,0,0,0,0,0,0.0,1030,br BRA,FW,eng Premier League,20-036,2006.0,1.4,0,1,0,0.0,0.7142857142857143,0.0,0.0,,0,0,1291,br BRA,FW,eng Premier League,20-036,2006.0,5,125,25,4.6,1.4,1,45.0,0,4,20.0,3,0.4,2,2,0,0.0,0.66,1030,br BRA,FW,eng Premier League,20-036,2006.0,1.4,0,0,0,0,0,0,0,0,1,0,0.0,0.0,0.0,0.0,0.7142857142857143,0.0,0.0,True,1,-0.7345208390382241,-0.7621682875409468,-0.5115044967396062,-0.9690071404065893,-0.8087999377842117,-1.7693801309275783,-0.5238621811171867,-2.2991776524720335,-1.6134959661318016,-1.039019258820714,-2.3589680780766336
Bruno Guimarães,br BRA,MF,Newcastle United,eng Premier League,28.0,1997.0,23,22,2017,22.4,9,4,13,7,2,2,5,0,0.49,1031,br BRA,MF,eng Premier League,28-121,1997.0,22.4,9,32,17,53.1,1.4285714285714286,0.7589285714285715,0.22,0.41,2,2,1292,br BRA,MF,eng Premier League,28-121,1997.0,23,2017,88,74.7,22.4,22,90.0,18,1,45.0,1,1.52,36,30,6,0.27,1.06,1031,br BRA,MF,eng Premier League,28-121,1997.0,22.4,5,0,0,33,52,1,62,13,35,0,0.4017857142857143,0.17857142857142858,2.7678571428571432,0.5803571428571429,1.5625,1.4732142857142858,2.3214285714285716,True,0,1.5744008499325137,0.8719106663646724,0.25309307143491877,0.8562426541183156,0.8050680091420297,-0.5893817554236246,1.2223202283143533,0.36676486408579606,1.7507649070955023,1.8467652448507716,1.8371361205870784
Marc Guiu,es ESP,FW,Sunderland,eng Premier League,20.0,2006.0,2,0,15,0.2,0,0,0,0,0,0,0,0,0.0,1035,es ESP,FW,eng Premier League,20-072,2006.0,0.2,0,1,0,0.0,5.0,0.0,0.0,,0,0,1296,es ESP,FW,eng Premier League,20-072,2006.0,2,15,8,0.6,0.2,0,,0,2,8.0,1,1.5,1,1,0,0.0,0.17,1035,es ESP,FW,eng Premier League,20-072,2006.0,0.2,0,0,0,0,0,0,0,0,0,0,0.0,0.0,0.0,0.0,0.0,0.0,0.0,True,0,-0.7345208390382241,-0.7621682875409468,4.076080912307543,-0.9690071404065893,-0.8087999377842117,-1.7693801309275783,-1.9943315785332205,-2.2991776524720335,-1.6134959661318016,1.5804009414802136,-2.9986219152280027
Marc Guiu,es ESP,FW,Chelsea,eng Premier League,20.0,2006.0,7,1,238,2.6,0,1,1,0,0,0,1,0,0.38,1036,es ESP,FW,eng Premier League,20-072,2006.0,2.6,0,11,2,18.2,4.230769230769231,0.7692307692307692,0.0,0.0,0,0,1297,es ESP,FW,eng Premier League,20-072,2006.0,7,238,34,8.8,2.6,1,75.0,0,6,27.0,15,1.86,6,1,5,1.89,1.42,1036,es ESP,FW,eng Premier League,20-072,2006.0,2.6,1,0,0,9,2,0,0,0,0,0,0.0,0.3846153846153846,0.0,0.0,0.0,3.4615384615384612,0.7692307692307692,True,0,-0.7345208390382241,2.7573863824096176,3.252668146581132,0.8810198006503275,-0.8087999377842117,-1.7693801309275783,-1.9943315785332205,3.964855113705803,-0.49871129808015086,3.580311346015454,0.7740839136845545
Joško Gvardiol,hr CRO,DF,Manchester City,eng Premier League,24.0,2002.0,16,15,1302,14.5,2,2,4,2,0,0,2,0,0.28,1047,hr CRO,DF,eng Premier League,24-053,2002.0,14.5,2,16,5,31.3,1.103448275862069,0.3448275862068966,0.13,0.4,0,0,1311,hr CRO,DF,eng Premier League,24-053,2002.0,16,1302,81,48.2,14.5,15,85.0,12,1,34.0,1,2.25,35,13,22,1.52,0.88,1047,hr CRO,DF,eng Premier League,24-053,2002.0,14.5,2,0,0,16,7,0,2,14,13,0,0.13793103448275862,0.13793103448275862,0.13793103448275862,0.9655172413793104,0.896551724137931,1.103448275862069,0.4827586206896552,True,1,0.05812047640920154,0.5000168354758073,-0.09493064925141673,-0.13968471855348855,-0.7283758176259295,0.19373652985777903,-0.1486389555696471,-0.3023672074682174,-0.9138724848028345,-0.28127336677659975,-0.7161579838096721
Viktor Gyökeres,se SWE,FW,Arsenal,eng Premier League,27.0,1998.0,29,23,1892,21.0,11,0,11,9,2,2,4,0,0.43,1048,se SWE,FW,eng Premier League,27-286,1998.0,21.0,11,43,17,39.5,2.0476190476190474,0.8095238095238095,0.21,0.53,2,2,1312,se SWE,FW,eng Premier League,27-286,1998.0,29,1892,65,67.8,21.0,23,75.0,8,6,28.0,0,2.28,46,11,35,1.66,1.26,1048,se SWE,FW,eng Premier League,27-286,1998.0,21.0,4,0,0,28,23,2,7,1,5,0,0.5238095238095238,0.0,0.3333333333333333,0.047619047619047616,0.23809523809523808,1.3333333333333333,1.0952380952380953,True,2,2.275628918434738,-0.7621682875409468,0.9157442971861735,0.977925973753309,-0.6144416474016966,-1.6725597513990489,-1.504175112727876,0.11363496857424427,-0.026254938763022356,2.7026333099279,-1.8974616725839275
Erling Haaland,no NOR,FW,Manchester City,eng Premier League,25.0,2000.0,29,28,2413,26.8,22,7,29,19,3,4,1,0,0.97,1049,no NOR,FW,eng Premier League,25-239,2000.0,26.8,22,102,49,48.0,3.8059701492537314,1.828358208955224,0.19,0.39,3,4,1313,no NOR,FW,eng Premier League,25-239,2000.0,29,2413,83,89.4,26.8,28,86.0,20,1,18.0,0,2.0,56,27,29,1.08,0.14,1049,no NOR,FW,eng Premier League,25-239,2000.0,26.8,1,0,0,19,23,3,3,3,6,0,0.8208955223880596,0.26119402985074625,0.11194029850746269,0.11194029850746269,0.22388059701492538,0.708955223880597,0.8582089552238805,True,2,3.9828780346134316,1.627977048022496,2.7979476640158003,3.428258387404068,-0.7435303626557551,-1.5417799850209604,-1.5334381853132697,-1.016245568520188,-0.3697623252831315,5.987873589844788,-1.9373106428566758
Lewis Hall,eng ENG,DF,Newcastle United,eng Premier League,21.0,2004.0,23,18,1663,18.5,1,1,2,1,0,0,3,0,0.11,1055,eng ENG,DF,eng Premier League,21-190,2004.0,18.5,1,19,3,15.8,1.027027027027027,0.16216216216216217,0.05,0.33,0,0,1320,eng ENG,DF,eng Premier League,21-190,2004.0,23,1663,72,61.6,18.5,18,88.0,14,5,18.0,3,1.39,27,30,-3,-0.16,-0.42,1055,eng ENG,DF,eng Premier League,21-190,2004.0,18.5,3,0,0,15,31,0,83,25,26,0,0.05405405405405406,0.05405405405405406,4.486486486486487,1.3513513513513513,1.4054054054054055,0.8108108108108109,1.6756756756756757,True,3,-0.42389113433585457,-0.2675281717641107,-0.1767347506740034,-0.5790014609405365,1.8071575922290992,0.9782252340712324,0.898916316923192,-0.8319267342682158,0.8149268512996325,-0.9263933365144749,1.5519166432928275
Jack Harrison,eng ENG,FW,Leeds United,eng Premier League,29.0,1996.0,11,1,269,3.0,0,0,0,0,0,0,0,0,0.0,1066,eng ENG,FW,eng Premier League,29-117,1996.0,3.0,0,6,2,33.3,2.0,0.6666666666666666,0.0,0.0,0,0,1333,eng ENG,FW,eng Premier League,29-117,1996.0,11,269,24,10.0,3.0,1,65.0,0,10,20.0,9,1.09,1,5,-4,-1.34,-1.08,1066,eng ENG,FW,eng Premier League,29-117,1996.0,3.0,0,0,0,1,4,0,17,4,2,0,0.0,0.0,5.666666666666667,1.3333333333333333,0.6666666666666666,0.3333333333333333,1.3333333333333333,True,3,-0.7345208390382241,-0.7621682875409468,0.8647711259745386,0.6343495418427386,2.4952909987185445,0.9415904958712482,-0.6218934742782558,-1.6959744972104642,0.31879745849105984,0.21693338819910252,0.4936241989609681
Quilindschy Hartman,nl NED,DF,Burnley,eng Premier League,24.0,2001.0,16,16,1410,15.7,0,4,4,0,0,0,1,0,0.26,1068,nl NED,DF,eng Premier League,24-123,2001.0,15.7,0,6,2,33.3,0.3821656050955414,0.12738853503184713,0.0,0.0,0,0,1335,nl NED,DF,eng Premier League,24-123,2001.0,16,1410,88,52.2,15.7,16,88.0,13,0,,7,0.69,16,28,-12,-0.77,0.21,1068,nl NED,DF,eng Premier League,24-123,2001.0,15.7,1,0,0,9,3,1,65,21,21,0,0.0,0.25477707006369427,4.140127388535032,1.337579617834395,1.337579617834395,0.5732484076433121,0.1910828025477707,True,3,-0.7345208390382241,1.569256461980446,-0.8670180156997356,-0.6626332520786922,1.605204305820275,0.9502241602878054,0.7592862739528558,-1.2618219077546848,-1.3365749339406272,-1.4695908258425163,1.1694685468049049
Jorrel Hato,nl NED,DF,Chelsea,eng Premier League,20.0,2006.0,15,5,557,6.2,0,0,0,0,0,0,4,0,0.0,1072,nl NED,DF,eng Premier League,20-010,2006.0,6.2,0,4,0,0.0,0.6451612903225806,0.0,0.0,,0,0,1340,nl NED,DF,eng Premier League,20-010,2006.0,15,557,37,20.6,6.2,5,66.0,1,10,23.0,12,1.67,10,13,-3,-0.48,-1.37,1072,nl NED,DF,eng Premier League,20-010,2006.0,6.2,4,0,0,10,1,0,6,9,10,0,0.0,0.0,0.9677419354838709,1.4516129032258065,1.6129032258064515,1.6129032258064515,0.16129032258064516,True,4,-0.7345208390382241,-0.7621682875409468,-0.5854978097887538,-0.9690071404065893,-0.24453393344787763,1.1820798256679186,1.3260831898255652,0.6195472923420122,-1.379750793798391,-2.339394041935516,0.14869476847480412
Ayden Heaven,eng ENG,DF,Manchester Utd,eng Premier League,19.0,2006.0,13,8,645,7.2,0,1,1,0,0,0,2,0,0.14,1075,eng ENG,DF,eng Premier League,19-176,2006.0,7.2,0,3,0,0.0,0.41666666666666663,0.0,0.0,,0,0,1344,eng ENG,DF,eng Premier League,19-176,2006.0,13,645,50,23.9,7.2,8,76.0,4,5,8.0,17,1.85,14,12,2,0.28,-0.2,1075,eng ENG,DF,eng Premier League,19-176,2006.0,7.2,2,0,0,5,5,0,1,1,9,1,0.0,0.1388888888888889,0.1388888888888889,0.1388888888888889,1.25,0.6944444444444444,0.6944444444444444,True,1,-0.7345208390382241,0.5087820099412015,-0.8300868168123249,-0.9690071404065893,-0.7278173167914971,-1.4869873573027004,0.5789898669448386,-1.042504412343764,-0.6070931408073946,-0.9597274270335895,-0.44497007791995913
Jan Paul van Hecke,nl NED,DF,Brighton,eng Premier League,25.0,2000.0,28,28,2490,27.7,3,2,5,3,0,0,7,0,0.18,1076,nl NED,DF,eng Premier League,25-282,2000.0,27.7,3,18,8,44.4,0.6498194945848376,0.2888086642599278,0.17,0.38,0,0,1345,nl NED,DF,eng Premier League,25-282,2000.0,28,2490,89,92.2,27.7,28,89.0,27,0,,0,1.39,39,34,5,0.18,1.04,1076,nl NED,DF,eng Premier League,25-282,2000.0,27.7,7,0,0,22,33,3,18,31,23,1,0.10830324909747292,0.07220216606498195,0.6498194945848376,1.1191335740072204,0.8303249097472925,0.7942238267148015,1.1913357400722022,True,1,-0.11214002275730324,-0.10145766357910802,-0.5805114974773792,-0.27441218780760246,-0.42990651970999455,0.5060735540208956,-0.2849772609593473,-0.8619426976971748,0.11301169666299352,-0.6658990032828266,-0.5935440750979414
George Hemmings,eng ENG,MF,Aston Villa,eng Premier League,19.0,2007.0,2,0,27,0.3,0,0,0,0,0,0,0,0,0.0,1081,eng ENG,MF,eng Premier League,19-013,2007.0,0.3,0,1,0,0.0,3.3333333333333335,0.0,0.0,,0,0,1352,eng ENG,MF,eng Premier League,19-013,2007.0,2,27,14,1.0,0.3,0,,0,2,14.0,9,0.0,1,0,1,3.33,3.27,1081,eng ENG,MF,eng Premier League,19-013,2007.0,0.3,0,0,0,1,0,0,0,0,0,0,0.0,0.0,0.0,0.0,0.0,3.3333333333333335,0.0,True,0,-0.7345208390382241,-0.7621682875409468,2.292019919900319,-0.9690071404065893,-0.8087999377842117,-1.7693801309275783,-1.9943315785332205,3.732853900143662,-1.6134959661318016,1.0716693936653332,-1.0257082310300205
Jordan Henderson,eng ENG,MF,Brentford,eng Premier League,35.0,1990.0,28,20,1730,19.2,1,3,4,1,0,0,4,0,0.21,1083,eng ENG,MF,eng Premier League,35-273,1990.0,19.2,1,6,1,16.7,0.3125,0.052083333333333336,0.17,1.0,0,0,1354,eng ENG,MF,eng Premier League,35-273,1990.0,28,1730,62,64.1,19.2,20,79.0,9,8,18.0,1,1.5,27,26,1,0.05,-0.23,1083,eng ENG,MF,eng Premier League,35-273,1990.0,19.2,4,0,0,13,7,1,44,16,13,0,0.052083333333333336,0.15625,2.291666666666667,0.8333333333333334,0.6770833333333334,0.6770833333333334,0.36458333333333337,True,1,-0.43521617565312837,0.66765079712647,-0.9415906288377764,-0.8437448996058605,0.5274133085955796,-0.07502348917831153,-0.6004491288992718,-1.0739212433469705,-1.085134482836488,-0.9868228966923857,-0.4079027107079283
Rico Henry,jm JAM,DF,Brentford,eng Premier League,28.0,1997.0,25,14,1328,14.8,0,1,1,0,0,0,2,0,0.07,1087,jm JAM,DF,eng Premier League,28-252,1997.0,14.8,0,5,0,0.0,0.33783783783783783,0.0,0.0,,0,0,1358,jm JAM,DF,eng Premier League,28-252,1997.0,25,1328,53,49.2,14.8,14,80.0,6,11,19.0,4,1.64,28,22,6,0.41,0.54,1087,jm JAM,DF,eng Premier League,28-252,1997.0,14.8,2,0,0,15,17,2,26,7,11,0,0.0,0.06756756756756756,1.7567567567567566,0.47297297297297297,0.7432432432432432,1.0135135135135134,1.1486486486486487,True,1,-0.7345208390382241,-0.1438681428199018,-0.9144680799667206,-0.9690071404065893,0.21552078179931358,-0.8077182531779945,-0.4642485568976179,-0.4651140047172617,0.05114870710748793,-0.876526973642142,-0.19565080530158213
Aaron Hickey,sct SCO,DF,Brentford,eng Premier League,23.0,2002.0,18,7,599,6.7,0,0,0,0,0,0,1,0,0.0,1099,sct SCO,DF,eng Premier League,23-280,2002.0,6.7,0,5,1,20.0,0.7462686567164178,0.14925373134328357,0.0,0.0,0,0,1376,sct SCO,DF,eng Premier League,23-280,2002.0,18,599,33,22.2,6.7,7,69.0,1,11,10.0,5,1.5,8,8,0,0.0,-0.17,1099,sct SCO,DF,eng Premier League,23-280,2002.0,6.7,1,0,0,6,8,0,4,7,6,0,0.0,0.0,0.5970149253731343,1.044776119402985,0.8955223880597015,0.8955223880597015,1.1940298507462686,True,1,-0.7345208390382241,-0.7621682875409468,-0.4772687847317917,-0.6100466891567398,-0.46069553709911004,0.3548878975341887,-0.15075800565341696,-0.6786318622170707,0.11691605591852199,-1.1939097543747554,-0.6332770650765976
James Hill,eng ENG,DF,Bournemouth,eng Premier League,24.0,2002.0,21,14,1386,15.4,0,3,3,0,0,0,2,0,0.19,1104,eng ENG,DF,eng Premier League,24-066,2002.0,15.4,0,8,1,12.5,0.5194805194805194,0.06493506493506493,0.0,0.0,0,0,1381,eng ENG,DF,eng Premier League,24-066,2002.0,21,1386,66,51.3,15.4,14,88.0,12,7,23.0,5,1.67,20,16,4,0.26,0.67,1104,eng ENG,DF,eng Premier League,24-066,2002.0,15.4,2,0,0,11,10,1,9,27,12,0,0.0,0.19480519480519481,0.5844155844155844,1.7532467532467533,0.7792207792207793,0.7142857142857143,0.6493506493506493,True,1,-0.7345208390382241,1.0204632985379105,-0.7200311062417494,-0.8128360349926937,-0.46804189620447745,1.7953702062591905,-0.39018314498845635,-1.0065994626258132,-0.6724439736206678,-1.627257365837216,-0.3359170882319405
Piero Hincapié,ec ECU,DF,Arsenal,eng Premier League,24.0,2002.0,21,17,1503,16.7,1,2,3,1,0,0,2,0,0.18,1106,ec ECU,DF,eng Premier League,24-067,2002.0,16.7,1,2,1,50.0,0.11976047904191617,0.059880239520958084,0.5,1.0,0,0,1383,ec ECU,DF,eng Premier League,24-067,2002.0,21,1503,72,53.9,16.7,17,84.0,12,4,17.0,2,2.33,37,16,21,1.26,0.0,1106,ec ECU,DF,eng Premier League,24-067,2002.0,16.7,2,0,0,16,12,0,28,20,21,1,0.059880239520958084,0.11976047904191617,1.6766467065868265,1.1976047904191618,1.25748502994012,0.9580838323353293,0.718562874251497,True,1,-0.3904100883200303,0.33374095100653434,-1.1479060654597197,-0.8249930671506617,0.1688106246188582,0.665623426077356,0.5943989773968033,-0.5654200804627321,-0.5721402283110978,-1.599993588277454,0.2591486649657197
Jack Hinshelwood,eng ENG,MF,Brighton,eng Premier League,20.0,2005.0,19,12,1094,12.2,1,2,3,1,0,0,0,0,0.25,1108,eng ENG,MF,eng Premier League,20-340,2005.0,12.2,1,22,7,31.8,1.8032786885245902,0.5737704918032788,0.05,0.14,0,0,1386,eng ENG,MF,eng Premier League,20-340,2005.0,19,1094,58,40.5,12.2,12,72.0,4,7,32.0,2,1.21,13,16,-3,-0.25,-0.58,1108,eng ENG,MF,eng Premier League,20-340,2005.0,12.2,0,0,0,25,6,2,4,5,10,1,0.0819672131147541,0.1639344262295082,0.3278688524590164,0.4098360655737705,0.819672131147541,2.0491803278688527,0.49180327868852464,True,0,-0.26348399174364734,0.7379697685035562,0.6541934350674564,0.41093098775881615,-0.6176278488833771,-0.9360899792476111,-0.3069076798590834,1.4090384659392547,-0.9007647849184509,0.8323760509857955,-0.12624849334374041
Harry Howell,eng ENG,MF,Brighton,eng Premier League,17.0,2008.0,3,1,94,1.0,0,0,0,0,0,0,0,0,0.0,1122,eng ENG,MF,eng Premier League,17-169,2008.0,1.0,0,0,0,,0.0,0.0,,,0,0,1401,eng ENG,MF,eng Premier League,17-169,2008.0,3,94,31,3.5,1.0,1,70.0,0,2,12.0,4,0.0,0,2,-2,-1.91,-2.09,1122,eng ENG,MF,eng Premier League,17-169,2008.0,1.0,0,0,0,0,0,1,4,0,0,0,0.0,0.0,4.0,0.0,0.0,0.0,0.0,True,1,-0.7345208390382241,-0.7621682875409468,-1.276102064914131,-0.9690071404065893,1.5234995468059689,-1.7693801309275783,-1.9943315785332205,-2.2991776524720335,-1.6134959661318016,-0.8369020348793889,-1.8030288604694573
Callum Hudson-Odoi,eng ENG,MF,Nottingham Forest,eng Premier League,25.0,2000.0,28,19,1682,18.7,3,2,5,3,0,0,0,0,0.27,1126,eng ENG,MF,eng Premier League,25-130,2000.0,18.7,3,28,10,35.7,1.4973262032085561,0.5347593582887701,0.11,0.3,0,0,1405,eng ENG,MF,eng Premier League,25-130,2000.0,28,1682,60,62.3,18.7,19,74.0,3,9,31.0,0,0.93,18,25,-7,-0.37,0.33,1126,eng ENG,MF,eng Premier League,25-130,2000.0,18.7,0,0,0,11,11,2,86,8,6,0,0.16042780748663102,0.10695187165775401,4.598930481283423,0.42780748663101603,0.32085561497326204,0.5882352941176471,0.5882352941176471,True,3,0.18740154657576027,0.21653140677685717,0.3266906983180281,0.31710784535490383,1.872720860006638,-0.8995499832915911,-1.3337998706030234,-1.2347014961280873,-0.7610135729158333,1.034552514738201,-0.3529527048358456
Will Hughes,eng ENG,MF,Crystal Palace,eng Premier League,30.0,1995.0,27,15,1301,14.5,0,0,0,0,0,0,7,0,0.0,1127,eng ENG,MF,eng Premier League,30-334,1995.0,14.5,0,17,0,0.0,1.1724137931034482,0.0,0.0,,0,0,1406,eng ENG,MF,eng Premier League,30-334,1995.0,27,1301,48,48.2,14.5,15,74.0,7,12,16.0,3,1.3,10,13,-3,-0.21,-0.27,1127,eng ENG,MF,eng Premier League,30-334,1995.0,14.5,7,0,0,20,19,0,38,11,15,0,0.0,0.0,2.6206896551724137,0.7586206896551724,1.0344827586206897,1.3793103448275863,1.3103448275862069,True,4,-0.7345208390382241,-0.7621682875409468,-0.021107435772497175,-0.9690071404065893,0.7192583452231481,-0.22693132602479765,0.13531375565551815,0.19683540378273692,0.2854820546182519,-0.8212550437776578,0.5015183049045282
Omari Hutchinson,eng ENG,MF,Nottingham Forest,eng Premier League,22.0,2003.0,23,11,1208,13.4,1,3,4,1,0,0,0,0,0.3,1132,eng ENG,MF,eng Premier League,22-138,2003.0,13.4,1,21,9,42.9,1.5671641791044775,0.6716417910447761,0.05,0.11,0,0,1412,eng ENG,MF,eng Premier League,22-138,2003.0,23,1208,53,44.7,13.4,11,80.0,8,12,27.0,5,0.96,12,17,-5,-0.37,0.23,1132,eng ENG,MF,eng Premier League,22-138,2003.0,13.4,0,0,0,17,16,6,113,7,8,0,0.07462686567164178,0.22388059701492538,8.432835820895523,0.5223880597014925,0.5970149253731343,1.2686567164179103,1.1940298507462686,True,3,-0.30566639597898265,1.2865277143705758,0.40144782346878166,0.6463148902177336,4.108174721892849,-0.7072461166966948,-0.765282529946685,-0.003404449610836459,0.11691605591852199,1.5184145918120948,2.4077423690300206
Igor,br BRA,DF,West Ham United,eng Premier League,28.0,1998.0,4,1,105,1.2,0,0,0,0,0,0,0,0,0.0,1150,br BRA,DF,eng Premier League,28-038,1998.0,1.2,0,0,0,,0.0,0.0,,,0,0,1431,br BRA,DF,eng Premier League,28-038,1998.0,4,105,26,3.9,1.2,1,90.0,1,3,5.0,9,2.0,4,3,1,0.86,1.55,1150,br BRA,DF,eng Premier League,28-038,1998.0,1.2,0,0,0,1,0,0,0,1,0,0,0.0,0.0,0.0,0.8333333333333334,0.0,0.8333333333333334,0.0,True,1,-0.7345208390382241,-0.7621682875409468,-1.276102064914131,-0.9690071404065893,-0.8087999377842117,-0.07502348917831153,-1.9943315785332205,-0.7911697643181098,-1.6134959661318016,-1.554147345317788,-2.4574771539041866
Tim Iroegbunam,eng ENG,MF,Everton,eng Premier League,22.0,2003.0,22,13,1108,12.3,0,2,2,0,0,0,8,0,0.16,1162,eng ENG,MF,eng Premier League,22-260,2003.0,12.3,0,8,0,0.0,0.6504065040650406,0.0,0.0,,0,0,1446,eng ENG,MF,eng Premier League,22-260,2003.0,22,1108,50,41.0,12.3,13,77.0,5,9,11.0,5,1.45,11,10,1,0.08,0.19,1162,eng ENG,MF,eng Premier League,22-260,2003.0,12.3,8,0,0,22,19,0,2,19,36,0,0.0,0.16260162601626016,0.16260162601626016,1.5447154471544715,2.926829268292683,1.7886178861788617,1.5447154471544715,True,4,-0.7345208390382241,0.7257735241454707,-0.579883141047897,-0.9690071404065893,-0.7139910156463994,1.3713785220710624,4.031006440147112,0.937522205029071,0.6251366599556599,-2.306818937576242,2.7015552957079527
Andy Irving,sct SCO,MF,West Ham United,eng Premier League,25.0,2000.0,7,2,158,1.8,0,0,0,0,0,0,0,0,0.0,1164,sct SCO,MF,eng Premier League,25-308,2000.0,1.8,0,0,0,,0.0,0.0,,,0,0,1448,sct SCO,MF,eng Premier League,25-308,2000.0,7,158,23,5.9,1.8,2,62.0,0,5,7.0,8,0.71,3,4,-1,-0.57,0.07,1164,sct SCO,MF,eng Premier League,25-308,2000.0,1.8,0,0,0,1,0,0,12,1,4,0,0.0,0.0,6.666666666666666,0.5555555555555556,2.2222222222222223,0.5555555555555556,0.0,True,3,-0.7345208390382241,-0.7621682875409468,-1.276102064914131,-0.9690071404065893,3.078365869866089,-0.6398090364280671,2.580462102316662,-1.2938390603694179,-1.6134959661318016,-2.229127807881636,1.7170166377098186
Alexander Isak,se SWE,FW,Liverpool,eng Premier League,26.0,1999.0,10,6,504,5.6,2,1,3,2,0,0,0,0,0.54,1166,se SWE,FW,eng Premier League,26-177,1999.0,5.6,2,15,4,26.7,2.678571428571429,0.7142857142857143,0.13,0.5,0,0,1450,se SWE,FW,eng Premier League,26-177,1999.0,10,504,50,18.7,5.6,6,74.0,0,4,15.0,1,1.4,4,7,-3,-0.54,-1.03,1166,se SWE,FW,eng Premier League,26-177,1999.0,5.6,0,0,0,5,0,0,2,0,5,0,0.35714285714285715,0.17857142857142858,0.35714285714285715,0.0,0.8928571428571429,0.8928571428571429,0.0,True,2,1.3178539956024315,0.8719106663646724,1.5911388157403377,0.7488750191462622,-0.6005589123743741,-1.7693801309275783,-0.15624483176317824,-0.683454915164258,-1.6134959661318016,2.17838183508355,-1.285632632363493
Wilson Isidor,fr FRA,FW,Sunderland,eng Premier League,25.0,2000.0,26,11,1068,11.9,4,0,4,4,0,0,1,0,0.34,1169,fr FRA,FW,eng Premier League,25-202,2000.0,11.9,4,38,14,36.8,3.1932773109243695,1.1764705882352942,0.11,0.29,0,0,1453,fr FRA,FW,eng Premier League,25-202,2000.0,26,1068,41,39.6,11.9,11,71.0,0,15,19.0,2,1.38,14,15,-1,-0.08,0.14,1169,fr FRA,FW,eng Premier League,25-202,2000.0,11.9,1,0,0,13,4,10,0,0,6,0,0.3361344537815126,0.0,0.0,0.0,0.5042016806722689,1.0924369747899159,0.3361344537815126,True,2,1.197126064152981,-0.7621682875409468,2.1420988281013917,1.8604458282686955,-0.8087999377842117,-1.7693801309275783,-0.9563531803571967,-0.3222933621189909,-1.1263631700083914,2.855701580531345,-2.1819278575467207
Alex Iwobi,ng NGA,MF,Fulham,eng Premier League,29.0,1996.0,24,24,2041,22.7,4,3,7,4,0,0,2,0,0.31,1173,ng NGA,MF,eng Premier League,29-318,1996.0,22.7,4,27,11,40.7,1.1894273127753305,0.4845814977973568,0.15,0.36,0,0,1458,ng NGA,MF,eng Premier League,29-318,1996.0,24,2041,85,75.6,22.7,24,85.0,9,0,,0,1.25,30,36,-6,-0.26,-0.67,1173,ng NGA,MF,eng Premier League,29-318,1996.0,22.7,2,0,0,5,8,1,71,11,14,0,0.1762114537444934,0.13215859030837004,3.1277533039647576,0.4845814977973568,0.6167400881057269,0.22026431718061676,0.3524229074889868,True,3,0.2781046300355796,0.4471941100632119,-0.0028955416984022047,0.19642833347508082,1.0149144169063482,-0.7841154758134673,-0.7246751825264248,-1.9005852591273844,-1.1027576160112214,0.5245686224683029,-0.7933263868692254
Daniel James,wls WAL,FW,Leeds United,eng Premier League,28.0,1997.0,14,4,408,4.5,0,0,0,0,0,0,0,0,0.0,1182,wls WAL,FW,eng Premier League,28-127,1997.0,4.5,0,10,2,20.0,2.2222222222222223,0.4444444444444444,0.0,0.0,0,0,1469,wls WAL,FW,eng Premier League,28-127,1997.0,14,408,29,15.1,4.5,4,62.0,0,10,16.0,3,0.79,0,13,-13,-2.87,-2.95,1182,wls WAL,FW,eng Premier League,28-127,1997.0,4.5,0,0,0,1,6,1,35,1,3,0,0.0,0.0,7.777777777777778,0.2222222222222222,0.6666666666666666,0.2222222222222222,1.3333333333333333,True,3,-0.7345208390382241,-0.7621682875409468,1.1026459249621687,0.09989731442629599,3.7262268378078063,-1.3175516931277738,-0.6218934742782558,-1.8970422156309872,0.31879745849105984,0.9767442448049034,0.9701558065173371
Vitaly Janelt,de GER,MF,Brentford,eng Premier League,27.0,1998.0,22,13,1261,14.0,1,4,5,1,0,0,7,0,0.36,1184,de GER,MF,eng Premier League,27-311,1998.0,14.0,1,12,3,25.0,0.8571428571428571,0.21428571428571427,0.08,0.33,0,0,1473,de GER,MF,eng Premier League,27-311,1998.0,22,1261,57,46.7,14.0,13,83.0,10,9,20.0,2,1.5,24,16,8,0.57,0.82,1184,de GER,MF,eng Premier League,27-311,1998.0,14.0,7,0,0,17,12,0,53,26,16,0,0.07142857142857142,0.2857142857142857,3.7857142857142856,1.8571428571428572,1.1428571428571428,1.2142857142857142,0.8571428571428571,True,3,-0.32404587211009295,1.8523580387080438,-0.3585849831047012,-0.45364249254073385,1.3985549315600663,2.006614670685073,0.35841945733243336,-0.10179472973345917,-0.371307336017105,-0.8737178586163595,1.7427511313605797
Mathias Jensen,dk DEN,MF,Brentford,eng Premier League,30.0,1996.0,28,18,1563,17.4,2,1,3,2,0,0,3,0,0.17,1195,dk DEN,MF,eng Premier League,30-075,1996.0,17.4,2,22,6,27.3,1.264367816091954,0.3448275862068966,0.09,0.33,0,0,1486,dk DEN,MF,eng Premier League,30-075,1996.0,28,1563,56,57.9,17.4,18,80.0,7,10,13.0,2,1.61,27,23,4,0.23,0.23,1195,dk DEN,MF,eng Premier League,30-075,1996.0,17.4,3,0,0,15,7,2,90,11,19,0,0.1149425287356322,0.0574712643678161,5.172413793103448,0.632183908045977,1.0919540229885059,0.8620689655172414,0.40229885057471265,True,3,-0.07398640949870265,-0.2362578196172992,0.07732351553272913,-0.13968471855348855,2.207104568151367,-0.4840061268419277,0.2536273853326704,-0.739169492312802,-1.0304763983576624,-0.10122432444249682,0.5899036726524098
Gabriel Jesus,br BRA,FW,Arsenal,eng Premier League,28.0,1997.0,11,2,313,3.5,2,0,2,2,0,0,2,0,0.58,1198,br BRA,FW,eng Premier League,28-348,1997.0,3.5,2,14,9,64.3,4.0,2.5714285714285716,0.14,0.22,0,0,1489,br BRA,FW,eng Premier League,28-348,1997.0,11,313,28,11.2,3.5,2,58.0,0,9,22.0,7,2.18,6,6,0,0.0,-1.42,1198,br BRA,FW,eng Premier League,28-348,1997.0,3.5,2,0,0,6,1,5,0,1,0,0,0.5714285714285714,0.0,0.0,0.2857142857142857,0.0,1.7142857142857142,0.2857142857142857,True,2,2.549278896386825,-0.7621682875409468,3.0056443168632083,5.215368633983676,-0.8087999377842117,-1.1884578537564012,-1.9943315785332205,0.8030100031588951,-1.1994330894269027,5.643532686790359,-2.7297413772369024
Igor Jesus,br BRA,FW,Nottingham Forest,eng Premier League,25.0,2001.0,29,21,1730,19.2,2,3,5,2,0,0,0,0,0.26,1199,br BRA,FW,eng Premier League,25-020,2001.0,19.2,2,53,11,20.8,2.760416666666667,0.5729166666666667,0.04,0.18,0,0,1490,br BRA,FW,eng Premier League,25-020,2001.0,29,1730,60,64.1,19.2,21,74.0,4,8,21.0,0,1.0,19,31,-12,-0.62,-0.35,1199,br BRA,FW,eng Premier League,25-020,2001.0,19.2,0,0,0,32,33,10,8,1,11,0,0.10416666666666667,0.15625,0.4166666666666667,0.052083333333333336,0.5729166666666667,1.6666666666666667,1.71875,True,0,-0.13591151226803283,0.66765079712647,1.6787489537603353,0.4088775084014271,-0.5658520748060678,-1.663482840818249,-0.8148925826891099,0.716838123835814,0.8773510265461059,2.1248913930980113,0.024208784484672244
Raúl Jiménez,mx MEX,FW,Fulham,eng Premier League,34.0,1991.0,29,25,1965,21.8,8,3,11,5,3,3,5,0,0.37,1204,mx MEX,FW,eng Premier League,34-316,1991.0,21.8,8,61,16,26.2,2.7981651376146788,0.7339449541284403,0.08,0.31,3,3,1495,mx MEX,FW,eng Premier League,34-316,1991.0,29,1965,68,72.8,21.8,25,76.0,10,4,17.0,0,1.41,31,26,5,0.23,1.21,1204,mx MEX,FW,eng Premier League,34-316,1991.0,21.8,5,0,0,41,28,19,5,7,17,0,0.36697247706422015,0.13761467889908258,0.2293577981651376,0.3211009174311926,0.7798165137614679,1.8807339449541285,1.2844036697247705,True,0,1.3743413763723575,0.49712191546888823,1.7191562984851545,0.7961561795009275,-0.6750671691723894,-1.1165087643819893,-0.38895673181296353,1.1042162969395743,0.24788760804618404,2.5389682880903535,-0.23457563154130254
Jamaldeen Jimoh,eng ENG,MF,Aston Villa,eng Premier League,19.0,2006.0,1,0,9,0.1,0,0,0,0,0,0,0,0,0.0,1205,eng ENG,MF,eng Premier League,19-166,2006.0,0.1,0,0,0,,0.0,0.0,,,0,0,1496,eng ENG,MF,eng Premier League,19-166,2006.0,1,9,9,0.3,0.1,0,,0,1,9.0,8,0.0,1,0,1,10.0,9.93,1205,eng ENG,MF,eng Premier League,19-166,2006.0,0.1,0,0,0,0,1,0,0,0,0,0,0.0,0.0,0.0,0.0,0.0,0.0,10.0,True,0,-0.7345208390382241,-0.7621682875409468,-1.276102064914131,-0.9690071404065893,-0.8087999377842117,-1.7693801309275783,-1.9943315785332205,-2.2991776524720335,12.878704718539659,2.2043199693823876,2.515316591369342
Joelinton,br BRA,MF,Newcastle United,eng Premier League,29.0,1996.0,23,19,1598,17.8,2,1,3,2,0,0,8,0,0.17,1207,br BRA,MF,eng Premier League,29-215,1996.0,17.8,2,27,10,37.0,1.5168539325842696,0.5617977528089887,0.07,0.2,0,0,1499,br BRA,MF,eng Premier League,29-215,1996.0,23,1598,69,59.2,17.8,19,79.0,10,4,24.0,3,1.57,28,22,6,0.34,0.83,1207,br BRA,MF,eng Premier League,29-215,1996.0,17.8,8,0,0,36,27,1,10,19,18,0,0.11235955056179775,0.056179775280898875,0.5617977528089887,1.0674157303370786,1.0112359550561798,2.0224719101123596,1.5168539325842696,True,4,-0.08882987982543356,-0.24807603237962841,0.34759389446772515,0.382136131151833,-0.48122978545413014,0.4009193877175497,0.08745655713442281,1.3607066603509725,0.5847591939026334,0.2613210305349623,0.3819012047095185
Brennan Johnson,wls WAL,MF,Crystal Palace,eng Premier League,24.0,2001.0,11,7,626,7.0,0,1,1,0,0,0,3,0,0.14,1214,wls WAL,MF,eng Premier League,24-298,2001.0,7.0,0,11,3,27.3,1.5714285714285714,0.42857142857142855,0.0,0.0,0,0,1506,wls WAL,MF,eng Premier League,24-298,2001.0,11,626,57,23.2,7.0,7,79.0,3,4,19.0,0,1.09,4,8,-4,-0.58,-0.66,1214,wls WAL,MF,eng Premier League,24-298,2001.0,7.0,3,0,0,11,5,3,27,1,4,0,0.0,0.14285714285714285,3.857142857142857,0.14285714285714285,0.5714285714285714,1.5714285714285714,0.7142857142857143,True,3,-0.7345208390382241,0.5450948755835485,0.4060125850698237,0.06172215532512151,1.4402031366420343,-1.4789189923419896,-0.8179560606003936,0.5444943651896511,-0.5783387743695544,0.8013679597527364,0.5736393750461066
Curtis Jones,eng ENG,MF,Liverpool,eng Premier League,25.0,2001.0,26,11,1273,14.1,0,1,1,0,0,0,1,0,0.07,1217,eng ENG,MF,eng Premier League,25-046,2001.0,14.1,0,18,5,27.8,1.2765957446808511,0.3546099290780142,0.0,0.0,0,0,1509,eng ENG,MF,eng Premier League,25-046,2001.0,26,1273,49,47.1,14.1,11,83.0,4,15,24.0,2,1.5,25,25,0,0.0,-0.57,1217,eng ENG,MF,eng Premier League,25-046,2001.0,14.1,1,0,0,10,19,0,8,7,15,0,0.0,0.07092198581560284,0.5673758865248227,0.49645390070921985,1.0638297872340425,0.7092198581560284,1.3475177304964538,True,1,-0.7345208390382241,-0.11317239095431786,0.0904127377807646,-0.11615784133779777,-0.4779773158565264,-0.7599761741407811,0.19572922612895735,-1.0157666838303963,0.3393537715189626,-0.17335786992172458,-0.35246591372623215
Hamed Junior Traorè,ci CIV,MF,Bournemouth,eng Premier League,26.0,2000.0,1,0,17,0.2,0,1,1,0,0,0,0,0,5.29,1228,ci CIV,MF,eng Premier League,26-029,2000.0,0.2,0,0,0,,0.0,0.0,,,0,0,1526,ci CIV,MF,eng Premier League,26-029,2000.0,1,17,17,0.6,0.2,0,,0,1,17.0,0,0.0,1,2,-1,-5.29,-5.26,1228,ci CIV,MF,eng Premier League,26-029,2000.0,0.2,0,0,0,0,0,0,1,0,0,0,0.0,5.0,5.0,0.0,0.0,0.0,0.0,True,3,-0.7345208390382241,44.99204242181639,-1.276102064914131,-0.9690071404065893,2.106574417953514,-1.7693801309275783,-1.9943315785332205,-2.2991776524720335,-1.6134959661318016,10.485318732240835,16.741443262322505
Arnaud Kalimuendo,fr FRA,FW,Nottingham Forest,eng Premier League,24.0,2002.0,9,0,96,1.1,0,0,0,0,0,0,0,0,0.0,1244,fr FRA,FW,eng Premier League,24-056,2002.0,1.1,0,4,1,25.0,3.6363636363636362,0.9090909090909091,0.0,0.0,0,0,1545,fr FRA,FW,eng Premier League,24-056,2002.0,9,96,11,3.6,1.1,0,,0,9,11.0,9,0.22,0,3,-3,-2.81,-2.4,1244,fr FRA,FW,eng Premier League,24-056,2002.0,1.1,0,0,0,2,0,1,2,0,1,0,0.0,0.0,1.8181818181818181,0.0,0.9090909090909091,1.8181818181818181,0.0,True,0,-0.7345208390382241,-0.7621682875409468,2.616394645792541,1.2173883353879487,0.2513361915749614,-1.7693801309275783,-0.12282507273099581,0.9910213762274364,-1.6134959661318016,1.7477954788919599,-0.5796880012482193
Daichi Kamada,jp JPN,MF,Crystal Palace,eng Premier League,29.0,1996.0,20,17,1479,16.4,0,0,0,0,0,0,2,0,0.0,1249,jp JPN,MF,eng Premier League,29-224,1996.0,16.4,0,16,4,25.0,0.9756097560975611,0.24390243902439027,0.0,0.0,0,0,1551,jp JPN,MF,eng Premier League,29-224,1996.0,20,1479,74,54.8,16.4,17,83.0,5,3,23.0,0,1.7,25,17,8,0.49,1.22,1249,jp JPN,MF,eng Premier League,29-224,1996.0,16.4,2,0,0,26,20,1,31,10,28,0,0.0,0.0,1.8902439024390245,0.6097560975609757,1.707317073170732,1.5853658536585367,1.2195121951219514,True,4,-0.7345208390382241,-0.7621682875409468,-0.23177367911477986,-0.3824132322665912,0.29335378206785556,-0.5296069784281147,1.520448932363641,0.5697154030403093,0.1538455807793525,-0.9262240099591172,0.9490752293270796
Boubacar Kamara,fr FRA,MF,Aston Villa,eng Premier League,26.0,1999.0,18,17,1411,15.7,1,3,4,1,0,0,5,0,0.26,1253,fr FRA,MF,eng Premier League,26-114,1999.0,15.7,1,7,4,57.1,0.445859872611465,0.25477707006369427,0.14,0.25,0,0,1555,fr FRA,MF,eng Premier League,26-114,1999.0,18,1411,78,52.3,15.7,17,82.0,9,1,19.0,0,2.33,26,15,11,0.7,1.26,1253,fr FRA,MF,eng Premier League,26-114,1999.0,15.7,5,0,0,16,30,0,2,15,16,0,0.06369426751592357,0.1910828025477707,0.12738853503184713,0.9554140127388535,1.019108280254777,1.019108280254777,1.910828025477707,True,1,-0.3684922061086804,0.986400274600098,-0.7988373408306696,-0.35625936375079514,-0.7345228841348428,0.17319436279769562,0.10366297574188493,-0.4549896618634135,1.1557143557799427,-0.4083705468027756,0.41674803189345966
Mohamadou Kanté,fr FRA,MF,West Ham United,eng Premier League,20.0,2005.0,7,0,29,0.3,0,0,0,0,0,0,1,0,0.0,1262,fr FRA,MF,eng Premier League,20-178,2005.0,0.3,0,1,0,0.0,3.3333333333333335,0.0,0.0,,0,0,1568,fr FRA,MF,eng Premier League,20-178,2005.0,7,29,4,1.1,0.3,0,,0,7,4.0,9,1.0,0,0,0,0.0,0.64,1262,fr FRA,MF,eng Premier League,20-178,2005.0,0.3,1,0,0,1,0,0,0,0,3,0,0.0,0.0,0.0,0.0,10.0,3.3333333333333335,0.0,True,4,-0.7345208390382241,-0.7621682875409468,2.292019919900319,-0.9690071404065893,-0.8087999377842117,-1.7693801309275783,18.592239985291254,3.732853900143662,-1.6134959661318016,-4.225266333763864,9.046003871382808
Michael Kayode,it ITA,DF,Brentford,eng Premier League,21.0,2004.0,29,29,2538,28.2,1,0,1,1,0,0,6,0,0.04,1274,it ITA,DF,eng Premier League,21-250,2004.0,28.2,1,7,2,28.6,0.24822695035460993,0.07092198581560284,0.14,0.5,0,0,1583,it ITA,DF,eng Premier League,21-250,2004.0,29,2538,88,94.0,28.2,29,88.0,23,0,,0,1.55,45,39,6,0.21,1.32,1274,it ITA,DF,eng Premier League,21-250,2004.0,28.2,6,0,0,22,42,1,49,32,42,1,0.03546099290780142,0.0,1.7375886524822695,1.1347517730496455,1.4893617021276595,0.7801418439716312,1.4893617021276595,True,4,-0.5307389405632653,-0.7621682875409468,-1.0103908532790125,-0.798437280592831,0.2043443418693243,0.5378289131565297,1.0717535479938285,-0.8874255869662326,0.5449169017979905,-1.6964041471649942,0.4140000134982694
Michael Keane,eng ENG,DF,Everton,eng Premier League,33.0,1993.0,26,23,2047,22.7,3,0,3,3,0,0,0,1,0.13,1276,eng ENG,DF,eng Premier League,33-065,1993.0,22.7,3,21,6,28.6,0.9251101321585904,0.2643171806167401,0.14,0.5,0,0,1585,eng ENG,DF,eng Premier League,33-065,1993.0,26,2047,79,75.8,22.7,23,89.0,21,3,4.0,0,1.27,21,30,-9,-0.4,-1.5,1276,eng ENG,DF,eng Premier League,33-065,1993.0,22.7,0,1,0,14,6,0,1,34,20,0,0.13215859030837004,0.0,0.04405286343612335,1.497797356828194,0.881057268722467,0.6167400881057269,0.2643171806167401,True,1,0.02494826276712867,-0.7621682875409468,-0.2858303246352309,-0.3333150637438601,-0.7831138201125136,1.2759833485160377,-0.18053672709494087,-1.183118951107015,-1.2304422035413665,-1.305775224860227,-1.5794132277634507
Milos Kerkez,hu HUN,DF,Liverpool,eng Premier League,22.0,2003.0,27,24,1953,21.7,1,1,2,1,0,0,4,0,0.09,1288,hu HUN,DF,eng Premier League,22-130,2003.0,21.7,1,7,1,14.3,0.3225806451612903,0.04608294930875576,0.14,1.0,0,0,1598,hu HUN,DF,eng Premier League,22-130,2003.0,27,1953,72,72.3,21.7,24,79.0,13,3,22.0,3,1.56,35,28,7,0.32,0.08,1288,hu HUN,DF,eng Premier League,22-130,2003.0,21.7,4,0,0,18,23,4,74,11,26,0,0.04608294930875576,0.04608294930875576,3.4101382488479266,0.5069124423963134,1.19815668202765,0.8294930875576038,1.0599078341013826,True,1,-0.4696982797297524,-0.340470492984658,-0.9307999373514425,-0.8581760333386633,1.1795659822581086,-0.7387115746561349,0.47226224939044925,-0.7981191094248099,-0.0774562622265314,-0.99241194284891,0.51173363005803
Kevin,br BRA,MF,Fulham,eng Premier League,23.0,2003.0,23,8,908,10.1,1,1,2,1,0,0,1,0,0.2,1289,br BRA,MF,eng Premier League,23-072,2003.0,10.1,1,22,9,40.9,2.1782178217821784,0.8910891089108911,0.05,0.11,0,0,1599,br BRA,MF,eng Premier League,23-072,2003.0,23,908,39,33.6,10.1,8,69.0,0,15,24.0,1,1.39,12,14,-2,-0.2,-0.15,1289,br BRA,MF,eng Premier League,23-072,2003.0,10.1,1,0,0,12,15,2,40,9,8,0,0.09900990099009901,0.09900990099009901,3.9603960396039604,0.8910891089108911,0.7920792079207921,1.188118811881188,1.4851485148514851,True,3,-0.16554563735566605,0.14385568690177278,1.055542004370559,1.1740933754712253,1.5004074727011156,0.0424071691607465,-0.36371204872534146,-0.1491466040149543,0.5388110662451481,1.3702343218593576,0.8347895912106538
Abdukodir Khusanov,uz UZB,DF,Manchester City,eng Premier League,22.0,2004.0,15,9,892,9.9,0,0,0,0,0,0,2,0,0.0,1293,uz UZB,DF,eng Premier League,22-016,2004.0,9.9,0,2,0,0.0,0.20202020202020202,0.0,0.0,,0,0,1604,uz UZB,DF,eng Premier League,22-016,2004.0,15,892,59,33.0,9.9,9,81.0,6,6,27.0,9,1.8,12,8,4,0.4,-0.99,1293,uz UZB,DF,eng Premier League,22-016,2004.0,9.9,2,0,0,8,5,0,0,19,15,0,0.0,0.0,0.0,1.9191919191919191,1.5151515151515151,0.8080808080808081,0.5050505050505051,True,1,-0.7345208390382241,-0.7621682875409468,-1.0598522476526493,-0.9690071404065893,-0.8087999377842117,2.1327745591616414,1.1248459311371541,-0.836866973050047,-0.8815666386231419,-2.885980733819637,-0.486125575648033
Max Kilman,eng ENG,DF,West Ham United,eng Premier League,28.0,1997.0,21,17,1561,17.3,0,0,0,0,0,0,4,0,0.0,1298,eng ENG,DF,eng Premier League,28-298,1997.0,17.3,0,7,1,14.3,0.40462427745664736,0.057803468208092484,0.0,0.0,0,0,1609,eng ENG,DF,eng Premier League,28-298,1997.0,21,1561,74,57.8,17.3,17,90.0,17,4,8.0,9,0.95,18,37,-19,-1.1,-1.1,1298,eng ENG,DF,eng Premier League,28-298,1997.0,17.3,4,0,0,16,2,0,2,6,8,0,0.0,0.0,0.11560693641618497,0.3468208092485549,0.4624277456647399,0.9248554913294798,0.11560693641618497,True,1,-0.7345208390382241,-0.7621682875409468,-0.8429774309193135,-0.8299877748936417,-0.7413924382295821,-1.064214360951005,-1.0423513906107016,-0.6255504008792396,-1.4459560738234611,-1.1095715800719101,-1.9144309171791543
Joshua King,eng ENG,MF,Fulham,eng Premier League,19.0,2007.0,24,13,1058,11.8,0,1,1,0,0,0,3,0,0.09,1300,eng ENG,MF,eng Premier League,19-073,2007.0,11.8,0,21,8,38.1,1.7796610169491525,0.6779661016949152,0.0,0.0,0,0,1612,eng ENG,MF,eng Premier League,19-073,2007.0,24,1058,44,39.2,11.8,13,66.0,0,11,19.0,3,1.38,11,15,-4,-0.34,-0.4,1300,eng ENG,MF,eng Premier League,19-073,2007.0,11.8,3,0,0,11,23,2,10,2,9,0,0.0,0.0847457627118644,0.847457627118644,0.1694915254237288,0.7627118644067796,0.9322033898305084,1.9491525423728813,True,0,-0.7345208390382241,0.01332680922782159,0.6289122151139225,0.6615250788300153,-0.31466869104900386,-1.4247652207412866,-0.4241693406144049,-0.6122535741981529,1.2112550147787373,1.1350606203872735,-0.14003512405238006
Justin Kluivert,nl NED,MF,Bournemouth,eng Premier League,26.0,1999.0,18,10,919,10.2,2,0,2,2,0,0,4,0,0.2,1303,nl NED,MF,eng Premier League,26-316,1999.0,10.2,2,16,4,25.0,1.5686274509803924,0.3921568627450981,0.13,0.5,0,0,1623,nl NED,MF,eng Premier League,26-316,1999.0,18,919,51,34.0,10.2,10,72.0,0,8,25.0,0,1.22,16,18,-2,-0.2,-0.2,1303,nl NED,MF,eng Premier League,26-316,1999.0,10.2,4,0,0,15,9,1,40,4,7,0,0.19607843137254904,0.0,3.9215686274509807,0.3921568627450981,0.6862745098039216,1.4705882352941178,0.8823529411764707,True,0,0.3922731878233125,-0.7621682875409468,0.4030141632338454,-0.025856150848160935,1.4777681843630244,-0.9720358289279233,-0.5815276476825214,0.36201273838783204,-0.334772376307849,0.7447661878083736,0.08890441658863478
Joe Knight,eng ENG,MF,Brighton,eng Premier League,20.0,2005.0,1,0,1,0.0,0,0,0,0,0,0,0,0,0.0,1306,eng ENG,MF,eng Premier League,20-177,2005.0,0.0,0,0,0,,0.0,0.0,,,0,0,1626,eng ENG,MF,eng Premier League,20-177,2005.0,1,1,1,0.0,0.0,0,,0,1,1.0,4,3.0,0,0,0,0.0,-0.1,1306,eng ENG,MF,eng Premier League,20-177,2005.0,0.0,0,0,0,0,0,0,0,0,0,0,0.0,0.0,0.0,0.0,0.0,0.0,0.0,True,1,-0.7345208390382241,-0.7621682875409468,-1.276102064914131,-0.9690071404065893,-0.8087999377842117,-1.7693801309275783,-1.9943315785332205,-2.2991776524720335,-1.6134959661318016,-1.0341779815851024,-3.091668447085808
Ibrahima Konaté,fr FRA,DF,Liverpool,eng Premier League,26.0,1999.0,28,28,2404,26.7,1,0,1,1,0,0,5,0,0.04,1323,fr FRA,DF,eng Premier League,26-296,1999.0,26.7,1,10,3,30.0,0.37453183520599254,0.11235955056179775,0.1,0.33,0,0,1647,fr FRA,DF,eng Premier League,26-296,1999.0,28,2404,86,89.0,26.7,28,86.0,22,0,,1,1.71,41,32,9,0.34,0.34,1323,fr FRA,DF,eng Premier League,26-296,1999.0,26.7,5,0,0,29,32,0,3,21,26,0,0.03745318352059925,0.0,0.11235955056179775,0.7865168539325843,0.9737827715355806,1.0861423220973783,1.198501872659176,True,1,-0.5192905193006272,-0.7621682875409468,-0.8751894823507097,-0.6987784860949048,-0.7432859073181953,-0.17021206455748383,0.010353292850436064,-0.33368422521523416,0.1233969998213324,-1.1889918757267932,-0.6699686648501147
Ezri Konsa,eng ENG,DF,Aston Villa,eng Premier League,28.0,1997.0,29,29,2585,28.7,0,0,0,0,0,0,0,1,0.0,1329,eng ENG,DF,eng Premier League,28-145,1997.0,28.7,0,9,2,22.2,0.31358885017421606,0.06968641114982578,0.0,0.0,0,0,1654,eng ENG,DF,eng Premier League,28-145,1997.0,29,2585,89,95.7,28.7,29,89.0,28,0,,0,1.76,40,36,4,0.14,0.92,1329,eng ENG,DF,eng Premier League,28-145,1997.0,28.7,0,1,0,11,33,0,5,22,7,0,0.0,0.0,0.17421602787456447,0.7665505226480837,0.24390243902439024,0.3832752613240418,1.1498257839721255,True,1,-0.7345208390382241,-0.7621682875409468,-0.9404250837643395,-0.8014088809380184,-0.7072189497794128,-0.21080816778539563,-1.4922200769765261,-1.6055991115789399,0.05285463524157215,-1.0560809733327243,-1.797905324253267
Charalampos Kostoulas,gr GRE,FW,Brighton,eng Premier League,18.0,2007.0,16,2,305,3.4,2,1,3,2,0,0,2,0,0.89,1334,gr GRE,FW,eng Premier League,18-291,2007.0,3.4,2,15,6,40.0,4.411764705882353,1.7647058823529411,0.13,0.33,0,0,1662,gr GRE,FW,eng Premier League,18-291,2007.0,16,305,19,11.3,3.4,2,76.0,0,14,11.0,5,0.94,7,7,0,0.0,-0.11,1334,gr GRE,FW,eng Premier League,18-291,2007.0,3.4,2,0,0,6,7,2,5,1,6,0,0.5882352941176471,0.29411764705882354,1.4705882352941178,0.29411764705882354,1.7647058823529411,1.7647058823529411,2.058823529411765,True,2,2.6458612415463856,1.9292558718330144,3.4464123267520526,3.2751723126063377,0.048663108021001926,-1.1713719044278372,1.6385928150828628,0.8942508165598049,1.3701924101240879,5.323279816328347,1.744553914789383
Mateo Kovačić,hr CRO,MF,Manchester City,eng Premier League,31.0,1994.0,1,0,5,0.1,0,0,0,0,0,0,0,0,0.0,1345,hr CRO,MF,eng Premier League,31-315,1994.0,0.1,0,0,0,,0.0,0.0,,,0,0,1675,hr CRO,MF,eng Premier League,31-315,1994.0,1,5,5,0.2,0.1,0,,0,1,5.0,4,3.0,0,0,0,0.0,-1.07,1345,hr CRO,MF,eng Premier League,31-315,1994.0,0.1,0,0,0,0,0,0,0,0,0,0,0.0,0.0,0.0,0.0,0.0,0.0,0.0,True,1,-0.7345208390382241,-0.7621682875409468,-1.276102064914131,-0.9690071404065893,-0.8087999377842117,-1.7693801309275783,-1.9943315785332205,-2.2991776524720335,-1.6134959661318016,-1.0341779815851024,-3.091668447085808
Emil Krafth,se SWE,DF,Newcastle United,eng Premier League,31.0,1994.0,1,1,45,0.5,0,0,0,0,0,0,0,0,0.0,1348,se SWE,DF,eng Premier League,31-227,1994.0,0.5,0,0,0,,0.0,0.0,,,0,0,1678,se SWE,DF,eng Premier League,31-227,1994.0,1,45,45,1.7,0.5,1,45.0,0,0,,9,0.0,1,2,-1,-2.0,-2.03,1348,se SWE,DF,eng Premier League,31-227,1994.0,0.5,0,0,0,1,0,0,1,0,0,0,0.0,0.0,2.0,0.0,0.0,2.0,0.0,True,1,-0.7345208390382241,-0.7621682875409468,-1.276102064914131,-0.9690071404065893,0.3573498045108787,-1.7693801309275783,-1.9943315785332205,1.3200412790973834,-1.6134959661318016,-0.7178631523081109,-1.244991136887282
Jonah Kusi-Asare,se SWE,FW,Fulham,eng Premier League,18.0,2007.0,5,0,34,0.4,0,0,0,0,0,0,1,0,0.0,1368,se SWE,FW,eng Premier League,18-256,2007.0,0.4,0,0,0,,0.0,0.0,,,0,0,1702,se SWE,FW,eng Premier League,18-256,2007.0,5,34,7,1.3,0.4,0,,0,5,7.0,10,0.8,2,2,0,0.0,0.1,1368,se SWE,FW,eng Premier League,18-256,2007.0,0.4,1,0,0,3,1,0,0,0,0,0,0.0,0.0,0.0,0.0,0.0,7.5,2.5,True,0,-0.7345208390382241,-0.7621682875409468,-1.276102064914131,-0.9690071404065893,-0.8087999377842117,-1.7693801309275783,-1.9943315785332205,11.27289334091328,2.0095542050360637,0.5917347158722756,2.8189185008667934
Shea Lacey,eng ENG,FW,Manchester Utd,eng Premier League,18.0,2007.0,2,0,14,0.2,0,0,0,0,0,0,0,0,0.0,1374,eng ENG,FW,eng Premier League,18-337,2007.0,0.2,0,3,1,33.3,15.0,5.0,0.0,0.0,0,0,1710,eng ENG,FW,eng Premier League,18-337,2007.0,2,14,7,0.5,0.2,0,,0,2,7.0,8,0.5,0,0,0,0.0,-0.44,1374,eng ENG,FW,eng Premier League,18-337,2007.0,0.2,0,0,0,0,0,0,0,0,0,0,0.0,0.0,0.0,0.0,0.0,0.0,0.0,True,2,-0.7345208390382241,-0.7621682875409468,14.780446866750891,11.056167976463371,-0.8087999377842117,-1.7693801309275783,-1.9943315785332205,-2.2991776524720335,-1.6134959661318016,12.718990845303066,-3.6380651290359176
Maxence Lacroix,fr FRA,DF,Crystal Palace,eng Premier League,25.0,2000.0,28,28,2485,27.6,1,2,3,1,0,0,3,1,0.11,1375,fr FRA,DF,eng Premier League,25-345,2000.0,27.6,1,21,4,19.0,0.7608695652173912,0.14492753623188406,0.05,0.25,0,0,1711,fr FRA,DF,eng Premier League,25-345,2000.0,28,2485,89,92.0,27.6,28,89.0,27,0,,0,1.18,29,32,-3,-0.11,-0.53,1375,fr FRA,DF,eng Premier League,25-345,2000.0,27.6,3,1,0,26,16,0,5,35,32,0,0.036231884057971016,0.07246376811594203,0.18115942028985507,1.2681159420289854,1.1594202898550725,0.9420289855072463,0.5797101449275363,True,1,-0.5263088992920706,-0.09906378450678248,-0.46163943794561546,-0.6204513399176048,-0.7031704321415405,0.808988671734349,0.3925172984319358,-0.5944730832545546,-0.7733683902088183,-1.4521949739706237,-0.5504202581060432
Jamaal Lascelles,eng ENG,DF,Newcastle United,eng Premier League,32.0,1993.0,2,0,21,0.2,0,0,0,0,0,0,0,0,0.0,1385,eng ENG,DF,eng Premier League,32-126,1993.0,0.2,0,1,0,0.0,5.0,0.0,0.0,,0,0,1728,eng ENG,DF,eng Premier League,32-126,1993.0,2,21,11,0.8,0.2,0,,0,2,11.0,3,0.5,0,2,-2,-8.57,-8.64,1385,eng ENG,DF,eng Premier League,32-126,1993.0,0.2,0,0,0,0,0,0,0,0,0,0,0.0,0.0,0.0,0.0,0.0,0.0,0.0,True,0,-0.7345208390382241,-0.7621682875409468,4.076080912307543,-0.9690071404065893,-0.8087999377842117,-1.7693801309275783,-1.9943315785332205,-2.2991776524720335,-1.6134959661318016,1.5804009414802136,-2.9986219152280027
Roméo Lavia,be BEL,MF,Chelsea,eng Premier League,22.0,2004.0,7,1,170,1.9,0,0,0,0,0,0,0,0,0.0,1390,be BEL,MF,eng Premier League,22-070,2004.0,1.9,0,0,0,,0.0,0.0,,,0,0,1736,be BEL,MF,eng Premier League,22-070,2004.0,7,170,24,6.3,1.9,1,45.0,0,6,21.0,2,1.71,1,3,-2,-1.06,-1.77,1390,be BEL,MF,eng Premier League,22-070,2004.0,1.9,0,0,0,5,4,0,1,4,2,0,0.0,0.0,0.5263157894736842,2.1052631578947367,1.0526315789473684,2.6315789473684212,2.1052631578947367,True,4,-0.7345208390382241,-0.7621682875409468,-1.276102064914131,-0.9690071404065893,-0.5019184266539247,2.5110998061232004,0.17267595450093434,2.462952520645621,1.437493651693769,-2.1403271902047014,1.2370648677750709
Rico Lewis,eng ENG,DF,Manchester City,eng Premier League,21.0,2004.0,10,3,317,3.5,0,1,1,0,0,0,1,0,0.28,1425,eng ENG,DF,eng Premier League,21-116,2004.0,3.5,0,2,0,0.0,0.5714285714285714,0.0,0.0,,0,0,1785,eng ENG,DF,eng Premier League,21-116,2004.0,10,317,32,11.7,3.5,3,82.0,2,7,10.0,16,1.9,6,5,1,0.28,-0.89,1425,eng ENG,DF,eng Premier League,21-116,2004.0,3.5,1,0,0,4,7,0,2,7,4,0,0.0,0.2857142857142857,0.5714285714285714,2.0,1.1428571428571428,1.1428571428571428,2.0,True,4,-0.7345208390382241,1.8523580387080438,-0.6644240103745112,-0.9690071404065893,-0.47561429712847153,2.2970758092706616,0.35841945733243336,-0.23105254871808115,1.2849441708024907,-1.3619019146900888,1.4235446405006775
Myles Lewis-Skelly,eng ENG,DF,Arsenal,eng Premier League,19.0,2006.0,14,1,321,3.6,0,0,0,0,0,0,3,0,0.0,1427,eng ENG,DF,eng Premier League,19-172,2006.0,3.6,0,1,0,0.0,0.2777777777777778,0.0,0.0,,0,0,1787,eng ENG,DF,eng Premier League,19-172,2006.0,14,321,23,11.5,3.6,1,70.0,0,13,19.0,16,2.5,9,5,4,1.12,-0.15,1427,eng ENG,DF,eng Premier League,19-172,2006.0,3.6,3,0,0,6,6,0,0,2,3,0,0.0,0.0,0.0,0.5555555555555556,0.8333333333333333,1.6666666666666665,1.6666666666666665,True,1,-0.7345208390382241,-0.7621682875409468,-0.9787585661795936,-0.9690071404065893,-0.8087999377842117,-0.6398090364280671,-0.27878394821451463,0.7168381238358137,0.8018708146467751,-1.0162999049588182,-0.2219217533121717
Matthijs de Ligt,nl NED,DF,Manchester Utd,eng Premier League,26.0,1999.0,13,13,1170,13.0,1,0,1,1,0,0,0,0,0.08,1429,nl NED,DF,eng Premier League,26-217,1999.0,13.0,1,11,3,27.3,0.8461538461538461,0.23076923076923078,0.09,0.33,0,0,1792,nl NED,DF,eng Premier League,26-217,1999.0,13,1170,90,43.3,13.0,13,90.0,13,0,,0,1.62,21,20,1,0.08,-0.63,1429,nl NED,DF,eng Premier League,26-217,1999.0,13.0,0,0,0,6,5,0,4,11,13,0,0.07692307692307693,0.0,0.3076923076923077,0.8461538461538461,1.0,0.46153846153846156,0.38461538461538464,True,1,-0.29247087465408284,-0.7621682875409468,-0.3703480226150785,-0.41399905808951415,-0.6293922851234285,-0.048956463920630605,0.06432557784922671,-1.463973283648322,-1.0561036321059762,-1.0799080910437613,-1.44994162602532
Pedro Lima,br BRA,DF,Wolves,eng Premier League,19.0,2006.0,3,0,4,0.0,0,0,0,0,0,0,0,0,0.0,1430,br BRA,DF,eng Premier League,19-259,2006.0,0.0,0,0,0,,0.0,0.0,,,0,0,1793,br BRA,DF,eng Premier League,19-259,2006.0,3,4,1,0.1,0.0,0,,0,3,1.0,8,0.33,0,1,-1,-22.5,-21.56,1430,br BRA,DF,eng Premier League,19-259,2006.0,0.0,0,0,0,0,0,0,1,0,0,0,0.0,0.0,0.0,0.0,0.0,0.0,0.0,True,1,-0.7345208390382241,-0.7621682875409468,-1.276102064914131,-0.9690071404065893,-0.8087999377842117,-1.7693801309275783,-1.9943315785332205,-2.2991776524720335,-1.6134959661318016,-1.0341779815851024,-3.091668447085808
Victor Lindelöf,se SWE,DF,Aston Villa,eng Premier League,31.0,1994.0,12,6,578,6.4,0,1,1,0,0,0,0,0,0.16,1431,se SWE,DF,eng Premier League,31-243,1994.0,6.4,0,1,0,0.0,0.15625,0.0,0.0,,0,0,1795,se SWE,DF,eng Premier League,31-243,1994.0,12,578,48,21.4,6.4,6,90.0,6,6,6.0,15,2.42,13,9,4,0.62,0.67,1431,se SWE,DF,eng Premier League,31-243,1994.0,6.4,0,0,0,1,0,0,0,4,1,0,0.0,0.15625,0.0,0.625,0.15625,0.15625,0.0,True,1,-0.7345208390382241,0.66765079712647,-1.1088463468759537,-0.9690071404065893,-0.8087999377842117,-0.4986126496156283,-1.672666397848463,-2.0164261734431728,-1.6134959661318016,-1.123953866248257,-2.1681020574332024
Valentino Livramento,eng ENG,DF,Newcastle United,eng Premier League,23.0,2002.0,14,12,1139,12.7,0,1,1,0,0,0,1,0,0.08,1438,eng ENG,DF,eng Premier League,23-125,2002.0,12.7,0,2,0,0.0,0.15748031496062992,0.0,0.0,,0,0,1804,eng ENG,DF,eng Premier League,23-125,2002.0,14,1139,81,42.2,12.7,12,89.0,11,2,37.0,0,1.79,20,10,10,0.79,1.37,1438,eng ENG,DF,eng Premier League,23-125,2002.0,12.7,1,0,0,7,11,2,27,2,13,0,0.0,0.07874015748031496,2.125984251968504,0.15748031496062992,1.0236220472440944,0.5511811023622047,0.8661417322834646,True,1,-0.7345208390382241,-0.04162953621248481,-1.107529372718173,-0.9690071404065893,0.43080805599403416,-1.4491867498096065,0.11295527445668602,-1.3017551122757376,-0.3582659855697065,-0.986569986873557,-0.24372668024091235
Sean Longstaff,eng ENG,MF,Leeds United,eng Premier League,28.0,1997.0,17,10,947,10.5,1,2,3,1,0,0,2,0,0.29,1450,eng ENG,MF,eng Premier League,28-138,1997.0,10.5,1,13,2,15.4,1.2380952380952381,0.19047619047619047,0.08,0.5,0,0,1817,eng ENG,MF,eng Premier League,28-138,1997.0,17,947,56,35.1,10.5,10,84.0,7,7,15.0,5,1.0,10,19,-9,-0.86,-0.75,1450,eng ENG,MF,eng Premier League,28-138,1997.0,10.5,2,0,0,10,17,1,50,10,23,0,0.09523809523809523,0.19047619047619047,4.761904761904762,0.9523809523809523,2.1904761904761907,0.9523809523809523,1.619047619047619,True,3,-0.18722088313404928,0.9808492632917136,0.04920038658837883,-0.5109052311924955,1.967747067680289,0.16702745964301208,2.51510790687595,-0.5757400660104066,0.7328603351959588,-0.48134893167656023,2.879570892680315
Fer López,es ESP,MF,Wolves,eng Premier League,21.0,2004.0,9,2,235,2.6,0,1,1,0,0,0,1,0,0.38,1457,es ESP,MF,eng Premier League,21-297,2004.0,2.6,0,5,1,20.0,1.923076923076923,0.3846153846153846,0.0,0.0,0,0,1825,es ESP,MF,eng Premier League,21-297,2004.0,9,235,26,8.4,2.6,2,55.0,0,7,18.0,11,0.11,3,9,-6,-2.3,-1.45,1457,es ESP,MF,eng Premier League,21-297,2004.0,2.6,1,0,0,6,4,0,4,0,1,0,0.0,0.3846153846153846,1.5384615384615383,0.0,0.3846153846153846,2.3076923076923075,1.5384615384615383,True,0,-0.7345208390382241,2.7573863824096176,0.7824298494018974,-0.04399366987813091,0.08823832551970394,-1.7693801309275783,-1.2025403645399717,1.8768441916465242,0.6160733699715,1.9146904079590181,1.4152850469493532
Lorenzo Lucca,it ITA,FW,Nottingham Forest,eng Premier League,25.0,2000.0,3,1,121,1.3,1,0,1,1,0,0,0,0,0.74,1478,it ITA,FW,eng Premier League,25-188,2000.0,1.3,1,3,1,33.3,2.3076923076923075,0.7692307692307692,0.33,1.0,0,0,1849,it ITA,FW,eng Premier League,25-188,2000.0,3,121,40,4.5,1.3,1,70.0,0,2,26.0,1,0.33,1,1,0,0.0,0.52,1478,it ITA,FW,eng Premier League,25-188,2000.0,1.3,0,0,0,1,2,1,0,1,0,0,0.7692307692307692,0.0,0.0,0.7692307692307692,0.0,0.7692307692307692,1.5384615384615383,True,2,3.6859788048031876,-0.7621682875409468,1.194136232265103,0.8810198006503275,-0.8087999377842117,-0.20535861546671688,-1.9943315785332205,-0.9071703710991811,0.6160733699715,3.088456707123048,-2.4336483112549487
Florentino Luís,pt POR,MF,Burnley,eng Premier League,26.0,1999.0,24,20,1654,18.4,0,2,2,0,0,0,4,0,0.11,1481,pt POR,MF,eng Premier League,26-210,1999.0,18.4,0,9,1,11.1,0.48913043478260876,0.05434782608695653,0.0,0.0,0,0,1854,pt POR,MF,eng Premier League,26-210,1999.0,24,1654,69,61.3,18.4,20,78.0,8,4,22.0,3,0.58,15,37,-22,-1.2,-0.85,1481,pt POR,MF,eng Premier League,26-210,1999.0,18.4,4,0,0,31,7,1,9,29,40,0,0.0,0.10869565217391305,0.48913043478260876,1.5760869565217392,2.173913043478261,1.6847826086956523,0.3804347826086957,True,4,-0.7345208390382241,0.23248846701029977,-0.752518947577228,-0.8382987152232201,-0.5236002725489993,1.4351639523808175,2.481010065776448,0.7496209040130734,-1.0621622444323437,-2.444878594666161,1.1297822549990817
Douglas Luiz,br BRA,MF,Aston Villa,eng Premier League,27.0,1998.0,7,6,465,5.2,1,0,1,1,0,0,0,0,0.19,1484,br BRA,MF,eng Premier League,27-312,1998.0,5.2,1,5,3,60.0,0.9615384615384615,0.5769230769230769,0.2,0.33,0,0,1859,br BRA,MF,eng Premier League,27-312,1998.0,7,465,66,17.2,5.2,6,76.0,1,1,9.0,0,0.71,2,6,-4,-0.77,-1.06,1484,br BRA,MF,eng Premier League,27-312,1998.0,5.2,0,0,0,8,7,0,27,4,9,0,0.1923076923076923,0.0,5.1923076923076925,0.7692307692307692,1.7307692307692306,1.5384615384615383,1.346153846153846,True,3,0.37060407192212885,-0.7621682875409468,-0.24683610775611686,0.4185130653860983,2.2187042008665037,-0.20535861546671688,1.5687288844363994,0.48483691027367154,0.33737720295858725,0.026612970548599204,1.873059358415702
Douglas Luiz,br BRA,MF,Nottingham Forest,eng Premier League,27.0,1998.0,8,5,315,3.5,0,0,0,0,0,0,2,0,0.0,1485,br BRA,MF,eng Premier League,27-312,1998.0,3.5,0,5,1,20.0,1.4285714285714286,0.2857142857142857,0.0,0.0,0,0,1860,br BRA,MF,eng Premier League,27-312,1998.0,8,315,39,11.7,3.5,5,51.0,0,3,19.0,6,0.63,1,7,-6,-1.71,-1.37,1485,br BRA,MF,eng Premier League,27-312,1998.0,3.5,2,0,0,4,5,0,15,7,3,0,0.0,0.0,4.285714285714286,2.0,0.8571428571428571,1.1428571428571428,1.4285714285714286,True,4,-0.7345208390382241,-0.7621682875409468,0.25309307143491877,-0.28185427658544876,1.690092367133839,2.2970758092706616,-0.22976830163398013,-0.23105254871808115,0.45681841739269297,-1.0707035665095561,0.9394785424873149
Saša Lukić,rs SRB,MF,Fulham,eng Premier League,29.0,1996.0,20,15,1239,13.8,1,2,3,1,0,0,6,0,0.22,1489,rs SRB,MF,eng Premier League,29-216,1996.0,13.8,1,13,3,23.1,0.9420289855072463,0.21739130434782608,0.08,0.33,0,0,1864,rs SRB,MF,eng Premier League,29-216,1996.0,20,1239,62,45.9,13.8,15,76.0,7,5,19.0,2,1.3,14,17,-3,-0.22,-0.22,1489,rs SRB,MF,eng Premier League,29-216,1996.0,13.8,6,0,0,38,20,0,47,9,21,0,0.07246376811594203,0.14492753623188406,3.4057971014492754,0.6521739130434783,1.5217391304347825,2.753623188405797,1.4492753623188406,True,4,-0.3180969595459171,0.5640407185273819,-0.26771976485787363,-0.4461734396731128,1.1770347682980074,-0.44336188955858696,1.1384075724835467,2.6838049344713664,0.4868229736756566,-0.11752228204132587,2.5537905135100933
Ian Maatsen,nl NED,DF,Aston Villa,eng Premier League,24.0,2002.0,24,13,1264,14.0,0,0,0,0,0,0,2,0,0.0,1499,nl NED,DF,eng Premier League,24-007,2002.0,14.0,0,17,4,23.5,1.2142857142857142,0.2857142857142857,0.0,0.0,0,0,1880,nl NED,DF,eng Premier League,24-007,2002.0,24,1264,53,46.8,14.0,13,82.0,6,11,18.0,6,1.67,20,20,0,0.0,-0.19,1499,nl NED,DF,eng Premier League,24-007,2002.0,14.0,2,0,0,11,15,1,46,13,27,0,0.0,0.0,3.2857142857142856,0.9285714285714286,1.9285714285714286,0.7857142857142857,1.0714285714285714,True,4,-0.7345208390382241,-0.7621682875409468,0.023713800982561185,-0.28185427658544876,1.107017495986294,0.1186172698787475,1.9759357944900706,-0.8773416436411913,-0.060760178488430794,-1.1689916313043927,1.1062180760089098
Alexis Mac Allister,ar ARG,MF,Liverpool,eng Premier League,27.0,1998.0,29,25,2089,23.2,2,2,4,2,0,0,4,0,0.17,1500,ar ARG,MF,eng Premier League,27-083,1998.0,23.2,2,41,10,24.4,1.767241379310345,0.4310344827586207,0.05,0.2,0,0,1881,ar ARG,MF,eng Premier League,27-083,1998.0,29,2089,72,77.4,23.2,25,80.0,14,4,23.0,0,1.59,34,29,5,0.22,-0.37,1500,ar ARG,MF,eng Premier League,27-083,1998.0,23.2,4,0,0,22,26,0,19,14,22,0,0.08620689655172414,0.08620689655172414,0.8189655172413793,0.603448275862069,0.9482758620689655,0.9482758620689655,1.120689655172414,True,0,-0.23912001688358303,0.02669741434452458,0.615617780483185,0.06764588690978664,-0.33128172434441167,-0.54243221793673,-0.04215668886021019,-0.583168676296879,0.010629972667586491,0.37861515984445526,-0.3810563195730345
Gabriel Magalhães,br BRA,DF,Arsenal,eng Premier League,28.0,1997.0,25,24,2166,24.1,3,4,7,3,0,0,3,0,0.29,1510,br BRA,DF,eng Premier League,28-088,1997.0,24.1,3,18,5,27.8,0.7468879668049793,0.20746887966804978,0.17,0.6,0,0,1892,br BRA,DF,eng Premier League,28-088,1997.0,25,2166,87,77.6,24.1,24,89.0,23,1,20.0,0,2.28,47,15,32,1.33,0.32,1510,br BRA,DF,eng Premier League,28-088,1997.0,24.1,3,0,0,14,27,0,6,18,16,0,0.12448132780082986,0.16597510373443983,0.24896265560165973,0.7468879668049793,0.6639004149377593,0.5809128630705394,1.120331950207469,True,1,-0.019170274267207243,0.7566436862136535,-0.4766058525490677,-0.47003721854476527,-0.6636360694487232,-0.2507866262892314,-0.6275882381963261,-1.2479522366634894,0.010111579453797821,-0.16307956710052735,-0.7757143755084374
Soungoutou Magassa,fr FRA,MF,West Ham United,eng Premier League,22.0,2003.0,19,11,964,10.7,1,0,1,1,0,0,4,0,0.09,1511,fr FRA,MF,eng Premier League,22-160,2003.0,10.7,1,7,2,28.6,0.6542056074766356,0.1869158878504673,0.14,0.5,0,0,1893,fr FRA,MF,eng Premier League,22-160,2003.0,19,964,51,35.7,10.7,11,74.0,2,8,19.0,7,0.68,11,23,-12,-1.12,-0.76,1511,fr FRA,MF,eng Premier League,22-160,2003.0,10.7,4,0,0,17,17,0,8,17,23,0,0.09345794392523366,0.0,0.7476635514018692,1.5887850467289721,2.149532710280374,1.5887850467289721,1.5887850467289721,True,4,-0.19745078885188422,-0.7621682875409468,-0.5758164417262484,-0.5194678837011701,-0.37285610888885073,1.4609820645570053,2.4308193183636284,0.5759028071859148,0.6890032080683374,-1.808111672387042,1.309632818532296
Harry Maguire,eng ENG,DF,Manchester Utd,eng Premier League,33.0,1993.0,17,13,1126,12.5,1,1,2,1,0,0,3,0,0.16,1514,eng ENG,DF,eng Premier League,33-012,1993.0,12.5,1,9,2,22.2,0.72,0.16,0.11,0.5,0,0,1896,eng ENG,DF,eng Premier League,33-012,1993.0,17,1126,66,41.7,12.5,13,83.0,8,4,13.0,3,1.94,23,13,10,0.8,0.63,1514,eng ENG,DF,eng Premier League,33-012,1993.0,12.5,3,0,0,11,13,0,2,6,9,0,0.08,0.08,0.16,0.48,0.72,0.88,1.04,True,1,-0.2747888760787172,-0.030100916191229392,-0.50538771619421,-0.5842015366667506,-0.7155079584006044,-0.7934307052800007,-0.5120984259378586,-0.7067213225814901,-0.10630709492596958,-0.3740574941634046,-0.9209466083955408
Kobbie Mainoo,eng ENG,MF,Manchester Utd,eng Premier League,20.0,2005.0,21,9,1032,11.5,0,2,2,0,0,0,0,0,0.17,1519,eng ENG,MF,eng Premier League,20-332,2005.0,11.5,0,8,2,25.0,0.6956521739130435,0.17391304347826086,0.0,0.0,0,0,1901,eng ENG,MF,eng Premier League,20-332,2005.0,21,1032,49,38.2,11.5,9,88.0,7,12,20.0,4,2.14,24,15,9,0.78,0.57,1519,eng ENG,MF,eng Premier League,20-332,2005.0,11.5,0,0,0,7,14,1,12,7,11,0,0.0,0.17391304347826086,1.0434782608695652,0.6086956521739131,0.9565217391304348,0.6086956521739131,1.2173913043478262,True,1,-0.7345208390382241,0.8292825197410475,-0.5314505202572025,-0.550740179819808,-0.2003739852824254,-0.531763105649853,-0.02518125503696658,-1.1976762385161241,0.15077194330646337,-0.5135159965325924,-0.02824472365239765
Tyrell Malacia,nl NED,DF,Manchester Utd,eng Premier League,26.0,1999.0,2,0,9,0.1,0,0,0,0,0,0,0,0,0.0,1528,nl NED,DF,eng Premier League,26-212,1999.0,0.1,0,0,0,,0.0,0.0,,,0,0,1910,nl NED,DF,eng Premier League,26-212,1999.0,2,9,5,0.3,0.1,0,,0,2,5.0,18,1.5,0,1,-1,-10.0,-10.47,1528,nl NED,DF,eng Premier League,26-212,1999.0,0.1,0,0,0,0,0,0,0,0,0,0,0.0,0.0,0.0,0.0,0.0,0.0,0.0,True,1,-0.7345208390382241,-0.7621682875409468,-1.276102064914131,-0.9690071404065893,-0.8087999377842117,-1.7693801309275783,-1.9943315785332205,-2.2991776524720335,-1.6134959661318016,-1.0341779815851024,-3.091668447085808
Reinildo Mandava,mz MOZ,DF,Sunderland,eng Premier League,32.0,1994.0,17,17,1427,15.9,0,1,1,0,0,0,6,1,0.06,1543,mz MOZ,DF,eng Premier League,32-055,1994.0,15.9,0,4,0,0.0,0.25157232704402516,0.0,0.0,,0,0,1929,mz MOZ,DF,eng Premier League,32-055,1994.0,17,1427,84,52.9,15.9,17,84.0,15,0,,0,1.53,20,19,1,0.06,0.49,1543,mz MOZ,DF,eng Premier League,32-055,1994.0,15.9,6,1,0,25,28,1,18,22,15,0,0.0,0.06289308176100629,1.1320754716981132,1.3836477987421383,0.9433962264150944,1.572327044025157,1.7610062893081762,True,4,-0.7345208390382241,-0.1866436245301627,-1.0068098396451162,-0.9690071404065893,-0.14871517799453787,1.0438912742410151,-0.052202185719591024,0.5461202497051808,0.9385896890304685,-1.477215716954586,0.6109158602796877
Mateus Mane,pt POR,MF,Wolves,eng Premier League,18.0,2007.0,20,14,1286,14.3,2,1,3,2,0,0,0,0,0.21,1547,pt POR,MF,eng Premier League,18-182,2007.0,14.3,2,29,12,41.4,2.027972027972028,0.8391608391608392,0.07,0.17,0,0,1933,pt POR,MF,eng Premier League,18-182,2007.0,20,1286,64,46.1,14.3,14,85.0,11,6,16.0,0,0.75,13,20,-7,-0.49,0.89,1547,pt POR,MF,eng Premier League,18-182,2007.0,14.3,0,0,0,21,36,1,52,3,8,0,0.13986013986013984,0.06993006993006992,3.6363636363636362,0.2097902097902098,0.5594405594405594,1.4685314685314685,2.5174825174825175,True,0,0.06920636893294166,-0.12224925664084427,0.8947134083645899,1.0492040680191383,1.3114723209341346,-1.3428288085291615,-0.8426352672703131,0.35829079378523065,2.0348902202190557,2.241676448021871,0.9969007784188818
Bendito Mantato,eng ENG,MF,Manchester Utd,eng Premier League,18.0,2008.0,1,0,16,0.2,0,0,0,0,0,0,0,0,0.0,1549,eng ENG,MF,eng Premier League,18-051,2008.0,0.2,0,0,0,,0.0,0.0,,,0,0,1936,eng ENG,MF,eng Premier League,18-051,2008.0,1,16,16,0.6,0.2,0,,0,1,16.0,3,1.0,0,0,0,0.0,-0.44,1549,eng ENG,MF,eng Premier League,18-051,2008.0,0.2,0,0,0,0,0,0,1,0,0,0,0.0,0.0,5.0,0.0,0.0,0.0,0.0,True,1,-0.7345208390382241,-0.7621682875409468,-1.276102064914131,-0.9690071404065893,2.106574417953514,-1.7693801309275783,-1.9943315785332205,-2.2991776524720335,-1.6134959661318016,-0.7875830482029605,-1.4808689638153694
Solly March,eng ENG,MF,Brighton,eng Premier League,31.0,1994.0,1,0,5,0.1,0,0,0,0,0,0,0,0,0.0,1555,eng ENG,MF,eng Premier League,31-240,1994.0,0.1,0,0,0,,0.0,0.0,,,0,0,1944,eng ENG,MF,eng Premier League,31-240,1994.0,1,5,5,0.2,0.1,0,,0,1,5.0,1,3.0,0,0,0,0.0,-0.1,1555,eng ENG,MF,eng Premier League,31-240,1994.0,0.1,0,0,0,0,1,0,0,0,0,0,0.0,0.0,0.0,0.0,0.0,0.0,10.0,True,0,-0.7345208390382241,-0.7621682875409468,-1.276102064914131,-0.9690071404065893,-0.8087999377842117,-1.7693801309275783,-1.9943315785332205,-2.2991776524720335,12.878704718539659,2.2043199693823876,2.515316591369342
Callum Marshall,nir NIR,FW,West Ham United,eng Premier League,21.0,2004.0,2,0,60,0.7,0,0,0,0,0,0,0,0,0.0,1572,nir NIR,FW,eng Premier League,21-109,2004.0,0.7,0,1,0,0.0,1.4285714285714286,0.0,0.0,,0,0,1969,nir NIR,FW,eng Premier League,21-109,2004.0,2,60,30,2.2,0.7,0,,0,2,30.0,4,0.0,0,2,-2,-3.0,-2.42,1572,nir NIR,FW,eng Premier League,21-109,2004.0,0.7,0,0,0,0,0,1,0,2,0,0,0.0,0.0,0.0,2.857142857142857,0.0,0.0,0.0,True,1,-0.7345208390382241,-0.7621682875409468,0.25309307143491877,-0.9690071404065893,-0.8087999377842117,4.039842640784193,-1.9943315785332205,-2.2991776524720335,-1.6134959661318016,-2.380874473398698,-2.6083671712042347
Lisandro Martínez,ar ARG,DF,Manchester Utd,eng Premier League,28.0,1998.0,14,9,908,10.1,0,0,0,0,0,0,0,0,0.0,1586,ar ARG,DF,eng Premier League,28-058,1998.0,10.1,0,4,0,0.0,0.39603960396039606,0.0,0.0,,0,0,1987,ar ARG,DF,eng Premier League,28-058,1998.0,14,908,65,33.6,10.1,9,90.0,8,5,20.0,1,1.93,19,11,8,0.79,0.54,1586,ar ARG,DF,eng Premier League,28-058,1998.0,10.1,0,0,0,8,2,0,2,10,7,1,0.0,0.0,0.19801980198019803,0.9900990099009901,0.6930693069306931,0.7920792079207921,0.19801980198019803,True,1,-0.7345208390382241,-0.7621682875409468,-0.8521667795896419,-0.9690071404065893,-0.6933395672599453,0.24371686917056032,-0.5675394899513263,-0.865823620167314,-1.3265216951482084,-1.7596397170225468,-1.5769862194161515
Arthur Masuaku,cd COD,DF,Sunderland,eng Premier League,32.0,1993.0,3,2,126,1.4,0,0,0,0,0,0,1,0,0.0,1596,cd COD,DF,eng Premier League,32-130,1993.0,1.4,0,1,0,0.0,0.7142857142857143,0.0,0.0,,0,0,1998,cd COD,DF,eng Premier League,32-130,1993.0,3,126,42,4.7,1.4,2,58.0,0,1,11.0,8,1.33,1,2,-1,-0.71,-0.57,1596,cd COD,DF,eng Premier League,32-130,1993.0,1.4,1,0,0,3,0,0,8,2,2,0,0.0,0.0,5.714285714285714,1.4285714285714286,1.4285714285714286,2.142857142857143,0.0,True,4,-0.7345208390382241,-0.7621682875409468,-0.5115044967396062,-0.9690071404065893,2.523056468773189,1.1352312549283075,0.946607216298847,1.5785569170666274,-1.6134959661318016,-1.9491833476263354,1.7179520973198306
Pape Matar Sarr,sn SEN,MF,Tottenham Hotspur,eng Premier League,23.0,2002.0,21,12,1237,13.7,2,3,5,2,0,0,2,0,0.36,1600,sn SEN,MF,eng Premier League,23-184,2002.0,13.7,2,13,6,46.2,0.9489051094890512,0.43795620437956206,0.15,0.33,0,0,2003,sn SEN,MF,eng Premier League,23-184,2002.0,21,1237,59,45.8,13.7,12,88.0,10,9,20.0,2,1.1,20,19,1,0.07,0.56,1600,sn SEN,MF,eng Premier League,23-184,2002.0,13.7,2,0,0,24,13,3,7,13,19,0,0.14598540145985403,0.21897810218978103,0.5109489051094891,0.9489051094890512,1.3868613138686132,1.7518248175182483,0.9489051094890512,True,4,0.10440610066890532,1.2416657581243382,-0.26035931011293734,0.08429286983019557,-0.510878470774517,0.15996027865552842,0.8607403901723634,0.8709411197055581,-0.2383236383892541,-0.05608471996800381,0.8160706791982808
Jean-Philippe Mateta,fr FRA,FW,Crystal Palace,eng Premier League,28.0,1997.0,24,23,1935,21.5,8,0,8,5,3,3,2,0,0.23,1601,fr FRA,FW,eng Premier League,28-262,1997.0,21.5,8,55,26,47.3,2.558139534883721,1.2093023255813953,0.09,0.19,3,3,2004,fr FRA,FW,eng Premier League,28-262,1997.0,24,1935,81,71.7,21.5,23,83.0,12,1,31.0,0,1.21,19,23,-4,-0.19,-0.42,1601,fr FRA,FW,eng Premier League,28-262,1997.0,21.5,2,0,0,17,15,16,8,5,3,0,0.37209302325581395,0.0,0.37209302325581395,0.23255813953488372,0.13953488372093023,0.7906976744186046,0.6976744186046512,True,2,1.4037673607734358,-0.7621682875409468,1.4622241094783537,1.9394073064642847,-0.5918418461944274,-1.2965364169510387,-1.7070770915961349,-0.8683236562701712,-0.6024121974337927,2.7806740053139727,-2.421086211873067
Konstantinos Mavropanos,gr GRE,DF,West Ham United,eng Premier League,28.0,1997.0,23,19,1814,20.2,1,0,1,1,0,0,2,0,0.05,1610,gr GRE,DF,eng Premier League,28-096,1997.0,20.2,1,16,4,25.0,0.7920792079207921,0.19801980198019803,0.06,0.25,0,0,2015,gr GRE,DF,eng Premier League,28-096,1997.0,23,1814,79,67.2,20.2,19,90.0,19,4,26.0,3,0.96,24,34,-10,-0.5,0.42,1610,gr GRE,DF,eng Premier League,28-096,1997.0,20.2,2,0,0,9,8,1,2,33,18,1,0.04950495049504951,0.0,0.09900990099009901,1.6336633663366338,0.8910891089108911,0.44554455445544555,0.39603960396039606,True,1,-0.4500332381969451,-0.7621682875409468,-0.4282314942651529,-0.49276258132263046,-0.7510697525220784,1.5522299192343507,-0.15988460749935662,-1.492916009300629,-1.039547424164615,-1.7454999555434287,-1.4746252070308232
Ezra Mayers,bb BRB,DF,West Ham United,eng Premier League,19.0,2007.0,6,0,117,1.3,0,0,0,0,0,0,0,0,0.0,1613,bb BRB,DF,eng Premier League,19-060,2007.0,1.3,0,1,0,0.0,0.7692307692307692,0.0,0.0,,0,0,2019,bb BRB,DF,eng Premier League,19-060,2007.0,6,117,20,4.3,1.3,0,,0,6,20.0,8,0.33,0,3,-3,-2.31,-1.75,1613,bb BRB,DF,eng Premier League,19-060,2007.0,1.3,0,0,0,0,0,0,3,1,0,0,0.0,0.0,2.3076923076923075,0.7692307692307692,0.0,0.0,0.0,True,1,-0.7345208390382241,-0.7621682875409468,-0.4526892991877197,-0.9690071404065893,0.5367574571716618,-0.20535861546671688,-1.9943315785332205,-2.2991776524720335,-1.6134959661318016,-1.0818156121996725,-2.2109455319268894
James Mcatee,eng ENG,MF,Nottingham Forest,eng Premier League,23.0,2002.0,9,1,179,2.0,0,0,0,0,0,0,1,0,0.0,1631,eng ENG,MF,eng Premier League,23-150,2002.0,2.0,0,1,0,0.0,0.5,0.0,0.0,,0,0,2041,eng ENG,MF,eng Premier League,23-150,2002.0,9,179,20,6.6,2.0,1,59.0,0,8,15.0,18,0.22,0,8,-8,-4.02,-3.77,1631,eng ENG,MF,eng Premier League,23-150,2002.0,2.0,1,0,0,4,3,1,8,1,3,0,0.0,0.0,4.0,0.5,1.5,2.0,1.5,True,4,-0.7345208390382241,-0.7621682875409468,-0.7408837671919636,-0.9690071404065893,1.5234995468059689,-0.7527661458780183,1.0936541560404502,1.3200412790973834,0.5603341365689176,-1.0329337853386231,1.8403632774232552
John McGinn,sct SCO,MF,Aston Villa,eng Premier League,31.0,1994.0,23,22,1651,18.3,3,2,5,3,0,0,3,0,0.27,1632,sct SCO,MF,eng Premier League,31-150,1994.0,18.3,3,19,7,36.8,1.0382513661202186,0.3825136612021858,0.16,0.43,0,0,2042,sct SCO,MF,eng Premier League,31-150,1994.0,23,1651,72,61.1,18.3,22,73.0,5,1,45.0,0,1.87,26,22,4,0.22,0.3,1632,sct SCO,MF,eng Premier League,31-150,1994.0,18.3,3,0,0,25,40,0,61,11,16,0,0.16393442622950818,0.1092896174863388,3.333333333333333,0.6010928961748634,0.8743169398907104,1.366120218579235,2.1857923497267757,True,3,0.20755285555092925,0.23792374982205508,-0.1647198073489746,-0.049048388296319176,1.1347829660409388,-0.5472212417969597,-0.1944127532808077,0.17296642646882493,1.5541981725942007,0.7483589390008956,1.2097440493718798
Hannibal Mejbri,tn TUN,MF,Burnley,eng Premier League,23.0,2003.0,22,11,973,10.8,1,3,4,1,0,0,7,0,0.37,1642,tn TUN,MF,eng Premier League,23-055,2003.0,10.8,1,14,4,28.6,1.2962962962962963,0.37037037037037035,0.07,0.25,0,0,2055,tn TUN,MF,eng Premier League,23-055,2003.0,22,973,44,36.0,10.8,11,75.0,3,11,13.0,2,0.82,12,22,-10,-0.92,-0.09,1642,tn TUN,MF,eng Premier League,23-055,2003.0,10.8,7,0,0,17,36,3,24,7,13,0,0.09259259259259259,0.27777777777777773,2.222222222222222,0.6481481481481481,1.2037037037037037,1.574074074074074,3.333333333333333,True,0,-0.202423659686943,1.7797323074233493,0.11150092918037709,-0.07825342804585156,0.4869219980992219,-0.4515471873448153,0.483681665260466,0.5492816918187111,3.217237595425352,1.194899440410919,2.645828904282489
Antoni Milambo,nl NED,MF,Brentford,eng Premier League,20.0,2005.0,1,1,45,0.5,0,0,0,0,0,0,0,0,0.0,1671,nl NED,MF,eng Premier League,20-348,2005.0,0.5,0,0,0,,0.0,0.0,,,0,0,2098,nl NED,MF,eng Premier League,20-348,2005.0,1,45,45,1.7,0.5,1,45.0,0,0,,3,0.0,0,3,-3,-6.0,-6.24,1671,nl NED,MF,eng Premier League,20-348,2005.0,0.5,0,0,0,0,0,0,0,0,1,0,0.0,0.0,0.0,0.0,2.0,0.0,0.0,True,1,-0.7345208390382241,-0.7621682875409468,-1.276102064914131,-0.9690071404065893,-0.8087999377842117,-1.7693801309275783,2.1229827342316736,-2.2991776524720335,-1.6134959661318016,-2.0935651270709417,-1.0773260266032425
Nikola Milenković,rs SRB,DF,Nottingham Forest,eng Premier League,28.0,1997.0,30,30,2700,30.0,0,0,0,0,0,0,6,0,0.0,1672,rs SRB,DF,eng Premier League,28-156,1997.0,30.0,0,15,1,6.7,0.5,0.03333333333333333,0.0,0.0,0,0,2099,rs SRB,DF,eng Premier League,28-156,1997.0,30,2700,90,100.0,30.0,30,90.0,30,0,,0,0.97,28,43,-15,-0.5,,1672,rs SRB,DF,eng Premier League,28-156,1997.0,30.0,6,0,0,13,18,1,2,26,14,1,0.0,0.0,0.06666666666666667,0.8666666666666667,0.4666666666666667,0.43333333333333335,0.6,True,1,-0.7345208390382241,-0.7621682875409468,-0.7408837671919636,-0.8888393062941229,-0.7699282797077086,-0.0072492235083408876,-1.033624905554745,-1.5150135506319933,-0.743963925051514,-1.3708478570697293,-1.8609095593040275
James Milner,eng ENG,MF,Brighton,eng Premier League,40.0,1986.0,18,5,651,7.2,1,1,2,0,1,1,2,0,0.14,1679,eng ENG,MF,eng Premier League,40-072,1986.0,7.2,1,6,2,33.3,0.8333333333333333,0.2777777777777778,0.0,0.0,1,1,2107,eng ENG,MF,eng Premier League,40-072,1986.0,18,651,36,24.1,7.2,5,80.0,1,13,19.0,6,1.39,14,13,1,0.14,0.05,1679,eng ENG,MF,eng Premier League,40-072,1986.0,7.2,2,0,0,10,3,1,14,4,9,0,0.1388888888888889,0.1388888888888889,1.9444444444444444,0.5555555555555556,1.25,1.3888888888888888,0.41666666666666663,True,1,0.06362492998869759,0.5087820099412015,-0.38407156871051873,-0.3009418561360359,0.3249567561137929,-0.6398090364280671,0.5789898669448386,0.21416882778450588,-1.0096542709371574,-0.28517054700146405,0.29947716968042043
Veljko Milosavljević,rs SRB,DF,Bournemouth,eng Premier League,18.0,2007.0,7,4,368,4.1,0,0,0,0,0,0,0,0,0.0,1680,rs SRB,DF,eng Premier League,18-262,2007.0,4.1,0,1,0,0.0,0.24390243902439027,0.0,0.0,,0,0,2108,rs SRB,DF,eng Premier League,18-262,2007.0,7,368,53,13.6,4.1,4,90.0,4,3,3.0,14,1.86,5,6,-1,-0.24,-0.21,1680,rs SRB,DF,eng Premier League,18-262,2007.0,4.1,0,0,0,0,0,0,0,4,4,0,0.0,0.0,0.0,0.9756097560975611,0.9756097560975611,0.0,0.0,True,1,-0.7345208390382241,-0.7621682875409468,-1.0150199684642933,-0.9690071404065893,-0.8087999377842117,0.21425691307156336,0.014114427693557457,-2.2991776524720335,-1.6134959661318016,-2.138340216737243,-1.948571539566839
Tyrone Mings,eng ENG,DF,Aston Villa,eng Premier League,33.0,1993.0,13,11,964,10.7,0,0,0,0,0,0,0,0,0.0,1685,eng ENG,DF,eng Premier League,33-004,1993.0,10.7,0,7,0,0.0,0.6542056074766356,0.0,0.0,,0,0,2113,eng ENG,DF,eng Premier League,33-004,1993.0,13,964,74,35.7,10.7,11,85.0,10,2,17.0,4,1.08,7,15,-8,-0.75,-1.32,1685,eng ENG,DF,eng Premier League,33-004,1993.0,10.7,0,0,0,5,5,0,3,8,2,0,0.0,0.0,0.28037383177570097,0.7476635514018692,0.1869158878504673,0.4672897196261683,0.4672897196261683,True,1,-0.7345208390382241,-0.7621682875409468,-0.5758164417262484,-0.9690071404065893,-0.6453210019484513,-0.24920968599365662,-1.6095358483682771,-1.453565752572637,-0.9362903266611725,-1.1229622706880318,-2.1384647168539046
Yankuba Minteh,gm GAM,MF,Brighton,eng Premier League,21.0,2004.0,26,19,1757,19.5,2,4,6,2,0,0,1,0,0.31,1687,gm GAM,MF,eng Premier League,21-238,2004.0,19.5,2,34,9,26.5,1.7435897435897436,0.46153846153846156,0.06,0.22,0,0,2115,gm GAM,MF,eng Premier League,21-238,2004.0,26,1757,68,65.1,19.5,19,83.0,8,7,27.0,2,1.15,28,26,2,0.1,0.01,1687,gm GAM,MF,eng Premier League,21-238,2004.0,19.5,1,0,0,20,18,10,96,10,27,0,0.10256410256410256,0.20512820512820512,4.923076923076923,0.5128205128205128,1.3846153846153846,1.0256410256410255,0.9230769230769231,True,3,-0.1451208865260358,1.1149275364326876,0.5903002040657349,0.14100902422756093,2.0617225047883183,-0.7266991206203374,0.8561167918424756,-0.44316794397489684,-0.2757543644698205,0.6948215179508355,1.7147309237901347
Tyrick Mitchell,eng ENG,MF,Crystal Palace,eng Premier League,26.0,1999.0,30,30,2667,29.6,1,1,2,1,0,0,5,0,0.07,1692,eng ENG,MF,eng Premier League,26-197,1999.0,29.6,1,13,5,38.5,0.43918918918918914,0.16891891891891891,0.08,0.2,0,0,2123,eng ENG,MF,eng Premier League,26-197,1999.0,30,2667,89,98.8,29.6,30,89.0,27,0,,0,1.3,32,35,-3,-0.1,-2.83,1692,eng ENG,MF,eng Premier League,26-197,1999.0,29.6,5,0,0,19,21,5,85,28,52,0,0.03378378378378378,0.03378378378378378,2.8716216216216215,0.9459459459459459,1.7567567567567566,0.6418918918918919,0.7094594594594594,True,1,-0.5403772735992431,-0.4530182151804243,-0.8059778844824975,-0.5627512242961177,0.8655704692273201,0.15394362457158928,1.6222282907872945,-1.1376040088940114,-0.5853330797192994,-1.6238621066256773,0.6101054535152516
Morato,br BRA,DF,Nottingham Forest,eng Premier League,24.0,2001.0,15,10,941,10.5,0,0,0,0,0,0,4,0,0.0,1713,br BRA,DF,eng Premier League,24-260,2001.0,10.5,0,4,1,25.0,0.38095238095238093,0.09523809523809523,0.0,0.0,0,0,2154,br BRA,DF,eng Premier League,24-260,2001.0,15,941,63,34.9,10.5,10,89.0,9,5,11.0,14,1.07,4,17,-13,-1.24,-1.14,1713,br BRA,DF,eng Premier League,24-260,2001.0,10.5,4,0,0,11,7,1,1,8,16,0,0.0,0.0,0.09523809523809523,0.7619047619047619,1.5238095238095237,1.0476190476190477,0.6666666666666666,True,1,-0.7345208390382241,-0.7621682875409468,-0.8683166952210511,-0.7399561857995425,-0.7532689976749217,-0.220254058471106,1.1426698026209847,-0.40339630736424364,-0.6473492538203709,-1.7532704262984282,-0.40948830924829904
Cristhian Mosquera,es ESP,DF,Arsenal,eng Premier League,21.0,2004.0,14,6,673,7.5,0,0,0,0,0,0,2,0,0.0,1733,es ESP,DF,eng Premier League,21-263,2004.0,7.5,0,0,0,,0.0,0.0,,,0,0,2177,es ESP,DF,eng Premier League,21-263,2004.0,14,673,48,24.1,7.5,6,70.0,3,8,32.0,10,2.21,12,5,7,0.94,-0.42,1733,es ESP,DF,eng Premier League,21-263,2004.0,7.5,2,0,0,8,3,1,0,8,16,0,0.0,0.0,0.0,1.0666666666666667,2.1333333333333333,1.0666666666666667,0.4,True,4,-0.7345208390382241,-0.7621682875409468,-1.276102064914131,-0.9690071404065893,-0.8087999377842117,0.399396370511483,2.3974703550826666,-0.36892755563501123,-1.0338079387449433,-2.7002118043091357,0.09300772490627625
Yerson Mosquera,co COL,DF,Wolves,eng Premier League,24.0,2001.0,22,19,1706,19.0,0,0,0,0,0,0,10,0,0.0,1735,co COL,DF,eng Premier League,24-319,2001.0,19.0,0,21,6,28.6,1.105263157894737,0.3157894736842105,0.0,0.0,0,0,2179,co COL,DF,eng Premier League,24-319,2001.0,22,1706,78,61.1,19.0,19,86.0,13,3,26.0,6,0.73,18,31,-13,-0.69,0.73,1735,co COL,DF,eng Premier League,24-319,2001.0,19.0,10,0,0,25,35,1,17,16,31,2,0.0,0.0,0.8947368421052632,0.8421052631578947,1.631578947368421,1.3157894736842106,1.8421052631578947,True,4,-0.7345208390382241,-0.7621682875409468,-0.09298793310723451,-0.20952239618322344,-0.28710136886272386,-0.0571881561072668,1.3645300976697197,0.08188743408679354,1.0561199494655729,-0.7804227783771535,0.7667898134963256
Mason Mount,eng ENG,MF,Manchester Utd,eng Premier League,27.0,1999.0,17,10,816,9.1,3,0,3,3,0,0,0,0,0.33,1737,eng ENG,MF,eng Premier League,27-066,1999.0,9.1,3,18,5,27.8,1.978021978021978,0.5494505494505495,0.17,0.6,0,0,2182,eng ENG,MF,eng Premier League,27-066,1999.0,17,816,48,30.2,9.1,10,68.0,2,7,20.0,4,1.71,16,14,2,0.22,-0.3,1737,eng ENG,MF,eng Premier League,27-066,1999.0,9.1,0,0,0,13,9,0,18,3,8,0,0.32967032967032966,0.0,1.978021978021978,0.32967032967032966,0.8791208791208791,1.4285714285714286,0.989010989010989,True,0,1.159979008322381,-0.7621682875409468,0.8412450469537842,0.35244067463406575,0.3445349721779657,-1.099085195730066,-0.1845230894057944,0.2859787272204072,-0.18020139292253615,1.3678458660741857,-0.4593960631553543
Divine Mukasa,eng ENG,MF,Manchester City,eng Premier League,18.0,2007.0,2,0,27,0.3,0,0,0,0,0,0,0,0,0.0,1744,eng ENG,MF,eng Premier League,18-207,2007.0,0.3,0,0,0,,0.0,0.0,,,0,0,2189,eng ENG,MF,eng Premier League,18-207,2007.0,2,27,14,1.0,0.3,0,,0,2,14.0,9,1.5,0,0,0,0.0,-1.08,1744,eng ENG,MF,eng Premier League,18-207,2007.0,0.3,0,0,0,1,0,0,0,0,0,0,0.0,0.0,0.0,0.0,0.0,3.3333333333333335,0.0,True,1,-0.7345208390382241,-0.7621682875409468,-1.276102064914131,-0.9690071404065893,-0.8087999377842117,-1.7693801309275783,-1.9943315785332205,3.732853900143662,-1.6134959661318016,-0.6713832217115446,-1.0877392522685572
Nordi Mukiele,fr FRA,DF,Sunderland,eng Premier League,28.0,1997.0,25,25,2163,24.0,1,3,4,1,0,0,4,0,0.17,1747,fr FRA,DF,eng Premier League,28-136,1997.0,24.0,1,16,2,12.5,0.6666666666666666,0.08333333333333333,0.06,0.5,0,0,2192,fr FRA,DF,eng Premier League,28-136,1997.0,25,2163,87,80.1,24.0,25,87.0,23,0,,0,1.32,24,28,-4,-0.17,0.0,1747,fr FRA,DF,eng Premier League,28-136,1997.0,24.0,4,0,0,23,20,2,58,29,36,1,0.041666666666666664,0.125,2.4166666666666665,1.2083333333333333,1.5,0.9583333333333334,0.8333333333333334,True,4,-0.4950771083301476,0.38168698019298664,-0.5624776679512412,-0.7685875551254233,0.6002976674890225,0.6874369996088582,1.0936541560404502,-0.5649685810950212,-0.4058125757425131,-1.3841869188295302,0.8501395855667913
Romaine Mundle,eng ENG,MF,Sunderland,eng Premier League,22.0,2003.0,14,2,411,4.6,0,0,0,0,0,0,1,0,0.0,1748,eng ENG,MF,eng Premier League,22-327,2003.0,4.6,0,7,2,28.6,1.5217391304347827,0.4347826086956522,0.0,0.0,0,0,2198,eng ENG,MF,eng Premier League,22-327,2003.0,14,411,29,15.2,4.6,2,66.0,0,12,23.0,1,1.14,5,11,-6,-1.31,-1.35,1748,eng ENG,MF,eng Premier League,22-327,2003.0,4.6,1,0,0,7,8,0,11,1,4,0,0.0,0.0,2.3913043478260874,0.2173913043478261,0.8695652173913044,1.5217391304347827,1.7391304347826089,True,0,-0.7345208390382241,-0.7621682875409468,0.3528231890229004,0.07666026106036386,0.5855095366990488,-1.327374050471248,-0.20419492080935317,0.4545758824177404,0.9068867616371485,0.5022967075245802,0.435762959654351
Rodrigo Muniz,br BRA,FW,Fulham,eng Premier League,24.0,2001.0,13,4,504,5.6,1,1,2,1,0,0,1,0,0.36,1751,br BRA,FW,eng Premier League,24-317,2001.0,5.6,1,17,4,23.5,3.035714285714286,0.7142857142857143,0.06,0.25,0,0,2201,br BRA,FW,eng Premier League,24-317,2001.0,13,504,39,18.7,5.6,4,73.0,0,9,24.0,0,1.38,6,7,-1,-0.18,-0.1,1751,br BRA,FW,eng Premier League,24-317,2001.0,5.6,1,0,0,11,9,3,1,0,1,1,0.17857142857142858,0.17857142857142858,0.17857142857142858,0.0,0.17857142857142858,1.9642857142857144,1.6071428571428572,True,0,0.29166657828210374,0.8719106663646724,1.9734375998276001,0.7488750191462622,-0.7046794250792928,-1.7693801309275783,-1.626714229179212,1.2554123696050727,0.7156077153332548,2.9101515888220915,-0.346801559695024
Daniel Muñoz,co COL,MF,Crystal Palace,eng Premier League,29.0,1996.0,21,21,1778,19.8,3,2,5,3,0,0,5,0,0.25,1754,co COL,MF,eng Premier League,29-295,1996.0,19.8,3,18,7,38.9,0.9090909090909091,0.35353535353535354,0.17,0.43,0,0,2204,co COL,MF,eng Premier League,29-295,1996.0,21,1778,85,65.9,19.8,21,85.0,17,0,,0,1.57,24,20,4,0.2,0.79,1754,co COL,MF,eng Premier League,29-295,1996.0,19.8,5,0,0,24,13,6,48,20,31,0,0.15151515151515152,0.10101010101010101,2.4242424242424243,1.0101010101010102,1.5656565656565655,1.2121212121212122,0.6565656565656566,True,4,0.13618363626387228,0.1621592015369792,-0.30297788723746305,-0.11874223315315777,0.6047149013613525,0.28438549543516933,1.228818514792833,-0.10571163333905355,-0.661987840370544,-0.6269577003412924,0.7121369899849536
Murillo,br BRA,DF,Nottingham Forest,eng Premier League,23.0,2002.0,22,22,1909,21.2,1,0,1,1,0,0,4,0,0.05,1759,br BRA,DF,eng Premier League,23-256,2002.0,21.2,1,10,4,40.0,0.4716981132075472,0.18867924528301888,0.1,0.25,0,0,2210,br BRA,DF,eng Premier League,23-256,2002.0,22,1909,87,70.7,21.2,22,87.0,20,0,,1,1.09,25,28,-3,-0.14,1.22,1759,br BRA,DF,eng Premier League,23-256,2002.0,21.2,4,0,0,19,7,0,2,25,21,1,0.04716981132075472,0.0,0.09433962264150944,1.179245283018868,0.9905660377358491,0.8962264150943396,0.33018867924528306,True,1,-0.46345246465172235,-0.7621682875409468,-0.7711791425347279,-0.5152269473171568,-0.7537928744684055,0.6282943621138369,0.04490428392109043,-0.6773578482310213,-1.134979905788876,-1.6223068259158142,-1.2168375991976357
Alex Murphy,ie IRL,DF,Newcastle United,eng Premier League,21.0,2004.0,1,0,2,0.0,0,0,0,0,0,0,0,0,0.0,1761,ie IRL,DF,eng Premier League,21-265,2004.0,0.0,0,0,0,,0.0,0.0,,,0,0,2212,ie IRL,DF,eng Premier League,21-265,2004.0,1,2,2,0.1,0.0,0,,0,1,2.0,18,0.0,0,1,-1,-45.0,-45.03,1761,ie IRL,DF,eng Premier League,21-265,2004.0,0.0,0,0,0,0,0,0,0,0,0,0,0.0,0.0,0.0,0.0,0.0,0.0,0.0,True,1,-0.7345208390382241,-0.7621682875409468,-1.276102064914131,-0.9690071404065893,-0.8087999377842117,-1.7693801309275783,-1.9943315785332205,-2.2991776524720335,-1.6134959661318016,-1.0341779815851024,-3.091668447085808
Vitaliy Mykolenko,ua UKR,DF,Everton,eng Premier League,26.0,1999.0,25,25,2238,24.9,0,1,1,0,0,0,5,0,0.04,1775,ua UKR,DF,eng Premier League,26-292,1999.0,24.9,0,9,2,22.2,0.3614457831325301,0.08032128514056225,0.0,0.0,0,0,2226,ua UKR,DF,eng Premier League,26-292,1999.0,25,2238,90,82.9,24.9,25,90.0,22,0,,1,1.52,31,32,-1,-0.04,-0.04,1775,ua UKR,DF,eng Premier League,26-292,1999.0,24.9,5,0,0,24,22,0,69,24,15,1,0.0,0.040160642570281124,2.771084337349398,0.9638554216867471,0.6024096385542169,0.9638554216867471,0.8835341365461847,True,1,-0.7345208390382241,-0.39466458706418106,-0.889197271380034,-0.7758316365211281,0.8069497051547692,0.19035767157759784,-0.7541766650498185,-0.5549757577397842,-0.33306056427327896,-1.1573996865312821,-0.2234592485900036
Iliman Ndiaye,sn SEN,MF,Everton,eng Premier League,26.0,2000.0,24,24,2060,22.9,5,3,8,3,2,2,2,0,0.26,1793,sn SEN,MF,eng Premier League,26-011,2000.0,22.9,5,29,14,48.3,1.2663755458515285,0.6113537117903931,0.1,0.21,2,2,2251,sn SEN,MF,eng Premier League,26-011,2000.0,24,2060,86,76.3,22.9,24,86.0,14,0,,0,1.46,27,29,-2,-0.09,-0.23,1793,sn SEN,MF,eng Premier League,26-011,2000.0,22.9,2,0,0,25,30,9,41,13,32,0,0.2183406113537118,0.13100436681222707,1.7903930131004369,0.5676855895196506,1.3973799126637556,1.091703056768559,1.310043668122271,True,0,0.5202061341045349,0.4366319930535686,0.07947266294114025,0.5013199481189955,0.23513323763279076,-0.6151459120940167,0.882394578857099,-0.3236214671175482,0.28504560827930714,0.6855556649172683,0.5738105612800188
Dan Ndoye,ch SUI,MF,Nottingham Forest,eng Premier League,25.0,2000.0,22,14,1160,12.9,1,1,2,1,0,0,1,0,0.16,1798,ch SUI,MF,eng Premier League,25-143,2000.0,12.9,1,15,4,26.7,1.1627906976744187,0.31007751937984496,0.07,0.25,0,0,2256,ch SUI,MF,eng Premier League,25-143,2000.0,22,1160,53,43.0,12.9,14,71.0,3,8,21.0,3,1.0,14,17,-3,-0.23,0.47,1798,ch SUI,MF,eng Premier League,25-143,2000.0,12.9,1,0,0,15,19,9,41,10,11,0,0.07751937984496124,0.07751937984496124,3.1782945736434107,0.7751937984496123,0.8527131782945736,1.1627906976744187,1.4728682170542635,True,3,-0.28904413074412827,-0.05280067964393383,-0.03140834928118346,-0.22325984633713442,1.044383761211862,-0.19323441767244662,-0.23888749169547488,-0.19498059923400035,0.5210142122306617,0.05606021865404203,0.6216921677347466
Dan Neil,eng ENG,MF,Sunderland,eng Premier League,24.0,2001.0,3,0,14,0.2,0,0,0,0,0,0,0,0,0.0,1803,eng ENG,MF,eng Premier League,24-094,2001.0,0.2,0,0,0,,0.0,0.0,,,0,0,2263,eng ENG,MF,eng Premier League,24-094,2001.0,3,14,5,0.5,0.2,0,,0,3,5.0,19,1.33,0,0,0,0.0,0.17,1803,eng ENG,MF,eng Premier League,24-094,2001.0,0.2,0,0,0,0,1,0,0,1,0,0,0.0,0.0,0.0,5.0,0.0,0.0,5.0,True,1,-0.7345208390382241,-0.7621682875409468,-1.276102064914131,-0.9690071404065893,-0.8087999377842117,8.396759719568022,-1.9943315785332205,-2.2991776524720335,5.632604376203929,-3.0789373283078074,0.5110780390056174
Pedro Neto,pt POR,MF,Chelsea,eng Premier League,26.0,2000.0,28,24,2140,23.8,5,4,9,5,0,0,4,1,0.38,1808,pt POR,MF,eng Premier League,26-008,2000.0,23.8,5,39,11,28.2,1.638655462184874,0.4621848739495798,0.13,0.45,0,0,2270,pt POR,MF,eng Premier League,26-008,2000.0,28,2140,76,79.3,23.8,24,82.0,13,4,46.0,0,1.61,42,21,21,0.88,1.37,1808,pt POR,MF,eng Premier League,26-008,2000.0,23.8,4,1,1,11,20,5,154,6,9,0,0.21008403361344538,0.1680672268907563,6.470588235294118,0.25210084033613445,0.37815126050420167,0.4621848739495798,0.8403361344537815,True,3,0.47275847545627925,0.7757883749584594,0.47797470913330836,0.14256366871584392,2.9640374637587277,-1.2568016510706572,-1.2158477799012026,-1.4628035296303619,-0.39566397582327545,1.5474754994520614,0.5369884370780633
Rio Ngumoha,eng ENG,MF,Liverpool,eng Premier League,17.0,2008.0,12,1,201,2.2,1,0,1,1,0,0,0,0,0.45,1824,eng ENG,MF,eng Premier League,17-200,2008.0,2.2,1,6,4,66.7,2.727272727272727,1.8181818181818181,0.17,0.25,0,0,2286,eng ENG,MF,eng Premier League,17-200,2008.0,12,201,17,7.4,2.2,1,63.0,0,11,13.0,17,1.25,9,4,5,2.24,2.09,1824,eng ENG,MF,eng Premier League,17-200,2008.0,2.2,0,0,0,1,3,0,12,1,1,0,0.45454545454545453,0.0,5.454545454545454,0.45454545454545453,0.45454545454545453,0.45454545454545453,1.3636363636363635,True,2,1.8775925868680645,-0.7621682875409468,1.643270468115873,3.403783811182487,2.3716084502933072,-0.845185599064342,-1.0585783256321082,-1.476627895297166,0.36271321814157936,3.90210190307221,-0.43270444566920124
Eddie Nketiah,eng ENG,MF,Crystal Palace,eng Premier League,26.0,1999.0,12,2,424,4.7,2,0,2,2,0,0,2,0,0.42,1840,eng ENG,MF,eng Premier League,26-291,1999.0,4.7,2,15,6,40.0,3.1914893617021276,1.276595744680851,0.13,0.33,0,0,2303,eng ENG,MF,eng Premier League,26-291,1999.0,12,424,35,15.7,4.7,2,70.0,0,10,28.0,0,1.33,6,12,-6,-1.27,-1.43,1840,eng ENG,MF,eng Premier League,26-291,1999.0,4.7,2,0,0,7,7,3,0,2,6,0,0.425531914893617,0.0,0.0,0.425531914893617,1.276595744680851,1.4893617021276595,1.4893617021276595,True,2,1.7108619426612803,-0.7621682875409468,2.140184941823108,2.1012503362410597,-0.8087999377842117,-0.9041767393960378,0.6337413870613926,0.3959853816754045,0.5449169017979905,2.899910951809707,-0.5493442654484506
Lukas Nmecha,de GER,FW,Leeds United,eng Premier League,27.0,1998.0,24,8,812,9.0,6,1,7,4,2,3,0,0,0.55,1844,de GER,FW,eng Premier League,27-093,1998.0,9.0,6,21,13,61.9,2.3333333333333335,1.4444444444444444,0.19,0.31,2,3,2308,de GER,FW,eng Premier League,27-093,1998.0,24,812,34,30.1,9.0,8,69.0,0,16,16.0,2,0.96,10,18,-8,-0.89,-0.74,1844,de GER,FW,eng Premier League,27-093,1998.0,9.0,0,0,0,16,13,2,5,3,4,0,0.6666666666666666,0.1111111111111111,0.5555555555555556,0.3333333333333333,0.4444444444444444,1.7777777777777777,1.4444444444444444,True,2,3.0965788522909996,0.25459195044477173,1.2215833244559837,2.504932337800288,-0.48486945381335317,-1.0916374742278716,-1.079372842363244,0.9179058422563369,0.479821910542965,4.075993448756274,-0.9350557062297465
Matheus Nunes,pt POR,DF,Manchester City,eng Premier League,27.0,1998.0,27,25,2265,25.2,1,4,5,1,0,0,4,0,0.2,1854,pt POR,DF,eng Premier League,27-202,1998.0,25.2,1,7,2,28.6,0.2777777777777778,0.07936507936507936,0.14,0.5,0,0,2320,pt POR,DF,eng Premier League,27-202,1998.0,27,2265,84,83.9,25.2,25,88.0,22,2,35.0,2,2.15,53,23,30,1.19,0.78,1854,pt POR,DF,eng Premier League,27-202,1998.0,25.2,4,0,0,13,25,4,52,24,35,0,0.03968253968253968,0.15873015873015872,2.0634920634920637,0.9523809523809524,1.3888888888888888,0.5158730158730159,0.9920634920634921,True,1,-0.5064791907448178,0.6903463381529369,-0.9787585661795936,-0.7781313449007169,0.39437043125040555,0.1670274596430123,0.8649144719979561,-1.3656489598053188,-0.17577764423979153,-1.2890678041462615,0.5247082136003854
Ethan Nwaneri,eng ENG,MF,Arsenal,eng Premier League,18.0,2007.0,6,0,171,1.9,0,0,0,0,0,0,0,0,0.0,1861,eng ENG,MF,eng Premier League,18-361,2007.0,1.9,0,6,0,0.0,3.1578947368421053,0.0,0.0,,0,0,2329,eng ENG,MF,eng Premier League,18-361,2007.0,6,171,29,6.1,1.9,0,,0,6,29.0,11,2.67,8,0,8,4.21,3.15,1861,eng ENG,MF,eng Premier League,18-361,2007.0,1.9,0,0,0,2,0,0,2,0,0,0,0.0,0.0,1.0526315789473684,0.0,0.0,1.0526315789473684,0.0,True,0,-0.7345208390382241,-0.7621682875409468,2.104224025962716,-0.9690071404065893,-0.1950369155236378,-1.7693801309275783,-1.9943315785332205,-0.39432558322497213,-1.6134959661318016,0.7836165115493033,-2.060966790018496
Trey Nyoni,eng ENG,MF,Liverpool,eng Premier League,18.0,2007.0,4,0,15,0.2,0,0,0,0,0,0,0,0,0.0,1865,eng ENG,MF,eng Premier League,18-260,2007.0,0.2,0,1,0,0.0,5.0,0.0,0.0,,0,0,2334,eng ENG,MF,eng Premier League,18-260,2007.0,4,15,4,0.6,0.2,0,,0,4,4.0,17,2.5,0,1,-1,-6.0,-6.34,1865,eng ENG,MF,eng Premier League,18-260,2007.0,0.2,0,0,0,0,0,1,0,0,0,0,0.0,0.0,0.0,0.0,0.0,0.0,0.0,True,0,-0.7345208390382241,-0.7621682875409468,4.076080912307543,-0.9690071404065893,-0.8087999377842117,-1.7693801309275783,-1.9943315785332205,-2.2991776524720335,-1.6134959661318016,1.5804009414802136,-2.9986219152280027
Christian Nørgaard,dk DEN,MF,Arsenal,eng Premier League,32.0,1994.0,6,0,61,0.7,0,0,0,0,0,0,0,0,0.0,1869,dk DEN,MF,eng Premier League,32-007,1994.0,0.7,0,1,1,100.0,1.4285714285714286,1.4285714285714286,0.0,0.0,0,0,2339,dk DEN,MF,eng Premier League,32-007,1994.0,6,61,10,2.2,0.7,0,,0,6,10.0,18,3.0,2,1,1,1.48,0.22,1869,dk DEN,MF,eng Premier League,32-007,1994.0,0.7,0,0,0,1,0,0,0,0,0,0,0.0,0.0,0.0,0.0,0.0,1.4285714285714286,0.0,True,0,-0.7345208390382241,-0.7621682875409468,0.25309307143491877,2.4667571786991136,-0.8087999377842117,-1.7693801309275783,-1.9943315785332205,0.2859787272204072,-1.6134959661318016,1.5567371957200042,-2.4421244337829062
Jake O'Brien,ie IRL,DF,Everton,eng Premier League,24.0,2001.0,29,27,2458,27.3,0,1,1,0,0,0,2,1,0.04,1870,ie IRL,DF,eng Premier League,24-306,2001.0,27.3,0,9,3,33.3,0.32967032967032966,0.10989010989010989,0.0,0.0,0,0,2340,ie IRL,DF,eng Premier League,24-306,2001.0,29,2458,85,91.0,27.3,27,88.0,24,2,42.0,0,1.48,32,33,-1,-0.04,-0.04,1870,ie IRL,DF,eng Premier League,24-306,2001.0,27.3,2,1,0,15,10,3,41,10,28,0,0.0,0.03663003663003663,1.5018315018315018,0.3663003663003663,1.0256410256410255,0.5494505494505494,0.3663003663003663,True,1,-0.7345208390382241,-0.4269726046885121,-0.9232108796028119,-0.7047175773984583,0.06688027163151555,-1.0246079807081205,0.11711165878210979,-1.3048867372057105,-1.082646124202444,-1.208529710700887,-0.8590989073608447
Luke O'Nien,eng ENG,DF,Sunderland,eng Premier League,31.0,1994.0,7,1,141,1.6,0,0,0,0,0,0,1,1,0.0,1871,eng ENG,DF,eng Premier League,31-116,1994.0,1.6,0,0,0,,0.0,0.0,,,0,0,2341,eng ENG,DF,eng Premier League,31-116,1994.0,7,141,20,5.2,1.6,1,90.0,1,6,9.0,14,1.0,1,0,1,0.64,0.85,1871,eng ENG,DF,eng Premier League,31-116,1994.0,1.6,1,1,0,4,3,0,2,2,2,0,0.0,0.0,1.25,1.25,1.25,2.5,1.875,True,4,-0.7345208390382241,-0.7621682875409468,-1.276102064914131,-0.9690071404065893,-0.07995634884978016,0.7721548316963217,0.5789898669448386,2.2248460119897375,1.1037916622440975,-1.6713338590082556,1.3240655190726465
Matt O'Riley,dk DEN,MF,Brighton,eng Premier League,25.0,2000.0,4,2,187,2.1,1,0,1,0,1,1,0,0,0.0,1873,dk DEN,MF,eng Premier League,25-116,2000.0,2.1,1,4,2,50.0,1.9047619047619047,0.9523809523809523,0.0,0.0,1,1,2343,dk DEN,MF,eng Premier League,25-116,2000.0,4,187,47,6.9,2.1,2,89.0,1,2,5.0,3,1.0,1,2,-1,-0.48,-0.62,1873,dk DEN,MF,eng Premier League,25-116,2000.0,2.1,0,0,0,2,1,1,6,0,2,0,0.47619047619047616,0.0,2.857142857142857,0.0,0.9523809523809523,0.9523809523809523,0.47619047619047616,True,2,2.0019789404826502,-0.7621682875409468,0.7628247835512686,1.3215024056638793,0.857128265494489,-1.7693801309275783,-0.033705715311842306,-0.5757400660104066,-0.9233911716236368,2.2127479057251085,-0.9312591665710678
Callum Olusesi,eng ENG,MF,Tottenham Hotspur,eng Premier League,19.0,2007.0,1,0,15,0.2,0,0,0,0,0,0,0,0,0.0,1896,eng ENG,MF,eng Premier League,19-059,2007.0,0.2,0,0,0,,0.0,0.0,,,0,0,2377,eng ENG,MF,eng Premier League,19-059,2007.0,1,15,15,0.6,0.2,0,,0,1,15.0,7,1.0,1,0,1,6.0,6.27,1896,eng ENG,MF,eng Premier League,19-059,2007.0,0.2,0,0,0,0,0,0,0,0,0,0,0.0,0.0,0.0,0.0,0.0,0.0,0.0,True,1,-0.7345208390382241,-0.7621682875409468,-1.276102064914131,-0.9690071404065893,-0.8087999377842117,-1.7693801309275783,-1.9943315785332205,-2.2991776524720335,-1.6134959661318016,-1.0341779815851024,-3.091668447085808
Amadou Onana,be BEL,MF,Aston Villa,eng Premier League,24.0,2001.0,21,18,1470,16.3,2,0,2,2,0,0,2,0,0.12,1900,be BEL,MF,eng Premier League,24-213,2001.0,16.3,2,13,6,46.2,0.7975460122699386,0.36809815950920244,0.15,0.33,0,0,2385,be BEL,MF,eng Premier League,24-213,2001.0,21,1470,70,54.4,16.3,18,79.0,8,3,16.0,1,1.86,21,22,-1,-0.06,-0.35,1900,be BEL,MF,eng Premier League,24-213,2001.0,16.3,2,0,0,17,23,0,0,16,22,0,0.12269938650306748,0.0,0.0,0.9815950920245399,1.3496932515337423,1.0429447852760736,1.411042944785276,True,1,-0.029410466400943615,-0.7621682875409468,-0.42237962682969227,-0.08371817474745116,-0.8087999377842117,0.22642646548873582,0.7842240926578126,-0.41185489674565057,0.4314157869199995,-0.7286536286505404,-0.31575929628754074
Frank Onyeka,ng NGA,MF,Brentford,eng Premier League,28.0,1998.0,6,0,92,1.0,0,1,1,0,0,0,0,0,0.98,1903,ng NGA,MF,eng Premier League,28-075,1998.0,1.0,0,0,0,,0.0,0.0,,,0,0,2390,ng NGA,MF,eng Premier League,28-075,1998.0,6,92,15,3.4,1.0,0,,0,6,15.0,10,1.5,3,2,1,0.98,0.87,1903,ng NGA,MF,eng Premier League,28-075,1998.0,1.0,0,0,0,3,3,0,0,0,0,0,0.0,1.0,0.0,0.0,0.0,3.0,3.0,True,3,-0.7345208390382241,8.388673854330522,-1.276102064914131,-0.9690071404065893,-0.8087999377842117,-1.7693801309275783,-1.9943315785332205,3.129650744882092,2.734164239269637,2.518467043680106,4.038425785013837
Nehemiah Oriola,eng ENG,MF,Brighton,eng Premier League,18.0,2007.0,1,0,1,0.0,0,0,0,0,0,0,0,0,0.0,1911,eng ENG,MF,eng Premier League,18-279,2007.0,0.0,0,0,0,,0.0,0.0,,,0,0,2399,eng ENG,MF,eng Premier League,18-279,2007.0,1,1,1,0.0,0.0,0,,0,1,1.0,6,3.0,0,0,0,0.0,-0.1,1911,eng ENG,MF,eng Premier League,18-279,2007.0,0.0,0,0,0,0,0,0,0,0,0,0,0.0,0.0,0.0,0.0,0.0,0.0,0.0,True,1,-0.7345208390382241,-0.7621682875409468,-1.276102064914131,-0.9690071404065893,-0.8087999377842117,-1.7693801309275783,-1.9943315785332205,-2.2991776524720335,-1.6134959661318016,-1.0341779815851024,-3.091668447085808
William Osula,dk DEN,FW,Newcastle United,eng Premier League,22.0,2003.0,16,1,280,3.1,2,0,2,2,0,0,0,0,0.64,1921,dk DEN,FW,eng Premier League,22-225,2003.0,3.1,2,8,4,50.0,2.5806451612903225,1.2903225806451613,0.25,0.5,0,0,2411,dk DEN,FW,eng Premier League,22-225,2003.0,16,280,18,10.4,3.1,1,90.0,1,15,13.0,2,1.13,4,6,-2,-0.64,-0.72,1921,dk DEN,FW,eng Premier League,22-225,2003.0,3.1,0,0,0,13,1,0,1,0,1,0,0.6451612903225806,0.0,0.3225806451612903,0.0,0.3225806451612903,4.193548387096774,0.3225806451612903,True,2,2.9729949912803795,-0.7621682875409468,1.4863149555873783,2.134263857495336,-0.6207112696721003,-1.7693801309275783,-1.3302486248614633,5.289507204044486,-1.1460056214649805,3.914001582302894,-0.7180049611489828
Dango Ouattara,bf BFA,MF,Brentford,eng Premier League,24.0,2002.0,24,19,1700,18.9,5,3,8,5,0,0,4,0,0.42,1925,bf BFA,MF,eng Premier League,24-034,2002.0,18.9,5,36,12,33.3,1.9047619047619049,0.634920634920635,0.14,0.42,0,0,2417,bf BFA,MF,eng Premier League,24-034,2002.0,24,1700,71,63.0,18.9,19,82.0,7,5,27.0,0,1.33,26,26,0,0.0,-0.36,1925,bf BFA,MF,eng Premier League,24-034,2002.0,18.9,4,0,0,21,30,7,73,20,11,0,0.2645502645502646,0.15873015873015875,3.8624338624338628,1.0582010582010584,0.5820105820105821,1.1111111111111112,1.5873015873015874,True,3,0.7857568162511507,0.6903463381529371,0.7628247835512688,0.5579992236403899,1.4432881888703282,0.38218385859530035,-0.7961713287868225,-0.28850046826680187,0.6868533488954147,1.495734474098949,0.7322845023787597
Pablo,br BRA,MF,West Ham United,eng Premier League,22.0,2004.0,6,4,315,3.5,0,0,0,0,0,0,0,0,0.0,1937,br BRA,MF,eng Premier League,22-074,2004.0,3.5,0,4,0,0.0,1.1428571428571428,0.0,0.0,,0,0,2430,br BRA,MF,eng Premier League,22-074,2004.0,6,315,53,11.7,3.5,4,69.0,0,2,20.0,1,1.67,7,5,2,0.57,1.36,1937,br BRA,MF,eng Premier League,22-074,2004.0,3.5,0,0,0,11,4,0,0,3,5,0,0.0,0.0,0.0,0.8571428571428571,1.4285714285714286,3.142857142857143,1.1428571428571428,True,4,-0.7345208390382241,-0.7621682875409468,-0.05274595583489127,-0.9690071404065893,-0.8087999377842117,-0.02661329941404695,0.946607216298847,3.388166382851336,0.042755540687793886,-1.1092030760469531,1.0356475572256079
Nathan Patterson,sct SCO,DF,Everton,eng Premier League,24.0,2001.0,6,3,240,2.7,0,0,0,0,0,0,0,0,0.0,1965,sct SCO,DF,eng Premier League,24-152,2001.0,2.7,0,1,1,100.0,0.37037037037037035,0.37037037037037035,0.0,0.0,0,0,2464,sct SCO,DF,eng Premier League,24-152,2001.0,6,240,40,8.9,2.7,3,77.0,1,3,3.0,15,1.67,3,1,2,0.75,0.86,1965,sct SCO,DF,eng Premier League,24-152,2001.0,2.7,0,0,0,2,2,1,6,2,4,0,0.0,0.0,2.222222222222222,0.7407407407407407,1.4814814814814814,0.7407407407407407,0.7407407407407407,True,1,-0.7345208390382241,-0.7621682875409468,-0.8796440666014145,-0.07825342804585156,0.4869219980992219,-0.26328533826156353,1.0555308753667012,-0.9587261963352126,-0.5399996191191009,-1.3002094843727123,0.0411472503525006
Myles Peart-Harris,eng ENG,MF,Brentford,eng Premier League,23.0,2002.0,1,0,1,0.0,0,0,0,0,0,0,0,0,0.0,1973,eng ENG,MF,eng Premier League,23-180,2002.0,0.0,0,0,0,,0.0,0.0,,,0,0,2475,eng ENG,MF,eng Premier League,23-180,2002.0,1,1,1,0.0,0.0,0,,0,1,1.0,4,3.0,0,0,0,0.0,-0.13,1973,eng ENG,MF,eng Premier League,23-180,2002.0,0.0,0,0,0,1,0,0,0,0,0,0,0.0,0.0,0.0,0.0,0.0,0.0,0.0,True,1,-0.7345208390382241,-0.7621682875409468,-1.276102064914131,-0.9690071404065893,-0.8087999377842117,-1.7693801309275783,-1.9943315785332205,-2.2991776524720335,-1.6134959661318016,-1.0341779815851024,-3.091668447085808
Ethan Pinnock,jm JAM,DF,Brentford,eng Premier League,32.0,1993.0,3,3,228,2.5,0,0,0,0,0,0,1,0,0.0,2026,jm JAM,DF,eng Premier League,32-292,1993.0,2.5,0,0,0,,0.0,0.0,,,0,0,2544,jm JAM,DF,eng Premier League,32-292,1993.0,3,228,76,8.4,2.5,3,76.0,0,0,,25,0.33,2,5,-3,-1.18,-1.44,2026,jm JAM,DF,eng Premier League,32-292,1993.0,2.5,1,0,0,0,2,0,0,4,4,1,0.0,0.0,0.0,1.6,1.6,0.0,0.8,True,1,-0.7345208390382241,-0.7621682875409468,-1.276102064914131,-0.9690071404065893,-0.8087999377842117,1.483784621231014,1.2995198716786953,-2.2991776524720335,-0.45411991135808466,-2.7950905250024394,-0.7758744382269112
Yeremi Pino,es ESP,MF,Crystal Palace,eng Premier League,23.0,2002.0,27,21,1721,19.1,2,1,3,2,0,0,4,0,0.16,2028,es ESP,MF,eng Premier League,23-148,2002.0,19.1,2,38,10,26.3,1.9895287958115182,0.5235602094240838,0.05,0.2,0,0,2546,es ESP,MF,eng Premier League,23-148,2002.0,27,1721,64,63.7,19.1,21,77.0,4,6,18.0,1,1.26,17,20,-3,-0.16,-0.25,2028,es ESP,MF,eng Premier League,23-148,2002.0,19.1,4,0,0,25,21,8,65,6,17,0,0.10471204188481674,0.05235602094240837,3.4031413612565444,0.31413612565445026,0.8900523560209423,1.3089005235602094,1.0994764397905759,True,0,-0.1327774320231628,-0.2830666047204512,0.8535623658128177,0.29017350010335413,1.1754862729273294,-1.1306697738283782,-0.16201892625564981,0.06942112473308212,-0.020112644780489193,0.9784028585196547,0.39998849521584073
Joël Piroe,nl NED,FW,Leeds United,eng Premier League,26.0,1999.0,13,2,226,2.5,0,0,0,0,0,0,0,0,0.0,2030,nl NED,FW,eng Premier League,26-227,1999.0,2.5,0,11,2,18.2,4.4,0.8,0.0,0.0,0,0,2550,nl NED,FW,eng Premier League,26-227,1999.0,13,226,17,8.4,2.5,2,67.0,0,11,8.0,16,0.85,2,7,-5,-1.99,-1.77,2030,nl NED,FW,eng Premier League,26-227,1999.0,2.5,0,0,0,3,0,1,4,1,1,0,0.0,0.0,1.6,0.4,0.4,1.2,0.0,True,0,-0.7345208390382241,-0.7621682875409468,3.433818955040943,0.9550208782926044,0.1241198560518607,-0.9560889428879302,-1.1708687159802416,-0.12764629353038348,-1.6134959661318016,1.9166789973062137,-1.4381941572283317
Pedro Porro,es ESP,DF,Tottenham Hotspur,eng Premier League,26.0,1999.0,26,24,2076,23.1,0,2,2,0,0,0,6,0,0.09,2040,es ESP,DF,eng Premier League,26-185,1999.0,23.1,0,20,2,10.0,0.8658008658008658,0.08658008658008658,0.0,0.0,0,0,2565,es ESP,DF,eng Premier League,26-185,1999.0,26,2076,80,76.9,23.1,24,85.0,18,2,21.0,0,1.12,32,30,2,0.09,1.38,2040,es ESP,DF,eng Premier League,26-185,1999.0,23.1,6,0,0,25,20,1,168,18,33,0,0.0,0.08658008658008658,7.2727272727272725,0.7792207792207791,1.4285714285714284,1.0822510822510822,0.8658008658008658,True,3,-0.7345208390382241,0.03011241738298974,-0.3493171337934948,-0.7607789998547285,3.4317445796524804,-0.18504664773345894,0.9466072162988466,-0.3407258496747301,-0.3587599761169565,-0.854763361252516,2.2681221330646495
Freddie Potts,eng ENG,MF,West Ham United,eng Premier League,22.0,2003.0,19,11,1101,12.2,0,1,1,0,0,0,1,0,0.08,2044,eng ENG,MF,eng Premier League,22-186,2003.0,12.2,0,3,1,33.3,0.24590163934426232,0.0819672131147541,0.0,0.0,0,0,2570,eng ENG,MF,eng Premier League,22-186,2003.0,19,1101,58,40.8,12.2,11,80.0,4,8,28.0,7,0.95,15,23,-8,-0.65,-0.03,2044,eng ENG,MF,eng Premier League,22-186,2003.0,12.2,1,0,0,13,14,0,34,14,18,0,0.0,0.0819672131147541,2.7868852459016393,1.1475409836065575,1.4754098360655739,1.0655737704918034,1.1475409836065575,True,4,-0.7345208390382241,-0.012099259518695303,-1.0128799512802782,-0.7718731220972456,0.8161628178728815,0.5638322937763303,1.0430314390802264,-0.3709052708981638,0.04954345669934993,-1.6212969363575855,1.0493737988373804
Jacob Ramsey,eng ENG,MF,Newcastle United,eng Premier League,24.0,2001.0,20,10,991,11.0,2,1,3,2,0,0,5,1,0.27,2078,eng ENG,MF,eng Premier League,24-293,2001.0,11.0,2,12,4,33.3,1.0909090909090908,0.36363636363636365,0.17,0.5,0,0,2620,eng ENG,MF,eng Premier League,24-293,2001.0,20,991,50,36.7,11.0,10,72.0,3,10,27.0,5,1.3,18,20,-2,-0.18,-0.29,2078,eng ENG,MF,eng Premier League,24-293,2001.0,11.0,5,1,1,14,11,2,7,7,10,0,0.18181818181818182,0.09090909090909091,0.6363636363636364,0.6363636363636364,0.9090909090909091,1.2727272727272727,1.0,True,1,0.31032453132429155,0.06972645262918663,-0.10835305170212947,-0.09444895008877399,-0.43775229250850106,-0.4755077863190474,-0.12282507273099581,0.003961667617595358,-0.16427589766465547,0.18691262167004527,-0.4187706198381931
Harrison Reed,eng ENG,MF,Fulham,eng Premier League,31.0,1995.0,5,0,27,0.3,1,0,1,1,0,0,0,0,3.33,2095,eng ENG,MF,eng Premier League,31-049,1995.0,0.3,1,1,1,100.0,3.3333333333333335,3.3333333333333335,1.0,1.0,0,0,2639,eng ENG,MF,eng Premier League,31-049,1995.0,5,27,5,1.0,0.3,0,,0,5,5.0,18,1.6,1,1,0,0.0,0.1,2095,eng ENG,MF,eng Premier League,31-049,1995.0,0.3,0,0,0,0,1,0,3,0,0,0,3.3333333333333335,0.0,10.0,0.0,0.0,0.0,3.3333333333333335,True,2,18.420977617607896,-0.7621682875409468,2.292019919900319,7.047776270840051,5.021948773691241,-1.7693801309275783,-1.9943315785332205,-2.2991776524720335,3.2172375954253525,14.838035110102327,-1.5484711199664816
Tijjani Reijnders,nl NED,MF,Manchester City,eng Premier League,27.0,1998.0,26,17,1496,16.6,5,2,7,5,0,0,2,0,0.42,2098,nl NED,MF,eng Premier League,27-231,1998.0,16.6,5,41,15,36.6,2.469879518072289,0.9036144578313252,0.12,0.33,0,0,2643,nl NED,MF,eng Premier League,27-231,1998.0,26,1496,58,55.4,16.6,17,79.0,6,9,18.0,4,1.96,30,15,15,0.9,-0.37,2098,nl NED,MF,eng Premier League,27-231,1998.0,16.6,2,0,0,18,15,4,37,11,4,0,0.3012048192771084,0.12048192771084336,2.228915662650602,0.6626506024096385,0.24096385542168672,1.0843373493975903,0.9036144578313252,True,0,0.9963976962008829,0.34034281388935034,1.3677473575688643,1.2042172783048493,0.4908247750145335,-0.42206039170527004,-1.4982696131398596,-0.33695052089825345,-0.30395975968558536,2.2829501794090925,-0.8070089687492348
Chadi Riad,ma MAR,DF,Crystal Palace,eng Premier League,22.0,2003.0,6,3,314,3.5,0,1,1,0,0,0,2,0,0.29,2109,ma MAR,DF,eng Premier League,22-273,2003.0,3.5,0,2,1,50.0,0.5714285714285714,0.2857142857142857,0.0,0.0,0,0,2654,ma MAR,DF,eng Premier League,22-273,2003.0,6,314,52,11.6,3.5,3,74.0,1,3,31.0,3,1.17,5,3,2,0.57,0.72,2109,ma MAR,DF,eng Premier League,22-273,2003.0,3.5,2,0,0,4,2,0,6,1,3,0,0.0,0.2857142857142857,1.7142857142857142,0.2857142857142857,0.8571428571428571,1.1428571428571428,0.5714285714285714,True,3,-0.7345208390382241,1.8523580387080438,-0.6644240103745112,-0.28185427658544876,0.19075698418300863,-1.1884578537564012,-0.22976830163398013,-0.23105254871808115,-0.7853702127220039,-0.022925645504068413,0.3817628809024397
Declan Rice,eng ENG,MF,Arsenal,eng Premier League,27.0,1999.0,30,29,2581,28.7,4,5,9,4,0,0,2,0,0.31,2113,eng ENG,MF,eng Premier League,27-062,1999.0,28.7,4,36,12,33.3,1.2543554006968642,0.4181184668989547,0.11,0.33,0,0,2658,eng ENG,MF,eng Premier League,27-062,1999.0,30,2581,86,92.5,28.7,29,88.0,24,1,23.0,0,2.23,54,21,33,1.15,-1.43,2113,eng ENG,MF,eng Premier League,27-062,1999.0,28.7,2,0,0,20,8,1,145,27,29,0,0.13937282229965156,0.17421602787456447,5.052264808362369,0.9407665505226481,1.0104529616724738,0.6968641114982579,0.2787456445993031,True,3,0.06640592569959271,0.832055082123072,0.06660585968503478,0.03658241640483595,2.1370487143549535,0.1434127329287368,0.0858446422016563,-1.0381257599391356,-1.209532183980681,0.0596473950186645,0.740608930470798
Chris Richards,us USA,DF,Crystal Palace,eng Premier League,25.0,2000.0,26,26,2332,25.9,1,0,1,1,0,0,3,0,0.04,2114,us USA,DF,eng Premier League,25-354,2000.0,25.9,1,10,1,10.0,0.3861003861003861,0.03861003861003861,0.1,1.0,0,0,2659,us USA,DF,eng Premier League,25-354,2000.0,26,2332,90,86.4,25.9,26,90.0,25,0,,1,1.42,32,31,1,0.04,0.77,2114,us USA,DF,eng Premier League,25-354,2000.0,25.9,3,0,0,13,3,0,11,40,31,0,0.03861003861003861,0.0,0.42471042471042475,1.5444015444015444,1.196911196911197,0.5019305019305019,0.11583011583011583,True,1,-0.5126424785365316,-0.7621682875409468,-0.8628060821170905,-0.8761486452956244,-0.5611619616211615,1.3707402862139197,0.4696982225422956,-1.3908794650125273,-1.4456326377379238,-2.339487259444041,-1.1704027232023553
Richarlison,br BRA,FW,Tottenham Hotspur,eng Premier League,28.0,1997.0,25,14,1445,16.1,9,3,12,9,0,0,5,0,0.75,2116,br BRA,FW,eng Premier League,28-311,1997.0,16.1,9,44,20,45.5,2.732919254658385,1.2422360248447204,0.2,0.45,0,0,2661,br BRA,FW,eng Premier League,28-311,1997.0,25,1445,58,53.5,16.1,14,85.0,10,11,23.0,0,1.12,23,21,2,0.12,0.77,2116,br BRA,FW,eng Premier League,28-311,1997.0,16.1,5,0,0,17,26,7,14,6,14,0,0.5590062111801242,0.18633540372670807,0.8695652173913043,0.37267080745341613,0.8695652173913043,1.0559006211180124,1.6149068322981366,True,2,2.4778919456167148,0.9429575774040471,1.6493147176666598,2.018614006641848,-0.30177831069938976,-1.011655421573869,-0.2041949208093534,-0.38840989356892525,0.726859423939366,3.6753594323503096,-0.32405959383046895
Chris Rigg,eng ENG,MF,Sunderland,eng Premier League,18.0,2007.0,12,7,468,5.2,0,0,0,0,0,0,0,0,0.0,2122,eng ENG,MF,eng Premier League,18-272,2007.0,5.2,0,5,0,0.0,0.9615384615384615,0.0,0.0,,0,0,2668,eng ENG,MF,eng Premier League,18-272,2007.0,12,468,39,17.3,5.2,7,63.0,1,5,6.0,16,1.67,4,3,1,0.19,0.43,2122,eng ENG,MF,eng Premier League,18-272,2007.0,5.2,0,0,0,6,8,1,5,2,4,0,0.0,0.0,0.9615384615384615,0.3846153846153846,0.7692307692307692,1.1538461538461537,1.5384615384615383,True,1,-0.7345208390382241,-0.7621682875409468,-0.24683610775611686,-0.9690071404065893,-0.2481510232192644,-0.9873693731971476,-0.4107491505467228,-0.21116673041275477,0.6160733699715,-0.549442372904411,-0.3714967116484839
Andrew Robertson,sct SCO,DF,Liverpool,eng Premier League,32.0,1994.0,18,6,760,8.4,0,0,0,0,0,0,0,0,0.0,2132,sct SCO,DF,eng Premier League,32-006,1994.0,8.4,0,5,1,20.0,0.5952380952380952,0.11904761904761904,0.0,0.0,0,0,2683,sct SCO,DF,eng Premier League,32-006,1994.0,18,760,42,28.1,8.4,6,79.0,3,12,24.0,12,1.56,14,11,3,0.36,0.08,2132,sct SCO,DF,eng Premier League,32-006,1994.0,8.4,0,0,0,4,0,5,34,6,9,0,0.0,0.0,4.0476190476190474,0.7142857142857143,1.0714285714285714,0.47619047619047616,0.0,True,1,-0.7345208390382241,-0.7621682875409468,-0.6389374247686936,-0.6826934471477808,1.551265016860614,-0.31707443799963536,0.21137251759083003,-1.43745885924122,-1.6134959661318016,-1.4217241182378908,-0.3166998222309333
Joe Rodon,wls WAL,DF,Leeds United,eng Premier League,28.0,1997.0,28,28,2455,27.3,2,0,2,2,0,0,1,0,0.07,2138,wls WAL,DF,eng Premier League,28-146,1997.0,27.3,2,15,4,26.7,0.5494505494505494,0.14652014652014653,0.13,0.5,0,0,2689,wls WAL,DF,eng Premier League,28-146,1997.0,28,2455,88,90.9,27.3,28,88.0,25,0,,0,1.07,35,45,-10,-0.37,0.0,2138,wls WAL,DF,eng Premier League,28-146,1997.0,27.3,1,0,0,12,17,1,3,27,16,0,0.07326007326007326,0.0,0.10989010989010989,0.9890109890109889,0.5860805860805861,0.43956043956043955,0.6227106227106227,True,1,-0.31352087295808956,-0.7621682875409468,-0.6879500893952658,-0.616621056395748,-0.7447257761196462,0.24150467466495784,-0.787792585781603,-1.503744920258975,-0.7110512348518938,-1.1645767040677255,-1.7756802191707763
Rodri,es ESP,MF,Manchester City,eng Premier League,29.0,1996.0,18,14,1244,13.8,1,0,1,1,0,0,2,0,0.07,2139,es ESP,MF,eng Premier League,29-268,1996.0,13.8,1,11,2,18.2,0.7971014492753623,0.14492753623188406,0.09,0.5,0,0,2690,es ESP,MF,eng Premier League,29-268,1996.0,18,1244,69,46.1,13.8,14,83.0,10,4,22.0,1,1.72,22,13,9,0.65,-0.77,2139,es ESP,MF,eng Premier League,29-268,1996.0,13.8,2,0,0,10,26,0,4,11,22,0,0.07246376811594203,0.0,0.2898550724637681,0.7971014492753623,1.5942028985507246,0.7246376811594203,1.8840579710144927,True,4,-0.3180969595459171,-0.7621682875409468,-0.42285550332806704,-0.6204513399176048,-0.6397927287559377,-0.1486911692543667,1.2875856272938693,-0.9878664453816651,1.116918655617894,-0.9839910671146159,0.15119245407354798
Guido Rodríguez,ar ARG,MF,West Ham United,eng Premier League,31.0,1994.0,6,2,180,2.0,0,0,0,0,0,0,1,0,0.0,2143,ar ARG,MF,eng Premier League,31-339,1994.0,2.0,0,1,0,0.0,0.5,0.0,0.0,,0,0,2695,ar ARG,MF,eng Premier League,31-339,1994.0,6,180,30,6.7,2.0,2,67.0,0,4,12.0,15,0.67,1,2,-1,-0.5,0.14,2143,ar ARG,MF,eng Premier League,31-339,1994.0,2.0,1,0,0,2,4,0,2,2,0,0,0.0,0.0,1.0,1.0,0.0,1.0,2.0,True,1,-0.7345208390382241,-0.7621682875409468,-0.7408837671919636,-0.9690071404065893,-0.22572506663666644,0.2638478391715417,-1.9943315785332205,-0.4895681866873251,1.2849441708024907,-0.6996647488878668,-0.8777773377369644
Merlin Röhl,de GER,MF,Everton,eng Premier League,23.0,2002.0,11,2,364,4.0,0,0,0,0,0,0,0,0,0.0,2153,de GER,MF,eng Premier League,23-255,2002.0,4.0,0,7,0,0.0,1.75,0.0,0.0,,0,0,2707,de GER,MF,eng Premier League,23-255,2002.0,11,364,33,13.5,4.0,2,90.0,2,9,20.0,8,1.09,6,6,0,0.0,0.04,2153,de GER,MF,eng Premier League,23-255,2002.0,4.0,0,0,0,9,3,1,4,2,9,0,0.0,0.0,1.0,0.5,2.25,2.25,0.75,True,4,-0.7345208390382241,-0.7621682875409468,0.597161977113455,-0.9690071404065893,-0.22572506663666644,-0.7527661458780183,2.6376470233272857,1.7724436455435606,-0.526580914781442,-1.140193933490814,1.3822944398335635
Cristian Romero,ar ARG,DF,Tottenham Hotspur,eng Premier League,27.0,1998.0,21,20,1709,19.0,4,1,5,4,0,0,10,2,0.26,2160,ar ARG,DF,eng Premier League,27-324,1998.0,19.0,4,15,6,40.0,0.7894736842105263,0.3157894736842105,0.27,0.67,0,0,2715,ar ARG,DF,eng Premier League,27-324,1998.0,21,1709,81,63.3,19.0,20,84.0,14,1,31.0,0,1.1,26,27,-1,-0.05,0.49,2160,ar ARG,DF,eng Premier League,27-324,1998.0,19.0,10,2,1,28,12,0,1,29,26,0,0.21052631578947367,0.05263157894736842,0.05263157894736842,1.5263157894736843,1.368421052631579,1.4736842105263157,0.631578947368421,True,4,0.47530011611837286,-0.28054501691613276,-0.4310205421949193,-0.20952239618322344,-0.778111786671183,1.3339678234342367,0.822778214411181,0.36761524447385246,-0.6981990807841304,-1.0610428842118338,-0.25126076419284626
James Rowswell,eng ENG,DF,Tottenham Hotspur,eng Premier League,19.0,2006.0,1,0,1,0.0,0,0,0,0,0,0,0,0,0.0,2177,eng ENG,DF,eng Premier League,19-247,2006.0,0.0,0,0,0,,0.0,0.0,,,0,0,2738,eng ENG,DF,eng Premier League,19-247,2006.0,1,1,1,0.0,0.0,0,,0,1,1.0,6,1.0,0,0,0,0.0,0.23,2177,eng ENG,DF,eng Premier League,19-247,2006.0,0.0,0,0,0,0,0,0,0,0,0,0,0.0,0.0,0.0,0.0,0.0,0.0,0.0,True,1,-0.7345208390382241,-0.7621682875409468,-1.276102064914131,-0.9690071404065893,-0.8087999377842117,-1.7693801309275783,-1.9943315785332205,-2.2991776524720335,-1.6134959661318016,-1.0341779815851024,-3.091668447085808
Noah Sadiki,cd COD,MF,Sunderland,eng Premier League,21.0,2004.0,25,25,2202,24.5,0,0,0,0,0,0,6,0,0.0,2200,cd COD,MF,eng Premier League,21-090,2004.0,24.5,0,12,3,25.0,0.4897959183673469,0.12244897959183673,0.0,0.0,0,0,2764,cd COD,MF,eng Premier League,21-090,2004.0,25,2202,88,81.6,24.5,25,88.0,20,0,,0,1.44,27,29,-2,-0.08,0.46,2200,cd COD,MF,eng Premier League,21-090,2004.0,24.5,6,0,0,22,30,1,16,28,20,0,0.0,0.0,0.6530612244897959,1.1428571428571428,0.8163265306122449,0.8979591836734694,1.2244897959183674,True,1,-0.7345208390382241,-0.7621682875409468,-0.7518065895944569,-0.6745130559118148,-0.42801634846336584,0.5543089777571302,-0.3137951243434676,-0.6742222138082138,0.16105921974633655,-1.3767341593137394,-0.6611099786436634
William Saliba,fr FRA,DF,Arsenal,eng Premier League,24.0,2001.0,25,24,2074,23.0,1,0,1,1,0,0,1,0,0.04,2217,fr FRA,DF,eng Premier League,24-358,2001.0,23.0,1,5,1,20.0,0.21739130434782608,0.043478260869565216,0.2,1.0,0,0,2787,fr FRA,DF,eng Premier League,24-358,2001.0,25,2074,83,74.3,23.0,24,85.0,22,1,45.0,0,2.36,52,16,36,1.56,1.19,2217,fr FRA,DF,eng Premier League,24-358,2001.0,23.0,1,0,0,17,15,1,9,13,17,0,0.043478260869565216,0.0,0.391304347826087,0.5652173913043478,0.7391304347826086,0.7391304347826086,0.6521739130434783,True,1,-0.4846665113428399,-0.7621682875409468,-1.0433984572088408,-0.8644404002598939,-0.5806402055960418,-0.6201643217411192,-0.47271541946793355,-0.9616402212398578,-0.6683524432184454,-1.2514745460042205,-1.3638360714814788
Jadon Sancho,eng ENG,MF,Aston Villa,eng Premier League,25.0,2000.0,18,7,697,7.7,0,1,1,0,0,0,0,0,0.13,2235,eng ENG,MF,eng Premier League,25-357,2000.0,7.7,0,9,3,33.3,1.1688311688311688,0.38961038961038963,0.0,0.0,0,0,2811,eng ENG,MF,eng Premier League,25-357,2000.0,18,697,39,25.8,7.7,7,65.0,0,11,22.0,5,1.72,10,5,5,0.65,0.74,2235,eng ENG,MF,eng Premier League,25-357,2000.0,7.7,0,0,0,3,2,2,20,2,2,0,0.0,0.12987012987012986,2.5974025974025974,0.2597402597402597,0.2597402597402597,0.38961038961038963,0.2597402597402597,True,1,-0.7345208390382241,0.42625276984495797,-0.024942407901272175,-0.03198050792321574,0.705680247014607,-1.2412689698628718,-1.4596154340182992,-1.5941350034650044,-1.237075169127348,0.25700199055275597,-1.1411749848268569
Ibrahim Sangaré,ci CIV,MF,Nottingham Forest,eng Premier League,28.0,1997.0,22,20,1675,18.6,2,2,4,2,0,0,4,0,0.21,2243,ci CIV,MF,eng Premier League,28-105,1997.0,18.6,2,16,5,31.3,0.8602150537634408,0.26881720430107525,0.13,0.4,0,0,2820,ci CIV,MF,eng Premier League,28-105,1997.0,22,1675,76,62.0,18.6,20,83.0,13,2,8.0,3,1.18,18,22,-4,-0.21,0.75,2243,ci CIV,MF,eng Premier League,28-105,1997.0,18.6,4,0,0,32,13,0,8,17,24,0,0.1075268817204301,0.1075268817204301,0.4301075268817204,0.9139784946236559,1.2903225806451613,1.7204301075268815,0.6989247311827956,True,4,-0.11660153398512352,0.22179323309039367,-0.35529639141362807,-0.3224923491770216,-0.5580150469680633,0.08894650841032703,0.6620002361538081,0.814128955329615,-0.6006002193536888,-0.6646881880765302,0.1835653135806869
Andrey Santos,br BRA,MF,Chelsea,eng Premier League,21.0,2004.0,22,10,975,10.8,0,0,0,0,0,0,4,0,0.0,2253,br BRA,MF,eng Premier League,21-318,2004.0,10.8,0,8,1,12.5,0.7407407407407407,0.09259259259259259,0.0,0.0,0,0,2830,br BRA,MF,eng Premier League,21-318,2004.0,22,975,44,36.1,10.8,10,71.0,3,12,22.0,7,1.64,17,12,5,0.46,-0.22,2253,br BRA,MF,eng Premier League,21-318,2004.0,10.8,4,0,0,11,19,1,1,17,13,0,0.0,0.0,0.09259259259259259,1.574074074074074,1.2037037037037037,1.0185185185185184,1.759259259259259,True,4,-0.7345208390382241,-0.7621682875409468,-0.48318606828869787,-0.7463187123164048,-0.7548115237890686,1.431071303487703,0.483681665260466,-0.45605690028390483,0.9360578580233627,-1.6433209678461702,-0.0006634259230904532
Mamadou Sarr,sn SEN,DF,Chelsea,eng Premier League,20.0,2005.0,2,1,92,1.0,0,0,0,0,0,0,0,0,0.0,2264,sn SEN,DF,eng Premier League,20-200,2005.0,1.0,0,1,0,0.0,1.0,0.0,0.0,,0,0,2847,sn SEN,DF,eng Premier League,20-200,2005.0,2,92,46,3.4,1.0,1,89.0,0,1,3.0,4,0.5,1,3,-2,-1.96,-2.65,2264,sn SEN,DF,eng Premier League,20-200,2005.0,1.0,0,0,0,0,0,0,0,1,0,0,0.0,0.0,0.0,1.0,0.0,0.0,0.0,True,1,-0.7345208390382241,-0.7621682875409468,-0.2056654694697962,-0.9690071404065893,-0.8087999377842117,0.2638478391715417,-1.9943315785332205,-2.2991776524720335,-1.6134959661318016,-1.244063861413329,-2.9132083473414765
Sávio,br BRA,MF,Manchester City,eng Premier League,21.0,2004.0,17,5,573,6.4,0,1,1,0,0,0,2,0,0.16,2269,br BRA,MF,eng Premier League,21-341,2004.0,6.4,0,14,9,64.3,2.1875,1.40625,0.0,0.0,0,0,2853,br BRA,MF,eng Premier League,21-341,2004.0,17,573,34,21.2,6.4,5,74.0,1,12,17.0,2,2.29,9,5,4,0.63,-0.56,2269,br BRA,MF,eng Premier League,21-341,2004.0,6.4,2,0,0,8,10,4,28,5,3,0,0.0,0.15625,4.375,0.78125,0.46875,1.25,1.5625,True,3,-0.7345208390382241,0.66765079712647,1.0654779876203515,2.4130733612130872,1.7421526234862983,-0.18092077928764078,-1.0293360364789483,-0.03716582024114798,0.6509103908481143,2.161044988053407,0.9203139349150966
Nicolò Savona,it ITA,DF,Nottingham Forest,eng Premier League,22.0,2003.0,14,11,1028,11.4,2,0,2,2,0,0,2,0,0.18,2270,it ITA,DF,eng Premier League,22-363,2003.0,11.4,2,5,3,60.0,0.43859649122807015,0.2631578947368421,0.4,0.67,0,0,2854,it ITA,DF,eng Premier League,22-363,2003.0,14,1028,73,38.1,11.4,11,85.0,9,3,31.0,4,0.93,13,18,-5,-0.44,0.1,2270,it ITA,DF,eng Premier League,22-363,2003.0,11.4,2,0,0,12,5,1,27,5,12,0,0.17543859649122806,0.0,2.3684210526315788,0.43859649122807015,1.0526315789473684,1.0526315789473684,0.43859649122807015,True,1,0.27366329025894004,-0.7621682875409468,-0.8066123300701245,-0.33610318688711777,0.5721668623020795,-0.8776134773753327,0.17267595450093434,-0.39432558322497213,-0.9778731290848077,-0.5458499406808341,-0.5159187986423601
Dane Scarlett,eng ENG,FW,Tottenham Hotspur,eng Premier League,21.0,2004.0,2,0,9,0.1,0,0,0,0,0,0,0,0,0.0,2275,eng ENG,FW,eng Premier League,21-358,2004.0,0.1,0,0,0,,0.0,0.0,,,0,0,2861,eng ENG,FW,eng Premier League,21-358,2004.0,2,9,5,0.3,0.1,0,,0,2,5.0,9,1.0,1,0,1,10.0,10.27,2275,eng ENG,FW,eng Premier League,21-358,2004.0,0.1,0,0,0,1,0,0,0,0,0,0,0.0,0.0,0.0,0.0,0.0,10.0,0.0,True,4,-0.7345208390382241,-0.7621682875409468,-1.276102064914131,-0.9690071404065893,-0.8087999377842117,-1.7693801309275783,-1.9943315785332205,15.79691700537505,-1.6134959661318016,0.05420629803557145,2.920119137365944
Fabian Schär,ch SUI,DF,Newcastle United,eng Premier League,34.0,1991.0,16,11,1091,12.1,0,0,0,0,0,0,1,0,0.0,2278,ch SUI,DF,eng Premier League,34-087,1991.0,12.1,0,17,4,23.5,1.4049586776859504,0.3305785123966942,0.0,0.0,0,0,2864,ch SUI,DF,eng Premier League,34-087,1991.0,16,1091,68,40.4,12.1,11,88.0,9,5,25.0,3,1.75,16,13,3,0.25,0.42,2278,ch SUI,DF,eng Premier League,34-087,1991.0,12.1,1,0,0,15,7,1,4,16,9,0,0.0,0.0,0.3305785123966942,1.322314049586777,0.7438016528925621,1.2396694214876034,0.578512396694215,True,1,-0.7345208390382241,-0.7621682875409468,0.2278171187679923,-0.17395424011766628,-0.616047914264362,0.9191857799472912,-0.46309898287685464,-0.05586013290421299,-0.7751041909855186,-0.9331989625237055,-0.9834623923216617
Alex Scott,eng ENG,MF,Bournemouth,eng Premier League,22.0,2003.0,30,27,2220,24.7,2,1,3,2,0,0,3,0,0.12,2294,eng ENG,MF,eng Premier League,22-208,2003.0,24.7,2,37,10,27.0,1.4979757085020244,0.4048582995951417,0.05,0.2,0,0,2883,eng ENG,MF,eng Premier League,22-208,2003.0,30,2220,74,82.2,24.7,27,78.0,13,3,39.0,0,1.37,37,35,2,0.08,0.83,2294,eng ENG,MF,eng Premier League,22-208,2003.0,24.7,3,0,0,35,52,1,64,30,30,0,0.08097165991902834,0.04048582995951417,2.591093117408907,1.2145748987854252,1.2145748987854252,1.417004048582996,2.1052631578947367,True,4,-0.2692050870549175,-0.3916888485987821,0.3273859525530914,0.004691249623366961,0.7020013477802779,0.700127525063256,0.5060617288138817,0.26504628689901094,1.437493651693769,-0.0413629690311611,1.2270750497838976
Jenson Seelt,nl NED,DF,Sunderland,eng Premier League,22.0,2003.0,2,1,134,1.5,0,0,0,0,0,0,0,0,0.0,2298,nl NED,DF,eng Premier League,22-298,2003.0,1.5,0,0,0,,0.0,0.0,,,0,0,2887,nl NED,DF,eng Premier League,22-298,2003.0,2,134,67,5.0,1.5,1,52.0,0,1,82.0,1,1.5,0,2,-2,-1.34,-1.24,2298,nl NED,DF,eng Premier League,22-298,2003.0,1.5,0,0,0,1,1,0,1,0,0,0,0.0,0.0,0.6666666666666666,0.0,0.0,0.6666666666666666,0.6666666666666666,True,1,-0.7345208390382241,-0.7621682875409468,-1.276102064914131,-0.9690071404065893,-0.42008335701918154,-1.7693801309275783,-1.9943315785332205,-1.0927713419488947,-0.6473492538203709,-0.7128398417616059,-2.1023103411226227
Antoine Semenyo,gh GHA,MF,Bournemouth,eng Premier League,26.0,2000.0,20,20,1798,20.0,10,3,13,9,1,2,6,0,0.6,2303,gh GHA,MF,eng Premier League,26-069,2000.0,20.0,10,49,27,55.1,2.45,1.35,0.18,0.33,1,2,2894,gh GHA,MF,eng Premier League,26-069,2000.0,20,1798,90,66.6,20.0,20,90.0,18,0,,0,1.25,31,38,-7,-0.35,-0.85,2303,gh GHA,MF,eng Premier League,26-069,2000.0,20.0,6,0,0,37,14,12,28,6,20,0,0.5,0.15,1.4,0.3,1.0,1.85,0.7,True,2,2.138803929458694,0.6104580337397733,1.3464675939244897,2.2777901411483,0.007504881822351563,-1.1594117398978423,0.06432557784922671,1.0485998592296772,-0.5990419182047994,3.2207853453907016,-0.1703416385078461
Marcos Senesi,ar ARG,DF,Bournemouth,eng Premier League,28.0,1997.0,29,29,2568,28.5,0,4,4,0,0,0,8,0,0.14,2307,ar ARG,DF,eng Premier League,28-311,1997.0,28.5,0,15,5,33.3,0.5263157894736842,0.17543859649122806,0.0,0.0,0,0,2898,ar ARG,DF,eng Premier League,28-311,1997.0,29,2568,89,95.1,28.5,29,89.0,27,0,,0,1.41,42,45,-3,-0.11,-0.79,2307,ar ARG,DF,eng Premier League,28-311,1997.0,28.5,8,0,0,26,27,1,22,42,29,0,0.0,0.14035087719298245,0.7719298245614035,1.4736842105263157,1.0175438596491229,0.9122807017543859,0.9473684210526315,True,1,-0.7345208390382241,0.522160434125224,-0.7127143831013233,-0.5470711713936083,-0.35870705479312415,1.2269558250079668,0.10044237006646274,-0.6483058591245804,-0.24055063811029484,-1.4099159452106547,-0.010609620159242368
Benjamin Šeško,si SVN,FW,Manchester Utd,eng Premier League,22.0,2003.0,25,13,1322,14.7,9,1,10,9,0,0,1,0,0.68,2310,si SVN,FW,eng Premier League,22-290,2003.0,14.7,9,53,28,52.8,3.6054421768707483,1.9047619047619049,0.17,0.32,0,0,2906,si SVN,FW,eng Premier League,22-290,2003.0,25,1322,53,49.0,14.7,13,80.0,7,12,24.0,1,1.76,31,26,5,0.34,-0.18,2310,si SVN,FW,eng Premier League,22-290,2003.0,14.7,1,0,0,14,4,5,2,3,3,0,0.6122448979591837,0.06802721088435375,0.1360544217687075,0.20408163265306123,0.20408163265306123,0.9523809523809524,0.272108843537415,True,2,2.783836020345757,-0.13966201938642517,2.583295183966804,3.612011951734348,-0.7294700233423688,-1.3544356472338803,-1.5741974649857824,-0.5757400660104064,-1.219150369269993,4.779272405038837,-2.645889838398469
Luke Shaw,eng ENG,DF,Manchester Utd,eng Premier League,30.0,1995.0,30,30,2525,28.1,0,1,1,0,0,0,5,0,0.04,2313,eng ENG,DF,eng Premier League,30-248,1995.0,28.1,0,5,2,40.0,0.1779359430604982,0.07117437722419928,0.0,0.0,0,0,2912,eng ENG,DF,eng Premier League,30-248,1995.0,30,2525,84,93.5,28.1,30,84.0,17,0,,0,1.8,51,37,14,0.5,1.01,2313,eng ENG,DF,eng Premier League,30-248,1995.0,28.1,5,0,0,37,10,0,45,31,30,0,0.0,0.03558718861209964,1.601423487544484,1.103202846975089,1.0676156583629892,1.3167259786476868,0.3558718861209964,True,1,-0.7345208390382241,-0.43651554227861705,-1.0856329198172743,-0.7978302704155579,0.12494985586844076,0.47368275423515194,0.20352303682170514,0.08358214233345442,-1.0977592869619988,-1.8131762908994562,-0.21175386280712827
Bernardo Silva,pt POR,MF,Manchester City,eng Premier League,31.0,1994.0,30,26,2245,24.9,2,4,6,2,0,0,9,0,0.24,2323,pt POR,MF,eng Premier League,31-219,1994.0,24.9,2,17,5,29.4,0.6827309236947792,0.20080321285140562,0.12,0.4,0,0,2927,pt POR,MF,eng Premier League,31-219,1994.0,30,2245,75,83.1,24.9,26,83.0,11,4,23.0,0,2.03,53,24,29,1.16,0.57,2323,pt POR,MF,eng Premier League,31-219,1994.0,24.9,9,0,0,34,19,5,51,15,14,0,0.08032128514056225,0.1606425702811245,2.0481927710843375,0.6024096385542169,0.5622489959839357,1.3654618473895583,0.7630522088353414,True,1,-0.2729425629744622,0.7078465143661162,-0.5452818993497257,-0.4860683806929363,0.38544979830112197,-0.5445440043618432,-0.8368536592820454,0.17177503173198622,-0.507665391799441,-0.11254674600466649,-0.029222963063544192
Jota Silva,pt POR,FW,Nottingham Forest,eng Premier League,26.0,1999.0,1,0,12,0.1,0,0,0,0,0,0,0,0,0.0,2326,pt POR,FW,eng Premier League,26-228,1999.0,0.1,0,0,0,,0.0,0.0,,,0,0,2930,pt POR,FW,eng Premier League,26-228,1999.0,1,12,12,0.4,0.1,0,,0,1,12.0,0,3.0,0,0,0,0.0,0.5,2326,pt POR,FW,eng Premier League,26-228,1999.0,0.1,0,0,0,0,1,0,1,0,1,0,0.0,0.0,10.0,0.0,10.0,0.0,10.0,True,4,-0.7345208390382241,-0.7621682875409468,-1.276102064914131,-0.9690071404065893,5.021948773691241,-1.7693801309275783,18.592239985291254,-2.2991776524720335,12.878704718539659,-2.5994258912825248,15.80862766032305
Adam Smith,eng ENG,DF,Bournemouth,eng Premier League,34.0,1991.0,17,11,790,8.8,0,1,1,0,0,0,2,0,0.11,2350,eng ENG,DF,eng Premier League,34-322,1991.0,8.8,0,0,0,,0.0,0.0,,,0,0,2963,eng ENG,DF,eng Premier League,34-322,1991.0,17,790,46,29.3,8.8,11,69.0,4,6,6.0,8,1.35,14,15,-1,-0.11,-0.07,2350,eng ENG,DF,eng Premier League,34-322,1991.0,8.8,2,0,0,13,7,0,10,7,8,0,0.0,0.11363636363636363,1.1363636363636362,0.7954545454545454,0.9090909090909091,1.477272727272727,0.7954545454545454,True,1,-0.7345208390382241,0.2777001376717199,-1.276102064914131,-0.9690071404065893,-0.14621485693472855,-0.15203970016691473,-0.12282507273099581,0.37410905834628544,-0.4607072753056627,-1.3679895589709232,0.065445193143054
Emile Smith Rowe,eng ENG,MF,Fulham,eng Premier League,25.0,2000.0,29,16,1457,16.2,3,0,3,3,0,0,1,0,0.19,2352,eng ENG,MF,eng Premier League,25-232,2000.0,16.2,3,28,9,32.1,1.7283950617283952,0.5555555555555556,0.11,0.33,0,0,2965,eng ENG,MF,eng Premier League,25-232,2000.0,29,1457,50,54.0,16.2,16,75.0,1,13,20.0,0,1.38,23,24,-1,-0.06,0.08,2352,eng ENG,MF,eng Premier League,25-232,2000.0,16.2,1,0,0,4,9,2,10,20,15,0,0.1851851851851852,0.0,0.617283950617284,1.234567901234568,0.9259259259259259,0.2469135802469136,0.5555555555555556,True,1,0.3296735196643382,-0.7621682875409468,0.5740352605452133,0.3671234281345174,-0.4488771778165911,0.7407778568491133,-0.08816754484576936,-1.8523605004264267,-0.808373705872276,-0.15297184231278577,-1.5324637128110727
Dominic Solanke,eng ENG,FW,Tottenham Hotspur,eng Premier League,28.0,1997.0,11,7,692,7.7,3,0,3,3,0,0,1,0,0.39,2357,eng ENG,FW,eng Premier League,28-184,1997.0,7.7,3,12,6,50.0,1.5584415584415585,0.7792207792207793,0.25,0.5,0,0,2971,eng ENG,FW,eng Premier League,28-184,1997.0,11,692,63,25.6,7.7,7,86.0,4,4,23.0,0,0.82,9,15,-6,-0.78,-0.74,2357,eng ENG,FW,eng Premier League,28-184,1997.0,7.7,1,0,0,8,5,2,2,3,13,0,0.38961038961038963,0.0,0.2597402597402597,0.38961038961038963,1.6883116883116882,1.0389610389610389,0.6493506493506493,True,0,1.5044335260243096,-0.7621682875409468,0.39211081110301427,0.9050461245601578,-0.6573519193043299,-0.9772133893305185,1.4813233608137681,-0.4190639217866224,-0.6724439736206678,0.8652565309895469,-0.7138079929083885
Julio Soler,ar ARG,DF,Bournemouth,eng Premier League,21.0,2005.0,3,0,35,0.4,0,0,0,0,0,0,0,0,0.0,2359,ar ARG,DF,eng Premier League,21-029,2005.0,0.4,0,0,0,,0.0,0.0,,,0,0,2973,ar ARG,DF,eng Premier League,21-029,2005.0,3,35,12,1.3,0.4,0,,0,3,12.0,14,1.0,0,2,-2,-5.14,-5.14,2359,ar ARG,DF,eng Premier League,21-029,2005.0,0.4,0,0,0,2,2,0,2,0,0,0,0.0,0.0,5.0,0.0,0.0,5.0,5.0,True,0,-0.7345208390382241,-0.7621682875409468,-1.276102064914131,-0.9690071404065893,2.106574417953514,-1.7693801309275783,-1.9943315785332205,6.748869676451509,5.632604376203929,1.3758580670911218,4.328517347638082
Oliver Sonne,pe PER,DF,Burnley,eng Premier League,25.0,2000.0,7,1,169,1.9,1,0,1,1,0,0,0,0,0.53,2367,pe PER,DF,eng Premier League,25-127,2000.0,1.9,1,3,1,33.3,1.5789473684210527,0.5263157894736842,0.33,1.0,0,0,2982,pe PER,DF,eng Premier League,25-127,2000.0,7,169,24,6.3,1.9,1,73.0,0,6,16.0,3,0.71,3,4,-1,-0.53,0.36,2367,pe PER,DF,eng Premier League,25-127,2000.0,1.9,0,0,0,4,0,0,5,1,1,0,0.5263157894736842,0.0,2.6315789473684212,0.5263157894736842,0.5263157894736842,2.1052631578947367,0.0,True,0,2.2900315488532685,-0.7621682875409468,0.41406098052429247,0.2968007666323538,0.7256076178672232,-0.6992601466648836,-0.910827812016143,1.5105264860220893,-1.6134959661318016,1.4685284129688567,-0.9045441640666849
Tomáš Souček,cz CZE,MF,West Ham United,eng Premier League,31.0,1995.0,27,16,1516,16.8,4,0,4,4,0,0,2,1,0.24,2373,cz CZE,MF,eng Premier League,31-018,1995.0,16.8,4,18,11,61.1,1.0714285714285714,0.6547619047619048,0.22,0.36,0,0,2989,cz CZE,MF,eng Premier League,31-018,1995.0,27,1516,56,56.1,16.8,16,82.0,9,11,19.0,0,1.04,23,32,-9,-0.53,0.23,2373,cz CZE,MF,eng Premier League,31-018,1995.0,16.8,2,1,0,28,14,4,11,15,15,0,0.23809523809523808,0.0,0.6547619047619048,0.8928571428571428,0.8928571428571428,1.6666666666666665,0.8333333333333333,True,0,0.6337290507222129,-0.7621682875409468,-0.12920571265234373,0.6057181725168579,-0.4270247245328428,0.04600198523235016,-0.15624483176317847,0.7168381238358137,-0.4058125757425133,0.2717689210841067,-0.6762055467471848
Souza,br BRA,MF,Tottenham Hotspur,eng Premier League,19.0,2006.0,4,2,144,1.6,0,0,0,0,0,0,1,0,0.0,2378,br BRA,MF,eng Premier League,19-274,2006.0,1.6,0,1,1,100.0,0.625,0.625,0.0,0.0,0,0,2994,br BRA,MF,eng Premier League,19-274,2006.0,4,144,36,5.3,1.6,2,49.0,0,2,24.0,3,0.25,1,3,-2,-1.25,-1.07,2378,br BRA,MF,eng Premier League,19-274,2006.0,1.6,1,0,0,3,2,0,3,2,0,0,0.0,0.0,1.875,1.25,0.0,1.875,1.25,True,1,-0.7345208390382241,-0.7621682875409468,-0.6070791927614217,0.5341397492021557,0.2844654456174356,0.7721548316963217,-1.9943315785332205,1.0938400958742949,0.19802911945213106,-0.18332129322390686,-0.5512830654600488
Anton Stach,de GER,MF,Leeds United,eng Premier League,27.0,1998.0,25,24,2046,22.7,4,3,7,4,0,0,3,0,0.31,2383,de GER,MF,eng Premier League,27-122,1998.0,22.7,4,46,13,28.3,2.026431718061674,0.5726872246696035,0.09,0.31,0,0,3002,de GER,MF,eng Premier League,27-122,1998.0,25,2046,82,75.8,22.7,24,84.0,17,1,31.0,1,0.88,27,34,-7,-0.31,0.24,2383,de GER,MF,eng Premier League,27-122,1998.0,22.7,3,0,0,31,20,0,123,17,32,0,0.1762114537444934,0.13215859030837004,5.418502202643172,0.748898678414097,1.4096916299559472,1.3656387665198237,0.881057268722467,True,3,0.2781046300355796,0.4471941100632119,0.8930646042682218,0.40832569236265726,2.3505925358346453,-0.24669839120577025,0.9077401837680268,0.1720951862647929,-0.3366500908303512,0.8615052925147265,1.7715587781688034
John Stones,eng ENG,DF,Manchester City,eng Premier League,31.0,1994.0,7,4,353,3.9,0,0,0,0,0,0,0,0,0.0,2399,eng ENG,DF,eng Premier League,31-293,1994.0,3.9,0,0,0,,0.0,0.0,,,0,0,3025,eng ENG,DF,eng Premier League,31-293,1994.0,7,353,50,13.1,3.9,4,80.0,2,3,11.0,10,1.43,5,8,-3,-0.76,-2.11,2399,eng ENG,DF,eng Premier League,31-293,1994.0,3.9,0,0,0,0,0,0,4,2,0,0,0.0,0.0,1.0256410256410258,0.5128205128205129,0.0,0.0,0.0,True,1,-0.7345208390382241,-0.7621682875409468,-1.276102064914131,-0.9690071404065893,-0.21077442891493445,-0.7266991206203371,-1.9943315785332205,-2.2991776524720335,-1.6134959661318016,-1.359390130861222,-2.6792732744289127
Jørgen Strand Larsen,no NOR,FW,Crystal Palace,eng Premier League,26.0,2000.0,6,6,466,5.2,3,0,3,3,0,0,2,0,0.58,2400,no NOR,FW,eng Premier League,26-039,2000.0,5.2,3,11,5,45.5,2.1153846153846154,0.9615384615384615,0.27,0.6,0,0,3026,no NOR,FW,eng Premier League,26-039,2000.0,6,466,78,17.3,5.2,6,78.0,3,0,,0,1.67,8,5,3,0.58,0.78,2400,no NOR,FW,eng Premier League,26-039,2000.0,5.2,2,0,0,15,6,1,0,1,0,0,0.5769230769230769,0.0,0.0,0.1923076923076923,0.0,2.8846153846153846,1.1538461538461537,True,2,2.5808538938428347,-0.7621682875409468,0.9882830408335005,1.3435265359145567,-0.8087999377842117,-1.3783747520623628,-1.9943315785332205,2.920849652676164,0.05868103594567456,3.2465035843172414,-1.3286441882260724
Jørgen Strand Larsen,no NOR,FW,Wolves,eng Premier League,26.0,2000.0,22,14,1404,15.6,1,1,2,0,1,2,2,0,0.06,2401,no NOR,FW,eng Premier League,26-039,2000.0,15.6,1,21,7,33.3,1.3461538461538463,0.44871794871794873,0.0,0.0,1,2,3027,no NOR,FW,eng Premier League,26-039,2000.0,22,1404,64,50.3,15.6,14,83.0,7,8,31.0,0,0.36,6,26,-20,-1.28,-0.63,2401,no NOR,FW,eng Premier League,26-039,2000.0,15.6,2,0,0,30,11,9,3,3,2,0,0.06410256410256411,0.06410256410256411,0.19230769230769232,0.19230769230769232,0.12820512820512822,1.9230769230769231,0.7051282051282052,True,0,-0.36614586871810634,-0.17557584254918598,0.16487027510708907,0.11017524187661228,-0.6966701548712222,-1.3783747520623628,-1.7304011738688043,1.1808405509600983,-0.5916100204177883,0.7486256784217387,-1.1926167272026256
Pascal Struijk,nl NED,DF,Leeds United,eng Premier League,26.0,1999.0,27,26,2349,26.1,0,1,1,0,0,0,3,0,0.04,2403,nl NED,DF,eng Premier League,26-218,1999.0,26.1,0,24,4,16.7,0.9195402298850575,0.1532567049808429,0.0,0.0,0,0,3029,nl NED,DF,eng Premier League,26-218,1999.0,27,2349,87,87.0,26.1,26,90.0,26,1,9.0,2,1.04,32,40,-8,-0.31,0.46,2403,nl NED,DF,eng Premier League,26-218,1999.0,26.1,3,0,0,20,17,5,1,27,18,0,0.0,0.038314176245210725,0.038314176245210725,1.0344827586206895,0.689655172413793,0.7662835249042145,0.6513409961685823,True,1,-0.7345208390382241,-0.4115613089251818,-0.29179255186186914,-0.6004193973607668,-0.786459904406911,0.33395914848530417,-0.574568022407395,-0.9125037323304948,-0.6695595230689096,-1.1129707154459765,-1.2620393431599288
Jocelin Ta Bi,ci CIV,MF,Sunderland,eng Premier League,21.0,2005.0,1,1,38,0.4,0,0,0,0,0,0,0,0,0.0,2432,ci CIV,MF,eng Premier League,21-036,2005.0,0.4,0,0,0,,0.0,0.0,,,0,0,3066,ci CIV,MF,eng Premier League,21-036,2005.0,1,38,38,1.4,0.4,1,38.0,0,0,,0,0.0,0,0,0,0.0,0.17,2432,ci CIV,MF,eng Premier League,21-036,2005.0,0.4,0,0,0,0,1,0,5,0,0,0,0.0,0.0,12.5,0.0,0.0,0.0,2.5,True,3,-0.7345208390382241,-0.7621682875409468,-1.276102064914131,-0.9690071404065893,6.479635951560104,-1.7693801309275783,-1.9943315785332205,-2.2991776524720335,2.0095542050360637,0.3919338396121252,2.3370765207040765
Ao Tanaka,jp JPN,MF,Leeds United,eng Premier League,27.0,1998.0,20,7,746,8.3,2,0,2,2,0,0,1,0,0.24,2441,jp JPN,MF,eng Premier League,27-188,1998.0,8.3,2,11,3,27.3,1.325301204819277,0.36144578313253006,0.18,0.67,0,0,3078,jp JPN,MF,eng Premier League,27-188,1998.0,20,746,37,27.6,8.3,7,72.0,0,13,19.0,9,1.25,13,15,-2,-0.24,0.17,2441,jp JPN,MF,eng Premier League,27-188,1998.0,8.3,1,0,0,8,4,0,11,12,9,0,0.24096385542168672,0.0,1.325301204819277,1.4457831325301203,1.0843373493975903,0.9638554216867469,0.48192771084337344,True,1,0.6502139891530615,-0.7621682875409468,0.14254884471089088,-0.099717372922014,-0.036050108552525356,1.170226572830185,0.23794726573690286,-0.5549757577397847,-0.9150766560271529,-0.5985639879274044,-0.7479730411486281
James Tarkowski,eng ENG,DF,Everton,eng Premier League,33.0,1992.0,29,29,2610,29.0,1,1,2,1,0,0,5,0,0.07,2444,eng ENG,DF,eng Premier League,33-118,1992.0,29.0,1,13,6,46.2,0.4482758620689655,0.20689655172413793,0.08,0.17,0,0,3082,eng ENG,DF,eng Premier League,33-118,1992.0,29,2610,90,96.7,29.0,29,90.0,29,0,,0,1.48,34,33,1,0.03,2.03,2444,eng ENG,DF,eng Premier League,33-118,1992.0,29.0,5,0,0,21,29,2,7,25,24,0,0.034482758620689655,0.034482758620689655,0.2413793103448276,0.8620689655172413,0.8275862068965517,0.7241379310344828,1.0,True,1,-0.5363605101763677,-0.4466220067867583,-0.7962511773011534,-0.4714136872947289,-0.6680577275072179,-0.016597398083509424,-0.2906153111822297,-0.9887707979382792,-0.16427589766465547,-1.0438795127437313,-0.9783399110841504
Marcus Tavernier,eng ENG,MF,Bournemouth,eng Premier League,26.0,1999.0,26,23,2032,22.6,5,4,9,3,2,2,4,0,0.31,2448,eng ENG,MF,eng Premier League,26-360,1999.0,22.6,5,56,18,32.1,2.47787610619469,0.7964601769911503,0.05,0.17,2,2,3088,eng ENG,MF,eng Premier League,26-360,1999.0,26,2032,78,75.3,22.6,23,85.0,11,3,24.0,0,1.19,31,37,-6,-0.27,-0.8,2448,eng ENG,MF,eng Premier League,26-360,1999.0,22.6,4,0,0,26,26,3,82,13,17,0,0.22123893805309733,0.17699115044247787,3.6283185840707963,0.5752212389380531,0.7522123893805309,1.1504424778761062,1.1504424778761062,True,3,0.5368618018896156,0.8574497906663926,1.3763071981337782,0.9465074799797758,1.3067814531051114,-0.5998242189236597,-0.44578416001545057,-0.21732605466661672,0.05374836042332228,2.0305863539968425,0.6200716564132982
Kenny Tete,nl NED,DF,Fulham,eng Premier League,30.0,1995.0,22,21,1791,19.9,1,0,1,1,0,0,2,0,0.05,2463,nl NED,DF,eng Premier League,30-159,1995.0,19.9,1,16,3,18.8,0.8040201005025126,0.15075376884422112,0.06,0.33,0,0,3105,nl NED,DF,eng Premier League,30-159,1995.0,22,1791,81,66.3,19.9,21,85.0,15,1,8.0,2,1.55,24,24,0,0.0,0.3,2463,nl NED,DF,eng Premier League,30-159,1995.0,19.9,2,0,0,27,31,1,34,26,38,0,0.05025125628140704,0.0,1.7085427135678393,1.306532663316583,1.9095477386934674,1.35678391959799,1.5577889447236182,True,4,-0.4457444803953178,-0.7621682875409468,-0.4154495258634095,-0.6064390464306105,0.18740838477943345,0.8870986239757948,1.9367725391820054,0.15607137145696806,0.6440830349979236,-1.5381481084734365,1.2239219694580348
Thiago,br BRA,FW,Brentford,eng Premier League,24.0,2001.0,30,29,2562,28.5,19,1,20,13,6,7,6,0,0.49,2467,br BRA,FW,eng Premier League,24-264,2001.0,28.5,19,70,37,52.9,2.456140350877193,1.2982456140350878,0.19,0.35,6,7,3109,br BRA,FW,eng Premier League,24-264,2001.0,30,2562,85,94.9,28.5,29,87.0,22,1,31.0,0,1.5,43,39,4,0.14,0.14,2467,br BRA,FW,eng Premier League,24-264,2001.0,28.5,6,0,0,56,21,18,8,9,14,0,0.6666666666666666,0.03508771929824561,0.2807017543859649,0.3157894736842105,0.49122807017543857,1.9649122807017543,0.7368421052631579,True,2,3.0965788522909996,-0.4410861071244041,1.3530404502123055,2.1533190302894707,-0.6451297985147253,-1.1273081403699614,-0.9830613964506149,1.2565462101224811,-0.5456495998928519,3.561750145159358,-1.5141786974726121
Malick Thiaw,de GER,DF,Newcastle United,eng Premier League,24.0,2001.0,27,26,2298,25.5,4,0,4,4,0,0,3,0,0.16,2468,de GER,DF,eng Premier League,24-221,2001.0,25.5,4,25,12,48.0,0.9803921568627451,0.47058823529411764,0.16,0.33,0,0,3111,de GER,DF,eng Premier League,24-221,2001.0,27,2298,85,85.1,25.5,26,88.0,24,1,10.0,3,1.37,38,40,-2,-0.08,-0.53,2468,de GER,DF,eng Premier League,24-221,2001.0,25.5,3,0,0,18,8,2,8,24,22,0,0.1568627450980392,0.0,0.3137254901960784,0.9411764705882353,0.8627450980392157,0.7058823529411765,0.3137254901960784,True,1,0.16691438245100504,-0.7621682875409468,-0.22665442232164593,0.16277404706352458,-0.6258744880124327,0.14424619387159346,-0.218235208320913,-1.021806264859298,-1.1588386897499519,-0.5126213200450985,-1.5743613126018121
Youri Tielemans,be BEL,MF,Aston Villa,eng Premier League,28.0,1997.0,17,15,1298,14.4,0,4,4,0,0,0,0,0,0.28,2477,be BEL,MF,eng Premier League,28-314,1997.0,14.4,0,17,4,23.5,1.1805555555555556,0.2777777777777778,0.0,0.0,0,0,3120,be BEL,MF,eng Premier League,28-314,1997.0,17,1298,76,48.1,14.4,15,84.0,10,2,21.0,0,1.94,19,17,2,0.14,0.07,2477,be BEL,MF,eng Premier League,28-314,1997.0,14.4,0,0,0,22,26,1,29,8,25,0,0.0,0.2777777777777778,2.013888888888889,0.5555555555555556,1.7361111111111112,1.5277777777777777,1.8055555555555556,True,3,-0.7345208390382241,1.7797323074233498,-0.012392195292346806,-0.3009418561360359,0.36544806661015017,-0.6398090364280671,1.5797259846307505,0.4655034758101598,1.0031513797116567,0.06134100981246418,2.3137896333980827
Jurriën Timber,nl NED,DF,Arsenal,eng Premier League,24.0,2001.0,30,28,2454,27.3,3,5,8,3,0,0,5,0,0.29,2481,nl NED,DF,eng Premier League,24-273,2001.0,27.3,3,25,7,28.0,0.9157509157509157,0.2564102564102564,0.12,0.43,0,0,3125,nl NED,DF,eng Premier League,24-273,2001.0,30,2454,82,88.0,27.3,28,85.0,23,2,34.0,0,2.23,51,20,31,1.14,-1.01,2481,nl NED,DF,eng Premier League,24-273,2001.0,27.3,5,0,0,38,29,0,46,24,35,0,0.10989010989010989,0.18315018315018314,1.684981684981685,0.8791208791208791,1.282051282051282,1.3919413919413919,1.0622710622710623,True,4,-0.10302088991802234,0.9138101267212266,-0.2958487723826889,-0.35233149338761705,0.1736705410724579,0.01807302959912059,0.6449724681109423,0.21969266620265213,-0.07403142453666468,-0.29997179403519797,0.8566995761813517
Jean-Clair Todibo,fr FRA,DF,West Ham United,eng Premier League,26.0,1999.0,20,20,1698,18.9,0,1,1,0,0,0,4,1,0.05,2483,fr FRA,DF,eng Premier League,26-077,1999.0,18.9,0,2,0,0.0,0.10582010582010583,0.0,0.0,,0,0,3128,fr FRA,DF,eng Premier League,26-077,1999.0,20,1698,85,62.9,18.9,20,85.0,15,0,,4,1.0,25,33,-8,-0.42,0.56,2483,fr FRA,DF,eng Premier League,26-077,1999.0,18.9,4,1,0,8,3,1,1,16,24,0,0.0,0.052910052910052914,0.052910052910052914,0.8465608465608466,1.26984126984127,0.4232804232804233,0.15873015873015875,True,1,-0.7345208390382241,-0.27799674564298554,-1.1628283511104978,-0.9690071404065893,-0.7779494155012727,-0.048128939309275504,0.6198362390952842,-1.5332053918224215,-1.38346103462908,-2.0524575930090503,-1.1220870569547052
Sandro Tonali,it ITA,MF,Newcastle United,eng Premier League,25.0,2000.0,29,25,2038,22.6,0,2,2,0,0,0,3,0,0.09,2489,it ITA,MF,eng Premier League,25-313,2000.0,22.6,0,28,7,25.0,1.238938053097345,0.30973451327433627,0.0,0.0,0,0,3135,it ITA,MF,eng Premier League,25-313,2000.0,29,2038,70,75.5,22.6,25,80.0,13,4,12.0,0,1.34,24,31,-7,-0.31,-1.26,2489,it ITA,MF,eng Premier League,25-313,2000.0,22.6,3,0,0,18,35,1,79,24,19,0,0.0,0.08849557522123894,3.495575221238938,1.0619469026548671,0.8407079646017699,0.7964601769911503,1.5486725663716814,True,3,-0.7345208390382241,0.04764075156272287,0.050102566609823575,-0.22408478803411394,1.2293821339262336,0.389800014310425,-0.26360211077806583,-0.8578957770682837,0.6308713965385574,-0.2836193881095609,0.6925441121237441
Pau Torres,es ESP,DF,Aston Villa,eng Premier League,29.0,1997.0,16,14,1298,14.4,0,0,0,0,0,0,0,0,0.0,2494,es ESP,DF,eng Premier League,29-060,1997.0,14.4,0,7,0,0.0,0.4861111111111111,0.0,0.0,,0,0,3144,es ESP,DF,eng Premier League,29-060,1997.0,16,1298,81,48.1,14.4,14,87.0,11,2,38.0,9,1.88,21,15,6,0.42,0.61,2494,es ESP,DF,eng Premier League,29-060,1997.0,14.4,0,0,0,4,4,0,4,11,11,1,0.0,0.0,0.2777777777777778,0.7638888888888888,0.7638888888888888,0.2777777777777778,0.2777777777777778,True,1,-0.7345208390382241,-0.7621682875409468,-0.7557509421286904,-0.9690071404065893,-0.6468346957987824,-0.2162198759907506,-0.4217462507410734,-1.7965083564207258,-1.2109348360020389,-1.610498000876344,-1.7789145706875706
Alex Tóth,hu HUN,MF,Bournemouth,eng Premier League,20.0,2005.0,4,1,74,0.8,0,0,0,0,0,0,1,0,0.0,2497,hu HUN,MF,eng Premier League,20-145,2005.0,0.8,0,1,0,0.0,1.25,0.0,0.0,,0,0,3148,hu HUN,MF,eng Premier League,20-145,2005.0,4,74,19,2.7,0.8,1,57.0,0,3,6.0,4,2.5,2,1,1,1.22,1.32,2497,hu HUN,MF,eng Premier League,20-145,2005.0,0.8,1,0,0,1,2,0,3,1,0,0,0.0,0.0,3.75,1.25,0.0,1.25,2.5,True,0,-0.7345208390382241,-0.7621682875409468,0.06194367939128753,-0.9690071404065893,1.3777308290190826,0.7721548316963217,-1.9943315785332205,-0.03716582024114798,2.0095542050360637,-0.16591660863932248,0.4927259977176912
Adama Traoré,es ESP,MF,Fulham,eng Premier League,30.0,1996.0,15,1,274,3.0,0,0,0,0,0,0,0,0,0.0,2507,es ESP,MF,eng Premier League,30-051,1996.0,3.0,0,5,1,20.0,1.6666666666666667,0.3333333333333333,0.0,0.0,0,0,3160,es ESP,MF,eng Premier League,30-051,1996.0,15,274,18,10.1,3.0,1,75.0,0,14,14.0,6,1.2,4,7,-3,-0.99,-0.99,2507,es ESP,MF,eng Premier League,30-051,1996.0,3.0,0,0,0,6,8,3,15,0,1,0,0.0,0.0,5.0,0.0,0.3333333333333333,2.0,2.6666666666666665,True,0,-0.7345208390382241,-0.7621682875409468,0.5079589274930938,-0.16732879928192534,2.106574417953514,-1.7693801309275783,-1.308112526405738,1.3200412790973834,2.251090883113921,1.3826171819327855,1.5283880588611485
Kieran Trippier,eng ENG,DF,Newcastle United,eng Premier League,35.0,1990.0,17,16,1392,15.5,0,1,1,0,0,0,3,0,0.06,2518,eng ENG,DF,eng Premier League,35-179,1990.0,15.5,0,2,0,0.0,0.12903225806451613,0.0,0.0,,0,0,3173,eng ENG,DF,eng Premier League,35-179,1990.0,17,1392,82,51.6,15.5,16,86.0,11,1,24.0,4,1.06,17,24,-7,-0.45,-0.93,2518,eng ENG,DF,eng Premier League,35-179,1990.0,15.5,3,0,0,20,17,1,82,7,11,0,0.0,0.06451612903225806,5.290322580645161,0.45161290322580644,0.7096774193548387,1.2903225806451613,1.096774193548387,True,3,-0.7345208390382241,-0.17179137516214246,-1.1379812138890557,-0.9690071404065893,2.275854219254414,-0.8511481444312016,-0.5333490804553547,0.03580230337920311,-0.0240287942646092,-0.7715623069136863,1.0278206615688141
Adrien Truffert,fr FRA,DF,Bournemouth,eng Premier League,24.0,2001.0,30,30,2659,29.5,0,2,2,0,0,0,3,0,0.07,2521,fr FRA,DF,eng Premier League,24-117,2001.0,29.5,0,11,1,9.1,0.3728813559322034,0.03389830508474576,0.0,0.0,0,0,3177,fr FRA,DF,eng Premier League,24-117,2001.0,30,2659,89,98.5,29.5,30,89.0,28,0,,0,1.37,44,43,1,0.03,6.62,2521,fr FRA,DF,eng Premier League,24-117,2001.0,29.5,3,0,0,31,23,0,122,38,43,0,0.0,0.06779661016949153,4.135593220338983,1.2881355932203389,1.4576271186440677,1.0508474576271187,0.7796610169491526,True,4,-0.7345208390382241,-0.14177221012593205,-0.8769562157653961,-0.887480529444759,1.602560546283602,0.8496931864882371,1.006422920600516,-0.3975541460542042,-0.48359557376758594,-1.7914902932353163,1.2319697456472092
Axel Tuanzebe,cd COD,DF,Burnley,eng Premier League,28.0,1997.0,11,11,931,10.3,1,0,1,1,0,0,1,0,0.1,2525,cd COD,DF,eng Premier League,28-123,1997.0,10.3,1,2,1,50.0,0.1941747572815534,0.0970873786407767,0.5,1.0,0,0,3182,cd COD,DF,eng Premier League,28-123,1997.0,11,931,85,34.5,10.3,11,85.0,9,0,,0,0.73,13,22,-9,-0.87,-0.01,2525,cd COD,DF,eng Premier League,28-123,1997.0,10.3,1,0,0,10,2,1,1,9,6,1,0.0970873786407767,0.0,0.0970873786407767,0.8737864077669902,0.5825242718446602,0.9708737864077669,0.1941747572815534,True,1,-0.17659369952425943,-0.7621682875409468,-1.068250298808435,-0.7355085944479492,-0.7521907269931879,0.007226833236701219,-0.7951138175337368,-0.5422752585062974,-1.3320940110896373,-1.3424498847836719,-1.742986971231529
Stefanos Tzimas,gr GRE,FW,Brighton,eng Premier League,20.0,2006.0,9,1,139,1.5,1,1,2,1,0,0,0,0,1.29,2529,gr GRE,FW,eng Premier League,20-070,2006.0,1.5,1,4,1,25.0,2.6666666666666665,0.6666666666666666,0.25,1.0,0,0,3188,gr GRE,FW,eng Premier League,20-070,2006.0,9,139,15,5.1,1.5,1,23.0,0,8,15.0,2,1.56,7,2,5,3.24,3.31,2529,gr GRE,FW,eng Premier League,20-070,2006.0,1.5,0,0,0,4,1,1,1,0,1,0,0.6666666666666666,0.6666666666666666,0.6666666666666666,0.0,0.6666666666666666,2.6666666666666665,0.6666666666666666,True,2,3.0965788522909996,5.338393140373364,1.5783955229374285,0.6343495418427386,-0.42008335701918154,-1.7693801309275783,-0.6218934742782558,2.5264475896205223,-0.6473492538203709,4.560497887206011,1.5288755617087677
Christantus Uche,ng NGA,FW,Crystal Palace,eng Premier League,22.0,2003.0,14,0,173,1.9,0,0,0,0,0,0,0,0,0.0,2530,ng NGA,FW,eng Premier League,22-302,2003.0,1.9,0,6,2,33.3,3.1578947368421053,1.0526315789473684,0.0,0.0,0,0,3189,ng NGA,FW,eng Premier League,22-302,2003.0,14,173,12,6.4,1.9,0,,0,14,12.0,11,0.64,3,4,-1,-0.52,-0.48,2530,ng NGA,FW,eng Premier League,22-302,2003.0,1.9,0,0,0,4,7,3,6,0,1,0,0.0,0.0,3.1578947368421053,0.0,0.5263157894736842,2.1052631578947367,3.68421052631579,True,0,-0.7345208390382241,-0.7621682875409468,2.104224025962716,1.562608673671297,1.03248912899751,-1.7693801309275783,-0.910827812016143,1.5105264860220893,3.725735865062948,3.1604484160972297,1.672108646643177
Manuel Ugarte,uy URU,MF,Manchester Utd,eng Premier League,24.0,2001.0,20,7,788,8.8,0,0,0,0,0,0,1,0,0.0,2534,uy URU,MF,eng Premier League,24-340,2001.0,8.8,0,11,1,9.1,1.25,0.11363636363636363,0.0,0.0,0,0,3193,uy URU,MF,eng Premier League,24-340,2001.0,20,788,39,29.2,8.8,7,79.0,2,13,18.0,10,1.65,11,21,-10,-1.14,-2.22,2534,uy URU,MF,eng Premier League,24-340,2001.0,8.8,1,0,0,21,12,0,0,17,27,0,0.0,0.0,0.0,1.9318181818181817,3.068181818181818,2.3863636363636362,1.3636363636363635,True,4,-0.7345208390382241,-0.7621682875409468,0.06194367939128753,-0.6957077059322719,-0.8087999377842117,2.1584466294911757,4.322002878549287,2.0192085726960207,0.36271321814157936,-2.585722321234445,2.51103805881522
Lesley Ugochukwu,fr FRA,MF,Burnley,eng Premier League,21.0,2004.0,29,22,1900,21.1,3,1,4,3,0,0,3,1,0.19,2535,fr FRA,MF,eng Premier League,21-356,2004.0,21.1,3,20,7,35.0,0.947867298578199,0.33175355450236965,0.15,0.43,0,0,3195,fr FRA,MF,eng Premier League,21-356,2004.0,29,1900,66,70.4,21.1,22,79.0,5,7,23.0,0,0.66,23,40,-17,-0.81,0.21,2535,fr FRA,MF,eng Premier League,21-356,2004.0,21.1,3,1,1,25,26,1,5,14,25,0,0.14218009478672985,0.04739336492890995,0.23696682464454974,0.6635071090047393,1.1848341232227488,1.1848341232227488,1.2322274881516586,True,1,0.08253833683767672,-0.3284790865043844,-0.2614702208910649,-0.17112822269957775,-0.6706305370383479,-0.4203189185395366,0.44483566836541366,-0.15509060770342162,0.1722728386144446,-0.24615174736692966,-0.30762316025436676
Enes Ünal,tr TUR,FW,Bournemouth,eng Premier League,28.0,1997.0,17,0,186,2.1,1,0,1,1,0,0,1,0,0.48,2539,tr TUR,FW,eng Premier League,28-311,1997.0,2.1,1,12,2,16.7,5.714285714285714,0.9523809523809523,0.08,0.5,0,0,3199,tr TUR,FW,eng Premier League,28-311,1997.0,17,186,11,6.9,2.1,0,,0,17,11.0,2,1.41,8,2,6,2.9,3.19,2539,tr TUR,FW,eng Premier League,28-311,1997.0,2.1,1,0,0,6,4,1,2,0,1,0,0.47619047619047616,0.0,0.9523809523809523,0.0,0.47619047619047616,2.857142857142857,1.9047619047619047,True,2,2.0019789404826502,-0.7621682875409468,4.840678480482068,1.3215024056638793,-0.2534905366913115,-1.7693801309275783,-1.0140186469225314,2.871135106912848,1.1469232119008577,5.033056001001408,-0.007509547793876834
Virgil van Dijk,nl NED,DF,Liverpool,eng Premier League,34.0,1991.0,30,30,2700,30.0,3,0,3,3,0,0,4,0,0.1,2558,nl NED,DF,eng Premier League,34-252,1991.0,30.0,3,22,10,45.5,0.7333333333333333,0.3333333333333333,0.14,0.3,0,0,3221,nl NED,DF,eng Premier League,34-252,1991.0,30,2700,90,100.0,30.0,30,90.0,30,0,,0,1.63,49,40,9,0.3,,2558,nl NED,DF,eng Premier League,34-252,1991.0,30.0,4,0,0,13,15,1,1,16,13,0,0.1,0.0,0.03333333333333333,0.5333333333333333,0.43333333333333335,0.43333333333333335,0.5,True,1,-0.15985588533884046,-0.7621682875409468,-0.4911152282549522,-0.16732879928192534,-0.7893641087459601,-0.6849918802080476,-1.1022468107674934,-1.5150135506319933,-0.8888859318982286,-0.40786802473597444,-2.1515361541946123
Joël Veltman,nl NED,DF,Brighton,eng Premier League,34.0,1992.0,18,8,849,9.4,1,0,1,1,0,0,4,0,0.11,2581,nl NED,DF,eng Premier League,34-061,1992.0,9.4,1,3,1,33.3,0.3191489361702127,0.10638297872340426,0.33,1.0,0,0,3246,nl NED,DF,eng Premier League,34-061,1992.0,18,849,47,31.4,9.4,8,86.0,7,10,17.0,7,1.67,13,11,2,0.21,0.16,2581,nl NED,DF,eng Premier League,34-061,1992.0,9.4,4,0,0,9,19,2,11,18,17,0,0.10638297872340426,0.0,1.1702127659574468,1.9148936170212765,1.8085106382978722,0.9574468085106382,2.021276595744681,True,4,-0.12317514361334791,-0.7621682875409468,-0.9344733642404073,-0.7131523506859518,-0.12647828005836087,2.1240351309643533,1.7287717893924817,-0.5665728448058235,1.315778640344345,-2.0112344861626537,1.012572375696015
Micky van de Ven,nl NED,DF,Tottenham Hotspur,eng Premier League,24.0,2001.0,27,27,2366,26.3,4,1,5,4,0,0,7,1,0.19,2582,nl NED,DF,eng Premier League,24-332,2001.0,26.3,4,15,6,40.0,0.5703422053231939,0.22813688212927757,0.27,0.67,0,0,3247,nl NED,DF,eng Premier League,24-332,2001.0,27,2366,88,87.6,26.3,27,88.0,25,0,,1,1.0,35,39,-4,-0.15,0.66,2582,nl NED,DF,eng Premier League,24-332,2001.0,26.3,7,1,0,21,16,1,2,20,16,0,0.1520912547528517,0.03802281368821293,0.07604562737642585,0.7604562737642585,0.6083650190114068,0.7984790874524714,0.6083650190114068,True,1,0.1394942996680627,-0.4142275216903207,-0.6655868964097575,-0.42032994876233254,-0.7644596434003679,-0.22319916507273427,-0.7419165784526442,-0.8542423375869053,-0.731841171627074,-0.5792514899949174,-1.5398023126706586
Rayan Vitor,br BRA,MF,Bournemouth,eng Premier League,19.0,2006.0,7,6,537,6.0,2,1,3,2,0,0,1,0,0.5,2606,br BRA,MF,eng Premier League,19-226,2006.0,6.0,2,12,3,25.0,2.0,0.5,0.17,0.67,0,0,3280,br BRA,MF,eng Premier League,19-226,2006.0,7,537,77,19.9,6.0,6,86.0,2,1,23.0,0,1.57,5,3,2,0.34,0.5,2606,br BRA,MF,eng Premier League,19-226,2006.0,6.0,1,0,0,3,4,0,15,1,2,0,0.3333333333333333,0.16666666666666666,2.5,0.16666666666666666,0.3333333333333333,0.5,0.6666666666666666,True,0,1.1810290066263878,0.7629720694376311,0.8647711259745386,0.2335103712804067,0.6488872400846513,-1.430508802577725,-1.308112526405738,-1.3943729195796795,-0.6473492538203709,1.9349635872500173,-0.9933464110060153
Kyle Walker-Peters,eng ENG,DF,West Ham United,eng Premier League,28.0,1997.0,18,10,959,10.7,1,0,1,1,0,0,2,0,0.09,2624,eng ENG,DF,eng Premier League,28-338,1997.0,10.7,1,5,3,60.0,0.4672897196261683,0.28037383177570097,0.2,0.33,0,0,3300,eng ENG,DF,eng Premier League,28-338,1997.0,18,959,53,35.5,10.7,10,85.0,8,8,14.0,12,0.89,11,22,-11,-1.03,-0.62,2624,eng ENG,DF,eng Premier League,28-338,1997.0,10.7,2,0,0,9,18,1,9,7,23,0,0.09345794392523366,0.0,0.8411214953271029,0.6542056074766356,2.149532710280374,0.8411214953271029,1.6822429906542058,True,4,-0.19745078885188422,-0.7621682875409468,-0.7758980483513577,-0.2946982553484606,-0.3183631302769306,-0.4392309916103968,2.4308193183636284,-0.7770762326531198,0.8244443359624632,-1.1570338364242518,0.774361279369929
James Ward-Prowse,eng ENG,MF,West Ham United,eng Premier League,31.0,1994.0,5,5,413,4.6,0,0,0,0,0,0,0,0,0.0,2627,eng ENG,MF,eng Premier League,31-136,1994.0,4.6,0,2,0,0.0,0.4347826086956522,0.0,0.0,,0,0,3304,eng ENG,MF,eng Premier League,31-136,1994.0,5,413,83,15.3,4.6,5,83.0,2,0,,1,0.6,2,11,-9,-1.96,-1.57,2627,eng ENG,MF,eng Premier League,31-136,1994.0,4.6,0,0,0,4,2,0,22,6,2,0,0.0,0.0,4.782608695652175,1.3043478260869565,0.4347826086956522,0.8695652173913044,0.4347826086956522,True,1,-0.7345208390382241,-0.7621682875409468,-0.8106948495035506,-0.9690071404065893,1.979819011182309,0.8826563518104044,-1.0992632496712869,-0.7256042039635913,-0.9834002841895642,-1.5216333194077678,-0.12986506418929286
James Ward-Prowse,eng ENG,MF,Burnley,eng Premier League,31.0,1994.0,5,2,240,2.7,0,1,1,0,0,0,0,0,0.37,2628,eng ENG,MF,eng Premier League,31-136,1994.0,2.7,0,0,0,,0.0,0.0,,,0,0,3305,eng ENG,MF,eng Premier League,31-136,1994.0,5,240,48,8.9,2.7,2,82.0,1,3,25.0,1,1.0,4,4,0,0.0,0.95,2628,eng ENG,MF,eng Premier League,31-136,1994.0,2.7,0,0,0,2,4,0,22,3,2,0,0.0,0.37037037037037035,8.148148148148147,1.111111111111111,0.7407407407407407,0.7407407407407407,1.4814814814814814,True,3,-0.7345208390382241,2.627032505744782,-1.276102064914131,-0.9690071404065893,3.9421804937883778,0.4897620580714436,-0.46940035158325966,-0.9587261963352126,0.5334967278936,-0.44348095918821123,3.082785813836707
Ollie Watkins,eng ENG,FW,Aston Villa,eng Premier League,30.0,1995.0,29,26,2207,24.5,8,1,9,8,0,0,3,0,0.37,2629,eng ENG,FW,eng Premier League,30-077,1995.0,24.5,8,57,25,43.9,2.326530612244898,1.0204081632653061,0.14,0.32,0,0,3306,eng ENG,FW,eng Premier League,30-077,1995.0,29,2207,76,81.7,24.5,26,81.0,10,3,33.0,0,1.76,33,30,3,0.12,0.12,2629,eng ENG,FW,eng Premier League,30-077,1995.0,24.5,3,0,0,28,26,18,5,5,11,0,0.32653061224489793,0.04081632653061224,0.20408163265306123,0.20408163265306123,0.4489795918367347,1.1428571428571428,1.0612244897959184,True,0,1.1419361526332323,-0.38866452664823387,1.2143014428543215,1.4851102303831987,-0.6898050661214473,-1.3544356472338803,-1.0700365287288565,-0.23105254871808115,-0.07554813837074847,2.4152876569365676,-1.5351032941178515
Tom Watson,eng ENG,MF,Brighton,eng Premier League,19.0,2006.0,6,0,62,0.7,0,0,0,0,0,0,1,0,0.0,2630,eng ENG,MF,eng Premier League,19-343,2006.0,0.7,0,1,1,100.0,1.4285714285714286,1.4285714285714286,0.0,0.0,0,0,3307,eng ENG,MF,eng Premier League,19-343,2006.0,6,62,10,2.3,0.7,0,,0,6,10.0,5,1.33,2,2,0,0.0,-0.1,2630,eng ENG,MF,eng Premier League,19-343,2006.0,0.7,1,0,0,3,0,0,0,0,1,0,0.0,0.0,0.0,0.0,1.4285714285714286,4.285714285714286,0.0,True,4,-0.7345208390382241,-0.7621682875409468,0.25309307143491877,2.4667571786991136,-0.8087999377842117,-1.7693801309275783,0.946607216298847,5.456291486605289,-1.6134959661318016,1.1109990288360263,0.7143451764051412
Danny Welbeck,eng ENG,FW,Brighton,eng Premier League,35.0,1990.0,29,19,1744,19.4,10,0,10,9,1,3,4,0,0.46,2634,eng ENG,FW,eng Premier League,35-111,1990.0,19.4,10,40,18,45.0,2.061855670103093,0.9278350515463918,0.23,0.5,1,3,3312,eng ENG,FW,eng Premier League,35-111,1990.0,29,1744,60,64.6,19.4,19,82.0,7,10,19.0,0,1.34,25,21,4,0.21,0.3,2634,eng ENG,FW,eng Premier League,35-111,1990.0,19.4,4,0,0,23,7,4,3,7,11,0,0.5154639175257733,0.0,0.15463917525773196,0.3608247422680413,0.5670103092783506,1.1855670103092784,0.3608247422680413,True,2,2.2276696439482895,-0.7621682875409468,0.9309836988886215,1.2624686544764963,-0.7186337205964468,-1.0357411726443906,-0.8270517475947193,-0.1537643682942864,-1.0905815084374706,2.1618573262537812,-2.085918410087211
Adam Wharton,eng ENG,MF,Crystal Palace,eng Premier League,22.0,2004.0,27,26,2163,24.0,0,5,5,0,0,0,6,1,0.21,2638,eng ENG,MF,eng Premier League,22-039,2004.0,24.0,0,26,4,15.4,1.0833333333333333,0.16666666666666666,0.0,0.0,0,0,3317,eng ENG,MF,eng Premier League,22-039,2004.0,27,2163,80,80.1,24.0,26,82.0,12,1,31.0,0,1.26,26,33,-7,-0.29,-1.13,2638,eng ENG,MF,eng Premier League,22-039,2004.0,24.0,6,1,1,29,26,0,74,22,33,0,0.0,0.20833333333333334,3.0833333333333335,0.9166666666666666,1.375,1.2083333333333333,1.0833333333333333,True,3,-0.7345208390382241,1.1442571586822756,-0.11646241984943502,-0.5681679698442573,0.9890142482540527,0.09441217499661497,0.8363220114926444,-0.11256621464884431,-0.043507558625726736,-0.5666468396774517,1.5188011366324783
Ben White,eng ENG,DF,Arsenal,eng Premier League,28.0,1997.0,7,5,411,4.6,0,1,1,0,0,0,0,0,0.22,2639,eng ENG,DF,eng Premier League,28-160,1997.0,4.6,0,4,1,25.0,0.8695652173913044,0.2173913043478261,0.0,0.0,0,0,3318,eng ENG,DF,eng Premier League,28-160,1997.0,7,411,59,14.7,4.6,5,74.0,3,2,21.0,17,1.86,5,4,1,0.22,-1.22,2639,eng ENG,DF,eng Premier League,28-160,1997.0,4.6,0,0,0,5,4,2,13,3,7,0,0.0,0.2173913043478261,2.8260869565217392,0.6521739130434783,1.5217391304347827,1.0869565217391306,0.8695652173913044,True,3,-0.7345208390382241,1.2271452215615464,-0.3452876340929702,-0.4461734396731127,0.8390203502414596,-0.44336188955858696,1.1384075724835472,-0.3322108418364806,-0.35330460224732657,-0.5770892749446563,1.3692684509853836
Mats Wieffer,nl NED,DF,Brighton,eng Premier League,26.0,1999.0,20,17,1481,16.5,0,3,3,0,0,0,6,0,0.18,2641,nl NED,DF,eng Premier League,26-121,1999.0,16.5,0,14,4,28.6,0.8484848484848485,0.24242424242424243,0.0,0.0,0,0,3321,nl NED,DF,eng Premier League,26-121,1999.0,20,1481,74,54.9,16.5,17,82.0,10,3,29.0,0,1.5,24,19,5,0.3,0.45,2641,nl NED,DF,eng Premier League,26-121,1999.0,16.5,6,0,0,25,16,2,9,23,36,0,0.0,0.18181818181818182,0.5454545454545454,1.393939393939394,2.1818181818181817,1.5151515151515151,0.9696969696969697,True,4,-0.7345208390382241,0.9016211927993201,-0.3678528324159075,-0.3859683468613791,-0.49075909897645975,1.0648164334530135,2.497284035392118,0.44265487144419136,-0.20819165731517503,-1.5653822786277876,1.5973197051366197
Neco Williams,wls WAL,DF,Nottingham Forest,eng Premier League,24.0,2001.0,29,29,2528,28.1,1,1,2,1,0,0,5,1,0.07,2643,wls WAL,DF,eng Premier League,24-338,2001.0,28.1,1,33,13,39.4,1.1743772241992882,0.4626334519572953,0.03,0.08,0,0,3324,wls WAL,DF,eng Premier League,24-338,2001.0,29,2528,87,93.6,28.1,29,87.0,26,0,,0,1.0,27,39,-12,-0.43,1.14,2643,wls WAL,DF,eng Premier League,24-338,2001.0,28.1,5,1,0,22,46,3,101,32,49,0,0.03558718861209964,0.03558718861209964,3.594306049822064,1.1387900355871885,1.7437722419928825,0.7829181494661921,1.6370106761565835,True,4,-0.5300137380775893,-0.43651554227861705,-0.019005707274876587,0.1436425145351151,1.2869495990806306,0.5460396214984656,1.5954976265464915,-0.8824015582633652,0.7588927580492915,-0.6666158857858436,1.4356369729103124
Joe Willock,eng ENG,MF,Newcastle United,eng Premier League,26.0,1999.0,19,7,677,7.5,0,1,1,0,0,0,3,0,0.13,2646,eng ENG,MF,eng Premier League,26-209,1999.0,7.5,0,10,3,30.0,1.3333333333333333,0.4,0.0,0.0,0,0,3327,eng ENG,MF,eng Premier League,26-209,1999.0,19,677,36,25.1,7.5,7,66.0,0,12,18.0,10,1.53,10,12,-2,-0.27,-0.35,2646,eng ENG,MF,eng Premier League,26-209,1999.0,7.5,3,0,0,15,8,1,11,4,15,0,0.0,0.13333333333333333,1.4666666666666666,0.5333333333333333,2.0,2.0,1.0666666666666667,True,4,-0.7345208390382241,0.4579439980419155,0.1511467290116487,-0.006993131056992437,0.04637653989885457,-0.6849918802080476,2.1229827342316736,1.3200412790973834,-0.06766122643351243,-0.37835520537557094,1.7255626649376725
Harry Wilson,wls WAL,MF,Fulham,eng Premier League,28.0,1997.0,28,26,2173,24.1,9,6,15,9,0,0,6,0,0.62,2648,wls WAL,MF,eng Premier League,28-360,1997.0,24.1,9,60,22,36.7,2.4896265560165975,0.9128630705394191,0.15,0.41,0,0,3329,wls WAL,MF,eng Premier League,28-360,1997.0,28,2173,78,80.5,24.1,26,81.0,6,2,30.0,0,1.46,36,31,5,0.21,1.57,2648,wls WAL,MF,eng Premier League,28-360,1997.0,24.1,6,0,0,11,30,9,91,14,14,0,0.37344398340248963,0.24896265560165973,3.775933609958506,0.5809128630705394,0.5809128630705394,0.45643153526970953,1.2448132780082988,True,2,1.4115308552748267,1.5160496730909536,1.3888853096360803,1.2264605157854365,1.3928520653040293,-0.5882518495421974,-0.798431155738438,-1.4732148257653204,0.19051241785219777,2.7789023537128874,0.23531346652776738
Ben Winterburn,eng ENG,MF,Bournemouth,eng Premier League,21.0,2004.0,1,0,7,0.1,0,0,0,0,0,0,0,0,0.0,2651,eng ENG,MF,eng Premier League,21-194,2004.0,0.1,0,0,0,,0.0,0.0,,,0,0,3333,eng ENG,MF,eng Premier League,21-194,2004.0,1,7,7,0.3,0.1,0,,0,1,7.0,0,0.0,0,2,-2,-25.71,-25.71,2651,eng ENG,MF,eng Premier League,21-194,2004.0,0.1,0,0,0,0,0,0,0,0,0,0,0.0,0.0,0.0,0.0,0.0,0.0,0.0,True,1,-0.7345208390382241,-0.7621682875409468,-1.276102064914131,-0.9690071404065893,-0.8087999377842117,-1.7693801309275783,-1.9943315785332205,-2.2991776524720335,-1.6134959661318016,-1.0341779815851024,-3.091668447085808
Florian Wirtz,de GER,MF,Liverpool,eng Premier League,22.0,2003.0,26,22,1914,21.3,4,2,6,4,0,0,1,0,0.28,2652,de GER,MF,eng Premier League,22-318,2003.0,21.3,4,41,15,36.6,1.9248826291079812,0.704225352112676,0.1,0.27,0,0,3334,de GER,MF,eng Premier League,22-318,2003.0,26,1914,74,70.9,21.3,22,82.0,6,4,30.0,0,1.65,28,23,5,0.24,-0.22,2652,de GER,MF,eng Premier League,22-318,2003.0,21.3,1,0,0,19,17,2,29,9,23,0,0.18779342723004694,0.09389671361502347,1.3615023474178403,0.4225352112676056,1.07981220657277,0.892018779342723,0.7981220657276995,True,0,0.34466217260381077,0.09706571639064634,0.7843627432181568,0.7246794957722782,-0.014942131996474133,-0.9102697210265417,0.22863154807693387,-0.6849720257157209,-0.45684145139276483,1.042943336151339,-0.4247709640966863
Yoane Wissa,cd COD,FW,Newcastle United,eng Premier League,29.0,1996.0,12,4,429,4.8,1,0,1,1,0,0,1,0,0.21,2653,cd COD,FW,eng Premier League,29-195,1996.0,4.8,1,11,5,45.5,2.291666666666667,1.0416666666666667,0.09,0.2,0,0,3335,cd COD,FW,eng Premier League,29-195,1996.0,12,429,36,15.9,4.8,4,70.0,0,8,19.0,3,1.17,8,8,0,0.0,0.0,2653,cd COD,FW,eng Premier League,29-195,1996.0,4.8,1,0,0,4,1,4,1,0,2,0,0.20833333333333334,0.0,0.20833333333333334,0.0,0.4166666666666667,0.8333333333333334,0.20833333333333334,True,0,0.4626978145021584,-0.7621682875409468,1.1769817996458034,1.536237675607986,-0.6873260062951397,-1.7693801309275783,-1.1365577633738675,-0.7911697643181098,-1.3115751185344795,1.8815920210816084,-2.307634926088375
Chris Wood,nz NZL,FW,Nottingham Forest,eng Premier League,34.0,1991.0,8,7,540,6.0,2,0,2,2,0,0,0,0,0.33,2659,nz NZL,FW,eng Premier League,34-100,1991.0,6.0,2,16,6,37.5,2.6666666666666665,1.0,0.13,0.33,0,0,3342,nz NZL,FW,eng Premier League,34-100,1991.0,8,540,68,20.0,6.0,7,75.0,0,1,17.0,0,0.63,5,8,-3,-0.5,0.0,2659,nz NZL,FW,eng Premier League,34-100,1991.0,6.0,0,0,0,5,4,3,1,0,1,0,0.3333333333333333,0.0,0.16666666666666666,0.0,0.16666666666666666,0.8333333333333334,0.6666666666666666,True,2,1.1810290066263878,-0.7621682875409468,1.5783955229374285,1.436027882967403,-0.7116207925929541,-1.7693801309275783,-1.6512220524694794,-0.7911697643181098,-0.6473492538203709,2.630371636686213,-2.416721415362078
Joe Worrall,eng ENG,DF,Burnley,eng Premier League,29.0,1997.0,11,5,500,5.6,0,0,0,0,0,0,0,0,0.0,2661,eng ENG,DF,eng Premier League,29-066,1997.0,5.6,0,1,0,0.0,0.17857142857142858,0.0,0.0,,0,0,3345,eng ENG,DF,eng Premier League,29-066,1997.0,11,500,45,18.5,5.6,5,83.0,4,6,14.0,7,0.82,10,11,-1,-0.18,0.84,2661,eng ENG,DF,eng Premier League,29-066,1997.0,5.6,0,0,0,4,1,0,0,6,2,0,0.0,0.0,0.0,1.0714285714285714,0.35714285714285715,0.7142857142857143,0.17857142857142858,True,1,-0.7345208390382241,-0.7621682875409468,-1.0849526728705,-0.9690071404065893,-0.8087999377842117,0.4090784084643359,-1.2590968798252038,-1.0065994626258132,-1.3547066681912399,-1.779549024545013,-2.027834514100636
Granit Xhaka,ch SUI,MF,Sunderland,eng Premier League,33.0,1992.0,26,24,2184,24.3,1,5,6,1,0,0,5,0,0.25,2663,ch SUI,MF,eng Premier League,33-171,1992.0,24.3,1,12,5,41.7,0.49382716049382713,0.205761316872428,0.08,0.2,0,0,3348,ch SUI,MF,eng Premier League,33-171,1992.0,26,2184,84,80.9,24.3,24,89.0,22,2,29.0,0,1.42,26,26,0,0.0,0.87,2663,ch SUI,MF,eng Premier League,33-171,1992.0,24.3,5,0,0,16,30,0,71,21,23,0,0.0411522633744856,0.205761316872428,2.921810699588477,0.8641975308641975,0.9465020576131687,0.6584362139917695,1.2345679012345678,True,3,-0.498033203770988,1.1207210420622358,-0.7474914004971756,-0.47414396687284605,0.8948344593958585,-0.012269539483894427,-0.0458083440971593,-1.1076652470170816,0.1756646122226997,-0.48153815205056794,0.7164524989158546
Yehor Yarmoliuk,ua UKR,MF,Brentford,eng Premier League,22.0,2004.0,30,23,2043,22.7,1,2,3,1,0,0,7,0,0.13,2667,ua UKR,MF,eng Premier League,22-016,2004.0,22.7,1,15,4,26.7,0.6607929515418502,0.1762114537444934,0.07,0.25,0,0,3352,ua UKR,MF,eng Premier League,22-016,2004.0,30,2043,68,75.7,22.7,23,81.0,10,7,26.0,0,1.5,34,34,0,0.0,-0.55,2667,ua UKR,MF,eng Premier League,22-016,2004.0,22.7,7,0,0,34,9,1,23,25,34,0,0.04405286343612335,0.0881057268722467,1.013215859030837,1.1013215859030838,1.497797356828194,1.497797356828194,0.39647577092511016,True,4,-0.4813644717697731,0.044073310861825706,-0.5687651075720596,-0.5452124226314364,-0.218019231335157,0.46985772160449246,1.0891196689118547,0.4112506222715828,-1.0389153222461491,-1.4268931172853974,0.3059547839619183
Ryan Yates,eng ENG,MF,Nottingham Forest,eng Premier League,28.0,1997.0,15,1,394,4.4,0,1,1,0,0,0,1,0,0.23,2669,eng ENG,MF,eng Premier League,28-116,1997.0,4.4,0,5,1,20.0,1.1363636363636362,0.22727272727272727,0.0,0.0,0,0,3354,eng ENG,MF,eng Premier League,28-116,1997.0,15,394,26,14.6,4.4,1,63.0,0,14,24.0,9,1.13,6,5,1,0.23,0.85,2669,eng ENG,MF,eng Premier League,28-116,1997.0,4.4,1,0,0,8,9,0,3,6,5,0,0.0,0.22727272727272727,0.6818181818181818,1.3636363636363635,1.1363636363636362,1.8181818181818181,2.0454545454545454,True,4,-0.7345208390382241,1.3175685628843867,-0.059696842818296104,-0.42240827145795473,-0.41124888927452175,1.0032034646621306,0.3450515537195602,0.9910213762274364,1.35081781027827,-0.36620516796538705,1.5423221949953303
Leny Yoro,fr FRA,DF,Manchester Utd,eng Premier League,20.0,2005.0,27,16,1525,16.9,0,0,0,0,0,0,1,0,0.0,2674,fr FRA,DF,eng Premier League,20-124,2005.0,16.9,0,6,2,33.3,0.3550295857988166,0.1183431952662722,0.0,0.0,0,0,3359,fr FRA,DF,eng Premier League,20-124,2005.0,27,1525,56,56.5,16.9,16,80.0,7,11,22.0,3,1.67,25,28,-3,-0.18,-1.4,2674,fr FRA,DF,eng Premier League,20-124,2005.0,16.9,1,0,0,14,3,2,3,23,18,0,0.0,0.0,0.1775147928994083,1.3609467455621302,1.0650887573964498,0.8284023668639054,0.1775147928994083,True,1,-0.7345208390382241,-0.7621682875409468,-0.8960654038096334,-0.6843876110132174,-0.705295522787606,0.9977348579647153,0.19832101406346908,-0.8000928879166536,-1.35623796581219,-2.11372891199803,-1.1595874305847416
Oleksandr Zinchenko,ua UKR,DF,Nottingham Forest,eng Premier League,29.0,1996.0,5,4,353,3.9,0,0,0,0,0,0,0,0,0.0,2705,ua UKR,DF,eng Premier League,29-092,1996.0,3.9,0,4,2,50.0,1.0256410256410258,0.5128205128205129,0.0,0.0,0,0,3398,ua UKR,DF,eng Premier League,29-092,1996.0,5,353,71,13.1,3.9,4,86.0,3,1,10.0,3,0.2,1,6,-5,-1.27,-0.89,2705,ua UKR,DF,eng Premier League,29-092,1996.0,3.9,0,0,0,1,2,1,18,2,6,0,0.0,0.0,4.615384615384616,0.5128205128205129,1.5384615384615385,0.25641025641025644,0.5128205128205129,True,3,-0.7345208390382241,-0.7621682875409468,-0.17821837727891565,0.2643441536313555,1.8823148521275355,-0.7266991206203371,1.1728332774397754,-1.8351752253477496,-0.870306187430701,-0.6608572188875844,0.4027944935756931
Martín Zubimendi,es ESP,MF,Arsenal,eng Premier League,27.0,1999.0,31,30,2596,28.8,5,1,6,5,0,0,4,0,0.21,2714,es ESP,MF,eng Premier League,27-043,1999.0,28.8,5,26,9,34.6,0.9027777777777778,0.3125,0.19,0.56,0,0,3409,es ESP,MF,eng Premier League,27-043,1999.0,31,2596,84,93.0,28.8,30,85.0,21,1,61.0,0,2.26,52,20,32,1.11,-2.14,2714,es ESP,MF,eng Premier League,27-043,1999.0,28.8,4,0,0,27,10,0,12,35,31,0,0.1736111111111111,0.034722222222222224,0.41666666666666663,1.2152777777777777,1.0763888888888888,0.9375,0.3472222222222222,True,1,0.2631613722454279,-0.4444307131704097,-0.3097356940268843,-0.2174336956022168,-0.5658520748060678,0.7015566382901021,0.22158411062844133,-0.6026687782988694,-1.1102945534695983,-0.8913638261475111,-0.9883507581794787
Martin Ødegaard,no NOR,MF,Arsenal,eng Premier League,27.0,1998.0,20,13,1076,12.0,1,5,6,1,0,0,0,0,0.5,2715,no NOR,MF,eng Premier League,27-090,1998.0,12.0,1,20,7,35.0,1.6666666666666667,0.5833333333333334,0.05,0.14,0,0,3410,no NOR,MF,eng Premier League,27-090,1998.0,20,1076,54,38.6,12.0,13,68.0,5,7,27.0,0,2.15,25,11,14,1.17,-0.14,2715,no NOR,MF,eng Premier League,27-090,1998.0,12.0,0,0,0,7,7,2,20,7,7,0,0.08333333333333333,0.4166666666666667,1.6666666666666667,0.5833333333333334,0.5833333333333334,0.5833333333333334,0.5833333333333334,True,3,-0.2556333776220711,3.050682604905498,0.5079589274930938,0.4339299565615728,0.1629915141283637,-0.5833304817030915,-0.7934482373101263,-1.2435721307642869,-0.7681175928592997,1.2797560154443703,0.1805414956568819
