Player,Nation,Pos,Squad,Comp,Age,Born,MP,Starts,Min,90s,Gls,Ast,G+A,G-PK,PK,PKatt,CrdY,CrdR,G+A-PK,Rk_stats_shooting,Nation_stats_shooting,Pos_stats_shooting,Comp_stats_shooting,Age_stats_shooting,Born_stats_shooting,90s_stats_shooting,Gls_stats_shooting,Sh,SoT,SoT%,Sh/90,SoT/90,G/Sh,G/SoT,PK_stats_shooting,PKatt_stats_shooting,Rk_stats_playing_time,Nation_stats_playing_time,Pos_stats_playing_time,Comp_stats_playing_time,Age_stats_playing_time,Born_stats_playing_time,MP_stats_playing_time,Min_stats_playing_time,Mn/MP,Min%,90s_stats_playing_time,Starts_stats_playing_time,Mn/Start,Compl,Subs,Mn/Sub,unSub,PPM,onG,onGA,+/-,+/-90,On-Off,Rk_stats_misc,Nation_stats_misc,Pos_stats_misc,Comp_stats_misc,Age_stats_misc,Born_stats_misc,90s_stats_misc,CrdY_stats_misc,CrdR_stats_misc,2CrdY,Fls,Fld,Off,Crs,Int,TklW,OG
Zach Abbott,eng ENG,DF,Nottingham Forest,eng Premier League,19.0,2006.0,2,1,120,1.3,0,0,0,0,0,0,0,0,0.0,2,eng ENG,DF,eng Premier League,19-308,2006.0,1.3,0,0,0,,0.0,0.0,,,0,0,3,eng ENG,DF,eng Premier League,19-308,2006.0,2,120,60,4.4,1.3,1,75.0,0,1,45.0,11,0.0,0,4,-4,-3.0,-2.62,2,eng ENG,DF,eng Premier League,19-308,2006.0,1.3,0,0,0,2,1,0,3,2,2,0
Tammy Abraham,eng ENG,FW,Aston Villa,eng Premier League,28.0,1997.0,7,1,198,2.2,1,0,1,1,0,0,0,0,0.45,15,eng ENG,FW,eng Premier League,28-166,1997.0,2.2,1,6,2,33.3,2.73,0.91,0.17,0.5,0,0,17,eng ENG,FW,eng Premier League,28-166,1997.0,7,198,28,7.3,2.2,1,90.0,1,6,18.0,0,0.71,3,4,-1,-0.45,-0.6,15,eng ENG,FW,eng Premier League,28-166,1997.0,2.2,0,0,0,1,0,0,0,0,1,0
Joshua Acheampong,eng ENG,DF,Chelsea,eng Premier League,19.0,2006.0,12,7,573,6.4,1,0,1,1,0,0,1,0,0.16,21,eng ENG,DF,eng Premier League,19-316,2006.0,6.4,1,3,2,66.7,0.47,0.31,0.33,0.5,0,0,24,eng ENG,DF,eng Premier League,19-316,2006.0,12,573,48,21.2,6.4,7,71.0,1,5,15.0,15,1.42,8,12,-4,-0.63,-1.56,21,eng ENG,DF,eng Premier League,19-316,2006.0,6.4,1,0,0,2,5,1,1,11,6,0
Tyler Adams,us USA,MF,Bournemouth,eng Premier League,27.0,1999.0,18,18,1411,15.7,2,1,3,2,0,0,7,0,0.19,24,us USA,MF,eng Premier League,27-031,1999.0,15.7,2,8,6,75.0,0.51,0.38,0.25,0.33,0,0,28,us USA,MF,eng Premier League,27-031,1999.0,18,1411,78,52.3,15.7,18,78.0,8,0,,1,1.28,17,24,-7,-0.45,-0.8,24,us USA,MF,eng Premier League,27-031,1999.0,15.7,7,0,0,29,12,1,1,25,19,0
Tosin Adarabioyo,eng ENG,DF,Chelsea,eng Premier League,28.0,1997.0,14,7,737,8.2,0,0,0,0,0,0,2,0,0.0,26,eng ENG,DF,eng Premier League,28-174,1997.0,8.2,0,2,0,0.0,0.24,0.0,0.0,,0,0,30,eng ENG,DF,eng Premier League,28-174,1997.0,14,737,53,27.3,8.2,7,85.0,6,7,20.0,8,1.64,16,12,4,0.49,-0.15,26,eng ENG,DF,eng Premier League,28-174,1997.0,8.2,2,0,0,5,0,1,0,9,4,0
Amine Adli,ma MAR,MF,Bournemouth,eng Premier League,25.0,2000.0,26,9,968,10.8,3,1,4,3,0,0,2,0,0.37,33,ma MAR,MF,eng Premier League,25-311,2000.0,10.8,3,19,9,47.4,1.77,0.84,0.16,0.33,0,0,38,ma MAR,MF,eng Premier League,25-311,2000.0,26,968,37,35.9,10.8,9,73.0,2,17,18.0,3,1.42,16,14,2,0.19,0.39,33,ma MAR,MF,eng Premier League,25-311,2000.0,10.8,2,0,0,26,23,4,36,5,14,0
Emmanuel Agbadou,ci CIV,DF,Wolves,eng Premier League,28.0,1997.0,14,12,1101,12.2,0,0,0,0,0,0,1,1,0.0,38,ci CIV,DF,eng Premier League,28-273,1997.0,12.2,0,10,3,30.0,0.82,0.25,0.0,0.0,0,0,44,ci CIV,DF,eng Premier League,28-273,1997.0,14,1101,79,39.5,12.2,12,85.0,11,2,38.0,4,0.14,6,27,-21,-1.72,-1.24,38,ci CIV,DF,eng Premier League,28-273,1997.0,12.2,1,1,0,10,5,1,13,14,21,0
Nayef Aguerd,ma MAR,DF,West Ham United,eng Premier League,29.0,1996.0,2,2,180,2.0,0,0,0,0,0,0,0,0,0.0,46,ma MAR,DF,eng Premier League,29-352,1996.0,2.0,0,2,0,0.0,1.0,0.0,0.0,,0,0,53,ma MAR,DF,eng Premier League,29-352,1996.0,2,180,90,6.7,2.0,2,90.0,2,0,,0,0.0,1,8,-7,-3.5,-3.07,46,ma MAR,DF,eng Premier League,29-352,1996.0,2.0,0,0,0,0,1,0,2,1,0,0
Ola Aina,ng NGA,DF,Nottingham Forest,eng Premier League,29.0,1996.0,14,14,1230,13.7,0,0,0,0,0,0,3,0,0.0,52,ng NGA,DF,eng Premier League,29-160,1996.0,13.7,0,11,1,9.1,0.8,0.07,0.0,0.0,0,0,64,ng NGA,DF,eng Premier League,29-160,1996.0,14,1230,88,45.6,13.7,14,88.0,12,0,,0,1.07,14,17,-3,-0.22,0.52,52,ng NGA,DF,eng Premier League,29-160,1996.0,13.7,3,0,0,11,10,0,33,22,15,0
Rayan Aït-Nouri,dz ALG,DF,Manchester City,eng Premier League,24.0,2001.0,13,10,779,8.7,0,2,2,0,0,0,2,0,0.23,54,dz ALG,DF,eng Premier League,24-284,2001.0,8.7,0,7,1,14.3,0.81,0.12,0.0,0.0,0,0,66,dz ALG,DF,eng Premier League,24-284,2001.0,13,779,60,28.9,8.7,10,77.0,6,3,4.0,6,1.85,18,9,9,1.04,-0.04,54,dz ALG,DF,eng Premier League,24-284,2001.0,8.7,2,0,0,11,8,0,12,13,19,0
Kristoffer Ajer,no NOR,DF,Brentford,eng Premier League,27.0,1998.0,24,18,1628,18.1,0,1,1,0,0,0,3,0,0.06,57,no NOR,DF,eng Premier League,27-334,1998.0,18.1,0,10,3,30.0,0.55,0.17,0.0,0.0,0,0,69,no NOR,DF,eng Premier League,27-334,1998.0,24,1628,68,60.3,18.1,18,83.0,12,6,22.0,5,1.38,27,27,0,0.0,-0.34,57,no NOR,DF,eng Premier League,27-334,1998.0,18.1,3,0,0,22,5,0,7,12,21,0
Nathan Aké,nl NED,DF,Manchester City,eng Premier League,31.0,1995.0,14,4,495,5.5,0,0,0,0,0,0,1,0,0.0,60,nl NED,DF,eng Premier League,31-027,1995.0,5.5,0,4,0,0.0,0.73,0.0,0.0,,0,0,76,nl NED,DF,eng Premier League,31-027,1995.0,14,495,35,18.3,5.5,4,86.0,3,10,15.0,14,2.0,5,7,-2,-0.36,-1.75,60,nl NED,DF,eng Premier League,31-027,1995.0,5.5,1,0,0,2,6,1,4,4,6,0
Carlos Alcaraz,ar ARG,MF,Everton,eng Premier League,23.0,2002.0,16,6,675,7.5,0,1,1,0,0,0,3,0,0.13,71,ar ARG,MF,eng Premier League,23-107,2002.0,7.5,0,18,5,27.8,2.4,0.67,0.0,0.0,0,0,90,ar ARG,MF,eng Premier League,23-107,2002.0,16,675,42,25.0,7.5,6,75.0,0,10,23.0,6,1.31,7,8,-1,-0.13,-0.13,71,ar ARG,MF,eng Premier League,23-107,2002.0,7.5,3,0,0,8,11,1,5,2,8,0
Omar Alderete,py PAR,DF,Sunderland,eng Premier League,29.0,1996.0,26,25,2264,25.2,1,1,2,1,0,0,5,0,0.08,72,py PAR,DF,eng Premier League,29-081,1996.0,25.2,1,19,8,42.1,0.76,0.32,0.05,0.13,0,0,91,py PAR,DF,eng Premier League,29-081,1996.0,26,2264,87,83.9,25.2,25,89.0,22,1,38.0,1,1.35,25,30,-5,-0.2,-0.2,72,py PAR,DF,eng Premier League,29-081,1996.0,25.2,5,0,0,23,7,4,9,26,15,0
Max Alleyne,eng ENG,DF,Manchester City,eng Premier League,20.0,2005.0,2,2,135,1.5,0,0,0,0,0,0,0,0,0.0,81,eng ENG,DF,eng Premier League,20-239,2005.0,1.5,0,2,1,50.0,1.33,0.67,0.0,0.0,0,0,106,eng ENG,DF,eng Premier League,20-239,2005.0,2,135,68,5.0,1.5,2,68.0,1,0,,4,0.5,1,1,0,0.0,-1.12,81,eng ENG,DF,eng Premier League,20-239,2005.0,1.5,0,0,0,0,0,0,0,3,3,0
Ethan Ampadu,wls WAL,MF,Leeds United,eng Premier League,25.0,2000.0,27,27,2399,26.7,1,1,2,1,0,0,7,0,0.08,104,wls WAL,MF,eng Premier League,25-184,2000.0,26.7,1,19,4,21.1,0.71,0.15,0.05,0.25,0,0,134,wls WAL,MF,eng Premier League,25-184,2000.0,27,2399,89,88.9,26.7,27,89.0,23,0,,0,1.11,33,41,-8,-0.3,0.6,104,wls WAL,MF,eng Premier League,25-184,2000.0,26.7,7,0,0,34,27,0,23,38,37,0
Joachim Andersen,dk DEN,DF,Fulham,eng Premier League,29.0,1996.0,27,27,2381,26.5,0,1,1,0,0,0,7,0,0.04,106,dk DEN,DF,eng Premier League,29-290,1996.0,26.5,0,12,3,25.0,0.45,0.11,0.0,0.0,0,0,136,dk DEN,DF,eng Premier League,29-290,1996.0,27,2381,88,88.2,26.5,27,88.0,26,0,,1,1.41,37,38,-1,-0.04,0.53,106,dk DEN,DF,eng Premier League,29-290,1996.0,26.5,7,0,0,27,10,0,13,26,19,0
Elliot Anderson,eng ENG,MF,Nottingham Forest,eng Premier League,23.0,2002.0,30,30,2683,29.8,2,2,4,1,1,1,6,0,0.1,107,eng ENG,MF,eng Premier League,23-131,2002.0,29.8,2,36,8,22.2,1.21,0.27,0.03,0.13,1,1,137,eng ENG,MF,eng Premier League,23-131,2002.0,30,2683,89,99.4,29.8,30,89.0,28,0,,0,0.97,28,42,-14,-0.47,4.82,107,eng ENG,MF,eng Premier League,23-131,2002.0,29.8,6,0,0,44,66,2,155,35,51,0
André,br BRA,MF,Wolves,eng Premier League,24.0,2001.0,28,23,2132,23.7,1,0,1,1,0,0,9,0,0.04,110,br BRA,MF,eng Premier League,24-244,2001.0,23.7,1,11,1,9.1,0.46,0.04,0.09,1.0,0,0,140,br BRA,MF,eng Premier League,24-244,2001.0,28,2132,76,76.4,23.7,23,85.0,17,5,34.0,0,0.54,16,39,-23,-0.97,-0.01,110,br BRA,MF,eng Premier League,24-244,2001.0,23.7,9,0,0,33,37,0,38,21,30,0
Nilson Angulo,ec ECU,MF,Sunderland,eng Premier League,22.0,2003.0,5,3,256,2.8,0,0,0,0,0,0,0,0,0.0,118,ec ECU,MF,eng Premier League,22-271,2003.0,2.8,0,3,2,66.7,1.05,0.7,0.0,0.0,0,0,151,ec ECU,MF,eng Premier League,22-271,2003.0,5,256,51,9.5,2.8,3,78.0,0,2,11.0,0,0.8,1,4,-3,-1.05,-0.98,118,ec ECU,MF,eng Premier League,22-271,2003.0,2.8,0,0,0,7,2,1,7,2,5,0
Jaidon Anthony,eng ENG,MF,Burnley,eng Premier League,26.0,1999.0,29,24,2024,22.5,7,1,8,7,0,0,4,0,0.36,124,eng ENG,MF,eng Premier League,26-106,1999.0,22.5,7,43,17,39.5,1.91,0.76,0.16,0.41,0,0,158,eng ENG,MF,eng Premier League,26-106,1999.0,29,2024,70,75.0,22.5,24,81.0,9,5,17.0,1,0.69,24,43,-19,-0.84,0.09,124,eng ENG,MF,eng Premier League,26-106,1999.0,22.5,4,0,0,19,38,7,55,14,16,0
Harrison Armstrong,eng ENG,MF,Everton,eng Premier League,19.0,2007.0,11,6,499,5.5,0,0,0,0,0,0,0,0,0.0,144,eng ENG,MF,eng Premier League,19-057,2007.0,5.5,0,5,2,40.0,0.9,0.36,0.0,0.0,0,0,180,eng ENG,MF,eng Premier League,19-057,2007.0,11,499,45,18.5,5.5,6,73.0,1,5,12.0,3,1.36,4,10,-6,-1.08,-1.29,144,eng ENG,MF,eng Premier League,19-057,2007.0,5.5,0,0,0,6,15,2,2,4,10,0
Tolu Arokodare,ng NGA,FW,Wolves,eng Premier League,25.0,2000.0,27,12,1244,13.8,3,1,4,3,0,1,1,0,0.29,146,ng NGA,FW,eng Premier League,25-114,2000.0,13.8,3,38,13,34.2,2.75,0.94,0.08,0.23,0,1,183,ng NGA,FW,eng Premier League,25-114,2000.0,27,1244,46,44.6,13.8,12,81.0,7,15,18.0,1,0.63,15,25,-10,-0.72,0.44,146,ng NGA,FW,eng Premier League,25-114,2000.0,13.8,1,0,0,17,13,6,0,5,3,0
Taiwo Awoniyi,ng NGA,FW,Nottingham Forest,eng Premier League,28.0,1997.0,11,1,258,2.9,1,0,1,1,0,0,0,0,0.35,172,ng NGA,FW,eng Premier League,28-217,1997.0,2.9,1,9,4,44.4,3.14,1.4,0.11,0.25,0,0,212,ng NGA,FW,eng Premier League,28-217,1997.0,11,258,23,9.6,2.9,1,45.0,0,10,21.0,7,0.82,3,2,1,0.35,0.94,172,ng NGA,FW,eng Premier League,28-217,1997.0,2.9,0,0,0,6,3,3,1,1,1,0
Yasin Ayari,se SWE,MF,Brighton,eng Premier League,22.0,2003.0,23,18,1718,19.1,3,2,5,3,0,0,1,0,0.26,173,se SWE,MF,eng Premier League,22-162,2003.0,19.1,3,39,10,25.6,2.04,0.52,0.08,0.3,0,0,213,se SWE,MF,eng Premier League,22-162,2003.0,23,1718,75,63.6,19.1,18,86.0,14,5,32.0,1,1.39,27,21,6,0.31,0.59,173,se SWE,MF,eng Premier League,22-162,2003.0,19.1,1,0,0,20,24,0,23,24,23,0
Benoît Badiashile,fr FRA,DF,Chelsea,eng Premier League,24.0,2001.0,8,6,471,5.2,0,0,0,0,0,0,2,0,0.0,179,fr FRA,DF,eng Premier League,24-356,2001.0,5.2,0,0,0,,0.0,0.0,,,0,0,224,fr FRA,DF,eng Premier League,24-356,2001.0,8,471,59,17.4,5.2,6,69.0,3,2,29.0,11,1.63,7,10,-3,-0.57,-1.42,179,fr FRA,DF,eng Premier League,24-356,2001.0,5.2,2,0,0,6,2,0,0,9,5,0
Leon Bailey,jm JAM,MF,Aston Villa,eng Premier League,28.0,1997.0,8,2,316,3.5,0,1,1,0,0,0,1,0,0.28,182,jm JAM,MF,eng Premier League,28-220,1997.0,3.5,0,6,1,16.7,1.71,0.28,0.0,0.0,0,0,229,jm JAM,MF,eng Premier League,28-220,1997.0,8,316,40,11.7,3.5,2,61.0,0,6,32.0,0,1.0,4,8,-4,-1.14,-1.4,182,jm JAM,MF,eng Premier League,28-220,1997.0,3.5,1,0,0,5,3,1,15,1,4,0
Dilane Bakwa,fr FRA,MF,Nottingham Forest,eng Premier League,23.0,2002.0,10,3,345,3.8,0,1,1,0,0,0,1,0,0.26,192,fr FRA,MF,eng Premier League,23-203,2002.0,3.8,0,8,3,37.5,2.09,0.78,0.0,0.0,0,0,242,fr FRA,MF,eng Premier League,23-203,2002.0,10,345,35,12.8,3.8,3,66.0,0,7,21.0,4,0.4,4,8,-4,-1.04,-0.62,192,fr FRA,MF,eng Premier League,23-203,2002.0,3.8,1,0,0,9,8,0,28,0,2,0
Carlos Baleba,cm CMR,MF,Brighton,eng Premier League,22.0,2004.0,24,19,1264,14.0,0,0,0,0,0,0,5,0,0.0,197,cm CMR,MF,eng Premier League,22-073,2004.0,14.0,0,15,1,6.7,1.07,0.07,0.0,0.0,0,0,250,cm CMR,MF,eng Premier League,22-073,2004.0,24,1264,53,46.8,14.0,19,63.0,2,5,12.0,0,1.29,13,18,-5,-0.36,-0.86,197,cm CMR,MF,eng Premier League,22-073,2004.0,14.0,5,0,0,26,16,0,0,24,15,0
Daniel Ballard,nir NIR,DF,Sunderland,eng Premier League,26.0,1999.0,26,22,2008,22.3,2,0,2,2,0,0,3,0,0.09,199,nir NIR,DF,eng Premier League,26-176,1999.0,22.3,2,25,9,36.0,1.12,0.4,0.08,0.22,0,0,252,nir NIR,DF,eng Premier League,26-176,1999.0,26,2008,77,74.4,22.3,22,85.0,19,4,37.0,0,1.31,26,28,-2,-0.09,0.3,199,nir NIR,DF,eng Premier League,26-176,1999.0,22.3,3,0,0,25,27,3,0,19,16,0
Ross Barkley,eng ENG,MF,Aston Villa,eng Premier League,32.0,1993.0,13,1,336,3.7,2,0,2,2,0,0,0,0,0.54,217,eng ENG,MF,eng Premier League,32-102,1993.0,3.7,2,9,3,33.3,2.41,0.8,0.22,0.67,0,0,276,eng ENG,MF,eng Premier League,32-102,1993.0,13,336,26,12.4,3.7,1,81.0,0,12,21.0,1,1.77,6,6,0,0.0,-0.11,217,eng ENG,MF,eng Premier League,32-102,1993.0,3.7,0,0,0,2,3,0,0,2,9,0
Thierno Barry,fr FRA,FW,Everton,eng Premier League,23.0,2002.0,30,19,1630,18.1,6,0,6,6,0,0,3,0,0.33,222,fr FRA,FW,eng Premier League,23-147,2002.0,18.1,6,32,10,31.3,1.77,0.55,0.19,0.6,0,0,282,fr FRA,FW,eng Premier League,23-147,2002.0,30,1630,54,60.4,18.1,19,75.0,2,11,19.0,0,1.43,19,24,-5,-0.28,-0.61,222,fr FRA,FW,eng Premier League,23-147,2002.0,18.1,3,0,0,36,7,12,3,5,2,0
Calvin Bassey,ng NGA,DF,Fulham,eng Premier League,26.0,1999.0,22,20,1814,20.2,1,0,1,1,0,0,5,0,0.05,227,ng NGA,DF,eng Premier League,26-076,1999.0,20.2,1,9,1,11.1,0.45,0.05,0.11,1.0,0,0,288,ng NGA,DF,eng Premier League,26-076,1999.0,22,1814,82,67.2,20.2,20,90.0,20,2,7.0,2,1.23,29,32,-3,-0.15,-0.15,227,ng NGA,DF,eng Premier League,26-076,1999.0,20.2,5,0,0,22,29,1,9,15,20,0
Rodrigo Bentancur,uy URU,MF,Tottenham Hotspur,eng Premier League,28.0,1997.0,20,17,1410,15.7,1,1,2,1,0,0,5,0,0.13,275,uy URU,MF,eng Premier League,28-265,1997.0,15.7,1,9,2,22.2,0.57,0.13,0.11,0.5,0,0,348,uy URU,MF,eng Premier League,28-265,1997.0,20,1410,71,52.2,15.7,17,79.0,9,3,21.0,1,1.2,21,21,0,0.0,0.49,275,uy URU,MF,eng Premier League,28-265,1997.0,15.7,5,0,0,15,3,1,7,24,21,0
Sander Berge,no NOR,MF,Fulham,eng Premier League,28.0,1998.0,30,29,2500,27.8,0,1,1,0,0,0,5,0,0.04,280,no NOR,MF,eng Premier League,28-031,1998.0,27.8,0,9,3,33.3,0.32,0.11,0.0,0.0,0,0,356,no NOR,MF,eng Premier League,28-031,1998.0,30,2500,83,92.6,27.8,29,86.0,21,1,17.0,0,1.37,36,41,-5,-0.18,-1.08,280,no NOR,MF,eng Premier League,28-031,1998.0,27.8,5,0,0,30,10,0,12,20,36,1
Lucas Bergvall,se SWE,MF,Tottenham Hotspur,eng Premier League,20.0,2006.0,17,10,805,8.9,1,2,3,1,0,0,2,0,0.34,282,se SWE,MF,eng Premier League,20-043,2006.0,8.9,1,10,5,50.0,1.12,0.56,0.1,0.2,0,0,358,se SWE,MF,eng Premier League,20-043,2006.0,17,805,47,29.8,8.9,10,67.0,0,7,19.0,3,1.12,12,13,-1,-0.11,0.17,282,se SWE,MF,eng Premier League,20-043,2006.0,8.9,2,0,0,18,5,3,17,2,12,0
Beto,gw GNB,FW,Everton,eng Premier League,28.0,1998.0,30,11,1132,12.6,4,0,4,4,0,0,2,0,0.32,294,gw GNB,FW,eng Premier League,28-045,1998.0,12.6,4,29,10,34.5,2.31,0.8,0.14,0.4,0,0,370,gw GNB,FW,eng Premier League,28-045,1998.0,30,1132,38,41.9,12.6,11,71.0,1,19,18.0,0,1.43,17,14,3,0.24,0.47,294,gw GNB,FW,eng Premier League,28-045,1998.0,12.6,2,0,0,26,11,7,2,1,4,0
Jaka Bijol,si SVN,DF,Leeds United,eng Premier League,27.0,1999.0,17,13,1218,13.5,1,1,2,1,0,0,3,0,0.15,300,si SVN,DF,eng Premier League,27-040,1999.0,13.5,1,12,6,50.0,0.89,0.44,0.08,0.17,0,0,379,si SVN,DF,eng Premier League,27-040,1999.0,17,1218,72,45.1,13.5,13,86.0,10,4,25.0,9,1.0,19,21,-2,-0.15,0.4,300,si SVN,DF,eng Premier League,27-040,1999.0,13.5,3,0,0,15,7,0,1,16,11,0
Yves Bissouma,ml MLI,MF,Tottenham Hotspur,eng Premier League,29.0,1996.0,8,5,462,5.1,0,0,0,0,0,0,3,0,0.0,304,ml MLI,MF,eng Premier League,29-199,1996.0,5.1,0,5,2,40.0,0.97,0.39,0.0,0.0,0,0,384,ml MLI,MF,eng Premier League,29-199,1996.0,8,462,58,17.1,5.1,5,72.0,1,3,35.0,0,0.25,5,15,-10,-1.95,-2.07,304,ml MLI,MF,eng Premier League,29-199,1996.0,5.1,3,0,0,4,5,0,1,8,11,0
Oscar Bobb,no NOR,MF,Fulham,eng Premier League,22.0,2003.0,6,2,236,2.6,0,0,0,0,0,0,0,0,0.0,314,no NOR,MF,eng Premier League,22-248,2003.0,2.6,0,2,0,0.0,0.76,0.0,0.0,,0,0,398,no NOR,MF,eng Premier League,22-248,2003.0,6,236,39,8.7,2.6,2,66.0,0,4,26.0,0,1.17,5,3,2,0.76,0.95,314,no NOR,MF,eng Premier League,22-248,2003.0,2.6,0,0,0,3,1,0,3,4,2,0
Sebastiaan Bornauw,be BEL,DF,Leeds United,eng Premier League,26.0,1999.0,9,4,304,3.4,0,0,0,0,0,0,1,0,0.0,335,be BEL,DF,eng Premier League,26-360,1999.0,3.4,0,0,0,,0.0,0.0,,,0,0,425,be BEL,DF,eng Premier League,26-360,1999.0,9,304,34,11.3,3.4,4,75.0,0,5,1.0,13,1.56,3,4,-1,-0.3,0.08,335,be BEL,DF,eng Premier League,26-360,1999.0,3.4,1,0,0,5,0,0,1,5,2,0
Olivier Boscagli,fr FRA,DF,Brighton,eng Premier League,28.0,1997.0,8,5,442,4.9,0,1,1,0,0,0,2,0,0.2,337,fr FRA,DF,eng Premier League,28-119,1997.0,4.9,0,1,0,0.0,0.2,0.0,0.0,,0,0,427,fr FRA,DF,eng Premier League,28-119,1997.0,8,442,55,16.4,4.9,5,80.0,3,3,13.0,22,0.75,3,5,-2,-0.41,-0.61,337,fr FRA,DF,eng Premier League,28-119,1997.0,4.9,2,0,0,7,5,0,11,7,5,0
Sven Botman,nl NED,DF,Newcastle United,eng Premier League,26.0,2000.0,17,13,1152,12.8,1,1,2,1,0,0,1,0,0.16,339,nl NED,DF,eng Premier League,26-064,2000.0,12.8,1,8,4,50.0,0.62,0.31,0.13,0.25,0,0,430,nl NED,DF,eng Premier League,26-064,2000.0,17,1152,68,42.7,12.8,13,84.0,10,4,15.0,5,1.59,15,17,-2,-0.16,-0.27,339,nl NED,DF,eng Premier League,26-064,2000.0,12.8,1,0,0,8,8,0,2,8,9,1
Conor Bradley,nir NIR,DF,Liverpool,eng Premier League,22.0,2003.0,15,12,929,10.3,0,1,1,0,0,0,5,0,0.1,353,nir NIR,DF,eng Premier League,22-251,2003.0,10.3,0,6,0,0.0,0.58,0.0,0.0,,0,0,448,nir NIR,DF,eng Premier League,22-251,2003.0,15,929,62,34.4,10.3,12,70.0,3,3,29.0,1,1.47,11,13,-2,-0.19,-0.75,353,nir NIR,DF,eng Premier League,22-251,2003.0,10.3,5,0,0,18,20,1,23,12,15,0
Jarrad Branthwaite,eng ENG,DF,Everton,eng Premier League,23.0,2002.0,7,5,491,5.5,1,0,1,1,0,0,1,0,0.18,356,eng ENG,DF,eng Premier League,23-263,2002.0,5.5,1,5,2,40.0,0.92,0.37,0.2,0.5,0,0,451,eng ENG,DF,eng Premier League,23-263,2002.0,7,491,70,18.2,5.5,5,88.0,3,2,26.0,0,1.57,7,6,1,0.18,0.26,356,eng ENG,DF,eng Premier League,23-263,2002.0,5.5,1,0,0,3,1,0,3,8,5,0
Brian Brobbey,nl NED,FW,Sunderland,eng Premier League,24.0,2002.0,23,14,1279,14.2,5,1,6,5,0,0,3,0,0.42,365,nl NED,FW,eng Premier League,24-044,2002.0,14.2,5,21,10,47.6,1.48,0.7,0.24,0.5,0,0,464,nl NED,FW,eng Premier League,24-044,2002.0,23,1279,56,47.4,14.2,14,77.0,4,9,22.0,2,1.13,12,18,-6,-0.42,-0.49,365,nl NED,FW,eng Premier League,24-044,2002.0,14.2,3,0,0,16,25,8,1,0,1,0
Armando Broja,al ALB,FW,Burnley,eng Premier League,24.0,2001.0,20,8,819,9.1,1,1,2,1,0,0,0,0,0.22,367,al ALB,FW,eng Premier League,24-188,2001.0,9.1,1,16,6,37.5,1.76,0.66,0.06,0.17,0,0,467,al ALB,FW,eng Premier League,24-188,2001.0,20,819,41,30.3,9.1,8,79.0,2,12,16.0,3,0.3,11,25,-14,-1.54,-0.96,367,al ALB,FW,eng Premier League,24-188,2001.0,9.1,0,0,0,12,14,5,2,3,3,0
David Brooks,wls WAL,MF,Bournemouth,eng Premier League,28.0,1997.0,24,12,1033,11.5,1,2,3,1,0,0,7,0,0.26,368,wls WAL,MF,eng Premier League,28-252,1997.0,11.5,1,42,12,28.6,3.66,1.05,0.02,0.08,0,0,468,wls WAL,MF,eng Premier League,28-252,1997.0,24,1033,43,38.3,11.5,12,67.0,0,12,19.0,1,1.33,16,18,-2,-0.17,-0.17,368,wls WAL,MF,eng Premier League,28-252,1997.0,11.5,7,0,0,11,12,2,52,3,9,0
Emi Buendía,ar ARG,MF,Aston Villa,eng Premier League,29.0,1996.0,28,18,1437,16.0,5,2,7,5,0,0,6,0,0.44,375,ar ARG,MF,eng Premier League,29-082,1996.0,16.0,5,40,9,22.5,2.51,0.56,0.13,0.56,0,0,475,ar ARG,MF,eng Premier League,29-082,1996.0,28,1437,51,53.2,16.0,18,65.0,2,10,26.0,1,1.79,14,19,-5,-0.31,-0.88,375,ar ARG,MF,eng Premier League,29-082,1996.0,16.0,6,0,0,34,32,1,7,8,19,0
Santiago Bueno,uy URU,DF,Wolves,eng Premier League,27.0,1998.0,22,21,1923,21.4,2,1,3,2,0,0,4,0,0.14,378,uy URU,DF,eng Premier League,27-128,1998.0,21.4,2,6,5,83.3,0.28,0.23,0.33,0.4,0,0,478,uy URU,DF,eng Premier League,27-128,1998.0,22,1923,87,68.9,21.4,21,90.0,20,1,35.0,8,0.73,20,33,-13,-0.61,1.16,378,uy URU,DF,eng Premier League,27-128,1998.0,21.4,4,0,0,21,9,1,5,20,22,0
Facundo Buonanotte,ar ARG,MF,Leeds United,eng Premier League,21.0,2004.0,2,0,26,0.3,0,0,0,0,0,0,1,0,0.0,383,ar ARG,MF,eng Premier League,21-084,2004.0,0.3,0,1,0,0.0,3.46,0.0,0.0,,0,0,484,ar ARG,MF,eng Premier League,21-084,2004.0,2,26,13,1.0,0.3,0,,0,2,13.0,2,0.5,0,1,-1,-3.46,-3.12,383,ar ARG,MF,eng Premier League,21-084,2004.0,0.3,1,0,0,1,0,0,0,1,0,0
Facundo Buonanotte,ar ARG,MF,Chelsea,eng Premier League,21.0,2004.0,1,1,45,0.5,0,0,0,0,0,0,0,0,0.0,384,ar ARG,MF,eng Premier League,21-084,2004.0,0.5,0,0,0,,0.0,0.0,,,0,0,485,ar ARG,MF,eng Premier League,21-084,2004.0,1,45,45,1.7,0.5,1,45.0,0,0,,4,1.0,0,1,-1,-2.0,-2.64,384,ar ARG,MF,eng Premier League,21-084,2004.0,0.5,0,0,0,0,0,0,0,0,0,0
Dan Burn,eng ENG,DF,Newcastle United,eng Premier League,33.0,1992.0,22,20,1723,19.1,0,2,2,0,0,0,9,1,0.1,392,eng ENG,DF,eng Premier League,33-312,1992.0,19.1,0,4,0,0.0,0.21,0.0,0.0,,0,0,493,eng ENG,DF,eng Premier League,33-312,1992.0,22,1723,78,63.8,19.1,20,85.0,17,2,9.0,1,1.27,27,26,1,0.05,0.14,392,eng ENG,DF,eng Premier League,33-312,1992.0,19.1,9,1,1,33,9,1,11,16,21,0
Bradley Burrowes,eng ENG,MF,Aston Villa,eng Premier League,18.0,2008.0,1,0,17,0.2,0,0,0,0,0,0,0,0,0.0,393,eng ENG,MF,eng Premier League,18-013,2008.0,0.2,0,0,0,,0.0,0.0,,,0,0,494,eng ENG,MF,eng Premier League,18-013,2008.0,1,17,17,0.6,0.2,0,,0,1,17.0,2,0.0,0,1,-1,-5.29,-5.43,393,eng ENG,MF,eng Premier League,18-013,2008.0,0.2,0,0,0,0,1,0,3,0,0,0
Jun'ai Byfield,eng ENG,DF,Tottenham Hotspur,eng Premier League,17.0,2008.0,1,0,1,0.0,0,0,0,0,0,0,0,0,0.0,397,eng ENG,DF,eng Premier League,17-101,2008.0,0.0,0,0,0,,0.0,0.0,,,0,0,498,eng ENG,DF,eng Premier League,17-101,2008.0,1,1,1,0.0,0.0,0,,0,1,1.0,5,1.0,0,0,0,0.0,0.23,397,eng ENG,DF,eng Premier League,17-101,2008.0,0.0,0,0,0,0,0,0,0,0,0,0
Moisés Caicedo,ec ECU,MF,Chelsea,eng Premier League,24.0,2001.0,25,24,2104,23.4,3,1,4,3,0,0,9,1,0.17,407,ec ECU,MF,eng Premier League,24-135,2001.0,23.4,3,20,7,35.0,0.86,0.3,0.15,0.43,0,0,509,ec ECU,MF,eng Premier League,24-135,2001.0,25,2104,84,77.9,23.4,24,86.0,21,1,45.0,1,1.6,46,29,17,0.73,0.58,407,ec ECU,MF,eng Premier League,24-135,2001.0,23.4,9,1,0,40,38,0,8,51,43,0
Tom Cairney,sct SCO,MF,Fulham,eng Premier League,35.0,1991.0,20,4,562,6.2,1,0,1,1,0,0,3,0,0.16,408,sct SCO,MF,eng Premier League,35-056,1991.0,6.2,1,12,1,8.3,1.92,0.16,0.08,1.0,0,0,510,sct SCO,MF,eng Premier League,35-056,1991.0,20,562,28,20.8,6.2,4,67.0,0,16,18.0,8,1.55,12,9,3,0.48,0.73,408,sct SCO,MF,eng Premier League,35-056,1991.0,6.2,3,0,0,8,9,0,6,2,3,0
Riccardo Calafiori,it ITA,DF,Arsenal,eng Premier League,23.0,2002.0,22,18,1448,16.1,1,2,3,1,0,0,5,0,0.19,410,it ITA,DF,eng Premier League,23-302,2002.0,16.1,1,28,6,21.4,1.74,0.37,0.04,0.17,0,0,512,it ITA,DF,eng Premier League,23-302,2002.0,22,1448,66,51.9,16.1,18,77.0,6,4,14.0,2,2.27,27,8,19,1.18,-0.16,410,it ITA,DF,eng Premier League,23-302,2002.0,16.1,5,0,0,25,9,2,21,13,18,0
Dominic Calvert-Lewin,eng ENG,FW,Leeds United,eng Premier League,29.0,1997.0,27,22,2025,22.5,10,1,11,8,2,3,1,0,0.4,415,eng ENG,FW,eng Premier League,29-001,1997.0,22.5,10,56,25,44.6,2.49,1.11,0.14,0.32,2,3,518,eng ENG,FW,eng Premier League,29-001,1997.0,27,2025,75,75.0,22.5,22,86.0,12,5,25.0,0,1.04,31,28,3,0.13,2.0,415,eng ENG,FW,eng Premier League,29-001,1997.0,22.5,1,0,0,32,30,22,7,2,4,0
Jaydee Canvot,fr FRA,DF,Crystal Palace,eng Premier League,19.0,2006.0,13,7,706,7.8,0,0,0,0,0,0,2,0,0.0,437,fr FRA,DF,eng Premier League,19-231,2006.0,7.8,0,3,0,0.0,0.38,0.0,0.0,,0,0,545,fr FRA,DF,eng Premier League,19-231,2006.0,13,706,54,26.1,7.8,7,85.0,5,6,19.0,13,1.69,6,9,-3,-0.38,-0.43,437,fr FRA,DF,eng Premier League,19-231,2006.0,7.8,2,0,0,9,3,0,3,6,13,0
Fabio Carvalho,pt POR,MF,Brentford,eng Premier League,23.0,2002.0,6,1,102,1.1,1,0,1,1,0,0,0,0,0.88,460,pt POR,MF,eng Premier League,23-199,2002.0,1.1,1,2,1,50.0,1.76,0.88,0.5,1.0,0,0,575,pt POR,MF,eng Premier League,23-199,2002.0,6,102,17,3.8,1.1,1,90.0,1,5,2.0,4,0.17,2,4,-2,-1.76,-1.97,460,pt POR,MF,eng Premier League,23-199,2002.0,1.1,0,0,0,0,0,0,5,0,2,0
Casemiro,br BRA,MF,Manchester Utd,eng Premier League,34.0,1992.0,28,27,2050,22.8,7,2,9,7,0,0,9,1,0.4,464,br BRA,MF,eng Premier League,34-022,1992.0,22.8,7,43,14,32.6,1.89,0.61,0.16,0.5,0,0,579,br BRA,MF,eng Premier League,34-022,1992.0,28,2050,73,75.9,22.8,27,76.0,9,1,11.0,0,1.93,43,22,21,0.92,2.03,464,br BRA,MF,eng Premier League,34-022,1992.0,22.8,9,1,1,39,27,3,15,21,34,0
Matty Cash,pl POL,DF,Aston Villa,eng Premier League,28.0,1997.0,27,27,2351,26.1,3,2,5,3,0,0,7,0,0.19,465,pl POL,DF,eng Premier League,28-222,1997.0,26.1,3,25,9,36.0,0.96,0.34,0.12,0.33,0,0,582,pl POL,DF,eng Premier League,28-222,1997.0,27,2351,87,87.1,26.1,27,87.0,21,0,,0,1.78,35,27,8,0.31,1.6,465,pl POL,DF,eng Premier League,28-222,1997.0,26.1,7,0,0,37,25,3,100,20,22,0
Valentín Castellanos,ar ARG,FW,West Ham United,eng Premier League,27.0,1998.0,10,10,815,9.1,2,0,2,2,0,0,2,0,0.22,470,ar ARG,FW,eng Premier League,27-165,1998.0,9.1,2,21,8,38.1,2.32,0.88,0.1,0.25,0,0,589,ar ARG,FW,eng Premier League,27-165,1998.0,10,815,82,30.2,9.1,10,82.0,3,0,,0,1.5,14,12,2,0.22,1.22,470,ar ARG,FW,eng Premier League,27-165,1998.0,9.1,2,0,0,19,9,5,4,1,5,0
Trevoh Chalobah,eng ENG,DF,Chelsea,eng Premier League,26.0,1999.0,29,29,2550,28.3,3,0,3,3,0,0,3,1,0.11,492,eng ENG,DF,eng Premier League,26-255,1999.0,28.3,3,14,5,35.7,0.49,0.18,0.21,0.6,0,0,617,eng ENG,DF,eng Premier League,26-255,1999.0,29,2550,88,94.4,28.3,29,88.0,27,0,,0,1.55,51,31,20,0.71,1.91,492,eng ENG,DF,eng Premier League,26-255,1999.0,28.3,3,1,0,20,18,2,5,35,22,0
Rayan Cherki,fr FRA,MF,Manchester City,eng Premier League,22.0,2003.0,25,14,1308,14.5,3,8,11,3,0,0,1,0,0.76,505,fr FRA,MF,eng Premier League,22-212,2003.0,14.5,3,33,8,24.2,2.27,0.55,0.09,0.38,0,0,637,fr FRA,MF,eng Premier League,22-212,2003.0,25,1308,52,48.4,14.5,14,76.0,3,11,22.0,1,2.04,28,14,14,0.96,-0.2,505,fr FRA,MF,eng Premier League,22-212,2003.0,14.5,1,0,0,14,30,1,58,7,15,0
Federico Chiesa,it ITA,MF,Liverpool,eng Premier League,28.0,1997.0,22,1,282,3.1,2,1,3,2,0,0,2,0,0.96,508,it ITA,MF,eng Premier League,28-143,1997.0,3.1,2,15,4,26.7,4.79,1.28,0.13,0.5,0,0,641,it ITA,MF,eng Premier League,28-143,1997.0,22,282,13,10.4,3.1,1,60.0,0,21,11.0,6,1.59,14,7,7,2.23,2.16,508,it ITA,MF,eng Premier League,28-143,1997.0,3.1,2,0,0,8,5,2,14,4,5,0
Tawanda Chirewa,zw ZIM,MF,Wolves,eng Premier League,22.0,2003.0,2,0,27,0.3,0,0,0,0,0,0,0,0,0.0,510,zw ZIM,MF,eng Premier League,22-157,2003.0,0.3,0,0,0,,0.0,0.0,,,0,0,643,zw ZIM,MF,eng Premier League,22-157,2003.0,2,27,14,1.0,0.3,0,,0,2,14.0,5,1.5,0,0,0,0.0,0.98,510,zw ZIM,MF,eng Premier League,22-157,2003.0,0.3,0,0,0,3,1,0,0,0,0,0
Ryan Christie,sct SCO,MF,Bournemouth,eng Premier League,31.0,1995.0,20,4,655,7.3,1,0,1,1,0,0,2,0,0.14,513,sct SCO,MF,eng Premier League,31-023,1995.0,7.3,1,18,5,27.8,2.47,0.69,0.06,0.2,0,0,648,sct SCO,MF,eng Premier League,31-023,1995.0,20,655,33,24.3,7.3,4,68.0,0,16,24.0,1,1.6,11,10,1,0.14,0.27,513,sct SCO,MF,eng Premier League,31-023,1995.0,7.3,2,0,0,13,16,1,14,5,13,0
Samuel Chukwueze,ng NGA,MF,Fulham,eng Premier League,26.0,1999.0,16,7,779,8.7,3,4,7,3,0,0,0,0,0.81,516,ng NGA,MF,eng Premier League,26-299,1999.0,8.7,3,18,6,33.3,2.08,0.69,0.17,0.5,0,0,651,ng NGA,MF,eng Premier League,26-299,1999.0,16,779,49,28.9,8.7,7,78.0,2,9,26.0,1,1.19,14,17,-3,-0.35,-0.35,516,ng NGA,MF,eng Premier League,26-299,1999.0,8.7,0,0,0,5,10,3,28,5,4,0
Dennis Cirkin,eng ENG,DF,Sunderland,eng Premier League,23.0,2002.0,7,3,304,3.4,0,0,0,0,0,0,1,0,0.0,519,eng ENG,DF,eng Premier League,23-345,2002.0,3.4,0,1,0,0.0,0.3,0.0,0.0,,0,0,657,eng ENG,DF,eng Premier League,23-345,2002.0,7,304,43,11.3,3.4,3,79.0,2,4,17.0,4,0.86,2,2,0,0.0,0.19,519,eng ENG,DF,eng Premier League,23-345,2002.0,3.4,1,0,0,3,2,0,3,5,5,0
Nathaniel Clyne,eng ENG,MF,Crystal Palace,eng Premier League,34.0,1991.0,8,6,495,5.5,0,1,1,0,0,0,1,0,0.18,525,eng ENG,MF,eng Premier League,34-346,1991.0,5.5,0,3,0,0.0,0.55,0.0,0.0,,0,0,664,eng ENG,MF,eng Premier League,34-346,1991.0,8,495,62,18.3,5.5,6,69.0,0,2,41.0,18,1.25,5,9,-4,-0.73,-0.81,525,eng ENG,MF,eng Premier League,34-346,1991.0,5.5,1,0,0,4,1,0,14,7,9,0
Séamus Coleman,ie IRL,DF,Everton,eng Premier League,37.0,1988.0,3,1,11,0.1,0,0,0,0,0,0,0,0,0.0,527,ie IRL,DF,eng Premier League,37-157,1988.0,0.1,0,0,0,,0.0,0.0,,,0,0,668,ie IRL,DF,eng Premier League,37-157,1988.0,3,11,4,0.4,0.1,1,9.0,0,2,1.0,14,3.0,0,0,0,0.0,0.03,527,ie IRL,DF,eng Premier League,37-157,1988.0,0.1,0,0,0,0,1,0,1,0,0,0
Nathan Collins,ie IRL,DF,Brentford,eng Premier League,24.0,2001.0,27,24,2255,25.1,1,2,3,1,0,0,5,0,0.12,529,ie IRL,DF,eng Premier League,24-321,2001.0,25.1,1,13,5,38.5,0.52,0.2,0.08,0.2,0,0,670,ie IRL,DF,eng Premier League,24-321,2001.0,27,2255,84,83.5,25.1,24,90.0,24,3,32.0,3,1.41,37,34,3,0.12,-0.08,529,ie IRL,DF,eng Premier League,24-321,2001.0,25.1,5,0,0,16,15,1,1,27,9,1
Diego Coppola,it ITA,DF,Brighton,eng Premier League,22.0,2003.0,5,2,194,2.2,0,0,0,0,0,0,2,0,0.0,543,it ITA,DF,eng Premier League,22-079,2003.0,2.2,0,0,0,,0.0,0.0,,,0,0,688,it ITA,DF,eng Premier League,22-079,2003.0,5,194,39,7.2,2.2,2,88.0,1,3,6.0,17,1.6,1,3,-2,-0.93,-1.11,543,it ITA,DF,eng Premier League,22-079,2003.0,2.2,2,0,0,4,0,0,0,1,2,0
Marc Cucurella,es ESP,DF,Chelsea,eng Premier League,27.0,1998.0,26,23,1987,22.1,1,3,4,1,0,0,5,1,0.18,578,es ESP,DF,eng Premier League,27-238,1998.0,22.1,1,15,4,26.7,0.68,0.18,0.07,0.25,0,0,729,es ESP,DF,eng Premier League,27-238,1998.0,26,1987,76,73.6,22.1,23,82.0,18,3,34.0,0,1.73,41,20,21,0.95,1.33,578,es ESP,DF,eng Premier League,27-238,1998.0,22.1,5,1,0,33,20,1,25,19,32,0
Jorge Cuenca,es ESP,DF,Fulham,eng Premier League,26.0,1999.0,14,11,933,10.4,0,0,0,0,0,0,5,0,0.0,579,es ESP,DF,eng Premier League,26-120,1999.0,10.4,0,1,0,0.0,0.1,0.0,0.0,,0,0,732,es ESP,DF,eng Premier League,26-120,1999.0,14,933,67,34.6,10.4,11,84.0,7,3,3.0,13,1.71,9,11,-2,-0.19,-0.14,579,es ESP,DF,eng Premier League,26-120,1999.0,10.4,5,0,0,9,1,1,2,15,10,0
Josh Cullen,ie IRL,MF,Burnley,eng Premier League,29.0,1996.0,18,18,1514,16.8,2,2,4,2,0,0,2,0,0.24,581,ie IRL,MF,eng Premier League,29-344,1996.0,16.8,2,11,6,54.5,0.65,0.36,0.18,0.33,0,0,734,ie IRL,MF,eng Premier League,29-344,1996.0,18,1514,84,56.1,16.8,18,84.0,12,0,,0,0.67,18,29,-11,-0.65,0.48,581,ie IRL,MF,eng Premier League,29-344,1996.0,16.8,2,0,0,16,18,0,12,24,19,1
Jair Cunha,br BRA,DF,Nottingham Forest,eng Premier League,21.0,2005.0,3,2,215,2.4,0,0,0,0,0,0,0,0,0.0,583,br BRA,DF,eng Premier League,21-010,2005.0,2.4,0,2,0,0.0,0.84,0.0,0.0,,0,0,736,br BRA,DF,eng Premier League,21-010,2005.0,3,215,72,8.0,2.4,2,90.0,2,1,35.0,14,0.33,2,4,-2,-0.84,-0.37,583,br BRA,DF,eng Premier League,21-010,2005.0,2.4,0,0,0,0,1,0,0,3,3,0
Mikkel Damsgaard,dk DEN,MF,Brentford,eng Premier League,25.0,2000.0,26,18,1575,17.5,3,4,7,3,0,0,0,0,0.4,595,dk DEN,MF,eng Premier League,25-257,2000.0,17.5,3,20,9,45.0,1.14,0.51,0.15,0.33,0,0,751,dk DEN,MF,eng Premier League,25-257,2000.0,26,1575,61,58.3,17.5,18,78.0,6,8,22.0,2,1.54,30,26,4,0.23,0.23,595,dk DEN,MF,eng Premier League,25-257,2000.0,17.5,0,0,0,15,18,3,83,18,25,0
Kevin Danso,at AUT,DF,Tottenham Hotspur,eng Premier League,27.0,1998.0,16,10,843,9.4,0,0,0,0,0,0,4,0,0.0,598,at AUT,DF,eng Premier League,27-179,1998.0,9.4,0,3,1,33.3,0.32,0.11,0.0,0.0,0,0,754,at AUT,DF,eng Premier League,27-179,1998.0,16,843,53,31.2,9.4,10,81.0,7,6,5.0,10,1.38,12,17,-5,-0.53,-0.44,598,at AUT,DF,eng Premier League,27-179,1998.0,9.4,4,0,0,11,8,0,5,8,8,0
Ben Davies,wls WAL,DF,Tottenham Hotspur,eng Premier League,32.0,1993.0,3,2,137,1.5,1,0,1,1,0,0,1,0,0.66,609,wls WAL,DF,eng Premier League,32-327,1993.0,1.5,1,2,2,100.0,1.31,1.31,0.5,0.5,0,0,766,wls WAL,DF,eng Premier League,32-327,1993.0,3,137,46,5.1,1.5,2,53.0,0,1,32.0,11,0.33,1,3,-2,-1.31,-1.14,609,wls WAL,DF,eng Premier League,32-327,1993.0,1.5,1,0,0,2,0,0,3,1,4,0
Liam Delap,eng ENG,FW,Chelsea,eng Premier League,23.0,2003.0,21,9,783,8.7,1,0,1,1,0,0,2,0,0.11,626,eng ENG,FW,eng Premier League,23-037,2003.0,8.7,1,31,11,35.5,3.56,1.26,0.03,0.09,0,0,787,eng ENG,FW,eng Premier League,23-037,2003.0,21,783,37,29.0,8.7,9,62.0,2,12,19.0,0,1.62,16,13,3,0.34,-0.36,626,eng ENG,FW,eng Premier League,23-037,2003.0,8.7,2,0,0,17,14,2,6,1,3,0
Sepp van den Berg,nl NED,DF,Brentford,eng Premier League,24.0,2001.0,25,24,2214,24.6,0,1,1,0,0,0,1,0,0.04,635,nl NED,DF,eng Premier League,24-087,2001.0,24.6,0,20,6,30.0,0.81,0.24,0.0,0.0,0,0,799,nl NED,DF,eng Premier League,24-087,2001.0,25,2214,89,82.0,24.6,24,90.0,24,1,54.0,4,1.4,35,36,-1,-0.04,-0.97,635,nl NED,DF,eng Premier League,24-087,2001.0,24.6,1,0,0,12,9,0,0,24,6,0
Kiernan Dewsbury-Hall,eng ENG,MF,Everton,eng Premier League,27.0,1998.0,23,22,1917,21.3,6,3,9,6,0,0,6,0,0.42,644,eng ENG,MF,eng Premier League,27-192,1998.0,21.3,6,29,10,34.5,1.36,0.47,0.21,0.6,0,0,809,eng ENG,MF,eng Premier League,27-192,1998.0,23,1917,83,71.0,21.3,22,85.0,14,1,45.0,0,1.39,25,25,0,0.0,0.11,644,eng ENG,MF,eng Premier League,27-192,1998.0,21.3,6,0,0,25,38,1,89,11,17,0
Bafodé Diakité,fr FRA,DF,Bournemouth,eng Premier League,25.0,2001.0,18,15,1277,14.2,0,0,0,0,0,0,1,0,0.0,651,fr FRA,DF,eng Premier League,25-070,2001.0,14.2,0,1,0,0.0,0.07,0.0,0.0,,0,0,819,fr FRA,DF,eng Premier League,25-070,2001.0,18,1277,71,47.3,14.2,15,84.0,13,3,6.0,11,1.28,21,27,-6,-0.42,-0.68,651,fr FRA,DF,eng Premier League,25-070,2001.0,14.2,1,0,0,8,4,2,1,10,15,0
Amad Diallo,ci CIV,MF,Manchester Utd,eng Premier League,23.0,2002.0,24,21,1828,20.3,2,2,4,2,0,0,2,0,0.2,652,ci CIV,MF,eng Premier League,23-249,2002.0,20.3,2,41,16,39.0,2.02,0.79,0.05,0.13,0,0,820,ci CIV,MF,eng Premier League,23-249,2002.0,24,1828,76,67.7,20.3,21,84.0,15,3,22.0,0,2.0,40,25,15,0.74,0.94,652,ci CIV,MF,eng Premier League,23-249,2002.0,20.3,2,0,0,18,33,11,40,12,18,0
Habib Diarra,sn SEN,MF,Sunderland,eng Premier League,22.0,2004.0,13,11,1014,11.3,2,0,2,1,1,1,4,0,0.09,658,sn SEN,MF,eng Premier League,22-073,2004.0,11.3,2,16,6,37.5,1.42,0.53,0.06,0.17,1,1,827,sn SEN,MF,eng Premier League,22-073,2004.0,13,1014,78,37.6,11.3,11,86.0,6,2,36.0,0,1.15,10,10,0,0.0,0.27,658,sn SEN,MF,eng Premier League,22-073,2004.0,11.3,4,0,0,13,17,1,17,3,3,0
Rúben Dias,pt POR,DF,Manchester City,eng Premier League,28.0,1997.0,25,23,2051,22.8,2,0,2,2,0,0,3,0,0.09,660,pt POR,DF,eng Premier League,28-307,1997.0,22.8,2,10,4,40.0,0.44,0.18,0.2,0.5,0,0,830,pt POR,DF,eng Premier League,28-307,1997.0,25,2051,82,76.0,22.8,23,88.0,21,2,18.0,1,2.2,53,20,33,1.45,1.59,660,pt POR,DF,eng Premier League,28-307,1997.0,22.8,3,0,0,14,9,0,9,22,6,0
Tyler Dibling,eng ENG,MF,Everton,eng Premier League,20.0,2006.0,14,4,358,4.0,0,0,0,0,0,0,2,0,0.0,669,eng ENG,MF,eng Premier League,20-005,2006.0,4.0,0,4,0,0.0,1.01,0.0,0.0,,0,0,841,eng ENG,MF,eng Premier League,20-005,2006.0,14,358,26,13.3,4.0,4,67.0,1,10,9.0,14,1.14,4,2,2,0.5,0.62,669,eng ENG,MF,eng Premier League,20-005,2006.0,4.0,2,0,0,11,11,0,7,6,3,0
Lucas Digne,fr FRA,DF,Aston Villa,eng Premier League,32.0,1993.0,25,17,1467,16.3,0,4,4,0,0,0,3,0,0.25,673,fr FRA,DF,eng Premier League,32-240,1993.0,16.3,0,10,5,50.0,0.61,0.31,0.0,0.0,0,0,845,fr FRA,DF,eng Premier League,32-240,1993.0,25,1467,59,54.3,16.3,17,79.0,7,8,16.0,5,1.76,21,17,4,0.25,0.32,673,fr FRA,DF,eng Premier League,32-240,1993.0,16.3,3,0,0,11,11,3,83,10,19,0
Issa Diop,fr FRA,DF,Fulham,eng Premier League,29.0,1997.0,10,6,596,6.6,0,0,0,0,0,0,2,0,0.0,682,fr FRA,DF,eng Premier League,29-067,1997.0,6.6,0,1,0,0.0,0.15,0.0,0.0,,0,0,855,fr FRA,DF,eng Premier League,29-067,1997.0,10,596,60,22.1,6.6,6,89.0,5,4,15.0,7,1.3,8,11,-3,-0.45,-0.45,682,fr FRA,DF,eng Premier League,29-067,1997.0,6.6,2,0,0,7,3,0,1,4,2,0
Axel Disasi,fr FRA,DF,West Ham United,eng Premier League,28.0,1998.0,6,6,540,6.0,0,0,0,0,0,0,0,0,0.0,690,fr FRA,DF,eng Premier League,28-006,1998.0,6.0,0,3,2,66.7,0.5,0.33,0.0,0.0,0,0,864,fr FRA,DF,eng Premier League,28-006,1998.0,6,540,90,20.0,6.0,6,90.0,6,0,,0,1.5,7,7,0,0.0,0.79,690,fr FRA,DF,eng Premier League,28-006,1998.0,6.0,0,0,0,4,3,0,0,4,2,1
Nicolás Domínguez,ar ARG,MF,Nottingham Forest,eng Premier League,27.0,1998.0,19,14,934,10.4,1,0,1,1,0,0,2,0,0.1,707,ar ARG,MF,eng Premier League,27-262,1998.0,10.4,1,16,5,31.3,1.54,0.48,0.06,0.2,0,0,883,ar ARG,MF,eng Premier League,27-262,1998.0,19,934,49,34.6,10.4,14,62.0,1,5,14.0,4,1.0,10,17,-7,-0.67,-0.27,707,ar ARG,MF,eng Premier League,27-262,1998.0,10.4,2,0,0,11,8,0,13,4,22,0
Romelle Donovan,eng ENG,FW,Brentford,eng Premier League,19.0,2006.0,4,0,41,0.5,0,0,0,0,0,0,0,0,0.0,711,eng ENG,FW,eng Premier League,19-107,2006.0,0.5,0,3,1,33.3,6.59,2.2,0.0,0.0,0,0,888,eng ENG,FW,eng Premier League,19-107,2006.0,4,41,10,1.5,0.5,0,,0,4,10.0,13,1.5,2,0,2,4.39,4.32,711,eng ENG,FW,eng Premier League,19-107,2006.0,0.5,0,0,0,2,3,0,2,0,0,0
Patrick Dorgu,dk DEN,MF,Manchester Utd,eng Premier League,21.0,2004.0,22,14,1335,14.8,3,3,6,3,0,0,5,0,0.4,712,dk DEN,MF,eng Premier League,21-142,2004.0,14.8,3,20,7,35.0,1.35,0.47,0.15,0.43,0,0,889,dk DEN,MF,eng Premier League,21-142,2004.0,22,1335,61,49.4,14.8,14,86.0,10,8,17.0,1,1.59,18,20,-2,-0.13,-1.12,712,dk DEN,MF,eng Premier League,21-142,2004.0,14.8,5,0,0,19,42,7,54,14,30,0
Max Dowman,eng ENG,MF,Arsenal,eng Premier League,16.0,2009.0,3,0,46,0.5,1,0,1,1,0,0,0,0,1.96,724,eng ENG,MF,eng Premier League,16-076,2009.0,0.5,1,5,1,20.0,9.78,1.96,0.2,1.0,0,0,905,eng ENG,MF,eng Premier League,16-076,2009.0,3,46,15,1.6,0.5,0,,0,3,15.0,7,2.0,3,0,3,5.87,4.69,724,eng ENG,MF,eng Premier League,16-076,2009.0,0.5,0,0,0,0,4,0,1,0,2,0
Radu Drăgușin,ro ROU,DF,Tottenham Hotspur,eng Premier League,24.0,2002.0,8,5,515,5.7,0,0,0,0,0,0,0,0,0.0,726,ro ROU,DF,eng Premier League,24-042,2002.0,5.7,0,4,0,0.0,0.7,0.0,0.0,,0,0,907,ro ROU,DF,eng Premier League,24-042,2002.0,8,515,64,19.1,5.7,5,90.0,4,3,22.0,5,0.75,6,13,-7,-1.22,-1.22,726,ro ROU,DF,eng Premier League,24-042,2002.0,5.7,0,0,0,9,1,0,3,15,3,0
Joél Drakes-Thomas,eng ENG,MF,Crystal Palace,eng Premier League,16.0,2009.0,2,0,9,0.1,0,0,0,0,0,0,0,0,0.0,727,eng ENG,MF,eng Premier League,16-281,2009.0,0.1,0,0,0,,0.0,0.0,,,0,0,908,eng ENG,MF,eng Premier League,16-281,2009.0,2,9,5,0.3,0.1,0,,0,2,5.0,4,0.0,1,1,0,0.0,0.07,727,eng ENG,MF,eng Premier League,16-281,2009.0,0.1,0,0,0,1,0,0,0,0,1,0
Lewis Dunk,eng ENG,DF,Brighton,eng Premier League,34.0,1991.0,28,27,2475,27.5,0,0,0,0,0,0,9,0,0.0,731,eng ENG,DF,eng Premier League,34-116,1991.0,27.5,0,19,2,10.5,0.69,0.07,0.0,0.0,0,0,915,eng ENG,DF,eng Premier League,34-116,1991.0,28,2475,88,91.7,27.5,27,90.0,27,1,45.0,0,1.39,39,34,5,0.18,0.98,731,eng ENG,DF,eng Premier League,34-116,1991.0,27.5,9,0,0,13,8,1,5,29,20,0
George Earthy,eng ENG,MF,West Ham United,eng Premier League,21.0,2004.0,1,0,9,0.1,0,0,0,0,0,0,0,0,0.0,740,eng ENG,MF,eng Premier League,21-193,2004.0,0.1,0,0,0,,0.0,0.0,,,0,0,928,eng ENG,MF,eng Premier League,21-193,2004.0,1,9,9,0.3,0.1,0,,0,1,9.0,5,0.0,0,1,-1,-10.0,-9.4,740,eng ENG,MF,eng Premier League,21-193,2004.0,0.1,0,0,0,0,0,0,0,0,0,0
Odsonne Édouard,fr FRA,FW,Crystal Palace,eng Premier League,28.0,1998.0,1,0,3,0.0,0,0,0,0,0,0,0,0,0.0,751,fr FRA,FW,eng Premier League,28-060,1998.0,0.0,0,0,0,,0.0,0.0,,,0,0,941,fr FRA,FW,eng Premier League,28-060,1998.0,1,3,3,0.1,0.0,0,,0,1,3.0,1,1.0,0,0,0,0.0,0.07,751,fr FRA,FW,eng Premier League,28-060,1998.0,0.0,0,0,0,0,1,0,0,0,1,0
Tom Edozie,eng ENG,MF,Wolves,eng Premier League,19.0,2006.0,1,0,7,0.1,1,0,1,1,0,0,0,0,12.86,753,eng ENG,MF,eng Premier League,19-303,2006.0,0.1,1,1,1,100.0,12.86,12.86,1.0,1.0,0,0,943,eng ENG,MF,eng Premier League,19-303,2006.0,1,7,7,0.3,0.1,0,,0,1,7.0,4,1.0,1,0,1,12.86,13.86,753,eng ENG,MF,eng Premier League,19-303,2006.0,0.1,0,0,0,0,0,0,0,0,0,0
Alysson Edward,br BRA,MF,Aston Villa,eng Premier League,19.0,2006.0,3,0,49,0.5,0,0,0,0,0,0,0,0,0.0,755,br BRA,MF,eng Premier League,19-316,2006.0,0.5,0,1,0,0.0,1.84,0.0,0.0,,0,0,945,br BRA,MF,eng Premier League,19-316,2006.0,3,49,16,1.8,0.5,0,,0,3,16.0,0,1.0,1,2,-1,-1.84,-1.97,755,br BRA,MF,eng Premier League,19-316,2006.0,0.5,0,0,0,0,1,0,2,1,0,0
Hjalmar Ekdal,se SWE,DF,Burnley,eng Premier League,27.0,1998.0,15,13,1179,13.1,0,0,0,0,0,0,0,0,0.0,762,se SWE,DF,eng Premier League,27-147,1998.0,13.1,0,5,1,20.0,0.38,0.08,0.0,0.0,0,0,953,se SWE,DF,eng Premier League,27-147,1998.0,15,1179,79,43.7,13.1,13,89.0,11,2,9.0,12,0.67,11,24,-13,-0.99,-0.22,762,se SWE,DF,eng Premier League,27-147,1998.0,13.1,0,0,0,5,3,2,1,9,13,0
Hugo Ekitike,fr FRA,FW,Liverpool,eng Premier League,23.0,2002.0,27,20,1796,20.0,11,4,15,11,0,0,0,0,0.75,764,fr FRA,FW,eng Premier League,23-270,2002.0,20.0,11,65,19,29.2,3.26,0.95,0.17,0.58,0,0,955,fr FRA,FW,eng Premier League,23-270,2002.0,27,1796,67,66.5,20.0,20,81.0,6,7,26.0,0,1.74,35,25,10,0.5,0.6,764,fr FRA,FW,eng Premier League,23-270,2002.0,20.0,0,0,0,35,12,10,7,4,7,0
Anthony Elanga,se SWE,FW,Newcastle United,eng Premier League,23.0,2002.0,26,12,1157,12.9,0,1,1,0,0,0,0,0,0.08,768,se SWE,FW,eng Premier League,23-324,2002.0,12.9,0,14,4,28.6,1.09,0.31,0.0,0.0,0,0,959,se SWE,FW,eng Premier League,23-324,2002.0,26,1157,45,42.9,12.9,12,72.0,2,14,21.0,0,1.27,19,25,-6,-0.47,-0.82,768,se SWE,FW,eng Premier League,23-324,2002.0,12.9,0,0,0,7,19,2,77,3,10,0
Harvey Elliott,eng ENG,MF,Aston Villa,eng Premier League,22.0,2003.0,4,1,112,1.2,0,0,0,0,0,0,0,0,0.0,774,eng ENG,MF,eng Premier League,22-347,2003.0,1.2,0,5,0,0.0,4.02,0.0,0.0,,0,0,965,eng ENG,MF,eng Premier League,22-347,2003.0,4,112,28,4.1,1.2,1,45.0,0,3,22.0,4,1.25,2,2,0,0.0,-0.1,774,eng ENG,MF,eng Premier League,22-347,2003.0,1.2,0,0,0,0,2,0,3,0,0,0
Wataru Endo,jp JPN,DF,Liverpool,eng Premier League,33.0,1993.0,8,1,175,1.9,0,1,1,0,0,0,1,0,0.51,783,jp JPN,DF,eng Premier League,33-036,1993.0,1.9,0,1,0,0.0,0.51,0.0,0.0,,0,0,976,jp JPN,DF,eng Premier League,33-036,1993.0,8,175,22,6.5,1.9,1,68.0,0,7,15.0,11,2.0,6,5,1,0.51,0.23,783,jp JPN,DF,eng Premier League,33-036,1993.0,1.9,1,0,0,2,3,0,3,0,3,0
Romain Esse,eng ENG,MF,Crystal Palace,eng Premier League,20.0,2005.0,4,0,44,0.5,0,0,0,0,0,0,0,0,0.0,794,eng ENG,MF,eng Premier League,20-308,2005.0,0.5,0,0,0,,0.0,0.0,,,0,0,990,eng ENG,MF,eng Premier League,20-308,2005.0,4,44,11,1.6,0.5,0,,0,4,11.0,11,0.5,0,0,0,0.0,0.07,794,eng ENG,MF,eng Premier League,20-308,2005.0,0.5,0,0,0,2,2,0,2,0,1,0
Maxime Estève,fr FRA,DF,Burnley,eng Premier League,23.0,2002.0,27,27,2311,25.7,0,0,0,0,0,0,0,0,0.0,797,fr FRA,DF,eng Premier League,23-295,2002.0,25.7,0,9,1,11.1,0.35,0.04,0.0,0.0,0,0,995,fr FRA,DF,eng Premier League,23-295,2002.0,27,2311,86,85.6,25.7,27,86.0,22,0,,0,0.67,29,54,-25,-0.97,-0.74,797,fr FRA,DF,eng Premier League,23-295,2002.0,25.7,0,0,0,9,12,0,5,32,22,2
Evanilson,br BRA,FW,Bournemouth,eng Premier League,26.0,1999.0,28,24,2104,23.4,6,0,6,6,0,0,1,0,0.26,803,br BRA,FW,eng Premier League,26-162,1999.0,23.4,6,59,22,37.3,2.52,0.94,0.1,0.27,0,0,1001,br BRA,FW,eng Premier League,26-162,1999.0,28,2104,75,77.9,23.4,24,82.0,7,4,36.0,0,1.32,30,33,-3,-0.13,-0.28,803,br BRA,FW,eng Premier League,26-162,1999.0,23.4,1,0,0,17,25,23,2,2,3,0
Eberechi Eze,eng ENG,MF,Crystal Palace,eng Premier League,27.0,1998.0,1,1,83,0.9,0,0,0,0,0,0,0,0,0.0,806,eng ENG,MF,eng Premier League,27-261,1998.0,0.9,0,6,2,33.3,6.51,2.17,0.0,0.0,0,0,1004,eng ENG,MF,eng Premier League,27-261,1998.0,1,83,83,3.1,0.9,1,83.0,0,0,,0,1.0,0,0,0,0.0,0.07,806,eng ENG,MF,eng Premier League,27-261,1998.0,0.9,0,0,0,2,1,0,4,0,1,0
Bruno Fernandes,pt POR,MF,Manchester Utd,eng Premier League,31.0,1994.0,27,27,2344,26.0,7,16,23,4,3,5,3,0,0.77,828,pt POR,MF,eng Premier League,31-190,1994.0,26.0,7,67,18,26.9,2.57,0.69,0.06,0.22,3,5,1034,pt POR,MF,eng Premier League,31-190,1994.0,27,2344,87,86.8,26.0,27,87.0,22,0,,0,1.81,51,37,14,0.54,0.79,828,pt POR,MF,eng Premier League,31-190,1994.0,26.0,3,0,0,20,32,4,121,15,28,0
Mateus Fernandes,pt POR,MF,West Ham United,eng Premier League,21.0,2004.0,28,27,2302,25.6,3,3,6,3,0,0,6,0,0.23,829,pt POR,MF,eng Premier League,21-250,2004.0,25.6,3,21,5,23.8,0.82,0.2,0.14,0.6,0,0,1035,pt POR,MF,eng Premier League,21-250,2004.0,28,2302,82,85.3,25.6,27,84.0,16,1,26.0,0,1.04,30,40,-10,-0.39,1.64,829,pt POR,MF,eng Premier League,21-250,2004.0,25.6,6,0,0,39,39,0,43,30,52,0
Enzo Fernández,ar ARG,MF,Chelsea,eng Premier League,25.0,2001.0,29,28,2488,27.6,8,3,11,6,2,2,8,0,0.33,832,ar ARG,MF,eng Premier League,25-059,2001.0,27.6,8,57,24,42.1,2.06,0.87,0.11,0.25,2,2,1042,ar ARG,MF,eng Premier League,25-059,2001.0,29,2488,86,92.1,27.6,28,88.0,22,1,37.0,0,1.55,48,32,16,0.58,-0.27,832,ar ARG,MF,eng Premier League,25-059,2001.0,27.6,8,0,0,30,38,1,59,16,23,0
Zian Flemming,nl NED,FW,Burnley,eng Premier League,27.0,1998.0,21,13,1099,12.2,7,0,7,5,2,2,3,0,0.41,847,nl NED,FW,eng Premier League,27-228,1998.0,12.2,7,34,14,41.2,2.78,1.15,0.15,0.36,2,2,1063,nl NED,FW,eng Premier League,27-228,1998.0,21,1099,52,40.7,12.2,13,77.0,3,8,13.0,3,0.81,17,19,-2,-0.16,1.19,847,nl NED,FW,eng Premier League,27-228,1998.0,12.2,3,0,0,29,17,2,3,4,5,0
Jack Fletcher,eng ENG,MF,Manchester Utd,eng Premier League,18.0,2007.0,3,0,108,1.2,0,0,0,0,0,0,0,0,0.0,848,eng ENG,MF,eng Premier League,18-363,2007.0,1.2,0,1,0,0.0,0.83,0.0,0.0,,0,0,1064,eng ENG,MF,eng Premier League,18-363,2007.0,3,108,36,4.0,1.2,0,,0,3,36.0,4,1.33,0,0,0,0.0,-0.45,848,eng ENG,MF,eng Premier League,18-363,2007.0,1.2,0,0,0,2,1,0,0,1,1,0
Tyler Fletcher,sct SCO,MF,Manchester Utd,eng Premier League,18.0,2007.0,1,0,1,0.0,0,0,0,0,0,0,0,0,0.0,849,sct SCO,MF,eng Premier League,18-363,2007.0,0.0,0,0,0,,0.0,0.0,,,0,0,1065,sct SCO,MF,eng Premier League,18-363,2007.0,1,1,1,0.0,0.0,0,,0,1,1.0,8,3.0,0,0,0,0.0,-0.43,849,sct SCO,MF,eng Premier League,18-363,2007.0,0.0,0,0,0,0,0,0,0,0,0,0
Phil Foden,eng ENG,MF,Manchester City,eng Premier League,25.0,2000.0,26,21,1811,20.1,7,3,10,7,0,0,4,0,0.5,851,eng ENG,MF,eng Premier League,25-293,2000.0,20.1,7,51,17,33.3,2.53,0.84,0.14,0.41,0,0,1067,eng ENG,MF,eng Premier League,25-293,2000.0,26,1811,70,67.1,20.1,21,83.0,12,5,14.0,2,2.0,45,16,29,1.44,1.14,851,eng ENG,MF,eng Premier League,25-293,2000.0,20.1,4,0,0,17,26,2,103,9,12,0
Wesley Fofana,fr FRA,DF,Chelsea,eng Premier League,25.0,2000.0,18,13,1186,13.2,0,1,1,0,0,0,5,1,0.08,856,fr FRA,DF,eng Premier League,25-090,2000.0,13.2,0,5,0,0.0,0.38,0.0,0.0,,0,0,1072,fr FRA,DF,eng Premier League,25-090,2000.0,18,1186,66,43.9,13.2,13,81.0,7,5,26.0,5,1.89,23,12,11,0.83,0.42,856,fr FRA,DF,eng Premier League,25-090,2000.0,13.2,5,1,1,18,12,1,2,25,10,0
Tyler Fredricson,eng ENG,DF,Manchester Utd,eng Premier League,21.0,2005.0,1,0,3,0.0,0,0,0,0,0,0,0,0,0.0,873,eng ENG,DF,eng Premier League,21-022,2005.0,0.0,0,0,0,,0.0,0.0,,,0,0,1097,eng ENG,DF,eng Premier League,21-022,2005.0,1,3,3,0.1,0.0,0,,0,1,3.0,9,3.0,0,0,0,0.0,-0.43,873,eng ENG,DF,eng Premier League,21-022,2005.0,0.0,0,0,0,0,0,0,0,0,0,0
Niclas Füllkrug,de GER,FW,West Ham United,eng Premier League,33.0,1993.0,8,5,409,4.5,0,0,0,0,0,0,0,0,0.0,884,de GER,FW,eng Premier League,33-036,1993.0,4.5,0,9,3,33.3,1.98,0.66,0.0,0.0,0,0,1111,de GER,FW,eng Premier League,33-036,1993.0,8,409,51,15.1,4.5,5,69.0,1,3,21.0,2,0.63,2,11,-9,-1.98,-1.59,884,de GER,FW,eng Premier League,33-036,1993.0,4.5,0,0,0,11,1,2,0,2,1,0
Conor Gallagher,eng ENG,MF,Tottenham Hotspur,eng Premier League,26.0,2000.0,8,7,578,6.4,0,1,1,0,0,0,0,0,0.16,894,eng ENG,MF,eng Premier League,26-039,2000.0,6.4,0,5,2,40.0,0.78,0.31,0.0,0.0,0,0,1127,eng ENG,MF,eng Premier League,26-039,2000.0,8,578,72,21.4,6.4,7,76.0,2,1,48.0,0,0.25,6,16,-10,-1.56,-1.68,894,eng ENG,MF,eng Premier League,26-039,2000.0,6.4,0,0,0,11,14,0,14,9,6,0
Idrissa Gana Gueye,sn SEN,MF,Everton,eng Premier League,36.0,1989.0,21,21,1755,19.5,2,1,3,2,0,0,1,1,0.15,897,sn SEN,MF,eng Premier League,36-172,1989.0,19.5,2,26,6,23.1,1.33,0.31,0.08,0.33,0,0,1130,sn SEN,MF,eng Premier League,36-172,1989.0,21,1755,84,65.0,19.5,21,84.0,14,0,,0,1.38,21,22,-1,-0.05,-0.05,897,sn SEN,MF,eng Premier League,36-172,1989.0,19.5,1,1,0,18,26,0,18,23,19,0
Ben Gannon-Doak,sct SCO,MF,Bournemouth,eng Premier League,20.0,2005.0,4,0,57,0.6,0,1,1,0,0,0,0,0,1.58,901,sct SCO,MF,eng Premier League,20-126,2005.0,0.6,0,1,0,0.0,1.58,0.0,0.0,,0,0,1134,sct SCO,MF,eng Premier League,20-126,2005.0,4,57,14,2.1,0.6,0,,0,4,14.0,7,1.25,4,1,3,4.74,4.91,901,sct SCO,MF,eng Premier League,20-126,2005.0,0.6,0,0,0,1,1,0,2,1,0,0
Andrés García,es ESP,DF,Aston Villa,eng Premier League,23.0,2003.0,4,0,40,0.4,0,0,0,0,0,0,0,0,0.0,905,es ESP,DF,eng Premier League,23-038,2003.0,0.4,0,0,0,,0.0,0.0,,,0,0,1138,es ESP,DF,eng Premier League,23-038,2003.0,4,40,10,1.5,0.4,0,,0,4,10.0,7,1.0,2,2,0,0.0,-0.1,905,es ESP,DF,eng Premier League,23-038,2003.0,0.4,0,0,0,0,0,0,4,0,1,0
Alejandro Garnacho,ar ARG,MF,Chelsea,eng Premier League,21.0,2004.0,19,14,1077,12.0,1,4,5,1,0,0,1,0,0.42,917,ar ARG,MF,eng Premier League,21-259,2004.0,12.0,1,28,7,25.0,2.34,0.58,0.04,0.14,0,0,1154,ar ARG,MF,eng Premier League,21-259,2004.0,19,1077,57,39.9,12.0,14,68.0,4,5,24.0,8,1.68,20,14,6,0.5,-0.16,917,ar ARG,MF,eng Premier League,21-259,2004.0,12.0,1,0,0,8,19,1,54,4,11,0
Tyrique George,eng ENG,FW,Chelsea,eng Premier League,20.0,2006.0,4,0,145,1.6,0,0,0,0,0,0,2,0,0.0,930,eng ENG,FW,eng Premier League,20-041,2006.0,1.6,0,3,2,66.7,1.86,1.24,0.0,0.0,0,0,1171,eng ENG,FW,eng Premier League,20-041,2006.0,4,145,36,5.4,1.6,0,,0,4,36.0,4,1.0,5,2,3,1.86,1.33,930,eng ENG,FW,eng Premier League,20-041,2006.0,1.6,2,0,0,6,1,2,1,0,2,0
Tyrique George,eng ENG,MF,Everton,eng Premier League,20.0,2006.0,5,1,106,1.2,0,0,0,0,0,0,0,0,0.0,931,eng ENG,MF,eng Premier League,20-041,2006.0,1.2,0,2,1,50.0,1.7,0.85,0.0,0.0,0,0,1172,eng ENG,MF,eng Premier League,20-041,2006.0,5,106,21,3.9,1.2,1,61.0,0,4,11.0,1,1.2,3,2,1,0.85,0.92,931,eng ENG,MF,eng Premier League,20-041,2006.0,1.2,0,0,0,2,0,0,2,1,0,0
Jamie Gittens,eng ENG,MF,Chelsea,eng Premier League,21.0,2004.0,16,5,495,5.5,0,2,2,0,0,0,0,0,0.36,951,eng ENG,MF,eng Premier League,21-221,2004.0,5.5,0,10,2,20.0,1.82,0.36,0.0,0.0,0,0,1193,eng ENG,MF,eng Premier League,21-221,2004.0,16,495,31,18.3,5.5,5,57.0,1,11,19.0,6,2.06,7,7,0,0.0,-0.73,951,eng ENG,MF,eng Premier League,21-221,2004.0,5.5,0,0,0,6,8,2,13,2,4,0
Wilfried Gnonto,it ITA,FW,Leeds United,eng Premier League,22.0,2003.0,16,4,387,4.3,0,1,1,0,0,0,3,0,0.23,954,it ITA,FW,eng Premier League,22-132,2003.0,4.3,0,8,0,0.0,1.86,0.0,0.0,,0,0,1197,it ITA,FW,eng Premier League,22-132,2003.0,16,387,24,14.3,4.3,4,59.0,0,12,13.0,7,0.88,6,11,-5,-1.16,-0.93,954,it ITA,FW,eng Premier League,22-132,2003.0,4.3,3,0,0,7,8,0,15,3,10,0
João Gomes,br BRA,MF,Wolves,eng Premier League,25.0,2001.0,29,26,2297,25.5,1,1,2,1,0,0,9,0,0.08,964,br BRA,MF,eng Premier League,25-033,2001.0,25.5,1,16,6,37.5,0.63,0.24,0.06,0.17,0,0,1209,br BRA,MF,eng Premier League,25-033,2001.0,29,2297,79,82.3,25.5,26,86.0,19,3,24.0,1,0.55,19,43,-24,-0.94,0.15,964,br BRA,MF,eng Premier League,25-033,2001.0,25.5,9,0,0,56,39,0,25,31,57,0
Toti Gomes,pt POR,DF,Wolves,eng Premier League,27.0,1999.0,14,13,1039,11.5,0,0,0,0,0,0,2,1,0.0,966,pt POR,DF,eng Premier League,27-060,1999.0,11.5,0,4,1,25.0,0.35,0.09,0.0,0.0,0,0,1211,pt POR,DF,eng Premier League,27-060,1999.0,14,1039,74,37.2,11.5,13,80.0,8,1,1.0,5,0.29,6,25,-19,-1.65,-1.08,966,pt POR,DF,eng Premier League,27-060,1999.0,11.5,2,1,0,9,8,0,10,9,7,0
Joe Gomez,eng ENG,DF,Liverpool,eng Premier League,28.0,1997.0,16,6,500,5.6,0,2,2,0,0,0,2,0,0.36,968,eng ENG,DF,eng Premier League,28-298,1997.0,5.6,0,3,1,33.3,0.54,0.18,0.0,0.0,0,0,1214,eng ENG,DF,eng Premier League,28-298,1997.0,16,500,31,18.5,5.6,6,63.0,2,10,12.0,9,1.63,15,12,3,0.54,0.29,968,eng ENG,DF,eng Premier League,28-298,1997.0,5.6,2,0,0,9,0,0,15,8,3,0
Nicolás González,es ESP,MF,Manchester City,eng Premier League,24.0,2002.0,21,15,1376,15.3,1,0,1,1,0,0,6,0,0.07,975,es ESP,MF,eng Premier League,24-073,2002.0,15.3,1,12,2,16.7,0.78,0.13,0.08,0.5,0,0,1227,es ESP,MF,eng Premier League,24-073,2002.0,21,1376,66,51.0,15.3,15,80.0,9,6,28.0,6,2.19,37,13,24,1.57,1.03,975,es ESP,MF,eng Premier League,24-073,2002.0,15.3,6,0,0,28,17,0,2,22,26,0
Anthony Gordon,eng ENG,FW,Newcastle United,eng Premier League,25.0,2001.0,24,22,1637,18.2,5,2,7,2,3,3,3,1,0.22,980,eng ENG,FW,eng Premier League,25-021,2001.0,18.2,5,44,19,43.2,2.42,1.04,0.05,0.11,3,3,1233,eng ENG,FW,eng Premier League,25-021,2001.0,24,1637,68,60.6,18.2,22,73.0,4,2,13.0,0,1.42,22,27,-5,-0.27,-0.7,980,eng ENG,FW,eng Premier League,25-021,2001.0,18.2,3,1,0,13,37,5,68,3,12,0
Ryan Gravenberch,nl NED,MF,Liverpool,eng Premier League,23.0,2002.0,28,28,2428,27.0,4,3,7,4,0,0,5,0,0.26,996,nl NED,MF,eng Premier League,23-305,2002.0,27.0,4,31,9,29.0,1.15,0.33,0.13,0.44,0,0,1252,nl NED,MF,eng Premier League,23-305,2002.0,28,2428,87,89.9,27.0,28,87.0,24,0,,0,1.64,41,32,9,0.33,0.33,996,nl NED,MF,eng Premier League,23-305,2002.0,27.0,5,0,0,29,34,0,6,38,29,0
Jack Grealish,eng ENG,MF,Everton,eng Premier League,30.0,1995.0,20,18,1627,18.1,2,6,8,2,0,0,5,1,0.44,998,eng ENG,MF,eng Premier League,30-188,1995.0,18.1,2,26,8,30.8,1.44,0.44,0.08,0.25,0,0,1256,eng ENG,MF,eng Premier League,30-188,1995.0,20,1627,81,60.3,18.1,18,88.0,11,2,20.0,0,1.55,23,23,0,0.0,0.08,998,eng ENG,MF,eng Premier League,30-188,1995.0,18.1,5,1,1,13,58,0,39,11,15,0
Pascal Groß,de GER,MF,Brighton,eng Premier League,34.0,1991.0,11,10,916,10.2,1,1,2,1,0,0,2,0,0.2,1006,de GER,MF,eng Premier League,34-275,1991.0,10.2,1,11,4,36.4,1.08,0.39,0.09,0.25,0,0,1264,de GER,MF,eng Premier League,34-275,1991.0,11,916,83,33.9,10.2,10,90.0,8,1,20.0,0,1.36,9,7,2,0.2,0.15,1006,de GER,MF,eng Premier League,34-275,1991.0,10.2,2,0,0,9,10,4,67,8,11,0
Brajan Gruda,de GER,MF,Brighton,eng Premier League,21.0,2004.0,18,8,719,8.0,1,1,2,1,0,0,2,0,0.25,1008,de GER,MF,eng Premier League,21-290,2004.0,8.0,1,16,6,37.5,2.0,0.75,0.06,0.17,0,0,1266,de GER,MF,eng Premier League,21-290,2004.0,18,719,40,26.6,8.0,8,69.0,0,10,17.0,1,1.28,14,11,3,0.38,0.38,1008,de GER,MF,eng Premier League,21-290,2004.0,8.0,2,0,0,11,14,2,14,2,5,0
Ilia Gruev,bg BUL,MF,Leeds United,eng Premier League,25.0,2000.0,21,15,1293,14.4,0,3,3,0,0,0,3,0,0.21,1009,bg BUL,MF,eng Premier League,25-315,2000.0,14.4,0,6,1,16.7,0.42,0.07,0.0,0.0,0,0,1267,bg BUL,MF,eng Premier League,25-315,2000.0,21,1293,62,47.9,14.4,15,79.0,6,6,18.0,9,1.38,16,22,-6,-0.42,-0.1,1009,bg BUL,MF,eng Premier League,25-315,2000.0,14.4,3,0,0,16,9,0,16,14,13,0
Marc Guéhi,eng ENG,DF,Crystal Palace,eng Premier League,25.0,2000.0,20,20,1800,20.0,2,2,4,2,0,0,4,0,0.2,1015,eng ENG,DF,eng Premier League,25-247,2000.0,20.0,2,15,4,26.7,0.75,0.2,0.13,0.5,0,0,1274,eng ENG,DF,eng Premier League,25-247,2000.0,20,1800,90,66.7,20.0,20,90.0,20,0,,0,1.35,22,23,-1,-0.05,0.05,1015,eng ENG,DF,eng Premier League,25-247,2000.0,20.0,4,0,0,14,18,0,10,24,19,0
Marc Guéhi,eng ENG,DF,Manchester City,eng Premier League,25.0,2000.0,8,8,720,8.0,0,0,0,0,0,0,1,0,0.0,1016,eng ENG,DF,eng Premier League,25-247,2000.0,8.0,0,12,3,25.0,1.5,0.37,0.0,0.0,0,0,1275,eng ENG,DF,eng Premier League,25-247,2000.0,8,720,90,26.7,8.0,8,90.0,8,0,,0,2.25,15,7,8,1.0,-0.09,1016,eng ENG,DF,eng Premier League,25-247,2000.0,8.0,1,0,0,4,7,0,3,14,6,0
Evann Guessand,ci CIV,MF,Crystal Palace,eng Premier League,24.0,2001.0,6,3,300,3.3,1,1,2,1,0,0,0,0,0.6,1022,ci CIV,MF,eng Premier League,24-259,2001.0,3.3,1,3,1,33.3,0.9,0.3,0.33,1.0,0,0,1281,ci CIV,MF,eng Premier League,24-259,2001.0,6,300,50,11.1,3.3,3,71.0,1,3,29.0,0,1.67,7,5,2,0.6,0.75,1022,ci CIV,MF,eng Premier League,24-259,2001.0,3.3,0,0,0,4,8,0,1,2,2,0
Evann Guessand,ci CIV,MF,Aston Villa,eng Premier League,24.0,2001.0,13,6,588,6.5,0,1,1,0,0,0,0,0,0.15,1023,ci CIV,MF,eng Premier League,24-259,2001.0,6.5,0,8,5,62.5,1.22,0.77,0.0,0.0,0,0,1282,ci CIV,MF,eng Premier League,24-259,2001.0,13,588,45,21.8,6.5,6,67.0,0,7,27.0,5,1.77,9,10,-1,-0.15,-0.32,1023,ci CIV,MF,eng Premier League,24-259,2001.0,6.5,0,0,0,11,12,0,10,3,9,0
Luis Guilherme,br BRA,FW,West Ham United,eng Premier League,20.0,2006.0,5,1,125,1.4,0,0,0,0,0,0,0,0,0.0,1030,br BRA,FW,eng Premier League,20-036,2006.0,1.4,0,1,0,0.0,0.72,0.0,0.0,,0,0,1291,br BRA,FW,eng Premier League,20-036,2006.0,5,125,25,4.6,1.4,1,45.0,0,4,20.0,3,0.4,2,2,0,0.0,0.66,1030,br BRA,FW,eng Premier League,20-036,2006.0,1.4,0,0,0,0,0,0,0,0,1,0
Bruno Guimarães,br BRA,MF,Newcastle United,eng Premier League,28.0,1997.0,23,22,2017,22.4,9,4,13,7,2,2,5,0,0.49,1031,br BRA,MF,eng Premier League,28-121,1997.0,22.4,9,32,17,53.1,1.43,0.76,0.22,0.41,2,2,1292,br BRA,MF,eng Premier League,28-121,1997.0,23,2017,88,74.7,22.4,22,90.0,18,1,45.0,1,1.52,36,30,6,0.27,1.06,1031,br BRA,MF,eng Premier League,28-121,1997.0,22.4,5,0,0,33,52,1,62,13,35,0
Marc Guiu,es ESP,FW,Sunderland,eng Premier League,20.0,2006.0,2,0,15,0.2,0,0,0,0,0,0,0,0,0.0,1035,es ESP,FW,eng Premier League,20-072,2006.0,0.2,0,1,0,0.0,6.0,0.0,0.0,,0,0,1296,es ESP,FW,eng Premier League,20-072,2006.0,2,15,8,0.6,0.2,0,,0,2,8.0,1,1.5,1,1,0,0.0,0.17,1035,es ESP,FW,eng Premier League,20-072,2006.0,0.2,0,0,0,0,0,0,0,0,0,0
Marc Guiu,es ESP,FW,Chelsea,eng Premier League,20.0,2006.0,7,1,238,2.6,0,1,1,0,0,0,1,0,0.38,1036,es ESP,FW,eng Premier League,20-072,2006.0,2.6,0,11,2,18.2,4.16,0.76,0.0,0.0,0,0,1297,es ESP,FW,eng Premier League,20-072,2006.0,7,238,34,8.8,2.6,1,75.0,0,6,27.0,15,1.86,6,1,5,1.89,1.42,1036,es ESP,FW,eng Premier League,20-072,2006.0,2.6,1,0,0,9,2,0,0,0,0,0
Joško Gvardiol,hr CRO,DF,Manchester City,eng Premier League,24.0,2002.0,16,15,1302,14.5,2,2,4,2,0,0,2,0,0.28,1047,hr CRO,DF,eng Premier League,24-053,2002.0,14.5,2,16,5,31.3,1.11,0.35,0.13,0.4,0,0,1311,hr CRO,DF,eng Premier League,24-053,2002.0,16,1302,81,48.2,14.5,15,85.0,12,1,34.0,1,2.25,35,13,22,1.52,0.88,1047,hr CRO,DF,eng Premier League,24-053,2002.0,14.5,2,0,0,16,7,0,2,14,13,0
Viktor Gyökeres,se SWE,FW,Arsenal,eng Premier League,27.0,1998.0,29,23,1892,21.0,11,0,11,9,2,2,4,0,0.43,1048,se SWE,FW,eng Premier League,27-286,1998.0,21.0,11,43,17,39.5,2.05,0.81,0.21,0.53,2,2,1312,se SWE,FW,eng Premier League,27-286,1998.0,29,1892,65,67.8,21.0,23,75.0,8,6,28.0,0,2.28,46,11,35,1.66,1.26,1048,se SWE,FW,eng Premier League,27-286,1998.0,21.0,4,0,0,28,23,2,7,1,5,0
Erling Haaland,no NOR,FW,Manchester City,eng Premier League,25.0,2000.0,29,28,2413,26.8,22,7,29,19,3,4,1,0,0.97,1049,no NOR,FW,eng Premier League,25-239,2000.0,26.8,22,102,49,48.0,3.8,1.83,0.19,0.39,3,4,1313,no NOR,FW,eng Premier League,25-239,2000.0,29,2413,83,89.4,26.8,28,86.0,20,1,18.0,0,2.0,56,27,29,1.08,0.14,1049,no NOR,FW,eng Premier League,25-239,2000.0,26.8,1,0,0,19,23,3,3,3,6,0
Lewis Hall,eng ENG,DF,Newcastle United,eng Premier League,21.0,2004.0,23,18,1663,18.5,1,1,2,1,0,0,3,0,0.11,1055,eng ENG,DF,eng Premier League,21-190,2004.0,18.5,1,19,3,15.8,1.03,0.16,0.05,0.33,0,0,1320,eng ENG,DF,eng Premier League,21-190,2004.0,23,1663,72,61.6,18.5,18,88.0,14,5,18.0,3,1.39,27,30,-3,-0.16,-0.42,1055,eng ENG,DF,eng Premier League,21-190,2004.0,18.5,3,0,0,15,31,0,83,25,26,0
Jack Harrison,eng ENG,FW,Leeds United,eng Premier League,29.0,1996.0,11,1,269,3.0,0,0,0,0,0,0,0,0,0.0,1066,eng ENG,FW,eng Premier League,29-117,1996.0,3.0,0,6,2,33.3,2.01,0.67,0.0,0.0,0,0,1333,eng ENG,FW,eng Premier League,29-117,1996.0,11,269,24,10.0,3.0,1,65.0,0,10,20.0,9,1.09,1,5,-4,-1.34,-1.08,1066,eng ENG,FW,eng Premier League,29-117,1996.0,3.0,0,0,0,1,4,0,17,4,2,0
Quilindschy Hartman,nl NED,DF,Burnley,eng Premier League,24.0,2001.0,16,16,1410,15.7,0,4,4,0,0,0,1,0,0.26,1068,nl NED,DF,eng Premier League,24-123,2001.0,15.7,0,6,2,33.3,0.38,0.13,0.0,0.0,0,0,1335,nl NED,DF,eng Premier League,24-123,2001.0,16,1410,88,52.2,15.7,16,88.0,13,0,,7,0.69,16,28,-12,-0.77,0.21,1068,nl NED,DF,eng Premier League,24-123,2001.0,15.7,1,0,0,9,3,1,65,21,21,0
Jorrel Hato,nl NED,DF,Chelsea,eng Premier League,20.0,2006.0,15,5,557,6.2,0,0,0,0,0,0,4,0,0.0,1072,nl NED,DF,eng Premier League,20-010,2006.0,6.2,0,4,0,0.0,0.65,0.0,0.0,,0,0,1340,nl NED,DF,eng Premier League,20-010,2006.0,15,557,37,20.6,6.2,5,66.0,1,10,23.0,12,1.67,10,13,-3,-0.48,-1.37,1072,nl NED,DF,eng Premier League,20-010,2006.0,6.2,4,0,0,10,1,0,6,9,10,0
Ayden Heaven,eng ENG,DF,Manchester Utd,eng Premier League,19.0,2006.0,13,8,645,7.2,0,1,1,0,0,0,2,0,0.14,1075,eng ENG,DF,eng Premier League,19-176,2006.0,7.2,0,3,0,0.0,0.42,0.0,0.0,,0,0,1344,eng ENG,DF,eng Premier League,19-176,2006.0,13,645,50,23.9,7.2,8,76.0,4,5,8.0,17,1.85,14,12,2,0.28,-0.2,1075,eng ENG,DF,eng Premier League,19-176,2006.0,7.2,2,0,0,5,5,0,1,1,9,1
Jan Paul van Hecke,nl NED,DF,Brighton,eng Premier League,25.0,2000.0,28,28,2490,27.7,3,2,5,3,0,0,7,0,0.18,1076,nl NED,DF,eng Premier League,25-282,2000.0,27.7,3,18,8,44.4,0.65,0.29,0.17,0.38,0,0,1345,nl NED,DF,eng Premier League,25-282,2000.0,28,2490,89,92.2,27.7,28,89.0,27,0,,0,1.39,39,34,5,0.18,1.04,1076,nl NED,DF,eng Premier League,25-282,2000.0,27.7,7,0,0,22,33,3,18,31,23,1
George Hemmings,eng ENG,MF,Aston Villa,eng Premier League,19.0,2007.0,2,0,27,0.3,0,0,0,0,0,0,0,0,0.0,1081,eng ENG,MF,eng Premier League,19-013,2007.0,0.3,0,1,0,0.0,3.33,0.0,0.0,,0,0,1352,eng ENG,MF,eng Premier League,19-013,2007.0,2,27,14,1.0,0.3,0,,0,2,14.0,9,0.0,1,0,1,3.33,3.27,1081,eng ENG,MF,eng Premier League,19-013,2007.0,0.3,0,0,0,1,0,0,0,0,0,0
Jordan Henderson,eng ENG,MF,Brentford,eng Premier League,35.0,1990.0,28,20,1730,19.2,1,3,4,1,0,0,4,0,0.21,1083,eng ENG,MF,eng Premier League,35-273,1990.0,19.2,1,6,1,16.7,0.31,0.05,0.17,1.0,0,0,1354,eng ENG,MF,eng Premier League,35-273,1990.0,28,1730,62,64.1,19.2,20,79.0,9,8,18.0,1,1.5,27,26,1,0.05,-0.23,1083,eng ENG,MF,eng Premier League,35-273,1990.0,19.2,4,0,0,13,7,1,44,16,13,0
Rico Henry,jm JAM,DF,Brentford,eng Premier League,28.0,1997.0,25,14,1328,14.8,0,1,1,0,0,0,2,0,0.07,1087,jm JAM,DF,eng Premier League,28-252,1997.0,14.8,0,5,0,0.0,0.34,0.0,0.0,,0,0,1358,jm JAM,DF,eng Premier League,28-252,1997.0,25,1328,53,49.2,14.8,14,80.0,6,11,19.0,4,1.64,28,22,6,0.41,0.54,1087,jm JAM,DF,eng Premier League,28-252,1997.0,14.8,2,0,0,15,17,2,26,7,11,0
Aaron Hickey,sct SCO,DF,Brentford,eng Premier League,23.0,2002.0,18,7,599,6.7,0,0,0,0,0,0,1,0,0.0,1099,sct SCO,DF,eng Premier League,23-280,2002.0,6.7,0,5,1,20.0,0.75,0.15,0.0,0.0,0,0,1376,sct SCO,DF,eng Premier League,23-280,2002.0,18,599,33,22.2,6.7,7,69.0,1,11,10.0,5,1.5,8,8,0,0.0,-0.17,1099,sct SCO,DF,eng Premier League,23-280,2002.0,6.7,1,0,0,6,8,0,4,7,6,0
James Hill,eng ENG,DF,Bournemouth,eng Premier League,24.0,2002.0,21,14,1386,15.4,0,3,3,0,0,0,2,0,0.19,1104,eng ENG,DF,eng Premier League,24-066,2002.0,15.4,0,8,1,12.5,0.52,0.06,0.0,0.0,0,0,1381,eng ENG,DF,eng Premier League,24-066,2002.0,21,1386,66,51.3,15.4,14,88.0,12,7,23.0,5,1.67,20,16,4,0.26,0.67,1104,eng ENG,DF,eng Premier League,24-066,2002.0,15.4,2,0,0,11,10,1,9,27,12,0
Piero Hincapié,ec ECU,DF,Arsenal,eng Premier League,24.0,2002.0,21,17,1503,16.7,1,2,3,1,0,0,2,0,0.18,1106,ec ECU,DF,eng Premier League,24-067,2002.0,16.7,1,2,1,50.0,0.12,0.06,0.5,1.0,0,0,1383,ec ECU,DF,eng Premier League,24-067,2002.0,21,1503,72,53.9,16.7,17,84.0,12,4,17.0,2,2.33,37,16,21,1.26,0.0,1106,ec ECU,DF,eng Premier League,24-067,2002.0,16.7,2,0,0,16,12,0,28,20,21,1
Jack Hinshelwood,eng ENG,MF,Brighton,eng Premier League,20.0,2005.0,19,12,1094,12.2,1,2,3,1,0,0,0,0,0.25,1108,eng ENG,MF,eng Premier League,20-340,2005.0,12.2,1,22,7,31.8,1.81,0.58,0.05,0.14,0,0,1386,eng ENG,MF,eng Premier League,20-340,2005.0,19,1094,58,40.5,12.2,12,72.0,4,7,32.0,2,1.21,13,16,-3,-0.25,-0.58,1108,eng ENG,MF,eng Premier League,20-340,2005.0,12.2,0,0,0,25,6,2,4,5,10,1
Harry Howell,eng ENG,MF,Brighton,eng Premier League,17.0,2008.0,3,1,94,1.0,0,0,0,0,0,0,0,0,0.0,1122,eng ENG,MF,eng Premier League,17-169,2008.0,1.0,0,0,0,,0.0,0.0,,,0,0,1401,eng ENG,MF,eng Premier League,17-169,2008.0,3,94,31,3.5,1.0,1,70.0,0,2,12.0,4,0.0,0,2,-2,-1.91,-2.09,1122,eng ENG,MF,eng Premier League,17-169,2008.0,1.0,0,0,0,0,0,1,4,0,0,0
Callum Hudson-Odoi,eng ENG,MF,Nottingham Forest,eng Premier League,25.0,2000.0,28,19,1682,18.7,3,2,5,3,0,0,0,0,0.27,1126,eng ENG,MF,eng Premier League,25-130,2000.0,18.7,3,28,10,35.7,1.5,0.54,0.11,0.3,0,0,1405,eng ENG,MF,eng Premier League,25-130,2000.0,28,1682,60,62.3,18.7,19,74.0,3,9,31.0,0,0.93,18,25,-7,-0.37,0.33,1126,eng ENG,MF,eng Premier League,25-130,2000.0,18.7,0,0,0,11,11,2,86,8,6,0
Will Hughes,eng ENG,MF,Crystal Palace,eng Premier League,30.0,1995.0,27,15,1301,14.5,0,0,0,0,0,0,7,0,0.0,1127,eng ENG,MF,eng Premier League,30-334,1995.0,14.5,0,17,0,0.0,1.18,0.0,0.0,,0,0,1406,eng ENG,MF,eng Premier League,30-334,1995.0,27,1301,48,48.2,14.5,15,74.0,7,12,16.0,3,1.3,10,13,-3,-0.21,-0.27,1127,eng ENG,MF,eng Premier League,30-334,1995.0,14.5,7,0,0,20,19,0,38,11,15,0
Omari Hutchinson,eng ENG,MF,Nottingham Forest,eng Premier League,22.0,2003.0,23,11,1208,13.4,1,3,4,1,0,0,0,0,0.3,1132,eng ENG,MF,eng Premier League,22-138,2003.0,13.4,1,21,9,42.9,1.56,0.67,0.05,0.11,0,0,1412,eng ENG,MF,eng Premier League,22-138,2003.0,23,1208,53,44.7,13.4,11,80.0,8,12,27.0,5,0.96,12,17,-5,-0.37,0.23,1132,eng ENG,MF,eng Premier League,22-138,2003.0,13.4,0,0,0,17,16,6,113,7,8,0
Igor,br BRA,DF,West Ham United,eng Premier League,28.0,1998.0,4,1,105,1.2,0,0,0,0,0,0,0,0,0.0,1150,br BRA,DF,eng Premier League,28-038,1998.0,1.2,0,0,0,,0.0,0.0,,,0,0,1431,br BRA,DF,eng Premier League,28-038,1998.0,4,105,26,3.9,1.2,1,90.0,1,3,5.0,9,2.0,4,3,1,0.86,1.55,1150,br BRA,DF,eng Premier League,28-038,1998.0,1.2,0,0,0,1,0,0,0,1,0,0
Tim Iroegbunam,eng ENG,MF,Everton,eng Premier League,22.0,2003.0,22,13,1108,12.3,0,2,2,0,0,0,8,0,0.16,1162,eng ENG,MF,eng Premier League,22-260,2003.0,12.3,0,8,0,0.0,0.65,0.0,0.0,,0,0,1446,eng ENG,MF,eng Premier League,22-260,2003.0,22,1108,50,41.0,12.3,13,77.0,5,9,11.0,5,1.45,11,10,1,0.08,0.19,1162,eng ENG,MF,eng Premier League,22-260,2003.0,12.3,8,0,0,22,19,0,2,19,36,0
Andy Irving,sct SCO,MF,West Ham United,eng Premier League,25.0,2000.0,7,2,158,1.8,0,0,0,0,0,0,0,0,0.0,1164,sct SCO,MF,eng Premier League,25-308,2000.0,1.8,0,0,0,,0.0,0.0,,,0,0,1448,sct SCO,MF,eng Premier League,25-308,2000.0,7,158,23,5.9,1.8,2,62.0,0,5,7.0,8,0.71,3,4,-1,-0.57,0.07,1164,sct SCO,MF,eng Premier League,25-308,2000.0,1.8,0,0,0,1,0,0,12,1,4,0
Alexander Isak,se SWE,FW,Liverpool,eng Premier League,26.0,1999.0,10,6,504,5.6,2,1,3,2,0,0,0,0,0.54,1166,se SWE,FW,eng Premier League,26-177,1999.0,5.6,2,15,4,26.7,2.68,0.71,0.13,0.5,0,0,1450,se SWE,FW,eng Premier League,26-177,1999.0,10,504,50,18.7,5.6,6,74.0,0,4,15.0,1,1.4,4,7,-3,-0.54,-1.03,1166,se SWE,FW,eng Premier League,26-177,1999.0,5.6,0,0,0,5,0,0,2,0,5,0
Wilson Isidor,fr FRA,FW,Sunderland,eng Premier League,25.0,2000.0,26,11,1068,11.9,4,0,4,4,0,0,1,0,0.34,1169,fr FRA,FW,eng Premier League,25-202,2000.0,11.9,4,38,14,36.8,3.2,1.18,0.11,0.29,0,0,1453,fr FRA,FW,eng Premier League,25-202,2000.0,26,1068,41,39.6,11.9,11,71.0,0,15,19.0,2,1.38,14,15,-1,-0.08,0.14,1169,fr FRA,FW,eng Premier League,25-202,2000.0,11.9,1,0,0,13,4,10,0,0,6,0
Alex Iwobi,ng NGA,MF,Fulham,eng Premier League,29.0,1996.0,24,24,2041,22.7,4,3,7,4,0,0,2,0,0.31,1173,ng NGA,MF,eng Premier League,29-318,1996.0,22.7,4,27,11,40.7,1.19,0.49,0.15,0.36,0,0,1458,ng NGA,MF,eng Premier League,29-318,1996.0,24,2041,85,75.6,22.7,24,85.0,9,0,,0,1.25,30,36,-6,-0.26,-0.67,1173,ng NGA,MF,eng Premier League,29-318,1996.0,22.7,2,0,0,5,8,1,71,11,14,0
Daniel James,wls WAL,FW,Leeds United,eng Premier League,28.0,1997.0,14,4,408,4.5,0,0,0,0,0,0,0,0,0.0,1182,wls WAL,FW,eng Premier League,28-127,1997.0,4.5,0,10,2,20.0,2.21,0.44,0.0,0.0,0,0,1469,wls WAL,FW,eng Premier League,28-127,1997.0,14,408,29,15.1,4.5,4,62.0,0,10,16.0,3,0.79,0,13,-13,-2.87,-2.95,1182,wls WAL,FW,eng Premier League,28-127,1997.0,4.5,0,0,0,1,6,1,35,1,3,0
Vitaly Janelt,de GER,MF,Brentford,eng Premier League,27.0,1998.0,22,13,1261,14.0,1,4,5,1,0,0,7,0,0.36,1184,de GER,MF,eng Premier League,27-311,1998.0,14.0,1,12,3,25.0,0.86,0.21,0.08,0.33,0,0,1473,de GER,MF,eng Premier League,27-311,1998.0,22,1261,57,46.7,14.0,13,83.0,10,9,20.0,2,1.5,24,16,8,0.57,0.82,1184,de GER,MF,eng Premier League,27-311,1998.0,14.0,7,0,0,17,12,0,53,26,16,0
Mathias Jensen,dk DEN,MF,Brentford,eng Premier League,30.0,1996.0,28,18,1563,17.4,2,1,3,2,0,0,3,0,0.17,1195,dk DEN,MF,eng Premier League,30-075,1996.0,17.4,2,22,6,27.3,1.27,0.35,0.09,0.33,0,0,1486,dk DEN,MF,eng Premier League,30-075,1996.0,28,1563,56,57.9,17.4,18,80.0,7,10,13.0,2,1.61,27,23,4,0.23,0.23,1195,dk DEN,MF,eng Premier League,30-075,1996.0,17.4,3,0,0,15,7,2,90,11,19,0
Gabriel Jesus,br BRA,FW,Arsenal,eng Premier League,28.0,1997.0,11,2,313,3.5,2,0,2,2,0,0,2,0,0.58,1198,br BRA,FW,eng Premier League,28-348,1997.0,3.5,2,14,9,64.3,4.03,2.59,0.14,0.22,0,0,1489,br BRA,FW,eng Premier League,28-348,1997.0,11,313,28,11.2,3.5,2,58.0,0,9,22.0,7,2.18,6,6,0,0.0,-1.42,1198,br BRA,FW,eng Premier League,28-348,1997.0,3.5,2,0,0,6,1,5,0,1,0,0
Igor Jesus,br BRA,FW,Nottingham Forest,eng Premier League,25.0,2001.0,29,21,1730,19.2,2,3,5,2,0,0,0,0,0.26,1199,br BRA,FW,eng Premier League,25-020,2001.0,19.2,2,53,11,20.8,2.76,0.57,0.04,0.18,0,0,1490,br BRA,FW,eng Premier League,25-020,2001.0,29,1730,60,64.1,19.2,21,74.0,4,8,21.0,0,1.0,19,31,-12,-0.62,-0.35,1199,br BRA,FW,eng Premier League,25-020,2001.0,19.2,0,0,0,32,33,10,8,1,11,0
Raúl Jiménez,mx MEX,FW,Fulham,eng Premier League,34.0,1991.0,29,25,1965,21.8,8,3,11,5,3,3,5,0,0.37,1204,mx MEX,FW,eng Premier League,34-316,1991.0,21.8,8,61,16,26.2,2.79,0.73,0.08,0.31,3,3,1495,mx MEX,FW,eng Premier League,34-316,1991.0,29,1965,68,72.8,21.8,25,76.0,10,4,17.0,0,1.41,31,26,5,0.23,1.21,1204,mx MEX,FW,eng Premier League,34-316,1991.0,21.8,5,0,0,41,28,19,5,7,17,0
Jamaldeen Jimoh,eng ENG,MF,Aston Villa,eng Premier League,19.0,2006.0,1,0,9,0.1,0,0,0,0,0,0,0,0,0.0,1205,eng ENG,MF,eng Premier League,19-166,2006.0,0.1,0,0,0,,0.0,0.0,,,0,0,1496,eng ENG,MF,eng Premier League,19-166,2006.0,1,9,9,0.3,0.1,0,,0,1,9.0,8,0.0,1,0,1,10.0,9.93,1205,eng ENG,MF,eng Premier League,19-166,2006.0,0.1,0,0,0,0,1,0,0,0,0,0
Joelinton,br BRA,MF,Newcastle United,eng Premier League,29.0,1996.0,23,19,1598,17.8,2,1,3,2,0,0,8,0,0.17,1207,br BRA,MF,eng Premier League,29-215,1996.0,17.8,2,27,10,37.0,1.52,0.56,0.07,0.2,0,0,1499,br BRA,MF,eng Premier League,29-215,1996.0,23,1598,69,59.2,17.8,19,79.0,10,4,24.0,3,1.57,28,22,6,0.34,0.83,1207,br BRA,MF,eng Premier League,29-215,1996.0,17.8,8,0,0,36,27,1,10,19,18,0
Brennan Johnson,wls WAL,MF,Crystal Palace,eng Premier League,24.0,2001.0,11,7,626,7.0,0,1,1,0,0,0,3,0,0.14,1214,wls WAL,MF,eng Premier League,24-298,2001.0,7.0,0,11,3,27.3,1.58,0.43,0.0,0.0,0,0,1506,wls WAL,MF,eng Premier League,24-298,2001.0,11,626,57,23.2,7.0,7,79.0,3,4,19.0,0,1.09,4,8,-4,-0.58,-0.66,1214,wls WAL,MF,eng Premier League,24-298,2001.0,7.0,3,0,0,11,5,3,27,1,4,0
Curtis Jones,eng ENG,MF,Liverpool,eng Premier League,25.0,2001.0,26,11,1273,14.1,0,1,1,0,0,0,1,0,0.07,1217,eng ENG,MF,eng Premier League,25-046,2001.0,14.1,0,18,5,27.8,1.27,0.35,0.0,0.0,0,0,1509,eng ENG,MF,eng Premier League,25-046,2001.0,26,1273,49,47.1,14.1,11,83.0,4,15,24.0,2,1.5,25,25,0,0.0,-0.57,1217,eng ENG,MF,eng Premier League,25-046,2001.0,14.1,1,0,0,10,19,0,8,7,15,0
Hamed Junior Traorè,ci CIV,MF,Bournemouth,eng Premier League,26.0,2000.0,1,0,17,0.2,0,1,1,0,0,0,0,0,5.29,1228,ci CIV,MF,eng Premier League,26-029,2000.0,0.2,0,0,0,,0.0,0.0,,,0,0,1526,ci CIV,MF,eng Premier League,26-029,2000.0,1,17,17,0.6,0.2,0,,0,1,17.0,0,0.0,1,2,-1,-5.29,-5.26,1228,ci CIV,MF,eng Premier League,26-029,2000.0,0.2,0,0,0,0,0,0,1,0,0,0
Arnaud Kalimuendo,fr FRA,FW,Nottingham Forest,eng Premier League,24.0,2002.0,9,0,96,1.1,0,0,0,0,0,0,0,0,0.0,1244,fr FRA,FW,eng Premier League,24-056,2002.0,1.1,0,4,1,25.0,3.75,0.94,0.0,0.0,0,0,1545,fr FRA,FW,eng Premier League,24-056,2002.0,9,96,11,3.6,1.1,0,,0,9,11.0,9,0.22,0,3,-3,-2.81,-2.4,1244,fr FRA,FW,eng Premier League,24-056,2002.0,1.1,0,0,0,2,0,1,2,0,1,0
Daichi Kamada,jp JPN,MF,Crystal Palace,eng Premier League,29.0,1996.0,20,17,1479,16.4,0,0,0,0,0,0,2,0,0.0,1249,jp JPN,MF,eng Premier League,29-224,1996.0,16.4,0,16,4,25.0,0.97,0.24,0.0,0.0,0,0,1551,jp JPN,MF,eng Premier League,29-224,1996.0,20,1479,74,54.8,16.4,17,83.0,5,3,23.0,0,1.7,25,17,8,0.49,1.22,1249,jp JPN,MF,eng Premier League,29-224,1996.0,16.4,2,0,0,26,20,1,31,10,28,0
Boubacar Kamara,fr FRA,MF,Aston Villa,eng Premier League,26.0,1999.0,18,17,1411,15.7,1,3,4,1,0,0,5,0,0.26,1253,fr FRA,MF,eng Premier League,26-114,1999.0,15.7,1,7,4,57.1,0.45,0.26,0.14,0.25,0,0,1555,fr FRA,MF,eng Premier League,26-114,1999.0,18,1411,78,52.3,15.7,17,82.0,9,1,19.0,0,2.33,26,15,11,0.7,1.26,1253,fr FRA,MF,eng Premier League,26-114,1999.0,15.7,5,0,0,16,30,0,2,15,16,0
Mohamadou Kanté,fr FRA,MF,West Ham United,eng Premier League,20.0,2005.0,7,0,29,0.3,0,0,0,0,0,0,1,0,0.0,1262,fr FRA,MF,eng Premier League,20-178,2005.0,0.3,0,1,0,0.0,3.1,0.0,0.0,,0,0,1568,fr FRA,MF,eng Premier League,20-178,2005.0,7,29,4,1.1,0.3,0,,0,7,4.0,9,1.0,0,0,0,0.0,0.64,1262,fr FRA,MF,eng Premier League,20-178,2005.0,0.3,1,0,0,1,0,0,0,0,3,0
Michael Kayode,it ITA,DF,Brentford,eng Premier League,21.0,2004.0,29,29,2538,28.2,1,0,1,1,0,0,6,0,0.04,1274,it ITA,DF,eng Premier League,21-250,2004.0,28.2,1,7,2,28.6,0.25,0.07,0.14,0.5,0,0,1583,it ITA,DF,eng Premier League,21-250,2004.0,29,2538,88,94.0,28.2,29,88.0,23,0,,0,1.55,45,39,6,0.21,1.32,1274,it ITA,DF,eng Premier League,21-250,2004.0,28.2,6,0,0,22,42,1,49,32,42,1
Michael Keane,eng ENG,DF,Everton,eng Premier League,33.0,1993.0,26,23,2047,22.7,3,0,3,3,0,0,0,1,0.13,1276,eng ENG,DF,eng Premier League,33-065,1993.0,22.7,3,21,6,28.6,0.92,0.26,0.14,0.5,0,0,1585,eng ENG,DF,eng Premier League,33-065,1993.0,26,2047,79,75.8,22.7,23,89.0,21,3,4.0,0,1.27,21,30,-9,-0.4,-1.5,1276,eng ENG,DF,eng Premier League,33-065,1993.0,22.7,0,1,0,14,6,0,1,34,20,0
Milos Kerkez,hu HUN,DF,Liverpool,eng Premier League,22.0,2003.0,27,24,1953,21.7,1,1,2,1,0,0,4,0,0.09,1288,hu HUN,DF,eng Premier League,22-130,2003.0,21.7,1,7,1,14.3,0.32,0.05,0.14,1.0,0,0,1598,hu HUN,DF,eng Premier League,22-130,2003.0,27,1953,72,72.3,21.7,24,79.0,13,3,22.0,3,1.56,35,28,7,0.32,0.08,1288,hu HUN,DF,eng Premier League,22-130,2003.0,21.7,4,0,0,18,23,4,74,11,26,0
Kevin,br BRA,MF,Fulham,eng Premier League,23.0,2003.0,23,8,908,10.1,1,1,2,1,0,0,1,0,0.2,1289,br BRA,MF,eng Premier League,23-072,2003.0,10.1,1,22,9,40.9,2.18,0.89,0.05,0.11,0,0,1599,br BRA,MF,eng Premier League,23-072,2003.0,23,908,39,33.6,10.1,8,69.0,0,15,24.0,1,1.39,12,14,-2,-0.2,-0.15,1289,br BRA,MF,eng Premier League,23-072,2003.0,10.1,1,0,0,12,15,2,40,9,8,0
Abdukodir Khusanov,uz UZB,DF,Manchester City,eng Premier League,22.0,2004.0,15,9,892,9.9,0,0,0,0,0,0,2,0,0.0,1293,uz UZB,DF,eng Premier League,22-016,2004.0,9.9,0,2,0,0.0,0.2,0.0,0.0,,0,0,1604,uz UZB,DF,eng Premier League,22-016,2004.0,15,892,59,33.0,9.9,9,81.0,6,6,27.0,9,1.8,12,8,4,0.4,-0.99,1293,uz UZB,DF,eng Premier League,22-016,2004.0,9.9,2,0,0,8,5,0,0,19,15,0
Max Kilman,eng ENG,DF,West Ham United,eng Premier League,28.0,1997.0,21,17,1561,17.3,0,0,0,0,0,0,4,0,0.0,1298,eng ENG,DF,eng Premier League,28-298,1997.0,17.3,0,7,1,14.3,0.4,0.06,0.0,0.0,0,0,1609,eng ENG,DF,eng Premier League,28-298,1997.0,21,1561,74,57.8,17.3,17,90.0,17,4,8.0,9,0.95,18,37,-19,-1.1,-1.1,1298,eng ENG,DF,eng Premier League,28-298,1997.0,17.3,4,0,0,16,2,0,2,6,8,0
Joshua King,eng ENG,MF,Fulham,eng Premier League,19.0,2007.0,24,13,1058,11.8,0,1,1,0,0,0,3,0,0.09,1300,eng ENG,MF,eng Premier League,19-073,2007.0,11.8,0,21,8,38.1,1.79,0.68,0.0,0.0,0,0,1612,eng ENG,MF,eng Premier League,19-073,2007.0,24,1058,44,39.2,11.8,13,66.0,0,11,19.0,3,1.38,11,15,-4,-0.34,-0.4,1300,eng ENG,MF,eng Premier League,19-073,2007.0,11.8,3,0,0,11,23,2,10,2,9,0
Justin Kluivert,nl NED,MF,Bournemouth,eng Premier League,26.0,1999.0,18,10,919,10.2,2,0,2,2,0,0,4,0,0.2,1303,nl NED,MF,eng Premier League,26-316,1999.0,10.2,2,16,4,25.0,1.57,0.39,0.13,0.5,0,0,1623,nl NED,MF,eng Premier League,26-316,1999.0,18,919,51,34.0,10.2,10,72.0,0,8,25.0,0,1.22,16,18,-2,-0.2,-0.2,1303,nl NED,MF,eng Premier League,26-316,1999.0,10.2,4,0,0,15,9,1,40,4,7,0
Joe Knight,eng ENG,MF,Brighton,eng Premier League,20.0,2005.0,1,0,1,0.0,0,0,0,0,0,0,0,0,0.0,1306,eng ENG,MF,eng Premier League,20-177,2005.0,0.0,0,0,0,,0.0,0.0,,,0,0,1626,eng ENG,MF,eng Premier League,20-177,2005.0,1,1,1,0.0,0.0,0,,0,1,1.0,4,3.0,0,0,0,0.0,-0.1,1306,eng ENG,MF,eng Premier League,20-177,2005.0,0.0,0,0,0,0,0,0,0,0,0,0
Ibrahima Konaté,fr FRA,DF,Liverpool,eng Premier League,26.0,1999.0,28,28,2404,26.7,1,0,1,1,0,0,5,0,0.04,1323,fr FRA,DF,eng Premier League,26-296,1999.0,26.7,1,10,3,30.0,0.37,0.11,0.1,0.33,0,0,1647,fr FRA,DF,eng Premier League,26-296,1999.0,28,2404,86,89.0,26.7,28,86.0,22,0,,1,1.71,41,32,9,0.34,0.34,1323,fr FRA,DF,eng Premier League,26-296,1999.0,26.7,5,0,0,29,32,0,3,21,26,0
Ezri Konsa,eng ENG,DF,Aston Villa,eng Premier League,28.0,1997.0,29,29,2585,28.7,0,0,0,0,0,0,0,1,0.0,1329,eng ENG,DF,eng Premier League,28-145,1997.0,28.7,0,9,2,22.2,0.31,0.07,0.0,0.0,0,0,1654,eng ENG,DF,eng Premier League,28-145,1997.0,29,2585,89,95.7,28.7,29,89.0,28,0,,0,1.76,40,36,4,0.14,0.92,1329,eng ENG,DF,eng Premier League,28-145,1997.0,28.7,0,1,0,11,33,0,5,22,7,0
Charalampos Kostoulas,gr GRE,FW,Brighton,eng Premier League,18.0,2007.0,16,2,305,3.4,2,1,3,2,0,0,2,0,0.89,1334,gr GRE,FW,eng Premier League,18-291,2007.0,3.4,2,15,6,40.0,4.43,1.77,0.13,0.33,0,0,1662,gr GRE,FW,eng Premier League,18-291,2007.0,16,305,19,11.3,3.4,2,76.0,0,14,11.0,5,0.94,7,7,0,0.0,-0.11,1334,gr GRE,FW,eng Premier League,18-291,2007.0,3.4,2,0,0,6,7,2,5,1,6,0
Mateo Kovačić,hr CRO,MF,Manchester City,eng Premier League,31.0,1994.0,1,0,5,0.1,0,0,0,0,0,0,0,0,0.0,1345,hr CRO,MF,eng Premier League,31-315,1994.0,0.1,0,0,0,,0.0,0.0,,,0,0,1675,hr CRO,MF,eng Premier League,31-315,1994.0,1,5,5,0.2,0.1,0,,0,1,5.0,4,3.0,0,0,0,0.0,-1.07,1345,hr CRO,MF,eng Premier League,31-315,1994.0,0.1,0,0,0,0,0,0,0,0,0,0
Emil Krafth,se SWE,DF,Newcastle United,eng Premier League,31.0,1994.0,1,1,45,0.5,0,0,0,0,0,0,0,0,0.0,1348,se SWE,DF,eng Premier League,31-227,1994.0,0.5,0,0,0,,0.0,0.0,,,0,0,1678,se SWE,DF,eng Premier League,31-227,1994.0,1,45,45,1.7,0.5,1,45.0,0,0,,9,0.0,1,2,-1,-2.0,-2.03,1348,se SWE,DF,eng Premier League,31-227,1994.0,0.5,0,0,0,1,0,0,1,0,0,0
Jonah Kusi-Asare,se SWE,FW,Fulham,eng Premier League,18.0,2007.0,5,0,34,0.4,0,0,0,0,0,0,1,0,0.0,1368,se SWE,FW,eng Premier League,18-256,2007.0,0.4,0,0,0,,0.0,0.0,,,0,0,1702,se SWE,FW,eng Premier League,18-256,2007.0,5,34,7,1.3,0.4,0,,0,5,7.0,10,0.8,2,2,0,0.0,0.1,1368,se SWE,FW,eng Premier League,18-256,2007.0,0.4,1,0,0,3,1,0,0,0,0,0
Shea Lacey,eng ENG,FW,Manchester Utd,eng Premier League,18.0,2007.0,2,0,14,0.2,0,0,0,0,0,0,0,0,0.0,1374,eng ENG,FW,eng Premier League,18-337,2007.0,0.2,0,3,1,33.3,19.29,6.43,0.0,0.0,0,0,1710,eng ENG,FW,eng Premier League,18-337,2007.0,2,14,7,0.5,0.2,0,,0,2,7.0,8,0.5,0,0,0,0.0,-0.44,1374,eng ENG,FW,eng Premier League,18-337,2007.0,0.2,0,0,0,0,0,0,0,0,0,0
Maxence Lacroix,fr FRA,DF,Crystal Palace,eng Premier League,25.0,2000.0,28,28,2485,27.6,1,2,3,1,0,0,3,1,0.11,1375,fr FRA,DF,eng Premier League,25-345,2000.0,27.6,1,21,4,19.0,0.76,0.14,0.05,0.25,0,0,1711,fr FRA,DF,eng Premier League,25-345,2000.0,28,2485,89,92.0,27.6,28,89.0,27,0,,0,1.18,29,32,-3,-0.11,-0.53,1375,fr FRA,DF,eng Premier League,25-345,2000.0,27.6,3,1,0,26,16,0,5,35,32,0
Jamaal Lascelles,eng ENG,DF,Newcastle United,eng Premier League,32.0,1993.0,2,0,21,0.2,0,0,0,0,0,0,0,0,0.0,1385,eng ENG,DF,eng Premier League,32-126,1993.0,0.2,0,1,0,0.0,4.29,0.0,0.0,,0,0,1728,eng ENG,DF,eng Premier League,32-126,1993.0,2,21,11,0.8,0.2,0,,0,2,11.0,3,0.5,0,2,-2,-8.57,-8.64,1385,eng ENG,DF,eng Premier League,32-126,1993.0,0.2,0,0,0,0,0,0,0,0,0,0
Roméo Lavia,be BEL,MF,Chelsea,eng Premier League,22.0,2004.0,7,1,170,1.9,0,0,0,0,0,0,0,0,0.0,1390,be BEL,MF,eng Premier League,22-070,2004.0,1.9,0,0,0,,0.0,0.0,,,0,0,1736,be BEL,MF,eng Premier League,22-070,2004.0,7,170,24,6.3,1.9,1,45.0,0,6,21.0,2,1.71,1,3,-2,-1.06,-1.77,1390,be BEL,MF,eng Premier League,22-070,2004.0,1.9,0,0,0,5,4,0,1,4,2,0
Rico Lewis,eng ENG,DF,Manchester City,eng Premier League,21.0,2004.0,10,3,317,3.5,0,1,1,0,0,0,1,0,0.28,1425,eng ENG,DF,eng Premier League,21-116,2004.0,3.5,0,2,0,0.0,0.57,0.0,0.0,,0,0,1785,eng ENG,DF,eng Premier League,21-116,2004.0,10,317,32,11.7,3.5,3,82.0,2,7,10.0,16,1.9,6,5,1,0.28,-0.89,1425,eng ENG,DF,eng Premier League,21-116,2004.0,3.5,1,0,0,4,7,0,2,7,4,0
Myles Lewis-Skelly,eng ENG,DF,Arsenal,eng Premier League,19.0,2006.0,14,1,321,3.6,0,0,0,0,0,0,3,0,0.0,1427,eng ENG,DF,eng Premier League,19-172,2006.0,3.6,0,1,0,0.0,0.28,0.0,0.0,,0,0,1787,eng ENG,DF,eng Premier League,19-172,2006.0,14,321,23,11.5,3.6,1,70.0,0,13,19.0,16,2.5,9,5,4,1.12,-0.15,1427,eng ENG,DF,eng Premier League,19-172,2006.0,3.6,3,0,0,6,6,0,0,2,3,0
Matthijs de Ligt,nl NED,DF,Manchester Utd,eng Premier League,26.0,1999.0,13,13,1170,13.0,1,0,1,1,0,0,0,0,0.08,1429,nl NED,DF,eng Premier League,26-217,1999.0,13.0,1,11,3,27.3,0.85,0.23,0.09,0.33,0,0,1792,nl NED,DF,eng Premier League,26-217,1999.0,13,1170,90,43.3,13.0,13,90.0,13,0,,0,1.62,21,20,1,0.08,-0.63,1429,nl NED,DF,eng Premier League,26-217,1999.0,13.0,0,0,0,6,5,0,4,11,13,0
Pedro Lima,br BRA,DF,Wolves,eng Premier League,19.0,2006.0,3,0,4,0.0,0,0,0,0,0,0,0,0,0.0,1430,br BRA,DF,eng Premier League,19-259,2006.0,0.0,0,0,0,,0.0,0.0,,,0,0,1793,br BRA,DF,eng Premier League,19-259,2006.0,3,4,1,0.1,0.0,0,,0,3,1.0,8,0.33,0,1,-1,-22.5,-21.56,1430,br BRA,DF,eng Premier League,19-259,2006.0,0.0,0,0,0,0,0,0,1,0,0,0
Victor Lindelöf,se SWE,DF,Aston Villa,eng Premier League,31.0,1994.0,12,6,578,6.4,0,1,1,0,0,0,0,0,0.16,1431,se SWE,DF,eng Premier League,31-243,1994.0,6.4,0,1,0,0.0,0.16,0.0,0.0,,0,0,1795,se SWE,DF,eng Premier League,31-243,1994.0,12,578,48,21.4,6.4,6,90.0,6,6,6.0,15,2.42,13,9,4,0.62,0.67,1431,se SWE,DF,eng Premier League,31-243,1994.0,6.4,0,0,0,1,0,0,0,4,1,0
Valentino Livramento,eng ENG,DF,Newcastle United,eng Premier League,23.0,2002.0,14,12,1139,12.7,0,1,1,0,0,0,1,0,0.08,1438,eng ENG,DF,eng Premier League,23-125,2002.0,12.7,0,2,0,0.0,0.16,0.0,0.0,,0,0,1804,eng ENG,DF,eng Premier League,23-125,2002.0,14,1139,81,42.2,12.7,12,89.0,11,2,37.0,0,1.79,20,10,10,0.79,1.37,1438,eng ENG,DF,eng Premier League,23-125,2002.0,12.7,1,0,0,7,11,2,27,2,13,0
Sean Longstaff,eng ENG,MF,Leeds United,eng Premier League,28.0,1997.0,17,10,947,10.5,1,2,3,1,0,0,2,0,0.29,1450,eng ENG,MF,eng Premier League,28-138,1997.0,10.5,1,13,2,15.4,1.24,0.19,0.08,0.5,0,0,1817,eng ENG,MF,eng Premier League,28-138,1997.0,17,947,56,35.1,10.5,10,84.0,7,7,15.0,5,1.0,10,19,-9,-0.86,-0.75,1450,eng ENG,MF,eng Premier League,28-138,1997.0,10.5,2,0,0,10,17,1,50,10,23,0
Fer López,es ESP,MF,Wolves,eng Premier League,21.0,2004.0,9,2,235,2.6,0,1,1,0,0,0,1,0,0.38,1457,es ESP,MF,eng Premier League,21-297,2004.0,2.6,0,5,1,20.0,1.91,0.38,0.0,0.0,0,0,1825,es ESP,MF,eng Premier League,21-297,2004.0,9,235,26,8.4,2.6,2,55.0,0,7,18.0,11,0.11,3,9,-6,-2.3,-1.45,1457,es ESP,MF,eng Premier League,21-297,2004.0,2.6,1,0,0,6,4,0,4,0,1,0
Lorenzo Lucca,it ITA,FW,Nottingham Forest,eng Premier League,25.0,2000.0,3,1,121,1.3,1,0,1,1,0,0,0,0,0.74,1478,it ITA,FW,eng Premier League,25-188,2000.0,1.3,1,3,1,33.3,2.23,0.74,0.33,1.0,0,0,1849,it ITA,FW,eng Premier League,25-188,2000.0,3,121,40,4.5,1.3,1,70.0,0,2,26.0,1,0.33,1,1,0,0.0,0.52,1478,it ITA,FW,eng Premier League,25-188,2000.0,1.3,0,0,0,1,2,1,0,1,0,0
Florentino Luís,pt POR,MF,Burnley,eng Premier League,26.0,1999.0,24,20,1654,18.4,0,2,2,0,0,0,4,0,0.11,1481,pt POR,MF,eng Premier League,26-210,1999.0,18.4,0,9,1,11.1,0.49,0.05,0.0,0.0,0,0,1854,pt POR,MF,eng Premier League,26-210,1999.0,24,1654,69,61.3,18.4,20,78.0,8,4,22.0,3,0.58,15,37,-22,-1.2,-0.85,1481,pt POR,MF,eng Premier League,26-210,1999.0,18.4,4,0,0,31,7,1,9,29,40,0
Douglas Luiz,br BRA,MF,Aston Villa,eng Premier League,27.0,1998.0,7,6,465,5.2,1,0,1,1,0,0,0,0,0.19,1484,br BRA,MF,eng Premier League,27-312,1998.0,5.2,1,5,3,60.0,0.97,0.58,0.2,0.33,0,0,1859,br BRA,MF,eng Premier League,27-312,1998.0,7,465,66,17.2,5.2,6,76.0,1,1,9.0,0,0.71,2,6,-4,-0.77,-1.06,1484,br BRA,MF,eng Premier League,27-312,1998.0,5.2,0,0,0,8,7,0,27,4,9,0
Douglas Luiz,br BRA,MF,Nottingham Forest,eng Premier League,27.0,1998.0,8,5,315,3.5,0,0,0,0,0,0,2,0,0.0,1485,br BRA,MF,eng Premier League,27-312,1998.0,3.5,0,5,1,20.0,1.43,0.29,0.0,0.0,0,0,1860,br BRA,MF,eng Premier League,27-312,1998.0,8,315,39,11.7,3.5,5,51.0,0,3,19.0,6,0.63,1,7,-6,-1.71,-1.37,1485,br BRA,MF,eng Premier League,27-312,1998.0,3.5,2,0,0,4,5,0,15,7,3,0
Saša Lukić,rs SRB,MF,Fulham,eng Premier League,29.0,1996.0,20,15,1239,13.8,1,2,3,1,0,0,6,0,0.22,1489,rs SRB,MF,eng Premier League,29-216,1996.0,13.8,1,13,3,23.1,0.94,0.22,0.08,0.33,0,0,1864,rs SRB,MF,eng Premier League,29-216,1996.0,20,1239,62,45.9,13.8,15,76.0,7,5,19.0,2,1.3,14,17,-3,-0.22,-0.22,1489,rs SRB,MF,eng Premier League,29-216,1996.0,13.8,6,0,0,38,20,0,47,9,21,0
Ian Maatsen,nl NED,DF,Aston Villa,eng Premier League,24.0,2002.0,24,13,1264,14.0,0,0,0,0,0,0,2,0,0.0,1499,nl NED,DF,eng Premier League,24-007,2002.0,14.0,0,17,4,23.5,1.21,0.28,0.0,0.0,0,0,1880,nl NED,DF,eng Premier League,24-007,2002.0,24,1264,53,46.8,14.0,13,82.0,6,11,18.0,6,1.67,20,20,0,0.0,-0.19,1499,nl NED,DF,eng Premier League,24-007,2002.0,14.0,2,0,0,11,15,1,46,13,27,0
Alexis Mac Allister,ar ARG,MF,Liverpool,eng Premier League,27.0,1998.0,29,25,2089,23.2,2,2,4,2,0,0,4,0,0.17,1500,ar ARG,MF,eng Premier League,27-083,1998.0,23.2,2,41,10,24.4,1.77,0.43,0.05,0.2,0,0,1881,ar ARG,MF,eng Premier League,27-083,1998.0,29,2089,72,77.4,23.2,25,80.0,14,4,23.0,0,1.59,34,29,5,0.22,-0.37,1500,ar ARG,MF,eng Premier League,27-083,1998.0,23.2,4,0,0,22,26,0,19,14,22,0
Gabriel Magalhães,br BRA,DF,Arsenal,eng Premier League,28.0,1997.0,25,24,2166,24.1,3,4,7,3,0,0,3,0,0.29,1510,br BRA,DF,eng Premier League,28-088,1997.0,24.1,3,18,5,27.8,0.75,0.21,0.17,0.6,0,0,1892,br BRA,DF,eng Premier League,28-088,1997.0,25,2166,87,77.6,24.1,24,89.0,23,1,20.0,0,2.28,47,15,32,1.33,0.32,1510,br BRA,DF,eng Premier League,28-088,1997.0,24.1,3,0,0,14,27,0,6,18,16,0
Soungoutou Magassa,fr FRA,MF,West Ham United,eng Premier League,22.0,2003.0,19,11,964,10.7,1,0,1,1,0,0,4,0,0.09,1511,fr FRA,MF,eng Premier League,22-160,2003.0,10.7,1,7,2,28.6,0.65,0.19,0.14,0.5,0,0,1893,fr FRA,MF,eng Premier League,22-160,2003.0,19,964,51,35.7,10.7,11,74.0,2,8,19.0,7,0.68,11,23,-12,-1.12,-0.76,1511,fr FRA,MF,eng Premier League,22-160,2003.0,10.7,4,0,0,17,17,0,8,17,23,0
Harry Maguire,eng ENG,DF,Manchester Utd,eng Premier League,33.0,1993.0,17,13,1126,12.5,1,1,2,1,0,0,3,0,0.16,1514,eng ENG,DF,eng Premier League,33-012,1993.0,12.5,1,9,2,22.2,0.72,0.16,0.11,0.5,0,0,1896,eng ENG,DF,eng Premier League,33-012,1993.0,17,1126,66,41.7,12.5,13,83.0,8,4,13.0,3,1.94,23,13,10,0.8,0.63,1514,eng ENG,DF,eng Premier League,33-012,1993.0,12.5,3,0,0,11,13,0,2,6,9,0
Kobbie Mainoo,eng ENG,MF,Manchester Utd,eng Premier League,20.0,2005.0,21,9,1032,11.5,0,2,2,0,0,0,0,0,0.17,1519,eng ENG,MF,eng Premier League,20-332,2005.0,11.5,0,8,2,25.0,0.7,0.17,0.0,0.0,0,0,1901,eng ENG,MF,eng Premier League,20-332,2005.0,21,1032,49,38.2,11.5,9,88.0,7,12,20.0,4,2.14,24,15,9,0.78,0.57,1519,eng ENG,MF,eng Premier League,20-332,2005.0,11.5,0,0,0,7,14,1,12,7,11,0
Tyrell Malacia,nl NED,DF,Manchester Utd,eng Premier League,26.0,1999.0,2,0,9,0.1,0,0,0,0,0,0,0,0,0.0,1528,nl NED,DF,eng Premier League,26-212,1999.0,0.1,0,0,0,,0.0,0.0,,,0,0,1910,nl NED,DF,eng Premier League,26-212,1999.0,2,9,5,0.3,0.1,0,,0,2,5.0,18,1.5,0,1,-1,-10.0,-10.47,1528,nl NED,DF,eng Premier League,26-212,1999.0,0.1,0,0,0,0,0,0,0,0,0,0
Reinildo Mandava,mz MOZ,DF,Sunderland,eng Premier League,32.0,1994.0,17,17,1427,15.9,0,1,1,0,0,0,6,1,0.06,1543,mz MOZ,DF,eng Premier League,32-055,1994.0,15.9,0,4,0,0.0,0.25,0.0,0.0,,0,0,1929,mz MOZ,DF,eng Premier League,32-055,1994.0,17,1427,84,52.9,15.9,17,84.0,15,0,,0,1.53,20,19,1,0.06,0.49,1543,mz MOZ,DF,eng Premier League,32-055,1994.0,15.9,6,1,0,25,28,1,18,22,15,0
Mateus Mane,pt POR,MF,Wolves,eng Premier League,18.0,2007.0,20,14,1286,14.3,2,1,3,2,0,0,0,0,0.21,1547,pt POR,MF,eng Premier League,18-182,2007.0,14.3,2,29,12,41.4,2.03,0.84,0.07,0.17,0,0,1933,pt POR,MF,eng Premier League,18-182,2007.0,20,1286,64,46.1,14.3,14,85.0,11,6,16.0,0,0.75,13,20,-7,-0.49,0.89,1547,pt POR,MF,eng Premier League,18-182,2007.0,14.3,0,0,0,21,36,1,52,3,8,0
Bendito Mantato,eng ENG,MF,Manchester Utd,eng Premier League,18.0,2008.0,1,0,16,0.2,0,0,0,0,0,0,0,0,0.0,1549,eng ENG,MF,eng Premier League,18-051,2008.0,0.2,0,0,0,,0.0,0.0,,,0,0,1936,eng ENG,MF,eng Premier League,18-051,2008.0,1,16,16,0.6,0.2,0,,0,1,16.0,3,1.0,0,0,0,0.0,-0.44,1549,eng ENG,MF,eng Premier League,18-051,2008.0,0.2,0,0,0,0,0,0,1,0,0,0
Solly March,eng ENG,MF,Brighton,eng Premier League,31.0,1994.0,1,0,5,0.1,0,0,0,0,0,0,0,0,0.0,1555,eng ENG,MF,eng Premier League,31-240,1994.0,0.1,0,0,0,,0.0,0.0,,,0,0,1944,eng ENG,MF,eng Premier League,31-240,1994.0,1,5,5,0.2,0.1,0,,0,1,5.0,1,3.0,0,0,0,0.0,-0.1,1555,eng ENG,MF,eng Premier League,31-240,1994.0,0.1,0,0,0,0,1,0,0,0,0,0
Callum Marshall,nir NIR,FW,West Ham United,eng Premier League,21.0,2004.0,2,0,60,0.7,0,0,0,0,0,0,0,0,0.0,1572,nir NIR,FW,eng Premier League,21-109,2004.0,0.7,0,1,0,0.0,1.5,0.0,0.0,,0,0,1969,nir NIR,FW,eng Premier League,21-109,2004.0,2,60,30,2.2,0.7,0,,0,2,30.0,4,0.0,0,2,-2,-3.0,-2.42,1572,nir NIR,FW,eng Premier League,21-109,2004.0,0.7,0,0,0,0,0,1,0,2,0,0
Lisandro Martínez,ar ARG,DF,Manchester Utd,eng Premier League,28.0,1998.0,14,9,908,10.1,0,0,0,0,0,0,0,0,0.0,1586,ar ARG,DF,eng Premier League,28-058,1998.0,10.1,0,4,0,0.0,0.4,0.0,0.0,,0,0,1987,ar ARG,DF,eng Premier League,28-058,1998.0,14,908,65,33.6,10.1,9,90.0,8,5,20.0,1,1.93,19,11,8,0.79,0.54,1586,ar ARG,DF,eng Premier League,28-058,1998.0,10.1,0,0,0,8,2,0,2,10,7,1
Arthur Masuaku,cd COD,DF,Sunderland,eng Premier League,32.0,1993.0,3,2,126,1.4,0,0,0,0,0,0,1,0,0.0,1596,cd COD,DF,eng Premier League,32-130,1993.0,1.4,0,1,0,0.0,0.71,0.0,0.0,,0,0,1998,cd COD,DF,eng Premier League,32-130,1993.0,3,126,42,4.7,1.4,2,58.0,0,1,11.0,8,1.33,1,2,-1,-0.71,-0.57,1596,cd COD,DF,eng Premier League,32-130,1993.0,1.4,1,0,0,3,0,0,8,2,2,0
Pape Matar Sarr,sn SEN,MF,Tottenham Hotspur,eng Premier League,23.0,2002.0,21,12,1237,13.7,2,3,5,2,0,0,2,0,0.36,1600,sn SEN,MF,eng Premier League,23-184,2002.0,13.7,2,13,6,46.2,0.95,0.44,0.15,0.33,0,0,2003,sn SEN,MF,eng Premier League,23-184,2002.0,21,1237,59,45.8,13.7,12,88.0,10,9,20.0,2,1.1,20,19,1,0.07,0.56,1600,sn SEN,MF,eng Premier League,23-184,2002.0,13.7,2,0,0,24,13,3,7,13,19,0
Jean-Philippe Mateta,fr FRA,FW,Crystal Palace,eng Premier League,28.0,1997.0,24,23,1935,21.5,8,0,8,5,3,3,2,0,0.23,1601,fr FRA,FW,eng Premier League,28-262,1997.0,21.5,8,55,26,47.3,2.56,1.21,0.09,0.19,3,3,2004,fr FRA,FW,eng Premier League,28-262,1997.0,24,1935,81,71.7,21.5,23,83.0,12,1,31.0,0,1.21,19,23,-4,-0.19,-0.42,1601,fr FRA,FW,eng Premier League,28-262,1997.0,21.5,2,0,0,17,15,16,8,5,3,0
Konstantinos Mavropanos,gr GRE,DF,West Ham United,eng Premier League,28.0,1997.0,23,19,1814,20.2,1,0,1,1,0,0,2,0,0.05,1610,gr GRE,DF,eng Premier League,28-096,1997.0,20.2,1,16,4,25.0,0.79,0.2,0.06,0.25,0,0,2015,gr GRE,DF,eng Premier League,28-096,1997.0,23,1814,79,67.2,20.2,19,90.0,19,4,26.0,3,0.96,24,34,-10,-0.5,0.42,1610,gr GRE,DF,eng Premier League,28-096,1997.0,20.2,2,0,0,9,8,1,2,33,18,1
Ezra Mayers,bb BRB,DF,West Ham United,eng Premier League,19.0,2007.0,6,0,117,1.3,0,0,0,0,0,0,0,0,0.0,1613,bb BRB,DF,eng Premier League,19-060,2007.0,1.3,0,1,0,0.0,0.77,0.0,0.0,,0,0,2019,bb BRB,DF,eng Premier League,19-060,2007.0,6,117,20,4.3,1.3,0,,0,6,20.0,8,0.33,0,3,-3,-2.31,-1.75,1613,bb BRB,DF,eng Premier League,19-060,2007.0,1.3,0,0,0,0,0,0,3,1,0,0
James Mcatee,eng ENG,MF,Nottingham Forest,eng Premier League,23.0,2002.0,9,1,179,2.0,0,0,0,0,0,0,1,0,0.0,1631,eng ENG,MF,eng Premier League,23-150,2002.0,2.0,0,1,0,0.0,0.5,0.0,0.0,,0,0,2041,eng ENG,MF,eng Premier League,23-150,2002.0,9,179,20,6.6,2.0,1,59.0,0,8,15.0,18,0.22,0,8,-8,-4.02,-3.77,1631,eng ENG,MF,eng Premier League,23-150,2002.0,2.0,1,0,0,4,3,1,8,1,3,0
John McGinn,sct SCO,MF,Aston Villa,eng Premier League,31.0,1994.0,23,22,1651,18.3,3,2,5,3,0,0,3,0,0.27,1632,sct SCO,MF,eng Premier League,31-150,1994.0,18.3,3,19,7,36.8,1.04,0.38,0.16,0.43,0,0,2042,sct SCO,MF,eng Premier League,31-150,1994.0,23,1651,72,61.1,18.3,22,73.0,5,1,45.0,0,1.87,26,22,4,0.22,0.3,1632,sct SCO,MF,eng Premier League,31-150,1994.0,18.3,3,0,0,25,40,0,61,11,16,0
Hannibal Mejbri,tn TUN,MF,Burnley,eng Premier League,23.0,2003.0,22,11,973,10.8,1,3,4,1,0,0,7,0,0.37,1642,tn TUN,MF,eng Premier League,23-055,2003.0,10.8,1,14,4,28.6,1.29,0.37,0.07,0.25,0,0,2055,tn TUN,MF,eng Premier League,23-055,2003.0,22,973,44,36.0,10.8,11,75.0,3,11,13.0,2,0.82,12,22,-10,-0.92,-0.09,1642,tn TUN,MF,eng Premier League,23-055,2003.0,10.8,7,0,0,17,36,3,24,7,13,0
Antoni Milambo,nl NED,MF,Brentford,eng Premier League,20.0,2005.0,1,1,45,0.5,0,0,0,0,0,0,0,0,0.0,1671,nl NED,MF,eng Premier League,20-348,2005.0,0.5,0,0,0,,0.0,0.0,,,0,0,2098,nl NED,MF,eng Premier League,20-348,2005.0,1,45,45,1.7,0.5,1,45.0,0,0,,3,0.0,0,3,-3,-6.0,-6.24,1671,nl NED,MF,eng Premier League,20-348,2005.0,0.5,0,0,0,0,0,0,0,0,1,0
Nikola Milenković,rs SRB,DF,Nottingham Forest,eng Premier League,28.0,1997.0,30,30,2700,30.0,0,0,0,0,0,0,6,0,0.0,1672,rs SRB,DF,eng Premier League,28-156,1997.0,30.0,0,15,1,6.7,0.5,0.03,0.0,0.0,0,0,2099,rs SRB,DF,eng Premier League,28-156,1997.0,30,2700,90,100.0,30.0,30,90.0,30,0,,0,0.97,28,43,-15,-0.5,,1672,rs SRB,DF,eng Premier League,28-156,1997.0,30.0,6,0,0,13,18,1,2,26,14,1
James Milner,eng ENG,MF,Brighton,eng Premier League,40.0,1986.0,18,5,651,7.2,1,1,2,0,1,1,2,0,0.14,1679,eng ENG,MF,eng Premier League,40-072,1986.0,7.2,1,6,2,33.3,0.83,0.28,0.0,0.0,1,1,2107,eng ENG,MF,eng Premier League,40-072,1986.0,18,651,36,24.1,7.2,5,80.0,1,13,19.0,6,1.39,14,13,1,0.14,0.05,1679,eng ENG,MF,eng Premier League,40-072,1986.0,7.2,2,0,0,10,3,1,14,4,9,0
Veljko Milosavljević,rs SRB,DF,Bournemouth,eng Premier League,18.0,2007.0,7,4,368,4.1,0,0,0,0,0,0,0,0,0.0,1680,rs SRB,DF,eng Premier League,18-262,2007.0,4.1,0,1,0,0.0,0.24,0.0,0.0,,0,0,2108,rs SRB,DF,eng Premier League,18-262,2007.0,7,368,53,13.6,4.1,4,90.0,4,3,3.0,14,1.86,5,6,-1,-0.24,-0.21,1680,rs SRB,DF,eng Premier League,18-262,2007.0,4.1,0,0,0,0,0,0,0,4,4,0
Tyrone Mings,eng ENG,DF,Aston Villa,eng Premier League,33.0,1993.0,13,11,964,10.7,0,0,0,0,0,0,0,0,0.0,1685,eng ENG,DF,eng Premier League,33-004,1993.0,10.7,0,7,0,0.0,0.65,0.0,0.0,,0,0,2113,eng ENG,DF,eng Premier League,33-004,1993.0,13,964,74,35.7,10.7,11,85.0,10,2,17.0,4,1.08,7,15,-8,-0.75,-1.32,1685,eng ENG,DF,eng Premier League,33-004,1993.0,10.7,0,0,0,5,5,0,3,8,2,0
Yankuba Minteh,gm GAM,MF,Brighton,eng Premier League,21.0,2004.0,26,19,1757,19.5,2,4,6,2,0,0,1,0,0.31,1687,gm GAM,MF,eng Premier League,21-238,2004.0,19.5,2,34,9,26.5,1.74,0.46,0.06,0.22,0,0,2115,gm GAM,MF,eng Premier League,21-238,2004.0,26,1757,68,65.1,19.5,19,83.0,8,7,27.0,2,1.15,28,26,2,0.1,0.01,1687,gm GAM,MF,eng Premier League,21-238,2004.0,19.5,1,0,0,20,18,10,96,10,27,0
Tyrick Mitchell,eng ENG,MF,Crystal Palace,eng Premier League,26.0,1999.0,30,30,2667,29.6,1,1,2,1,0,0,5,0,0.07,1692,eng ENG,MF,eng Premier League,26-197,1999.0,29.6,1,13,5,38.5,0.44,0.17,0.08,0.2,0,0,2123,eng ENG,MF,eng Premier League,26-197,1999.0,30,2667,89,98.8,29.6,30,89.0,27,0,,0,1.3,32,35,-3,-0.1,-2.83,1692,eng ENG,MF,eng Premier League,26-197,1999.0,29.6,5,0,0,19,21,5,85,28,52,0
Morato,br BRA,DF,Nottingham Forest,eng Premier League,24.0,2001.0,15,10,941,10.5,0,0,0,0,0,0,4,0,0.0,1713,br BRA,DF,eng Premier League,24-260,2001.0,10.5,0,4,1,25.0,0.38,0.1,0.0,0.0,0,0,2154,br BRA,DF,eng Premier League,24-260,2001.0,15,941,63,34.9,10.5,10,89.0,9,5,11.0,14,1.07,4,17,-13,-1.24,-1.14,1713,br BRA,DF,eng Premier League,24-260,2001.0,10.5,4,0,0,11,7,1,1,8,16,0
Cristhian Mosquera,es ESP,DF,Arsenal,eng Premier League,21.0,2004.0,14,6,673,7.5,0,0,0,0,0,0,2,0,0.0,1733,es ESP,DF,eng Premier League,21-263,2004.0,7.5,0,0,0,,0.0,0.0,,,0,0,2177,es ESP,DF,eng Premier League,21-263,2004.0,14,673,48,24.1,7.5,6,70.0,3,8,32.0,10,2.21,12,5,7,0.94,-0.42,1733,es ESP,DF,eng Premier League,21-263,2004.0,7.5,2,0,0,8,3,1,0,8,16,0
Yerson Mosquera,co COL,DF,Wolves,eng Premier League,24.0,2001.0,22,19,1706,19.0,0,0,0,0,0,0,10,0,0.0,1735,co COL,DF,eng Premier League,24-319,2001.0,19.0,0,21,6,28.6,1.11,0.32,0.0,0.0,0,0,2179,co COL,DF,eng Premier League,24-319,2001.0,22,1706,78,61.1,19.0,19,86.0,13,3,26.0,6,0.73,18,31,-13,-0.69,0.73,1735,co COL,DF,eng Premier League,24-319,2001.0,19.0,10,0,0,25,35,1,17,16,31,2
Mason Mount,eng ENG,MF,Manchester Utd,eng Premier League,27.0,1999.0,17,10,816,9.1,3,0,3,3,0,0,0,0,0.33,1737,eng ENG,MF,eng Premier League,27-066,1999.0,9.1,3,18,5,27.8,1.99,0.55,0.17,0.6,0,0,2182,eng ENG,MF,eng Premier League,27-066,1999.0,17,816,48,30.2,9.1,10,68.0,2,7,20.0,4,1.71,16,14,2,0.22,-0.3,1737,eng ENG,MF,eng Premier League,27-066,1999.0,9.1,0,0,0,13,9,0,18,3,8,0
Divine Mukasa,eng ENG,MF,Manchester City,eng Premier League,18.0,2007.0,2,0,27,0.3,0,0,0,0,0,0,0,0,0.0,1744,eng ENG,MF,eng Premier League,18-207,2007.0,0.3,0,0,0,,0.0,0.0,,,0,0,2189,eng ENG,MF,eng Premier League,18-207,2007.0,2,27,14,1.0,0.3,0,,0,2,14.0,9,1.5,0,0,0,0.0,-1.08,1744,eng ENG,MF,eng Premier League,18-207,2007.0,0.3,0,0,0,1,0,0,0,0,0,0
Nordi Mukiele,fr FRA,DF,Sunderland,eng Premier League,28.0,1997.0,25,25,2163,24.0,1,3,4,1,0,0,4,0,0.17,1747,fr FRA,DF,eng Premier League,28-136,1997.0,24.0,1,16,2,12.5,0.67,0.08,0.06,0.5,0,0,2192,fr FRA,DF,eng Premier League,28-136,1997.0,25,2163,87,80.1,24.0,25,87.0,23,0,,0,1.32,24,28,-4,-0.17,0.0,1747,fr FRA,DF,eng Premier League,28-136,1997.0,24.0,4,0,0,23,20,2,58,29,36,1
Romaine Mundle,eng ENG,MF,Sunderland,eng Premier League,22.0,2003.0,14,2,411,4.6,0,0,0,0,0,0,1,0,0.0,1748,eng ENG,MF,eng Premier League,22-327,2003.0,4.6,0,7,2,28.6,1.53,0.44,0.0,0.0,0,0,2198,eng ENG,MF,eng Premier League,22-327,2003.0,14,411,29,15.2,4.6,2,66.0,0,12,23.0,1,1.14,5,11,-6,-1.31,-1.35,1748,eng ENG,MF,eng Premier League,22-327,2003.0,4.6,1,0,0,7,8,0,11,1,4,0
Rodrigo Muniz,br BRA,FW,Fulham,eng Premier League,24.0,2001.0,13,4,504,5.6,1,1,2,1,0,0,1,0,0.36,1751,br BRA,FW,eng Premier League,24-317,2001.0,5.6,1,17,4,23.5,3.04,0.71,0.06,0.25,0,0,2201,br BRA,FW,eng Premier League,24-317,2001.0,13,504,39,18.7,5.6,4,73.0,0,9,24.0,0,1.38,6,7,-1,-0.18,-0.1,1751,br BRA,FW,eng Premier League,24-317,2001.0,5.6,1,0,0,11,9,3,1,0,1,1
Daniel Muñoz,co COL,MF,Crystal Palace,eng Premier League,29.0,1996.0,21,21,1778,19.8,3,2,5,3,0,0,5,0,0.25,1754,co COL,MF,eng Premier League,29-295,1996.0,19.8,3,18,7,38.9,0.91,0.35,0.17,0.43,0,0,2204,co COL,MF,eng Premier League,29-295,1996.0,21,1778,85,65.9,19.8,21,85.0,17,0,,0,1.57,24,20,4,0.2,0.79,1754,co COL,MF,eng Premier League,29-295,1996.0,19.8,5,0,0,24,13,6,48,20,31,0
Murillo,br BRA,DF,Nottingham Forest,eng Premier League,23.0,2002.0,22,22,1909,21.2,1,0,1,1,0,0,4,0,0.05,1759,br BRA,DF,eng Premier League,23-256,2002.0,21.2,1,10,4,40.0,0.47,0.19,0.1,0.25,0,0,2210,br BRA,DF,eng Premier League,23-256,2002.0,22,1909,87,70.7,21.2,22,87.0,20,0,,1,1.09,25,28,-3,-0.14,1.22,1759,br BRA,DF,eng Premier League,23-256,2002.0,21.2,4,0,0,19,7,0,2,25,21,1
Alex Murphy,ie IRL,DF,Newcastle United,eng Premier League,21.0,2004.0,1,0,2,0.0,0,0,0,0,0,0,0,0,0.0,1761,ie IRL,DF,eng Premier League,21-265,2004.0,0.0,0,0,0,,0.0,0.0,,,0,0,2212,ie IRL,DF,eng Premier League,21-265,2004.0,1,2,2,0.1,0.0,0,,0,1,2.0,18,0.0,0,1,-1,-45.0,-45.03,1761,ie IRL,DF,eng Premier League,21-265,2004.0,0.0,0,0,0,0,0,0,0,0,0,0
Vitaliy Mykolenko,ua UKR,DF,Everton,eng Premier League,26.0,1999.0,25,25,2238,24.9,0,1,1,0,0,0,5,0,0.04,1775,ua UKR,DF,eng Premier League,26-292,1999.0,24.9,0,9,2,22.2,0.36,0.08,0.0,0.0,0,0,2226,ua UKR,DF,eng Premier League,26-292,1999.0,25,2238,90,82.9,24.9,25,90.0,22,0,,1,1.52,31,32,-1,-0.04,-0.04,1775,ua UKR,DF,eng Premier League,26-292,1999.0,24.9,5,0,0,24,22,0,69,24,15,1
Iliman Ndiaye,sn SEN,MF,Everton,eng Premier League,26.0,2000.0,24,24,2060,22.9,5,3,8,3,2,2,2,0,0.26,1793,sn SEN,MF,eng Premier League,26-011,2000.0,22.9,5,29,14,48.3,1.27,0.61,0.1,0.21,2,2,2251,sn SEN,MF,eng Premier League,26-011,2000.0,24,2060,86,76.3,22.9,24,86.0,14,0,,0,1.46,27,29,-2,-0.09,-0.23,1793,sn SEN,MF,eng Premier League,26-011,2000.0,22.9,2,0,0,25,30,9,41,13,32,0
Dan Ndoye,ch SUI,MF,Nottingham Forest,eng Premier League,25.0,2000.0,22,14,1160,12.9,1,1,2,1,0,0,1,0,0.16,1798,ch SUI,MF,eng Premier League,25-143,2000.0,12.9,1,15,4,26.7,1.16,0.31,0.07,0.25,0,0,2256,ch SUI,MF,eng Premier League,25-143,2000.0,22,1160,53,43.0,12.9,14,71.0,3,8,21.0,3,1.0,14,17,-3,-0.23,0.47,1798,ch SUI,MF,eng Premier League,25-143,2000.0,12.9,1,0,0,15,19,9,41,10,11,0
Dan Neil,eng ENG,MF,Sunderland,eng Premier League,24.0,2001.0,3,0,14,0.2,0,0,0,0,0,0,0,0,0.0,1803,eng ENG,MF,eng Premier League,24-094,2001.0,0.2,0,0,0,,0.0,0.0,,,0,0,2263,eng ENG,MF,eng Premier League,24-094,2001.0,3,14,5,0.5,0.2,0,,0,3,5.0,19,1.33,0,0,0,0.0,0.17,1803,eng ENG,MF,eng Premier League,24-094,2001.0,0.2,0,0,0,0,1,0,0,1,0,0
Pedro Neto,pt POR,MF,Chelsea,eng Premier League,26.0,2000.0,28,24,2140,23.8,5,4,9,5,0,0,4,1,0.38,1808,pt POR,MF,eng Premier League,26-008,2000.0,23.8,5,39,11,28.2,1.64,0.46,0.13,0.45,0,0,2270,pt POR,MF,eng Premier League,26-008,2000.0,28,2140,76,79.3,23.8,24,82.0,13,4,46.0,0,1.61,42,21,21,0.88,1.37,1808,pt POR,MF,eng Premier League,26-008,2000.0,23.8,4,1,1,11,20,5,154,6,9,0
Rio Ngumoha,eng ENG,MF,Liverpool,eng Premier League,17.0,2008.0,12,1,201,2.2,1,0,1,1,0,0,0,0,0.45,1824,eng ENG,MF,eng Premier League,17-200,2008.0,2.2,1,6,4,66.7,2.69,1.79,0.17,0.25,0,0,2286,eng ENG,MF,eng Premier League,17-200,2008.0,12,201,17,7.4,2.2,1,63.0,0,11,13.0,17,1.25,9,4,5,2.24,2.09,1824,eng ENG,MF,eng Premier League,17-200,2008.0,2.2,0,0,0,1,3,0,12,1,1,0
Eddie Nketiah,eng ENG,MF,Crystal Palace,eng Premier League,26.0,1999.0,12,2,424,4.7,2,0,2,2,0,0,2,0,0.42,1840,eng ENG,MF,eng Premier League,26-291,1999.0,4.7,2,15,6,40.0,3.18,1.27,0.13,0.33,0,0,2303,eng ENG,MF,eng Premier League,26-291,1999.0,12,424,35,15.7,4.7,2,70.0,0,10,28.0,0,1.33,6,12,-6,-1.27,-1.43,1840,eng ENG,MF,eng Premier League,26-291,1999.0,4.7,2,0,0,7,7,3,0,2,6,0
Lukas Nmecha,de GER,FW,Leeds United,eng Premier League,27.0,1998.0,24,8,812,9.0,6,1,7,4,2,3,0,0,0.55,1844,de GER,FW,eng Premier League,27-093,1998.0,9.0,6,21,13,61.9,2.33,1.44,0.19,0.31,2,3,2308,de GER,FW,eng Premier League,27-093,1998.0,24,812,34,30.1,9.0,8,69.0,0,16,16.0,2,0.96,10,18,-8,-0.89,-0.74,1844,de GER,FW,eng Premier League,27-093,1998.0,9.0,0,0,0,16,13,2,5,3,4,0
Matheus Nunes,pt POR,DF,Manchester City,eng Premier League,27.0,1998.0,27,25,2265,25.2,1,4,5,1,0,0,4,0,0.2,1854,pt POR,DF,eng Premier League,27-202,1998.0,25.2,1,7,2,28.6,0.28,0.08,0.14,0.5,0,0,2320,pt POR,DF,eng Premier League,27-202,1998.0,27,2265,84,83.9,25.2,25,88.0,22,2,35.0,2,2.15,53,23,30,1.19,0.78,1854,pt POR,DF,eng Premier League,27-202,1998.0,25.2,4,0,0,13,25,4,52,24,35,0
Ethan Nwaneri,eng ENG,MF,Arsenal,eng Premier League,18.0,2007.0,6,0,171,1.9,0,0,0,0,0,0,0,0,0.0,1861,eng ENG,MF,eng Premier League,18-361,2007.0,1.9,0,6,0,0.0,3.16,0.0,0.0,,0,0,2329,eng ENG,MF,eng Premier League,18-361,2007.0,6,171,29,6.1,1.9,0,,0,6,29.0,11,2.67,8,0,8,4.21,3.15,1861,eng ENG,MF,eng Premier League,18-361,2007.0,1.9,0,0,0,2,0,0,2,0,0,0
Trey Nyoni,eng ENG,MF,Liverpool,eng Premier League,18.0,2007.0,4,0,15,0.2,0,0,0,0,0,0,0,0,0.0,1865,eng ENG,MF,eng Premier League,18-260,2007.0,0.2,0,1,0,0.0,6.0,0.0,0.0,,0,0,2334,eng ENG,MF,eng Premier League,18-260,2007.0,4,15,4,0.6,0.2,0,,0,4,4.0,17,2.5,0,1,-1,-6.0,-6.34,1865,eng ENG,MF,eng Premier League,18-260,2007.0,0.2,0,0,0,0,0,1,0,0,0,0
Christian Nørgaard,dk DEN,MF,Arsenal,eng Premier League,32.0,1994.0,6,0,61,0.7,0,0,0,0,0,0,0,0,0.0,1869,dk DEN,MF,eng Premier League,32-007,1994.0,0.7,0,1,1,100.0,1.48,1.48,0.0,0.0,0,0,2339,dk DEN,MF,eng Premier League,32-007,1994.0,6,61,10,2.2,0.7,0,,0,6,10.0,18,3.0,2,1,1,1.48,0.22,1869,dk DEN,MF,eng Premier League,32-007,1994.0,0.7,0,0,0,1,0,0,0,0,0,0
Jake O'Brien,ie IRL,DF,Everton,eng Premier League,24.0,2001.0,29,27,2458,27.3,0,1,1,0,0,0,2,1,0.04,1870,ie IRL,DF,eng Premier League,24-306,2001.0,27.3,0,9,3,33.3,0.33,0.11,0.0,0.0,0,0,2340,ie IRL,DF,eng Premier League,24-306,2001.0,29,2458,85,91.0,27.3,27,88.0,24,2,42.0,0,1.48,32,33,-1,-0.04,-0.04,1870,ie IRL,DF,eng Premier League,24-306,2001.0,27.3,2,1,0,15,10,3,41,10,28,0
Luke O'Nien,eng ENG,DF,Sunderland,eng Premier League,31.0,1994.0,7,1,141,1.6,0,0,0,0,0,0,1,1,0.0,1871,eng ENG,DF,eng Premier League,31-116,1994.0,1.6,0,0,0,,0.0,0.0,,,0,0,2341,eng ENG,DF,eng Premier League,31-116,1994.0,7,141,20,5.2,1.6,1,90.0,1,6,9.0,14,1.0,1,0,1,0.64,0.85,1871,eng ENG,DF,eng Premier League,31-116,1994.0,1.6,1,1,0,4,3,0,2,2,2,0
Matt O'Riley,dk DEN,MF,Brighton,eng Premier League,25.0,2000.0,4,2,187,2.1,1,0,1,0,1,1,0,0,0.0,1873,dk DEN,MF,eng Premier League,25-116,2000.0,2.1,1,4,2,50.0,1.93,0.96,0.0,0.0,1,1,2343,dk DEN,MF,eng Premier League,25-116,2000.0,4,187,47,6.9,2.1,2,89.0,1,2,5.0,3,1.0,1,2,-1,-0.48,-0.62,1873,dk DEN,MF,eng Premier League,25-116,2000.0,2.1,0,0,0,2,1,1,6,0,2,0
Callum Olusesi,eng ENG,MF,Tottenham Hotspur,eng Premier League,19.0,2007.0,1,0,15,0.2,0,0,0,0,0,0,0,0,0.0,1896,eng ENG,MF,eng Premier League,19-059,2007.0,0.2,0,0,0,,0.0,0.0,,,0,0,2377,eng ENG,MF,eng Premier League,19-059,2007.0,1,15,15,0.6,0.2,0,,0,1,15.0,7,1.0,1,0,1,6.0,6.27,1896,eng ENG,MF,eng Premier League,19-059,2007.0,0.2,0,0,0,0,0,0,0,0,0,0
Amadou Onana,be BEL,MF,Aston Villa,eng Premier League,24.0,2001.0,21,18,1470,16.3,2,0,2,2,0,0,2,0,0.12,1900,be BEL,MF,eng Premier League,24-213,2001.0,16.3,2,13,6,46.2,0.8,0.37,0.15,0.33,0,0,2385,be BEL,MF,eng Premier League,24-213,2001.0,21,1470,70,54.4,16.3,18,79.0,8,3,16.0,1,1.86,21,22,-1,-0.06,-0.35,1900,be BEL,MF,eng Premier League,24-213,2001.0,16.3,2,0,0,17,23,0,0,16,22,0
Frank Onyeka,ng NGA,MF,Brentford,eng Premier League,28.0,1998.0,6,0,92,1.0,0,1,1,0,0,0,0,0,0.98,1903,ng NGA,MF,eng Premier League,28-075,1998.0,1.0,0,0,0,,0.0,0.0,,,0,0,2390,ng NGA,MF,eng Premier League,28-075,1998.0,6,92,15,3.4,1.0,0,,0,6,15.0,10,1.5,3,2,1,0.98,0.87,1903,ng NGA,MF,eng Premier League,28-075,1998.0,1.0,0,0,0,3,3,0,0,0,0,0
Nehemiah Oriola,eng ENG,MF,Brighton,eng Premier League,18.0,2007.0,1,0,1,0.0,0,0,0,0,0,0,0,0,0.0,1911,eng ENG,MF,eng Premier League,18-279,2007.0,0.0,0,0,0,,0.0,0.0,,,0,0,2399,eng ENG,MF,eng Premier League,18-279,2007.0,1,1,1,0.0,0.0,0,,0,1,1.0,6,3.0,0,0,0,0.0,-0.1,1911,eng ENG,MF,eng Premier League,18-279,2007.0,0.0,0,0,0,0,0,0,0,0,0,0
William Osula,dk DEN,FW,Newcastle United,eng Premier League,22.0,2003.0,16,1,280,3.1,2,0,2,2,0,0,0,0,0.64,1921,dk DEN,FW,eng Premier League,22-225,2003.0,3.1,2,8,4,50.0,2.57,1.29,0.25,0.5,0,0,2411,dk DEN,FW,eng Premier League,22-225,2003.0,16,280,18,10.4,3.1,1,90.0,1,15,13.0,2,1.13,4,6,-2,-0.64,-0.72,1921,dk DEN,FW,eng Premier League,22-225,2003.0,3.1,0,0,0,13,1,0,1,0,1,0
Dango Ouattara,bf BFA,MF,Brentford,eng Premier League,24.0,2002.0,24,19,1700,18.9,5,3,8,5,0,0,4,0,0.42,1925,bf BFA,MF,eng Premier League,24-034,2002.0,18.9,5,36,12,33.3,1.91,0.64,0.14,0.42,0,0,2417,bf BFA,MF,eng Premier League,24-034,2002.0,24,1700,71,63.0,18.9,19,82.0,7,5,27.0,0,1.33,26,26,0,0.0,-0.36,1925,bf BFA,MF,eng Premier League,24-034,2002.0,18.9,4,0,0,21,30,7,73,20,11,0
Pablo,br BRA,MF,West Ham United,eng Premier League,22.0,2004.0,6,4,315,3.5,0,0,0,0,0,0,0,0,0.0,1937,br BRA,MF,eng Premier League,22-074,2004.0,3.5,0,4,0,0.0,1.14,0.0,0.0,,0,0,2430,br BRA,MF,eng Premier League,22-074,2004.0,6,315,53,11.7,3.5,4,69.0,0,2,20.0,1,1.67,7,5,2,0.57,1.36,1937,br BRA,MF,eng Premier League,22-074,2004.0,3.5,0,0,0,11,4,0,0,3,5,0
Nathan Patterson,sct SCO,DF,Everton,eng Premier League,24.0,2001.0,6,3,240,2.7,0,0,0,0,0,0,0,0,0.0,1965,sct SCO,DF,eng Premier League,24-152,2001.0,2.7,0,1,1,100.0,0.37,0.37,0.0,0.0,0,0,2464,sct SCO,DF,eng Premier League,24-152,2001.0,6,240,40,8.9,2.7,3,77.0,1,3,3.0,15,1.67,3,1,2,0.75,0.86,1965,sct SCO,DF,eng Premier League,24-152,2001.0,2.7,0,0,0,2,2,1,6,2,4,0
Myles Peart-Harris,eng ENG,MF,Brentford,eng Premier League,23.0,2002.0,1,0,1,0.0,0,0,0,0,0,0,0,0,0.0,1973,eng ENG,MF,eng Premier League,23-180,2002.0,0.0,0,0,0,,0.0,0.0,,,0,0,2475,eng ENG,MF,eng Premier League,23-180,2002.0,1,1,1,0.0,0.0,0,,0,1,1.0,4,3.0,0,0,0,0.0,-0.13,1973,eng ENG,MF,eng Premier League,23-180,2002.0,0.0,0,0,0,1,0,0,0,0,0,0
Ethan Pinnock,jm JAM,DF,Brentford,eng Premier League,32.0,1993.0,3,3,228,2.5,0,0,0,0,0,0,1,0,0.0,2026,jm JAM,DF,eng Premier League,32-292,1993.0,2.5,0,0,0,,0.0,0.0,,,0,0,2544,jm JAM,DF,eng Premier League,32-292,1993.0,3,228,76,8.4,2.5,3,76.0,0,0,,25,0.33,2,5,-3,-1.18,-1.44,2026,jm JAM,DF,eng Premier League,32-292,1993.0,2.5,1,0,0,0,2,0,0,4,4,1
Yeremi Pino,es ESP,MF,Crystal Palace,eng Premier League,23.0,2002.0,27,21,1721,19.1,2,1,3,2,0,0,4,0,0.16,2028,es ESP,MF,eng Premier League,23-148,2002.0,19.1,2,38,10,26.3,1.99,0.52,0.05,0.2,0,0,2546,es ESP,MF,eng Premier League,23-148,2002.0,27,1721,64,63.7,19.1,21,77.0,4,6,18.0,1,1.26,17,20,-3,-0.16,-0.25,2028,es ESP,MF,eng Premier League,23-148,2002.0,19.1,4,0,0,25,21,8,65,6,17,0
Joël Piroe,nl NED,FW,Leeds United,eng Premier League,26.0,1999.0,13,2,226,2.5,0,0,0,0,0,0,0,0,0.0,2030,nl NED,FW,eng Premier League,26-227,1999.0,2.5,0,11,2,18.2,4.38,0.8,0.0,0.0,0,0,2550,nl NED,FW,eng Premier League,26-227,1999.0,13,226,17,8.4,2.5,2,67.0,0,11,8.0,16,0.85,2,7,-5,-1.99,-1.77,2030,nl NED,FW,eng Premier League,26-227,1999.0,2.5,0,0,0,3,0,1,4,1,1,0
Pedro Porro,es ESP,DF,Tottenham Hotspur,eng Premier League,26.0,1999.0,26,24,2076,23.1,0,2,2,0,0,0,6,0,0.09,2040,es ESP,DF,eng Premier League,26-185,1999.0,23.1,0,20,2,10.0,0.87,0.09,0.0,0.0,0,0,2565,es ESP,DF,eng Premier League,26-185,1999.0,26,2076,80,76.9,23.1,24,85.0,18,2,21.0,0,1.12,32,30,2,0.09,1.38,2040,es ESP,DF,eng Premier League,26-185,1999.0,23.1,6,0,0,25,20,1,168,18,33,0
Freddie Potts,eng ENG,MF,West Ham United,eng Premier League,22.0,2003.0,19,11,1101,12.2,0,1,1,0,0,0,1,0,0.08,2044,eng ENG,MF,eng Premier League,22-186,2003.0,12.2,0,3,1,33.3,0.25,0.08,0.0,0.0,0,0,2570,eng ENG,MF,eng Premier League,22-186,2003.0,19,1101,58,40.8,12.2,11,80.0,4,8,28.0,7,0.95,15,23,-8,-0.65,-0.03,2044,eng ENG,MF,eng Premier League,22-186,2003.0,12.2,1,0,0,13,14,0,34,14,18,0
Jacob Ramsey,eng ENG,MF,Newcastle United,eng Premier League,24.0,2001.0,20,10,991,11.0,2,1,3,2,0,0,5,1,0.27,2078,eng ENG,MF,eng Premier League,24-293,2001.0,11.0,2,12,4,33.3,1.09,0.36,0.17,0.5,0,0,2620,eng ENG,MF,eng Premier League,24-293,2001.0,20,991,50,36.7,11.0,10,72.0,3,10,27.0,5,1.3,18,20,-2,-0.18,-0.29,2078,eng ENG,MF,eng Premier League,24-293,2001.0,11.0,5,1,1,14,11,2,7,7,10,0
Harrison Reed,eng ENG,MF,Fulham,eng Premier League,31.0,1995.0,5,0,27,0.3,1,0,1,1,0,0,0,0,3.33,2095,eng ENG,MF,eng Premier League,31-049,1995.0,0.3,1,1,1,100.0,3.33,3.33,1.0,1.0,0,0,2639,eng ENG,MF,eng Premier League,31-049,1995.0,5,27,5,1.0,0.3,0,,0,5,5.0,18,1.6,1,1,0,0.0,0.1,2095,eng ENG,MF,eng Premier League,31-049,1995.0,0.3,0,0,0,0,1,0,3,0,0,0
Tijjani Reijnders,nl NED,MF,Manchester City,eng Premier League,27.0,1998.0,26,17,1496,16.6,5,2,7,5,0,0,2,0,0.42,2098,nl NED,MF,eng Premier League,27-231,1998.0,16.6,5,41,15,36.6,2.47,0.9,0.12,0.33,0,0,2643,nl NED,MF,eng Premier League,27-231,1998.0,26,1496,58,55.4,16.6,17,79.0,6,9,18.0,4,1.96,30,15,15,0.9,-0.37,2098,nl NED,MF,eng Premier League,27-231,1998.0,16.6,2,0,0,18,15,4,37,11,4,0
Chadi Riad,ma MAR,DF,Crystal Palace,eng Premier League,22.0,2003.0,6,3,314,3.5,0,1,1,0,0,0,2,0,0.29,2109,ma MAR,DF,eng Premier League,22-273,2003.0,3.5,0,2,1,50.0,0.57,0.29,0.0,0.0,0,0,2654,ma MAR,DF,eng Premier League,22-273,2003.0,6,314,52,11.6,3.5,3,74.0,1,3,31.0,3,1.17,5,3,2,0.57,0.72,2109,ma MAR,DF,eng Premier League,22-273,2003.0,3.5,2,0,0,4,2,0,6,1,3,0
Declan Rice,eng ENG,MF,Arsenal,eng Premier League,27.0,1999.0,30,29,2581,28.7,4,5,9,4,0,0,2,0,0.31,2113,eng ENG,MF,eng Premier League,27-062,1999.0,28.7,4,36,12,33.3,1.26,0.42,0.11,0.33,0,0,2658,eng ENG,MF,eng Premier League,27-062,1999.0,30,2581,86,92.5,28.7,29,88.0,24,1,23.0,0,2.23,54,21,33,1.15,-1.43,2113,eng ENG,MF,eng Premier League,27-062,1999.0,28.7,2,0,0,20,8,1,145,27,29,0
Chris Richards,us USA,DF,Crystal Palace,eng Premier League,25.0,2000.0,26,26,2332,25.9,1,0,1,1,0,0,3,0,0.04,2114,us USA,DF,eng Premier League,25-354,2000.0,25.9,1,10,1,10.0,0.39,0.04,0.1,1.0,0,0,2659,us USA,DF,eng Premier League,25-354,2000.0,26,2332,90,86.4,25.9,26,90.0,25,0,,1,1.42,32,31,1,0.04,0.77,2114,us USA,DF,eng Premier League,25-354,2000.0,25.9,3,0,0,13,3,0,11,40,31,0
Richarlison,br BRA,FW,Tottenham Hotspur,eng Premier League,28.0,1997.0,25,14,1445,16.1,9,3,12,9,0,0,5,0,0.75,2116,br BRA,FW,eng Premier League,28-311,1997.0,16.1,9,44,20,45.5,2.74,1.25,0.2,0.45,0,0,2661,br BRA,FW,eng Premier League,28-311,1997.0,25,1445,58,53.5,16.1,14,85.0,10,11,23.0,0,1.12,23,21,2,0.12,0.77,2116,br BRA,FW,eng Premier League,28-311,1997.0,16.1,5,0,0,17,26,7,14,6,14,0
Chris Rigg,eng ENG,MF,Sunderland,eng Premier League,18.0,2007.0,12,7,468,5.2,0,0,0,0,0,0,0,0,0.0,2122,eng ENG,MF,eng Premier League,18-272,2007.0,5.2,0,5,0,0.0,0.96,0.0,0.0,,0,0,2668,eng ENG,MF,eng Premier League,18-272,2007.0,12,468,39,17.3,5.2,7,63.0,1,5,6.0,16,1.67,4,3,1,0.19,0.43,2122,eng ENG,MF,eng Premier League,18-272,2007.0,5.2,0,0,0,6,8,1,5,2,4,0
Andrew Robertson,sct SCO,DF,Liverpool,eng Premier League,32.0,1994.0,18,6,760,8.4,0,0,0,0,0,0,0,0,0.0,2132,sct SCO,DF,eng Premier League,32-006,1994.0,8.4,0,5,1,20.0,0.59,0.12,0.0,0.0,0,0,2683,sct SCO,DF,eng Premier League,32-006,1994.0,18,760,42,28.1,8.4,6,79.0,3,12,24.0,12,1.56,14,11,3,0.36,0.08,2132,sct SCO,DF,eng Premier League,32-006,1994.0,8.4,0,0,0,4,0,5,34,6,9,0
Joe Rodon,wls WAL,DF,Leeds United,eng Premier League,28.0,1997.0,28,28,2455,27.3,2,0,2,2,0,0,1,0,0.07,2138,wls WAL,DF,eng Premier League,28-146,1997.0,27.3,2,15,4,26.7,0.55,0.15,0.13,0.5,0,0,2689,wls WAL,DF,eng Premier League,28-146,1997.0,28,2455,88,90.9,27.3,28,88.0,25,0,,0,1.07,35,45,-10,-0.37,0.0,2138,wls WAL,DF,eng Premier League,28-146,1997.0,27.3,1,0,0,12,17,1,3,27,16,0
Rodri,es ESP,MF,Manchester City,eng Premier League,29.0,1996.0,18,14,1244,13.8,1,0,1,1,0,0,2,0,0.07,2139,es ESP,MF,eng Premier League,29-268,1996.0,13.8,1,11,2,18.2,0.8,0.14,0.09,0.5,0,0,2690,es ESP,MF,eng Premier League,29-268,1996.0,18,1244,69,46.1,13.8,14,83.0,10,4,22.0,1,1.72,22,13,9,0.65,-0.77,2139,es ESP,MF,eng Premier League,29-268,1996.0,13.8,2,0,0,10,26,0,4,11,22,0
Guido Rodríguez,ar ARG,MF,West Ham United,eng Premier League,31.0,1994.0,6,2,180,2.0,0,0,0,0,0,0,1,0,0.0,2143,ar ARG,MF,eng Premier League,31-339,1994.0,2.0,0,1,0,0.0,0.5,0.0,0.0,,0,0,2695,ar ARG,MF,eng Premier League,31-339,1994.0,6,180,30,6.7,2.0,2,67.0,0,4,12.0,15,0.67,1,2,-1,-0.5,0.14,2143,ar ARG,MF,eng Premier League,31-339,1994.0,2.0,1,0,0,2,4,0,2,2,0,0
Merlin Röhl,de GER,MF,Everton,eng Premier League,23.0,2002.0,11,2,364,4.0,0,0,0,0,0,0,0,0,0.0,2153,de GER,MF,eng Premier League,23-255,2002.0,4.0,0,7,0,0.0,1.73,0.0,0.0,,0,0,2707,de GER,MF,eng Premier League,23-255,2002.0,11,364,33,13.5,4.0,2,90.0,2,9,20.0,8,1.09,6,6,0,0.0,0.04,2153,de GER,MF,eng Premier League,23-255,2002.0,4.0,0,0,0,9,3,1,4,2,9,0
Cristian Romero,ar ARG,DF,Tottenham Hotspur,eng Premier League,27.0,1998.0,21,20,1709,19.0,4,1,5,4,0,0,10,2,0.26,2160,ar ARG,DF,eng Premier League,27-324,1998.0,19.0,4,15,6,40.0,0.79,0.32,0.27,0.67,0,0,2715,ar ARG,DF,eng Premier League,27-324,1998.0,21,1709,81,63.3,19.0,20,84.0,14,1,31.0,0,1.1,26,27,-1,-0.05,0.49,2160,ar ARG,DF,eng Premier League,27-324,1998.0,19.0,10,2,1,28,12,0,1,29,26,0
James Rowswell,eng ENG,DF,Tottenham Hotspur,eng Premier League,19.0,2006.0,1,0,1,0.0,0,0,0,0,0,0,0,0,0.0,2177,eng ENG,DF,eng Premier League,19-247,2006.0,0.0,0,0,0,,0.0,0.0,,,0,0,2738,eng ENG,DF,eng Premier League,19-247,2006.0,1,1,1,0.0,0.0,0,,0,1,1.0,6,1.0,0,0,0,0.0,0.23,2177,eng ENG,DF,eng Premier League,19-247,2006.0,0.0,0,0,0,0,0,0,0,0,0,0
Noah Sadiki,cd COD,MF,Sunderland,eng Premier League,21.0,2004.0,25,25,2202,24.5,0,0,0,0,0,0,6,0,0.0,2200,cd COD,MF,eng Premier League,21-090,2004.0,24.5,0,12,3,25.0,0.49,0.12,0.0,0.0,0,0,2764,cd COD,MF,eng Premier League,21-090,2004.0,25,2202,88,81.6,24.5,25,88.0,20,0,,0,1.44,27,29,-2,-0.08,0.46,2200,cd COD,MF,eng Premier League,21-090,2004.0,24.5,6,0,0,22,30,1,16,28,20,0
William Saliba,fr FRA,DF,Arsenal,eng Premier League,24.0,2001.0,25,24,2074,23.0,1,0,1,1,0,0,1,0,0.04,2217,fr FRA,DF,eng Premier League,24-358,2001.0,23.0,1,5,1,20.0,0.22,0.04,0.2,1.0,0,0,2787,fr FRA,DF,eng Premier League,24-358,2001.0,25,2074,83,74.3,23.0,24,85.0,22,1,45.0,0,2.36,52,16,36,1.56,1.19,2217,fr FRA,DF,eng Premier League,24-358,2001.0,23.0,1,0,0,17,15,1,9,13,17,0
Jadon Sancho,eng ENG,MF,Aston Villa,eng Premier League,25.0,2000.0,18,7,697,7.7,0,1,1,0,0,0,0,0,0.13,2235,eng ENG,MF,eng Premier League,25-357,2000.0,7.7,0,9,3,33.3,1.16,0.39,0.0,0.0,0,0,2811,eng ENG,MF,eng Premier League,25-357,2000.0,18,697,39,25.8,7.7,7,65.0,0,11,22.0,5,1.72,10,5,5,0.65,0.74,2235,eng ENG,MF,eng Premier League,25-357,2000.0,7.7,0,0,0,3,2,2,20,2,2,0
Ibrahim Sangaré,ci CIV,MF,Nottingham Forest,eng Premier League,28.0,1997.0,22,20,1675,18.6,2,2,4,2,0,0,4,0,0.21,2243,ci CIV,MF,eng Premier League,28-105,1997.0,18.6,2,16,5,31.3,0.86,0.27,0.13,0.4,0,0,2820,ci CIV,MF,eng Premier League,28-105,1997.0,22,1675,76,62.0,18.6,20,83.0,13,2,8.0,3,1.18,18,22,-4,-0.21,0.75,2243,ci CIV,MF,eng Premier League,28-105,1997.0,18.6,4,0,0,32,13,0,8,17,24,0
Andrey Santos,br BRA,MF,Chelsea,eng Premier League,21.0,2004.0,22,10,975,10.8,0,0,0,0,0,0,4,0,0.0,2253,br BRA,MF,eng Premier League,21-318,2004.0,10.8,0,8,1,12.5,0.74,0.09,0.0,0.0,0,0,2830,br BRA,MF,eng Premier League,21-318,2004.0,22,975,44,36.1,10.8,10,71.0,3,12,22.0,7,1.64,17,12,5,0.46,-0.22,2253,br BRA,MF,eng Premier League,21-318,2004.0,10.8,4,0,0,11,19,1,1,17,13,0
Mamadou Sarr,sn SEN,DF,Chelsea,eng Premier League,20.0,2005.0,2,1,92,1.0,0,0,0,0,0,0,0,0,0.0,2264,sn SEN,DF,eng Premier League,20-200,2005.0,1.0,0,1,0,0.0,0.98,0.0,0.0,,0,0,2847,sn SEN,DF,eng Premier League,20-200,2005.0,2,92,46,3.4,1.0,1,89.0,0,1,3.0,4,0.5,1,3,-2,-1.96,-2.65,2264,sn SEN,DF,eng Premier League,20-200,2005.0,1.0,0,0,0,0,0,0,0,1,0,0
Sávio,br BRA,MF,Manchester City,eng Premier League,21.0,2004.0,17,5,573,6.4,0,1,1,0,0,0,2,0,0.16,2269,br BRA,MF,eng Premier League,21-341,2004.0,6.4,0,14,9,64.3,2.2,1.41,0.0,0.0,0,0,2853,br BRA,MF,eng Premier League,21-341,2004.0,17,573,34,21.2,6.4,5,74.0,1,12,17.0,2,2.29,9,5,4,0.63,-0.56,2269,br BRA,MF,eng Premier League,21-341,2004.0,6.4,2,0,0,8,10,4,28,5,3,0
Nicolò Savona,it ITA,DF,Nottingham Forest,eng Premier League,22.0,2003.0,14,11,1028,11.4,2,0,2,2,0,0,2,0,0.18,2270,it ITA,DF,eng Premier League,22-363,2003.0,11.4,2,5,3,60.0,0.44,0.26,0.4,0.67,0,0,2854,it ITA,DF,eng Premier League,22-363,2003.0,14,1028,73,38.1,11.4,11,85.0,9,3,31.0,4,0.93,13,18,-5,-0.44,0.1,2270,it ITA,DF,eng Premier League,22-363,2003.0,11.4,2,0,0,12,5,1,27,5,12,0
Dane Scarlett,eng ENG,FW,Tottenham Hotspur,eng Premier League,21.0,2004.0,2,0,9,0.1,0,0,0,0,0,0,0,0,0.0,2275,eng ENG,FW,eng Premier League,21-358,2004.0,0.1,0,0,0,,0.0,0.0,,,0,0,2861,eng ENG,FW,eng Premier League,21-358,2004.0,2,9,5,0.3,0.1,0,,0,2,5.0,9,1.0,1,0,1,10.0,10.27,2275,eng ENG,FW,eng Premier League,21-358,2004.0,0.1,0,0,0,1,0,0,0,0,0,0
Fabian Schär,ch SUI,DF,Newcastle United,eng Premier League,34.0,1991.0,16,11,1091,12.1,0,0,0,0,0,0,1,0,0.0,2278,ch SUI,DF,eng Premier League,34-087,1991.0,12.1,0,17,4,23.5,1.4,0.33,0.0,0.0,0,0,2864,ch SUI,DF,eng Premier League,34-087,1991.0,16,1091,68,40.4,12.1,11,88.0,9,5,25.0,3,1.75,16,13,3,0.25,0.42,2278,ch SUI,DF,eng Premier League,34-087,1991.0,12.1,1,0,0,15,7,1,4,16,9,0
Alex Scott,eng ENG,MF,Bournemouth,eng Premier League,22.0,2003.0,30,27,2220,24.7,2,1,3,2,0,0,3,0,0.12,2294,eng ENG,MF,eng Premier League,22-208,2003.0,24.7,2,37,10,27.0,1.5,0.41,0.05,0.2,0,0,2883,eng ENG,MF,eng Premier League,22-208,2003.0,30,2220,74,82.2,24.7,27,78.0,13,3,39.0,0,1.37,37,35,2,0.08,0.83,2294,eng ENG,MF,eng Premier League,22-208,2003.0,24.7,3,0,0,35,52,1,64,30,30,0
Jenson Seelt,nl NED,DF,Sunderland,eng Premier League,22.0,2003.0,2,1,134,1.5,0,0,0,0,0,0,0,0,0.0,2298,nl NED,DF,eng Premier League,22-298,2003.0,1.5,0,0,0,,0.0,0.0,,,0,0,2887,nl NED,DF,eng Premier League,22-298,2003.0,2,134,67,5.0,1.5,1,52.0,0,1,82.0,1,1.5,0,2,-2,-1.34,-1.24,2298,nl NED,DF,eng Premier League,22-298,2003.0,1.5,0,0,0,1,1,0,1,0,0,0
Antoine Semenyo,gh GHA,MF,Bournemouth,eng Premier League,26.0,2000.0,20,20,1798,20.0,10,3,13,9,1,2,6,0,0.6,2303,gh GHA,MF,eng Premier League,26-069,2000.0,20.0,10,49,27,55.1,2.45,1.35,0.18,0.33,1,2,2894,gh GHA,MF,eng Premier League,26-069,2000.0,20,1798,90,66.6,20.0,20,90.0,18,0,,0,1.25,31,38,-7,-0.35,-0.85,2303,gh GHA,MF,eng Premier League,26-069,2000.0,20.0,6,0,0,37,14,12,28,6,20,0
Marcos Senesi,ar ARG,DF,Bournemouth,eng Premier League,28.0,1997.0,29,29,2568,28.5,0,4,4,0,0,0,8,0,0.14,2307,ar ARG,DF,eng Premier League,28-311,1997.0,28.5,0,15,5,33.3,0.53,0.18,0.0,0.0,0,0,2898,ar ARG,DF,eng Premier League,28-311,1997.0,29,2568,89,95.1,28.5,29,89.0,27,0,,0,1.41,42,45,-3,-0.11,-0.79,2307,ar ARG,DF,eng Premier League,28-311,1997.0,28.5,8,0,0,26,27,1,22,42,29,0
Benjamin Šeško,si SVN,FW,Manchester Utd,eng Premier League,22.0,2003.0,25,13,1322,14.7,9,1,10,9,0,0,1,0,0.68,2310,si SVN,FW,eng Premier League,22-290,2003.0,14.7,9,53,28,52.8,3.61,1.91,0.17,0.32,0,0,2906,si SVN,FW,eng Premier League,22-290,2003.0,25,1322,53,49.0,14.7,13,80.0,7,12,24.0,1,1.76,31,26,5,0.34,-0.18,2310,si SVN,FW,eng Premier League,22-290,2003.0,14.7,1,0,0,14,4,5,2,3,3,0
Luke Shaw,eng ENG,DF,Manchester Utd,eng Premier League,30.0,1995.0,30,30,2525,28.1,0,1,1,0,0,0,5,0,0.04,2313,eng ENG,DF,eng Premier League,30-248,1995.0,28.1,0,5,2,40.0,0.18,0.07,0.0,0.0,0,0,2912,eng ENG,DF,eng Premier League,30-248,1995.0,30,2525,84,93.5,28.1,30,84.0,17,0,,0,1.8,51,37,14,0.5,1.01,2313,eng ENG,DF,eng Premier League,30-248,1995.0,28.1,5,0,0,37,10,0,45,31,30,0
Bernardo Silva,pt POR,MF,Manchester City,eng Premier League,31.0,1994.0,30,26,2245,24.9,2,4,6,2,0,0,9,0,0.24,2323,pt POR,MF,eng Premier League,31-219,1994.0,24.9,2,17,5,29.4,0.68,0.2,0.12,0.4,0,0,2927,pt POR,MF,eng Premier League,31-219,1994.0,30,2245,75,83.1,24.9,26,83.0,11,4,23.0,0,2.03,53,24,29,1.16,0.57,2323,pt POR,MF,eng Premier League,31-219,1994.0,24.9,9,0,0,34,19,5,51,15,14,0
Jota Silva,pt POR,FW,Nottingham Forest,eng Premier League,26.0,1999.0,1,0,12,0.1,0,0,0,0,0,0,0,0,0.0,2326,pt POR,FW,eng Premier League,26-228,1999.0,0.1,0,0,0,,0.0,0.0,,,0,0,2930,pt POR,FW,eng Premier League,26-228,1999.0,1,12,12,0.4,0.1,0,,0,1,12.0,0,3.0,0,0,0,0.0,0.5,2326,pt POR,FW,eng Premier League,26-228,1999.0,0.1,0,0,0,0,1,0,1,0,1,0
Adam Smith,eng ENG,DF,Bournemouth,eng Premier League,34.0,1991.0,17,11,790,8.8,0,1,1,0,0,0,2,0,0.11,2350,eng ENG,DF,eng Premier League,34-322,1991.0,8.8,0,0,0,,0.0,0.0,,,0,0,2963,eng ENG,DF,eng Premier League,34-322,1991.0,17,790,46,29.3,8.8,11,69.0,4,6,6.0,8,1.35,14,15,-1,-0.11,-0.07,2350,eng ENG,DF,eng Premier League,34-322,1991.0,8.8,2,0,0,13,7,0,10,7,8,0
Emile Smith Rowe,eng ENG,MF,Fulham,eng Premier League,25.0,2000.0,29,16,1457,16.2,3,0,3,3,0,0,1,0,0.19,2352,eng ENG,MF,eng Premier League,25-232,2000.0,16.2,3,28,9,32.1,1.73,0.56,0.11,0.33,0,0,2965,eng ENG,MF,eng Premier League,25-232,2000.0,29,1457,50,54.0,16.2,16,75.0,1,13,20.0,0,1.38,23,24,-1,-0.06,0.08,2352,eng ENG,MF,eng Premier League,25-232,2000.0,16.2,1,0,0,4,9,2,10,20,15,0
Dominic Solanke,eng ENG,FW,Tottenham Hotspur,eng Premier League,28.0,1997.0,11,7,692,7.7,3,0,3,3,0,0,1,0,0.39,2357,eng ENG,FW,eng Premier League,28-184,1997.0,7.7,3,12,6,50.0,1.56,0.78,0.25,0.5,0,0,2971,eng ENG,FW,eng Premier League,28-184,1997.0,11,692,63,25.6,7.7,7,86.0,4,4,23.0,0,0.82,9,15,-6,-0.78,-0.74,2357,eng ENG,FW,eng Premier League,28-184,1997.0,7.7,1,0,0,8,5,2,2,3,13,0
Julio Soler,ar ARG,DF,Bournemouth,eng Premier League,21.0,2005.0,3,0,35,0.4,0,0,0,0,0,0,0,0,0.0,2359,ar ARG,DF,eng Premier League,21-029,2005.0,0.4,0,0,0,,0.0,0.0,,,0,0,2973,ar ARG,DF,eng Premier League,21-029,2005.0,3,35,12,1.3,0.4,0,,0,3,12.0,14,1.0,0,2,-2,-5.14,-5.14,2359,ar ARG,DF,eng Premier League,21-029,2005.0,0.4,0,0,0,2,2,0,2,0,0,0
Oliver Sonne,pe PER,DF,Burnley,eng Premier League,25.0,2000.0,7,1,169,1.9,1,0,1,1,0,0,0,0,0.53,2367,pe PER,DF,eng Premier League,25-127,2000.0,1.9,1,3,1,33.3,1.6,0.53,0.33,1.0,0,0,2982,pe PER,DF,eng Premier League,25-127,2000.0,7,169,24,6.3,1.9,1,73.0,0,6,16.0,3,0.71,3,4,-1,-0.53,0.36,2367,pe PER,DF,eng Premier League,25-127,2000.0,1.9,0,0,0,4,0,0,5,1,1,0
Tomáš Souček,cz CZE,MF,West Ham United,eng Premier League,31.0,1995.0,27,16,1516,16.8,4,0,4,4,0,0,2,1,0.24,2373,cz CZE,MF,eng Premier League,31-018,1995.0,16.8,4,18,11,61.1,1.07,0.65,0.22,0.36,0,0,2989,cz CZE,MF,eng Premier League,31-018,1995.0,27,1516,56,56.1,16.8,16,82.0,9,11,19.0,0,1.04,23,32,-9,-0.53,0.23,2373,cz CZE,MF,eng Premier League,31-018,1995.0,16.8,2,1,0,28,14,4,11,15,15,0
Souza,br BRA,MF,Tottenham Hotspur,eng Premier League,19.0,2006.0,4,2,144,1.6,0,0,0,0,0,0,1,0,0.0,2378,br BRA,MF,eng Premier League,19-274,2006.0,1.6,0,1,1,100.0,0.62,0.62,0.0,0.0,0,0,2994,br BRA,MF,eng Premier League,19-274,2006.0,4,144,36,5.3,1.6,2,49.0,0,2,24.0,3,0.25,1,3,-2,-1.25,-1.07,2378,br BRA,MF,eng Premier League,19-274,2006.0,1.6,1,0,0,3,2,0,3,2,0,0
Anton Stach,de GER,MF,Leeds United,eng Premier League,27.0,1998.0,25,24,2046,22.7,4,3,7,4,0,0,3,0,0.31,2383,de GER,MF,eng Premier League,27-122,1998.0,22.7,4,46,13,28.3,2.02,0.57,0.09,0.31,0,0,3002,de GER,MF,eng Premier League,27-122,1998.0,25,2046,82,75.8,22.7,24,84.0,17,1,31.0,1,0.88,27,34,-7,-0.31,0.24,2383,de GER,MF,eng Premier League,27-122,1998.0,22.7,3,0,0,31,20,0,123,17,32,0
John Stones,eng ENG,DF,Manchester City,eng Premier League,31.0,1994.0,7,4,353,3.9,0,0,0,0,0,0,0,0,0.0,2399,eng ENG,DF,eng Premier League,31-293,1994.0,3.9,0,0,0,,0.0,0.0,,,0,0,3025,eng ENG,DF,eng Premier League,31-293,1994.0,7,353,50,13.1,3.9,4,80.0,2,3,11.0,10,1.43,5,8,-3,-0.76,-2.11,2399,eng ENG,DF,eng Premier League,31-293,1994.0,3.9,0,0,0,0,0,0,4,2,0,0
Jørgen Strand Larsen,no NOR,FW,Crystal Palace,eng Premier League,26.0,2000.0,6,6,466,5.2,3,0,3,3,0,0,2,0,0.58,2400,no NOR,FW,eng Premier League,26-039,2000.0,5.2,3,11,5,45.5,2.12,0.97,0.27,0.6,0,0,3026,no NOR,FW,eng Premier League,26-039,2000.0,6,466,78,17.3,5.2,6,78.0,3,0,,0,1.67,8,5,3,0.58,0.78,2400,no NOR,FW,eng Premier League,26-039,2000.0,5.2,2,0,0,15,6,1,0,1,0,0
Jørgen Strand Larsen,no NOR,FW,Wolves,eng Premier League,26.0,2000.0,22,14,1404,15.6,1,1,2,0,1,2,2,0,0.06,2401,no NOR,FW,eng Premier League,26-039,2000.0,15.6,1,21,7,33.3,1.35,0.45,0.0,0.0,1,2,3027,no NOR,FW,eng Premier League,26-039,2000.0,22,1404,64,50.3,15.6,14,83.0,7,8,31.0,0,0.36,6,26,-20,-1.28,-0.63,2401,no NOR,FW,eng Premier League,26-039,2000.0,15.6,2,0,0,30,11,9,3,3,2,0
Pascal Struijk,nl NED,DF,Leeds United,eng Premier League,26.0,1999.0,27,26,2349,26.1,0,1,1,0,0,0,3,0,0.04,2403,nl NED,DF,eng Premier League,26-218,1999.0,26.1,0,24,4,16.7,0.92,0.15,0.0,0.0,0,0,3029,nl NED,DF,eng Premier League,26-218,1999.0,27,2349,87,87.0,26.1,26,90.0,26,1,9.0,2,1.04,32,40,-8,-0.31,0.46,2403,nl NED,DF,eng Premier League,26-218,1999.0,26.1,3,0,0,20,17,5,1,27,18,0
Jocelin Ta Bi,ci CIV,MF,Sunderland,eng Premier League,21.0,2005.0,1,1,38,0.4,0,0,0,0,0,0,0,0,0.0,2432,ci CIV,MF,eng Premier League,21-036,2005.0,0.4,0,0,0,,0.0,0.0,,,0,0,3066,ci CIV,MF,eng Premier League,21-036,2005.0,1,38,38,1.4,0.4,1,38.0,0,0,,0,0.0,0,0,0,0.0,0.17,2432,ci CIV,MF,eng Premier League,21-036,2005.0,0.4,0,0,0,0,1,0,5,0,0,0
Ao Tanaka,jp JPN,MF,Leeds United,eng Premier League,27.0,1998.0,20,7,746,8.3,2,0,2,2,0,0,1,0,0.24,2441,jp JPN,MF,eng Premier League,27-188,1998.0,8.3,2,11,3,27.3,1.33,0.36,0.18,0.67,0,0,3078,jp JPN,MF,eng Premier League,27-188,1998.0,20,746,37,27.6,8.3,7,72.0,0,13,19.0,9,1.25,13,15,-2,-0.24,0.17,2441,jp JPN,MF,eng Premier League,27-188,1998.0,8.3,1,0,0,8,4,0,11,12,9,0
James Tarkowski,eng ENG,DF,Everton,eng Premier League,33.0,1992.0,29,29,2610,29.0,1,1,2,1,0,0,5,0,0.07,2444,eng ENG,DF,eng Premier League,33-118,1992.0,29.0,1,13,6,46.2,0.45,0.21,0.08,0.17,0,0,3082,eng ENG,DF,eng Premier League,33-118,1992.0,29,2610,90,96.7,29.0,29,90.0,29,0,,0,1.48,34,33,1,0.03,2.03,2444,eng ENG,DF,eng Premier League,33-118,1992.0,29.0,5,0,0,21,29,2,7,25,24,0
Marcus Tavernier,eng ENG,MF,Bournemouth,eng Premier League,26.0,1999.0,26,23,2032,22.6,5,4,9,3,2,2,4,0,0.31,2448,eng ENG,MF,eng Premier League,26-360,1999.0,22.6,5,56,18,32.1,2.48,0.8,0.05,0.17,2,2,3088,eng ENG,MF,eng Premier League,26-360,1999.0,26,2032,78,75.3,22.6,23,85.0,11,3,24.0,0,1.19,31,37,-6,-0.27,-0.8,2448,eng ENG,MF,eng Premier League,26-360,1999.0,22.6,4,0,0,26,26,3,82,13,17,0
Kenny Tete,nl NED,DF,Fulham,eng Premier League,30.0,1995.0,22,21,1791,19.9,1,0,1,1,0,0,2,0,0.05,2463,nl NED,DF,eng Premier League,30-159,1995.0,19.9,1,16,3,18.8,0.8,0.15,0.06,0.33,0,0,3105,nl NED,DF,eng Premier League,30-159,1995.0,22,1791,81,66.3,19.9,21,85.0,15,1,8.0,2,1.55,24,24,0,0.0,0.3,2463,nl NED,DF,eng Premier League,30-159,1995.0,19.9,2,0,0,27,31,1,34,26,38,0
Thiago,br BRA,FW,Brentford,eng Premier League,24.0,2001.0,30,29,2562,28.5,19,1,20,13,6,7,6,0,0.49,2467,br BRA,FW,eng Premier League,24-264,2001.0,28.5,19,70,37,52.9,2.46,1.3,0.19,0.35,6,7,3109,br BRA,FW,eng Premier League,24-264,2001.0,30,2562,85,94.9,28.5,29,87.0,22,1,31.0,0,1.5,43,39,4,0.14,0.14,2467,br BRA,FW,eng Premier League,24-264,2001.0,28.5,6,0,0,56,21,18,8,9,14,0
Malick Thiaw,de GER,DF,Newcastle United,eng Premier League,24.0,2001.0,27,26,2298,25.5,4,0,4,4,0,0,3,0,0.16,2468,de GER,DF,eng Premier League,24-221,2001.0,25.5,4,25,12,48.0,0.98,0.47,0.16,0.33,0,0,3111,de GER,DF,eng Premier League,24-221,2001.0,27,2298,85,85.1,25.5,26,88.0,24,1,10.0,3,1.37,38,40,-2,-0.08,-0.53,2468,de GER,DF,eng Premier League,24-221,2001.0,25.5,3,0,0,18,8,2,8,24,22,0
Youri Tielemans,be BEL,MF,Aston Villa,eng Premier League,28.0,1997.0,17,15,1298,14.4,0,4,4,0,0,0,0,0,0.28,2477,be BEL,MF,eng Premier League,28-314,1997.0,14.4,0,17,4,23.5,1.18,0.28,0.0,0.0,0,0,3120,be BEL,MF,eng Premier League,28-314,1997.0,17,1298,76,48.1,14.4,15,84.0,10,2,21.0,0,1.94,19,17,2,0.14,0.07,2477,be BEL,MF,eng Premier League,28-314,1997.0,14.4,0,0,0,22,26,1,29,8,25,0
Jurriën Timber,nl NED,DF,Arsenal,eng Premier League,24.0,2001.0,30,28,2454,27.3,3,5,8,3,0,0,5,0,0.29,2481,nl NED,DF,eng Premier League,24-273,2001.0,27.3,3,25,7,28.0,0.92,0.26,0.12,0.43,0,0,3125,nl NED,DF,eng Premier League,24-273,2001.0,30,2454,82,88.0,27.3,28,85.0,23,2,34.0,0,2.23,51,20,31,1.14,-1.01,2481,nl NED,DF,eng Premier League,24-273,2001.0,27.3,5,0,0,38,29,0,46,24,35,0
Jean-Clair Todibo,fr FRA,DF,West Ham United,eng Premier League,26.0,1999.0,20,20,1698,18.9,0,1,1,0,0,0,4,1,0.05,2483,fr FRA,DF,eng Premier League,26-077,1999.0,18.9,0,2,0,0.0,0.11,0.0,0.0,,0,0,3128,fr FRA,DF,eng Premier League,26-077,1999.0,20,1698,85,62.9,18.9,20,85.0,15,0,,4,1.0,25,33,-8,-0.42,0.56,2483,fr FRA,DF,eng Premier League,26-077,1999.0,18.9,4,1,0,8,3,1,1,16,24,0
Sandro Tonali,it ITA,MF,Newcastle United,eng Premier League,25.0,2000.0,29,25,2038,22.6,0,2,2,0,0,0,3,0,0.09,2489,it ITA,MF,eng Premier League,25-313,2000.0,22.6,0,28,7,25.0,1.24,0.31,0.0,0.0,0,0,3135,it ITA,MF,eng Premier League,25-313,2000.0,29,2038,70,75.5,22.6,25,80.0,13,4,12.0,0,1.34,24,31,-7,-0.31,-1.26,2489,it ITA,MF,eng Premier League,25-313,2000.0,22.6,3,0,0,18,35,1,79,24,19,0
Pau Torres,es ESP,DF,Aston Villa,eng Premier League,29.0,1997.0,16,14,1298,14.4,0,0,0,0,0,0,0,0,0.0,2494,es ESP,DF,eng Premier League,29-060,1997.0,14.4,0,7,0,0.0,0.49,0.0,0.0,,0,0,3144,es ESP,DF,eng Premier League,29-060,1997.0,16,1298,81,48.1,14.4,14,87.0,11,2,38.0,9,1.88,21,15,6,0.42,0.61,2494,es ESP,DF,eng Premier League,29-060,1997.0,14.4,0,0,0,4,4,0,4,11,11,1
Alex Tóth,hu HUN,MF,Bournemouth,eng Premier League,20.0,2005.0,4,1,74,0.8,0,0,0,0,0,0,1,0,0.0,2497,hu HUN,MF,eng Premier League,20-145,2005.0,0.8,0,1,0,0.0,1.22,0.0,0.0,,0,0,3148,hu HUN,MF,eng Premier League,20-145,2005.0,4,74,19,2.7,0.8,1,57.0,0,3,6.0,4,2.5,2,1,1,1.22,1.32,2497,hu HUN,MF,eng Premier League,20-145,2005.0,0.8,1,0,0,1,2,0,3,1,0,0
Adama Traoré,es ESP,MF,Fulham,eng Premier League,30.0,1996.0,15,1,274,3.0,0,0,0,0,0,0,0,0,0.0,2507,es ESP,MF,eng Premier League,30-051,1996.0,3.0,0,5,1,20.0,1.64,0.33,0.0,0.0,0,0,3160,es ESP,MF,eng Premier League,30-051,1996.0,15,274,18,10.1,3.0,1,75.0,0,14,14.0,6,1.2,4,7,-3,-0.99,-0.99,2507,es ESP,MF,eng Premier League,30-051,1996.0,3.0,0,0,0,6,8,3,15,0,1,0
Kieran Trippier,eng ENG,DF,Newcastle United,eng Premier League,35.0,1990.0,17,16,1392,15.5,0,1,1,0,0,0,3,0,0.06,2518,eng ENG,DF,eng Premier League,35-179,1990.0,15.5,0,2,0,0.0,0.13,0.0,0.0,,0,0,3173,eng ENG,DF,eng Premier League,35-179,1990.0,17,1392,82,51.6,15.5,16,86.0,11,1,24.0,4,1.06,17,24,-7,-0.45,-0.93,2518,eng ENG,DF,eng Premier League,35-179,1990.0,15.5,3,0,0,20,17,1,82,7,11,0
Adrien Truffert,fr FRA,DF,Bournemouth,eng Premier League,24.0,2001.0,30,30,2659,29.5,0,2,2,0,0,0,3,0,0.07,2521,fr FRA,DF,eng Premier League,24-117,2001.0,29.5,0,11,1,9.1,0.37,0.03,0.0,0.0,0,0,3177,fr FRA,DF,eng Premier League,24-117,2001.0,30,2659,89,98.5,29.5,30,89.0,28,0,,0,1.37,44,43,1,0.03,6.62,2521,fr FRA,DF,eng Premier League,24-117,2001.0,29.5,3,0,0,31,23,0,122,38,43,0
Axel Tuanzebe,cd COD,DF,Burnley,eng Premier League,28.0,1997.0,11,11,931,10.3,1,0,1,1,0,0,1,0,0.1,2525,cd COD,DF,eng Premier League,28-123,1997.0,10.3,1,2,1,50.0,0.19,0.1,0.5,1.0,0,0,3182,cd COD,DF,eng Premier League,28-123,1997.0,11,931,85,34.5,10.3,11,85.0,9,0,,0,0.73,13,22,-9,-0.87,-0.01,2525,cd COD,DF,eng Premier League,28-123,1997.0,10.3,1,0,0,10,2,1,1,9,6,1
Stefanos Tzimas,gr GRE,FW,Brighton,eng Premier League,20.0,2006.0,9,1,139,1.5,1,1,2,1,0,0,0,0,1.29,2529,gr GRE,FW,eng Premier League,20-070,2006.0,1.5,1,4,1,25.0,2.59,0.65,0.25,1.0,0,0,3188,gr GRE,FW,eng Premier League,20-070,2006.0,9,139,15,5.1,1.5,1,23.0,0,8,15.0,2,1.56,7,2,5,3.24,3.31,2529,gr GRE,FW,eng Premier League,20-070,2006.0,1.5,0,0,0,4,1,1,1,0,1,0
Christantus Uche,ng NGA,FW,Crystal Palace,eng Premier League,22.0,2003.0,14,0,173,1.9,0,0,0,0,0,0,0,0,0.0,2530,ng NGA,FW,eng Premier League,22-302,2003.0,1.9,0,6,2,33.3,3.12,1.04,0.0,0.0,0,0,3189,ng NGA,FW,eng Premier League,22-302,2003.0,14,173,12,6.4,1.9,0,,0,14,12.0,11,0.64,3,4,-1,-0.52,-0.48,2530,ng NGA,FW,eng Premier League,22-302,2003.0,1.9,0,0,0,4,7,3,6,0,1,0
Manuel Ugarte,uy URU,MF,Manchester Utd,eng Premier League,24.0,2001.0,20,7,788,8.8,0,0,0,0,0,0,1,0,0.0,2534,uy URU,MF,eng Premier League,24-340,2001.0,8.8,0,11,1,9.1,1.26,0.11,0.0,0.0,0,0,3193,uy URU,MF,eng Premier League,24-340,2001.0,20,788,39,29.2,8.8,7,79.0,2,13,18.0,10,1.65,11,21,-10,-1.14,-2.22,2534,uy URU,MF,eng Premier League,24-340,2001.0,8.8,1,0,0,21,12,0,0,17,27,0
Lesley Ugochukwu,fr FRA,MF,Burnley,eng Premier League,21.0,2004.0,29,22,1900,21.1,3,1,4,3,0,0,3,1,0.19,2535,fr FRA,MF,eng Premier League,21-356,2004.0,21.1,3,20,7,35.0,0.95,0.33,0.15,0.43,0,0,3195,fr FRA,MF,eng Premier League,21-356,2004.0,29,1900,66,70.4,21.1,22,79.0,5,7,23.0,0,0.66,23,40,-17,-0.81,0.21,2535,fr FRA,MF,eng Premier League,21-356,2004.0,21.1,3,1,1,25,26,1,5,14,25,0
Enes Ünal,tr TUR,FW,Bournemouth,eng Premier League,28.0,1997.0,17,0,186,2.1,1,0,1,1,0,0,1,0,0.48,2539,tr TUR,FW,eng Premier League,28-311,1997.0,2.1,1,12,2,16.7,5.81,0.97,0.08,0.5,0,0,3199,tr TUR,FW,eng Premier League,28-311,1997.0,17,186,11,6.9,2.1,0,,0,17,11.0,2,1.41,8,2,6,2.9,3.19,2539,tr TUR,FW,eng Premier League,28-311,1997.0,2.1,1,0,0,6,4,1,2,0,1,0
Virgil van Dijk,nl NED,DF,Liverpool,eng Premier League,34.0,1991.0,30,30,2700,30.0,3,0,3,3,0,0,4,0,0.1,2558,nl NED,DF,eng Premier League,34-252,1991.0,30.0,3,22,10,45.5,0.73,0.33,0.14,0.3,0,0,3221,nl NED,DF,eng Premier League,34-252,1991.0,30,2700,90,100.0,30.0,30,90.0,30,0,,0,1.63,49,40,9,0.3,,2558,nl NED,DF,eng Premier League,34-252,1991.0,30.0,4,0,0,13,15,1,1,16,13,0
Joël Veltman,nl NED,DF,Brighton,eng Premier League,34.0,1992.0,18,8,849,9.4,1,0,1,1,0,0,4,0,0.11,2581,nl NED,DF,eng Premier League,34-061,1992.0,9.4,1,3,1,33.3,0.32,0.11,0.33,1.0,0,0,3246,nl NED,DF,eng Premier League,34-061,1992.0,18,849,47,31.4,9.4,8,86.0,7,10,17.0,7,1.67,13,11,2,0.21,0.16,2581,nl NED,DF,eng Premier League,34-061,1992.0,9.4,4,0,0,9,19,2,11,18,17,0
Micky van de Ven,nl NED,DF,Tottenham Hotspur,eng Premier League,24.0,2001.0,27,27,2366,26.3,4,1,5,4,0,0,7,1,0.19,2582,nl NED,DF,eng Premier League,24-332,2001.0,26.3,4,15,6,40.0,0.57,0.23,0.27,0.67,0,0,3247,nl NED,DF,eng Premier League,24-332,2001.0,27,2366,88,87.6,26.3,27,88.0,25,0,,1,1.0,35,39,-4,-0.15,0.66,2582,nl NED,DF,eng Premier League,24-332,2001.0,26.3,7,1,0,21,16,1,2,20,16,0
Rayan Vitor,br BRA,MF,Bournemouth,eng Premier League,19.0,2006.0,7,6,537,6.0,2,1,3,2,0,0,1,0,0.5,2606,br BRA,MF,eng Premier League,19-226,2006.0,6.0,2,12,3,25.0,2.01,0.5,0.17,0.67,0,0,3280,br BRA,MF,eng Premier League,19-226,2006.0,7,537,77,19.9,6.0,6,86.0,2,1,23.0,0,1.57,5,3,2,0.34,0.5,2606,br BRA,MF,eng Premier League,19-226,2006.0,6.0,1,0,0,3,4,0,15,1,2,0
Kyle Walker-Peters,eng ENG,DF,West Ham United,eng Premier League,28.0,1997.0,18,10,959,10.7,1,0,1,1,0,0,2,0,0.09,2624,eng ENG,DF,eng Premier League,28-338,1997.0,10.7,1,5,3,60.0,0.47,0.28,0.2,0.33,0,0,3300,eng ENG,DF,eng Premier League,28-338,1997.0,18,959,53,35.5,10.7,10,85.0,8,8,14.0,12,0.89,11,22,-11,-1.03,-0.62,2624,eng ENG,DF,eng Premier League,28-338,1997.0,10.7,2,0,0,9,18,1,9,7,23,0
James Ward-Prowse,eng ENG,MF,West Ham United,eng Premier League,31.0,1994.0,5,5,413,4.6,0,0,0,0,0,0,0,0,0.0,2627,eng ENG,MF,eng Premier League,31-136,1994.0,4.6,0,2,0,0.0,0.44,0.0,0.0,,0,0,3304,eng ENG,MF,eng Premier League,31-136,1994.0,5,413,83,15.3,4.6,5,83.0,2,0,,1,0.6,2,11,-9,-1.96,-1.57,2627,eng ENG,MF,eng Premier League,31-136,1994.0,4.6,0,0,0,4,2,0,22,6,2,0
James Ward-Prowse,eng ENG,MF,Burnley,eng Premier League,31.0,1994.0,5,2,240,2.7,0,1,1,0,0,0,0,0,0.37,2628,eng ENG,MF,eng Premier League,31-136,1994.0,2.7,0,0,0,,0.0,0.0,,,0,0,3305,eng ENG,MF,eng Premier League,31-136,1994.0,5,240,48,8.9,2.7,2,82.0,1,3,25.0,1,1.0,4,4,0,0.0,0.95,2628,eng ENG,MF,eng Premier League,31-136,1994.0,2.7,0,0,0,2,4,0,22,3,2,0
Ollie Watkins,eng ENG,FW,Aston Villa,eng Premier League,30.0,1995.0,29,26,2207,24.5,8,1,9,8,0,0,3,0,0.37,2629,eng ENG,FW,eng Premier League,30-077,1995.0,24.5,8,57,25,43.9,2.32,1.02,0.14,0.32,0,0,3306,eng ENG,FW,eng Premier League,30-077,1995.0,29,2207,76,81.7,24.5,26,81.0,10,3,33.0,0,1.76,33,30,3,0.12,0.12,2629,eng ENG,FW,eng Premier League,30-077,1995.0,24.5,3,0,0,28,26,18,5,5,11,0
Tom Watson,eng ENG,MF,Brighton,eng Premier League,19.0,2006.0,6,0,62,0.7,0,0,0,0,0,0,1,0,0.0,2630,eng ENG,MF,eng Premier League,19-343,2006.0,0.7,0,1,1,100.0,1.45,1.45,0.0,0.0,0,0,3307,eng ENG,MF,eng Premier League,19-343,2006.0,6,62,10,2.3,0.7,0,,0,6,10.0,5,1.33,2,2,0,0.0,-0.1,2630,eng ENG,MF,eng Premier League,19-343,2006.0,0.7,1,0,0,3,0,0,0,0,1,0
Danny Welbeck,eng ENG,FW,Brighton,eng Premier League,35.0,1990.0,29,19,1744,19.4,10,0,10,9,1,3,4,0,0.46,2634,eng ENG,FW,eng Premier League,35-111,1990.0,19.4,10,40,18,45.0,2.06,0.93,0.23,0.5,1,3,3312,eng ENG,FW,eng Premier League,35-111,1990.0,29,1744,60,64.6,19.4,19,82.0,7,10,19.0,0,1.34,25,21,4,0.21,0.3,2634,eng ENG,FW,eng Premier League,35-111,1990.0,19.4,4,0,0,23,7,4,3,7,11,0
Adam Wharton,eng ENG,MF,Crystal Palace,eng Premier League,22.0,2004.0,27,26,2163,24.0,0,5,5,0,0,0,6,1,0.21,2638,eng ENG,MF,eng Premier League,22-039,2004.0,24.0,0,26,4,15.4,1.08,0.17,0.0,0.0,0,0,3317,eng ENG,MF,eng Premier League,22-039,2004.0,27,2163,80,80.1,24.0,26,82.0,12,1,31.0,0,1.26,26,33,-7,-0.29,-1.13,2638,eng ENG,MF,eng Premier League,22-039,2004.0,24.0,6,1,1,29,26,0,74,22,33,0
Ben White,eng ENG,DF,Arsenal,eng Premier League,28.0,1997.0,7,5,411,4.6,0,1,1,0,0,0,0,0,0.22,2639,eng ENG,DF,eng Premier League,28-160,1997.0,4.6,0,4,1,25.0,0.88,0.22,0.0,0.0,0,0,3318,eng ENG,DF,eng Premier League,28-160,1997.0,7,411,59,14.7,4.6,5,74.0,3,2,21.0,17,1.86,5,4,1,0.22,-1.22,2639,eng ENG,DF,eng Premier League,28-160,1997.0,4.6,0,0,0,5,4,2,13,3,7,0
Mats Wieffer,nl NED,DF,Brighton,eng Premier League,26.0,1999.0,20,17,1481,16.5,0,3,3,0,0,0,6,0,0.18,2641,nl NED,DF,eng Premier League,26-121,1999.0,16.5,0,14,4,28.6,0.85,0.24,0.0,0.0,0,0,3321,nl NED,DF,eng Premier League,26-121,1999.0,20,1481,74,54.9,16.5,17,82.0,10,3,29.0,0,1.5,24,19,5,0.3,0.45,2641,nl NED,DF,eng Premier League,26-121,1999.0,16.5,6,0,0,25,16,2,9,23,36,0
Neco Williams,wls WAL,DF,Nottingham Forest,eng Premier League,24.0,2001.0,29,29,2528,28.1,1,1,2,1,0,0,5,1,0.07,2643,wls WAL,DF,eng Premier League,24-338,2001.0,28.1,1,33,13,39.4,1.17,0.46,0.03,0.08,0,0,3324,wls WAL,DF,eng Premier League,24-338,2001.0,29,2528,87,93.6,28.1,29,87.0,26,0,,0,1.0,27,39,-12,-0.43,1.14,2643,wls WAL,DF,eng Premier League,24-338,2001.0,28.1,5,1,0,22,46,3,101,32,49,0
Joe Willock,eng ENG,MF,Newcastle United,eng Premier League,26.0,1999.0,19,7,677,7.5,0,1,1,0,0,0,3,0,0.13,2646,eng ENG,MF,eng Premier League,26-209,1999.0,7.5,0,10,3,30.0,1.33,0.4,0.0,0.0,0,0,3327,eng ENG,MF,eng Premier League,26-209,1999.0,19,677,36,25.1,7.5,7,66.0,0,12,18.0,10,1.53,10,12,-2,-0.27,-0.35,2646,eng ENG,MF,eng Premier League,26-209,1999.0,7.5,3,0,0,15,8,1,11,4,15,0
Harry Wilson,wls WAL,MF,Fulham,eng Premier League,28.0,1997.0,28,26,2173,24.1,9,6,15,9,0,0,6,0,0.62,2648,wls WAL,MF,eng Premier League,28-360,1997.0,24.1,9,60,22,36.7,2.49,0.91,0.15,0.41,0,0,3329,wls WAL,MF,eng Premier League,28-360,1997.0,28,2173,78,80.5,24.1,26,81.0,6,2,30.0,0,1.46,36,31,5,0.21,1.57,2648,wls WAL,MF,eng Premier League,28-360,1997.0,24.1,6,0,0,11,30,9,91,14,14,0
Ben Winterburn,eng ENG,MF,Bournemouth,eng Premier League,21.0,2004.0,1,0,7,0.1,0,0,0,0,0,0,0,0,0.0,2651,eng ENG,MF,eng Premier League,21-194,2004.0,0.1,0,0,0,,0.0,0.0,,,0,0,3333,eng ENG,MF,eng Premier League,21-194,2004.0,1,7,7,0.3,0.1,0,,0,1,7.0,0,0.0,0,2,-2,-25.71,-25.71,2651,eng ENG,MF,eng Premier League,21-194,2004.0,0.1,0,0,0,0,0,0,0,0,0,0
Florian Wirtz,de GER,MF,Liverpool,eng Premier League,22.0,2003.0,26,22,1914,21.3,4,2,6,4,0,0,1,0,0.28,2652,de GER,MF,eng Premier League,22-318,2003.0,21.3,4,41,15,36.6,1.93,0.71,0.1,0.27,0,0,3334,de GER,MF,eng Premier League,22-318,2003.0,26,1914,74,70.9,21.3,22,82.0,6,4,30.0,0,1.65,28,23,5,0.24,-0.22,2652,de GER,MF,eng Premier League,22-318,2003.0,21.3,1,0,0,19,17,2,29,9,23,0
Yoane Wissa,cd COD,FW,Newcastle United,eng Premier League,29.0,1996.0,12,4,429,4.8,1,0,1,1,0,0,1,0,0.21,2653,cd COD,FW,eng Premier League,29-195,1996.0,4.8,1,11,5,45.5,2.31,1.05,0.09,0.2,0,0,3335,cd COD,FW,eng Premier League,29-195,1996.0,12,429,36,15.9,4.8,4,70.0,0,8,19.0,3,1.17,8,8,0,0.0,0.0,2653,cd COD,FW,eng Premier League,29-195,1996.0,4.8,1,0,0,4,1,4,1,0,2,0
Chris Wood,nz NZL,FW,Nottingham Forest,eng Premier League,34.0,1991.0,8,7,540,6.0,2,0,2,2,0,0,0,0,0.33,2659,nz NZL,FW,eng Premier League,34-100,1991.0,6.0,2,16,6,37.5,2.67,1.0,0.13,0.33,0,0,3342,nz NZL,FW,eng Premier League,34-100,1991.0,8,540,68,20.0,6.0,7,75.0,0,1,17.0,0,0.63,5,8,-3,-0.5,0.0,2659,nz NZL,FW,eng Premier League,34-100,1991.0,6.0,0,0,0,5,4,3,1,0,1,0
Joe Worrall,eng ENG,DF,Burnley,eng Premier League,29.0,1997.0,11,5,500,5.6,0,0,0,0,0,0,0,0,0.0,2661,eng ENG,DF,eng Premier League,29-066,1997.0,5.6,0,1,0,0.0,0.18,0.0,0.0,,0,0,3345,eng ENG,DF,eng Premier League,29-066,1997.0,11,500,45,18.5,5.6,5,83.0,4,6,14.0,7,0.82,10,11,-1,-0.18,0.84,2661,eng ENG,DF,eng Premier League,29-066,1997.0,5.6,0,0,0,4,1,0,0,6,2,0
Granit Xhaka,ch SUI,MF,Sunderland,eng Premier League,33.0,1992.0,26,24,2184,24.3,1,5,6,1,0,0,5,0,0.25,2663,ch SUI,MF,eng Premier League,33-171,1992.0,24.3,1,12,5,41.7,0.49,0.21,0.08,0.2,0,0,3348,ch SUI,MF,eng Premier League,33-171,1992.0,26,2184,84,80.9,24.3,24,89.0,22,2,29.0,0,1.42,26,26,0,0.0,0.87,2663,ch SUI,MF,eng Premier League,33-171,1992.0,24.3,5,0,0,16,30,0,71,21,23,0
Yehor Yarmoliuk,ua UKR,MF,Brentford,eng Premier League,22.0,2004.0,30,23,2043,22.7,1,2,3,1,0,0,7,0,0.13,2667,ua UKR,MF,eng Premier League,22-016,2004.0,22.7,1,15,4,26.7,0.66,0.18,0.07,0.25,0,0,3352,ua UKR,MF,eng Premier League,22-016,2004.0,30,2043,68,75.7,22.7,23,81.0,10,7,26.0,0,1.5,34,34,0,0.0,-0.55,2667,ua UKR,MF,eng Premier League,22-016,2004.0,22.7,7,0,0,34,9,1,23,25,34,0
Ryan Yates,eng ENG,MF,Nottingham Forest,eng Premier League,28.0,1997.0,15,1,394,4.4,0,1,1,0,0,0,1,0,0.23,2669,eng ENG,MF,eng Premier League,28-116,1997.0,4.4,0,5,1,20.0,1.14,0.23,0.0,0.0,0,0,3354,eng ENG,MF,eng Premier League,28-116,1997.0,15,394,26,14.6,4.4,1,63.0,0,14,24.0,9,1.13,6,5,1,0.23,0.85,2669,eng ENG,MF,eng Premier League,28-116,1997.0,4.4,1,0,0,8,9,0,3,6,5,0
Leny Yoro,fr FRA,DF,Manchester Utd,eng Premier League,20.0,2005.0,27,16,1525,16.9,0,0,0,0,0,0,1,0,0.0,2674,fr FRA,DF,eng Premier League,20-124,2005.0,16.9,0,6,2,33.3,0.35,0.12,0.0,0.0,0,0,3359,fr FRA,DF,eng Premier League,20-124,2005.0,27,1525,56,56.5,16.9,16,80.0,7,11,22.0,3,1.67,25,28,-3,-0.18,-1.4,2674,fr FRA,DF,eng Premier League,20-124,2005.0,16.9,1,0,0,14,3,2,3,23,18,0
Oleksandr Zinchenko,ua UKR,DF,Nottingham Forest,eng Premier League,29.0,1996.0,5,4,353,3.9,0,0,0,0,0,0,0,0,0.0,2705,ua UKR,DF,eng Premier League,29-092,1996.0,3.9,0,4,2,50.0,1.02,0.51,0.0,0.0,0,0,3398,ua UKR,DF,eng Premier League,29-092,1996.0,5,353,71,13.1,3.9,4,86.0,3,1,10.0,3,0.2,1,6,-5,-1.27,-0.89,2705,ua UKR,DF,eng Premier League,29-092,1996.0,3.9,0,0,0,1,2,1,18,2,6,0
Martín Zubimendi,es ESP,MF,Arsenal,eng Premier League,27.0,1999.0,31,30,2596,28.8,5,1,6,5,0,0,4,0,0.21,2714,es ESP,MF,eng Premier League,27-043,1999.0,28.8,5,26,9,34.6,0.9,0.31,0.19,0.56,0,0,3409,es ESP,MF,eng Premier League,27-043,1999.0,31,2596,84,93.0,28.8,30,85.0,21,1,61.0,0,2.26,52,20,32,1.11,-2.14,2714,es ESP,MF,eng Premier League,27-043,1999.0,28.8,4,0,0,27,10,0,12,35,31,0
Martin Ødegaard,no NOR,MF,Arsenal,eng Premier League,27.0,1998.0,20,13,1076,12.0,1,5,6,1,0,0,0,0,0.5,2715,no NOR,MF,eng Premier League,27-090,1998.0,12.0,1,20,7,35.0,1.67,0.59,0.05,0.14,0,0,3410,no NOR,MF,eng Premier League,27-090,1998.0,20,1076,54,38.6,12.0,13,68.0,5,7,27.0,0,2.15,25,11,14,1.17,-0.14,2715,no NOR,MF,eng Premier League,27-090,1998.0,12.0,0,0,0,7,7,2,20,7,7,0
